time,speech_onset,user_speaking,speech_energy,approach_velocity,silence_duration,orient,settle,fidget_inhibit,ttp,recovery,freeze_val,events
0.0,0.0,0.0,0.0,0.0,0.016666666666666666,0.0,0.0,0.0,0.0050013888888888886,0.0,0.0,
0.016666666666666666,0.0,0.0,0.0,0.0,0.03333333333333333,0.0,0.0,0.0,0.010004166666666666,0.0,0.0,
0.03333333333333333,0.0,0.0,0.0,0.0,0.05,0.0,0.0,0.0,0.015008333333333332,0.0,0.0,
0.05,0.0,0.0,0.0,0.0,0.06666666666666667,0.0,0.0,0.0,0.020013888888888887,0.0,0.0,
0.06666666666666667,0.0,0.0,0.0,0.0,0.08333333333333333,0.0,0.0,0.0,0.025020833333333332,0.0,0.0,
0.08333333333333333,0.0,0.0,0.0,0.0,0.09999999999999999,0.0,0.0,0.0,0.030029166666666666,0.0,0.0,
0.1,0.0,0.0,0.0,0.0,0.11666666666666665,0.0,0.0,0.0,0.03503888888888889,0.0,0.0,
0.11666666666666667,0.0,0.0,0.0,0.0,0.13333333333333333,0.0,0.0,0.0,0.04005,0.0,0.0,
0.13333333333333333,0.0,0.0,0.0,0.0,0.15,0.0,0.0,0.0,0.045062500000000005,0.0,0.0,
0.15,0.0,0.0,0.0,0.0,0.16666666666666666,0.0,0.0,0.0,0.05007638888888889,0.0,0.0,
0.16666666666666666,0.0,0.0,0.0,0.0,0.18333333333333332,0.0,0.0,0.0,0.05509166666666667,0.0,0.0,
0.18333333333333332,0.0,0.0,0.0,0.0,0.19999999999999998,0.0,0.0,0.0,0.06010833333333334,0.0,0.0,
0.2,0.0,0.0,0.0,0.0,0.21666666666666665,0.0,0.0,0.0,0.0651263888888889,0.0,0.0,
0.21666666666666667,0.0,0.0,0.0,0.0,0.2333333333333333,0.0,0.0,0.0,0.07014583333333334,0.0,0.0,
0.23333333333333334,0.0,0.0,0.0,0.0,0.24999999999999997,0.0,0.0,0.0,0.07516666666666667,0.0,0.0,
0.25,0.0,0.0,0.0,0.0,0.26666666666666666,0.0,0.0,0.0,0.08018888888888889,0.0,0.0,
0.26666666666666666,0.0,0.0,0.0,0.0,0.2833333333333333,0.0,0.0,0.0,0.0852125,0.0,0.0,
0.2833333333333333,0.0,0.0,0.0,0.0,0.3,0.0,0.0,0.0,0.0902375,0.0,0.0,
0.3,0.0,0.0,0.0,0.0,0.31666666666666665,0.0,0.0,0.0,0.09526388888888888,0.0,0.0,
0.31666666666666665,0.0,0.0,0.0,0.0,0.3333333333333333,0.0,0.0,0.0,0.10029166666666667,0.0,0.0,
0.3333333333333333,0.0,0.0,0.0,0.0,0.35,0.0,0.0,0.0,0.10532083333333334,0.0,0.0,
0.35,0.0,0.0,0.0,0.0,0.36666666666666664,0.0,0.0,0.0,0.11035138888888889,0.0,0.0,
0.36666666666666664,0.0,0.0,0.0,0.0,0.3833333333333333,0.0,0.0,0.0,0.11538333333333334,0.0,0.0,
0.3833333333333333,0.0,0.0,0.0,0.0,0.39999999999999997,0.0,0.0,0.0,0.12041666666666667,0.0,0.0,
0.4,0.0,0.0,0.0,0.0,0.41666666666666663,0.0,0.0,0.0,0.1254513888888889,0.0,0.0,
0.4166666666666667,0.0,0.0,0.0,0.0,0.4333333333333333,0.0,0.0,0.0,0.1304875,0.0,0.0,
0.43333333333333335,0.0,0.0,0.0,0.0,0.44999999999999996,0.0,0.0,0.0,0.135525,0.0,0.0,
0.45,0.0,0.0,0.0,0.0,0.4666666666666666,0.0,0.0,0.0,0.1405638888888889,0.0,0.0,
0.4666666666666667,0.0,0.0,0.0,0.0,0.4833333333333333,0.0,0.0,0.0,0.14560416666666667,0.0,0.0,
0.48333333333333334,0.0,0.0,0.0,0.0,0.49999999999999994,0.0,0.0,0.0,0.15064583333333334,0.0,0.0,
0.5,0.0,0.0,0.0,0.0,0.5166666666666666,0.0,0.0,0.0,0.1556888888888889,0.0,0.0,
0.5166666666666666,0.0,0.0,0.0,0.0,0.5333333333333333,0.0,0.0,0.0,0.16073333333333334,0.0,0.0,
0.5333333333333333,0.0,0.0,0.0,0.0,0.55,0.0,0.0,0.0,0.16577916666666667,0.0,0.0,
0.55,0.0,0.0,0.0,0.0,0.5666666666666668,0.0,0.0,0.0,0.1708263888888889,0.0,0.0,
0.5666666666666667,0.0,0.0,0.0,0.0,0.5833333333333335,0.0,0.0,0.0,0.175875,0.0,0.0,
0.5833333333333334,0.0,0.0,0.0,0.0,0.6000000000000002,0.0,0.0,0.0,0.180925,0.0,0.0,
0.6,0.0,0.0,0.0,0.0,0.6166666666666669,0.0,0.0,0.0,0.1859763888888889,0.0,0.0,
0.6166666666666667,0.0,0.0,0.0,0.0,0.6333333333333336,0.0,0.0,0.0,0.19102916666666667,0.0,0.0,
0.6333333333333333,0.0,0.0,0.0,0.0,0.6500000000000004,0.0,0.0,0.0,0.19608333333333333,0.0,0.0,
0.65,0.0,0.0,0.0,0.0,0.6666666666666671,0.0,0.0,0.0,0.2011388888888889,0.0,0.0,
0.6666666666666666,0.0,0.0,0.0,0.0,0.6833333333333338,0.0,0.0,0.0,0.20619583333333333,0.0,0.0,
0.6833333333333333,0.0,0.0,0.0,0.0,0.7000000000000005,0.0,0.0,0.0,0.21125416666666666,0.0,0.0,
0.7,0.0,0.0,0.0,0.0,0.7166666666666672,0.0,0.0,0.0,0.2163138888888889,0.0,0.0,
0.7166666666666667,0.0,0.0,0.0,0.0,0.733333333333334,0.0,0.0,0.0,0.221375,0.0,0.0,
0.7333333333333333,0.0,0.0,0.0,0.0,0.7500000000000007,0.0,0.0,0.0,0.22643749999999999,0.0,0.0,
0.75,0.0,0.0,0.0,0.0,0.7666666666666674,0.0,0.0,0.0,0.23150138888888888,0.0,0.0,
0.7666666666666666,0.0,0.0,0.0,0.0,0.7833333333333341,0.0,0.0,0.0,0.23656666666666665,0.0,0.0,
0.7833333333333333,0.0,0.0,0.0,0.0,0.8000000000000008,0.0,0.0,0.0,0.2416333333333333,0.0,0.0,
0.8,0.0,0.0,0.0,0.0,0.8166666666666675,0.0,0.0,0.0,0.24670138888888887,0.0,0.0,
0.8166666666666667,0.0,0.0,0.0,0.0,0.8333333333333343,0.0,0.0,0.0,0.25177083333333333,0.0,0.0,
0.8333333333333334,0.0,0.0,0.0,0.0,0.850000000000001,0.0,0.0,0.0,0.2568416666666667,0.0,0.0,
0.85,0.0,0.0,0.0,0.0,0.8666666666666677,0.0,0.0,0.0,0.2619138888888889,0.0,0.0,
0.8666666666666667,0.0,0.0,0.0,0.0,0.8833333333333344,0.0,0.0,0.0,0.2669875,0.0,0.0,
0.8833333333333333,0.0,0.0,0.0,0.0,0.9000000000000011,0.0,0.0,0.0,0.2720625,0.0,0.0,
0.9,0.0,0.0,0.0,0.0,0.9166666666666679,0.0,0.0,0.0,0.2771388888888889,0.0,0.0,
0.9166666666666666,0.0,0.0,0.0,0.0,0.9333333333333346,0.0,0.0,0.0,0.28221666666666667,0.13813333333333336,0.0,micro_nod_ready
0.9333333333333333,0.0,0.0,0.0,0.0,0.9500000000000013,0.0,0.0,0.0,0.28729583333333336,0.13629155555555558,0.0,
0.95,0.0,0.0,0.0,0.0,0.966666666666668,0.0,0.0,0.0,0.2923763888888889,0.13447433481481483,0.0,
0.9666666666666667,0.0,0.0,0.0,0.0,0.9833333333333347,0.0,0.0,0.0,0.2974583333333333,0.13268134368395063,0.0,
0.9833333333333333,0.0,0.0,0.0,0.0,1.0000000000000013,0.0,0.0,0.0,0.30254166666666665,0.13091225910149795,0.0,
1.0,0.0,0.0,0.0,0.0,1.016666666666668,0.0,0.0,0.0,0.3076263888888889,0.12916676231347798,0.0,
1.0166666666666666,0.0,0.0,0.0,0.0,1.0333333333333345,0.0,0.0,0.0,0.3127125,0.12744453881596493,0.0,
1.0333333333333332,0.0,0.0,0.0,0.0,1.0500000000000012,0.0,0.0,0.0,0.3178,0.12574527829841872,0.0,
1.05,0.0,0.0,0.0,0.0,1.0666666666666678,0.0,0.0,0.0,0.3228888888888889,0.12406867458777314,0.0,
1.0666666666666667,0.0,0.0,0.0,0.0,1.0833333333333344,0.0,0.0,0.0,0.32797916666666665,0.1224144255932695,0.0,
1.0833333333333333,0.0,0.0,0.0,0.0,1.100000000000001,0.0,0.0,0.0,0.3330708333333333,0.1207822332520259,0.0,
1.1,0.0,0.0,0.0,0.0,1.1166666666666676,0.0,0.0,0.0,0.3381638888888889,0.11917180347533222,0.0,
1.1166666666666667,0.0,0.0,0.0,0.0,1.1333333333333342,0.0,0.0,0.0,0.34325833333333333,0.11758284609566112,0.0,
1.1333333333333333,0.0,0.0,0.0,0.0,1.1500000000000008,0.0,0.0,0.0,0.3483541666666667,0.11601507481438564,0.0,
1.15,0.0,0.0,0.0,0.0,1.1666666666666674,0.0,0.0,0.0,0.3534513888888889,0.11446820715019383,0.0,
1.1666666666666667,0.0,0.0,0.0,0.0,1.183333333333334,0.0,0.0,0.0,0.35855,0.11294196438819125,0.0,
1.1833333333333333,0.0,0.0,0.0,0.0,1.2000000000000006,0.0,0.0,0.0,0.36365,0.11143607152968203,0.0,
1.2,0.0,0.0,0.0,0.0,1.2166666666666672,0.0,0.0,0.0,0.36875138888888886,0.1099502572426196,0.0,
1.2166666666666666,0.0,0.0,0.0,0.0,1.2333333333333338,0.0,0.0,0.0,0.37385416666666665,0.108484253812718,0.0,
1.2333333333333334,0.0,0.0,0.0,0.0,1.2500000000000004,0.0,0.0,0.0,0.37895833333333334,0.1070377970952151,0.0,
1.25,0.0,0.0,0.0,0.0,1.266666666666667,0.0,0.0,0.0,0.38406388888888887,0.1056106264672789,0.0,
1.2666666666666666,0.0,0.0,0.0,0.0,1.2833333333333337,0.0,0.0,0.0,0.3891708333333333,0.10420248478104852,0.0,
1.2833333333333332,0.0,0.0,0.0,0.0,1.3000000000000003,0.0,0.0,0.0,0.3942791666666666,0.10281311831730121,0.0,
1.3,0.0,0.0,0.0,0.0,1.3166666666666669,0.0,0.0,0.0,0.39938888888888885,0.10144227673973719,0.0,
1.3166666666666667,0.0,0.0,0.0,0.0,1.3333333333333335,0.0,0.0,0.0,0.40449999999999997,0.10008971304987402,0.0,
1.3333333333333333,0.0,0.0,0.0,0.0,1.35,0.0,0.0,0.0,0.4096125,0.09875518354254237,0.0,
1.35,0.0,0.0,0.0,0.0,1.3666666666666667,0.0,0.0,0.0,0.41472638888888885,0.09743844776197513,0.0,
1.3666666666666667,0.0,0.0,0.0,0.0,1.3833333333333333,0.0,0.0,0.0,0.4198416666666666,0.09613926845848213,0.0,
1.3833333333333333,0.0,0.0,0.0,0.0,1.4,0.0,0.0,0.0,0.42495833333333327,0.09485741154570236,0.0,
1.4,0.0,0.0,0.0,0.0,1.4166666666666665,0.0,0.0,0.0,0.4300763888888888,0.09359264605842633,0.0,
1.4166666666666667,0.0,0.0,0.0,0.0,1.4333333333333331,0.0,0.0,0.0,0.4351958333333333,0.09234474411098065,0.0,
1.4333333333333333,0.0,0.0,0.0,0.0,1.4499999999999997,0.0,0.0,0.0,0.44031666666666663,0.09111348085616758,0.0,
1.45,0.0,0.0,0.0,0.0,1.4666666666666663,0.0,0.0,0.0,0.44543888888888883,0.089898634444752,0.0,
1.4666666666666666,0.0,0.0,0.0,0.0,1.483333333333333,0.0,0.0,0.0,0.4505624999999999,0.08869998598548864,0.0,
1.4833333333333334,0.0,0.0,0.0,0.0,1.4999999999999996,0.0,0.0,0.0,0.4556874999999999,0.08751731950568213,0.0,
1.5,0.0,0.0,0.0,0.0,1.5166666666666662,0.0,0.0,0.0,0.4608138888888888,0.08635042191227303,0.0,
1.5166666666666666,0.0,0.0,0.0,0.0,1.5333333333333328,0.0,0.0,0.0,0.4659416666666666,0.08519908295344272,0.0,
1.5333333333333332,0.0,0.0,0.0,0.0,1.5499999999999994,0.0,0.0,0.0,0.47107083333333327,0.08406309518073016,0.0,
1.55,0.0,0.0,0.0,0.0,1.566666666666666,0.0,0.0,0.0,0.47620138888888885,0.08294225391165376,0.0,
1.5666666666666667,0.0,0.0,0.0,0.0,1.5833333333333326,0.0,0.0,0.0,0.4813333333333333,0.08183635719283171,0.0,
1.5833333333333333,0.0,0.0,0.0,0.0,1.5999999999999992,0.0,0.0,0.0,0.4864666666666666,0.08074520576359395,0.0,
1.6,0.0,0.0,0.0,0.0,1.6166666666666658,0.0,0.0,0.0,0.4916013888888888,0.07966860302007936,0.0,
1.6166666666666667,0.0,0.0,0.0,0.0,1.6333333333333324,0.0,0.0,0.0,0.49673749999999994,0.07860635497981164,0.0,
1.6333333333333333,0.0,0.0,0.0,0.0,1.649999999999999,0.0,0.0,0.0,0.501875,0.07755827024674748,0.0,
1.65,0.0,0.0,0.0,0.0,1.6666666666666656,0.0,0.0,0.0,0.5070138888888889,0.07652415997679085,0.0,
1.6666666666666667,0.0,0.0,0.0,0.0,1.6833333333333322,0.0,0.0,0.0,0.5121541666666667,0.07550383784376698,0.0,
1.6833333333333333,0.0,0.0,0.0,0.0,1.6999999999999988,0.0,0.0,0.0,0.5172958333333334,0.07449712000585008,0.0,
1.7,0.0,0.0,0.0,0.0,1.7166666666666655,0.0,0.0,0.0,0.522438888888889,0.07350382507243874,0.0,
1.7166666666666666,0.0,0.0,0.0,0.0,1.733333333333332,0.0,0.0,0.0,0.5275833333333334,0.0725237740714729,0.0,
1.7333333333333334,0.0,0.0,0.0,0.0,1.7499999999999987,0.0,0.0,0.0,0.5327291666666667,0.07155679041718659,0.0,
1.75,0.0,0.0,0.0,0.0,1.7666666666666653,0.0,0.0,0.0,0.5378763888888889,0.07060269987829076,0.0,
1.7666666666666666,0.0,0.0,0.0,0.0,1.7833333333333319,0.0,0.0,0.0,0.543025,0.06966133054658022,0.0,
1.7833333333333332,0.0,0.0,0.0,0.0,1.7999999999999985,0.0,0.0,0.0,0.548175,0.06873251280595916,0.0,
1.8,0.0,0.0,0.0,0.0,1.816666666666665,0.0,0.0,0.0,0.5533263888888889,0.0678160793018797,0.0,
1.8166666666666667,0.0,0.0,0.0,0.0,1.8333333333333317,0.0,0.0,0.0,0.5584791666666666,0.06691186491118797,0.0,
1.8333333333333333,0.0,0.0,0.0,0.0,1.8499999999999983,0.0,0.0,0.0,0.5636333333333333,0.06601970671237213,0.0,
1.8499999999999999,0.0,0.0,0.0,0.0,1.866666666666665,0.0,0.0,0.0,0.5687888888888889,0.06513944395620717,0.0,
1.8666666666666667,0.0,0.0,0.0,0.0,1.8833333333333315,0.0,0.0,0.0,0.5739458333333334,0.06427091803679108,0.0,
1.8833333333333333,0.0,0.0,0.0,0.0,1.8999999999999981,0.0,0.0,0.0,0.5791041666666668,0.0634139724629672,0.0,
1.9,0.0,0.0,0.0,0.0,1.9166666666666647,0.0,0.0,0.0,0.584263888888889,0.06256845283012764,0.0,
1.9166666666666667,0.0,0.0,0.0,0.0,1.9333333333333313,0.0,0.0,0.0,0.5894250000000001,0.06173420679239261,0.0,
1.9333333333333333,0.0,0.0,0.0,0.0,1.949999999999998,0.0,0.0,0.0,0.5945875,0.060911084035160705,0.0,
1.95,0.0,0.0,0.0,0.0,1.9666666666666646,0.0,0.0,0.0,0.5997513888888889,0.06009893624802523,0.0,
1.9666666666666666,0.0,0.0,0.0,0.0,1.9833333333333312,0.0,0.0,0.0,0.6049166666666667,0.059297617098051564,0.0,
1.9833333333333334,0.0,0.0,0.0,0.0,1.9999999999999978,0.0,0.0,0.0,0.6100833333333333,0.05850698220341088,0.0,
2.0,0.0,0.0,0.0,0.0,2.0166666666666644,0.0,0.0,0.0,0.6152513888888889,0.0577268891073654,0.0,
2.0166666666666666,0.0,0.0,0.0,0.0,2.033333333333331,0.0,0.0,0.0,0.6204208333333333,0.056957197252600525,0.0,
2.033333333333333,0.0,0.0,0.0,0.0,2.0499999999999976,0.0,0.0,0.0,0.6255916666666667,0.05619776795589918,0.0,
2.05,0.0,0.0,0.0,0.0,2.066666666666664,0.0,0.0,0.0,0.6307638888888889,0.05544846438315386,0.0,
2.0666666666666664,0.0,0.0,0.0,0.0,2.083333333333331,0.0,0.0,0.0,0.6359375,0.054709151524711806,0.0,
2.0833333333333335,0.0,0.0,0.0,0.0,2.0999999999999974,0.0,0.0,0.0,0.6411125000000001,0.05397969617104898,0.0,
2.1,0.0,0.0,0.0,0.0,2.116666666666664,0.0,0.0,0.0,0.646288888888889,0.05325996688876833,0.0,
2.1166666666666667,0.0,0.0,0.0,0.0,2.1333333333333306,0.0,0.0,0.0,0.6514666666666667,0.05254983399691809,0.0,
2.1333333333333333,0.0,0.0,0.0,0.0,2.1499999999999972,0.0,0.0,0.0,0.6566458333333334,0.051849169543625846,0.0,
2.15,0.0,0.0,0.0,0.0,2.166666666666664,0.0,0.0,0.0,0.16545659722222222,0.5444911806163775,0.0,response_ready
2.1666666666666665,0.0,0.0,0.0,0.0,2.1833333333333305,0.0,0.0,0.0,0.17063854166666667,0.5372312982081591,0.0,
2.183333333333333,0.0,0.0,0.0,0.0,2.199999999999997,0.0,0.0,0.0,0.17582187500000002,0.5300682142320503,0.0,
2.2,0.0,0.0,0.0,0.0,2.2166666666666637,0.0,0.0,0.0,0.18100659722222223,0.5230006380422896,0.0,
2.216666666666667,0.0,0.0,0.0,0.0,2.2333333333333303,0.0,0.0,0.0,0.18619270833333335,0.5160272962017257,0.0,
2.2333333333333334,0.0,0.0,0.0,0.0,2.249999999999997,0.0,0.0,0.0,0.19138020833333336,0.5091469322523694,0.0,
2.25,0.0,0.0,0.0,0.0,2.2666666666666635,0.0,0.0,0.0,0.19656909722222224,0.5023583064890045,0.0,
2.2666666666666666,0.0,0.0,0.0,0.0,2.28333333333333,0.0,0.0,0.0,0.20175937500000002,0.49566019573581777,0.0,
2.283333333333333,0.0,0.0,0.0,0.0,2.2999999999999967,0.0,0.0,0.0,0.2069510416666667,0.4890513931260069,0.0,
2.3,0.0,0.0,0.0,0.0,2.3166666666666633,0.0,0.0,0.0,0.21214409722222224,0.4825307078843268,0.0,
2.3166666666666664,0.0,0.0,0.0,0.0,2.33333333333333,0.0,0.0,0.0,0.2173385416666667,0.47609696511253574,0.0,
2.3333333333333335,0.0,0.0,0.0,0.0,2.3499999999999965,0.0,0.0,0.0,0.22253437500000003,0.46974900557770194,0.0,
2.35,0.0,0.0,0.0,0.0,2.366666666666663,0.0,0.0,0.0,0.22773159722222225,0.4634856855033326,0.0,
2.3666666666666667,0.0,0.0,0.0,0.0,2.3833333333333298,0.0,0.0,0.0,0.23293020833333336,0.4573058763632881,0.0,
2.3833333333333333,0.0,0.0,0.0,0.0,2.3999999999999964,0.0,0.0,0.0,0.23813020833333337,0.4512084646784443,0.0,
2.4,0.0,0.0,0.0,0.0,2.416666666666663,0.0,0.0,0.0,0.24333159722222225,0.44519235181606504,0.0,
2.4166666666666665,0.0,0.0,0.0,0.0,2.4333333333333296,0.0,0.0,0.0,0.24853437500000003,0.43925645379185085,0.0,
2.433333333333333,0.0,0.0,0.0,0.0,2.449999999999996,0.0,0.0,0.0,0.2537385416666667,0.43339970107462616,0.0,
2.45,0.0,0.0,0.0,0.0,2.466666666666663,0.0,0.0,0.0,0.2589440972222223,0.42762103839363114,0.0,
2.466666666666667,0.0,0.0,0.0,0.0,2.4833333333333294,0.0,0.0,0.0,0.2641510416666667,0.4219194245483827,0.0,
2.4833333333333334,0.0,0.0,0.0,0.0,2.499999999999996,0.0,0.0,0.0,0.269359375,0.41629383222107097,0.0,
2.5,0.0,0.0,0.0,0.0,2.5166666666666626,0.0,0.0,0.0,0.2745690972222222,0.4107432477914567,0.0,
2.5166666666666666,0.0,0.0,0.0,0.0,2.533333333333329,0.0,0.0,0.0,0.27978020833333334,0.4052666711542373,0.0,
2.533333333333333,0.0,0.0,0.0,0.0,2.549999999999996,0.0,0.0,0.0,0.28499270833333334,0.39986311553884746,0.0,
2.55,0.0,0.0,0.0,0.0,2.5666666666666624,0.0,0.0,0.0,0.29020659722222225,0.3945316073316628,0.0,
2.5666666666666664,0.0,0.0,0.0,0.0,2.583333333333329,0.0,0.0,0.0,0.29542187500000006,0.38927118590057397,0.0,
2.5833333333333335,0.0,0.0,0.0,0.0,2.5999999999999956,0.0,0.0,0.0,0.3006385416666667,0.38408090342189966,0.0,
2.6,0.0,0.0,0.0,0.0,2.6166666666666623,0.0,0.0,0.0,0.30585659722222225,0.37895982470960765,0.0,
2.6166666666666667,0.0,0.0,0.0,0.0,2.633333333333329,0.0,0.0,0.0,0.3110760416666667,0.3739070270468129,0.0,
2.6333333333333333,0.0,0.0,0.0,0.0,2.6499999999999955,0.0,0.0,0.0,0.31629687500000003,0.36892160001952207,0.0,
2.65,0.0,0.0,0.0,0.0,2.666666666666662,0.0,0.0,0.0,0.32151909722222227,0.3640026453525951,0.0,
2.6666666666666665,0.0,0.0,0.0,0.0,2.6833333333333287,0.0,0.0,0.0,0.3267427083333334,0.3591492767478938,0.0,
2.683333333333333,0.0,0.0,0.0,0.0,2.6999999999999953,0.0,0.0,0.0,0.3319677083333334,0.35436061972458854,0.0,
2.7,0.0,0.0,0.0,0.0,2.716666666666662,0.0,0.0,0.0,0.33719409722222227,0.349635811461594,0.0,
2.716666666666667,0.0,0.0,0.0,0.0,2.7333333333333285,0.0,0.0,0.0,0.34242187500000004,0.3449740006421061,0.0,
2.7333333333333334,0.0,0.0,0.0,0.0,2.749999999999995,0.0,0.0,0.0,0.3476510416666667,0.3403743473002113,0.0,
2.75,0.0,0.0,0.0,0.0,2.7666666666666617,0.0,0.0,0.0,0.3528815972222223,0.3358360226695418,0.0,
2.7666666666666666,0.0,0.0,0.0,0.0,2.7833333333333283,0.0,0.0,0.0,0.35811354166666676,0.3313582090339479,0.0,
2.783333333333333,0.0,0.0,0.0,0.0,2.799999999999995,0.0,0.0,0.0,0.36334687500000007,0.32694009958016196,0.0,
2.8,0.0,0.0,0.0,0.0,2.8166666666666615,0.0,0.0,0.0,0.3685815972222223,0.3225808982524265,0.0,
2.8166666666666664,0.0,0.0,0.0,0.0,2.833333333333328,0.0,0.0,0.0,0.3738177083333334,0.31827981960906077,0.0,
2.8333333333333335,0.0,0.0,0.0,0.0,2.8499999999999948,0.0,0.0,0.0,0.3790552083333334,0.31403608868093996,0.0,
2.85,0.0,0.0,0.0,0.0,2.8666666666666614,0.0,0.0,0.0,0.3842940972222223,0.30984894083186076,0.0,
2.8666666666666667,0.0,0.0,0.0,0.0,2.883333333333328,0.0,0.0,0.0,0.3895343750000001,0.30571762162076926,0.0,
2.8833333333333333,0.0,0.0,0.0,0.0,2.8999999999999946,0.0,0.0,0.0,0.39477604166666674,0.3016413866658257,0.0,
2.9,0.0,0.0,0.0,0.0,2.916666666666661,0.0,0.0,0.0,0.4000190972222223,0.2976195015102813,0.0,
2.9166666666666665,0.0,0.0,0.0,0.0,2.933333333333328,0.0,0.0,0.0,0.4052635416666667,0.29365124149014427,0.0,
2.933333333333333,0.0,0.0,0.0,0.0,2.9499999999999944,0.0,0.0,0.0,0.41050937500000007,0.289735891603609,0.0,
2.95,0.0,0.0,0.0,0.0,2.966666666666661,0.0,0.0,0.0,0.4157565972222223,0.28587274638222754,0.0,
2.966666666666667,0.0,0.0,0.0,0.0,2.9833333333333276,0.0,0.0,0.0,0.42100520833333344,0.28206110976379783,0.0,
2.9833333333333334,0.0,0.0,0.0,0.0,2.9999999999999942,0.0,0.0,0.0,0.4262552083333334,0.2783002949669472,0.0,
3.0,0.0,0.0,0.0,0.0,3.016666666666661,0.0,0.0,0.0,0.4315065972222223,0.2745896243673879,0.0,
3.0166666666666666,0.0,0.0,0.0,0.0,3.0333333333333274,0.0,0.0,0.0,0.43675937500000006,0.2709284293758227,0.0,
3.033333333333333,0.0,0.0,0.0,0.0,3.049999999999994,0.0,0.0,0.0,0.44201354166666673,0.26731605031747835,0.0,
3.05,0.0,0.0,0.0,0.0,3.0666666666666607,0.0,0.0,0.0,0.4472690972222223,0.2637518363132453,0.0,
3.0666666666666664,0.0,0.0,0.0,0.0,3.0833333333333273,0.0,0.0,0.0,0.45252604166666677,0.260235145162402,0.0,
3.0833333333333335,0.0,0.0,0.0,0.0,3.099999999999994,0.0,0.0,0.0,0.4577843750000001,0.2567653432269033,0.0,
3.1,0.0,0.0,0.0,0.0,3.1166666666666605,0.0,0.0,0.0,0.4630440972222223,0.2533418053172113,0.0,
3.1166666666666667,0.0,0.0,0.0,0.0,3.133333333333327,0.0,0.0,0.0,0.4683052083333334,0.24996391457964848,0.0,
3.1333333333333333,0.0,0.0,0.0,0.0,3.1499999999999937,0.0,0.0,0.0,0.4735677083333334,0.24663106238525317,0.0,
3.15,0.0,0.0,0.0,0.0,3.1666666666666603,0.0,0.0,0.0,0.4788315972222223,0.24334264822011648,0.0,
3.1666666666666665,0.0,0.0,0.0,0.0,3.183333333333327,0.0,0.0,0.0,0.4840968750000001,0.2400980795771816,0.0,
3.183333333333333,0.0,0.0,0.0,0.0,3.1999999999999935,0.0,0.0,0.0,0.48936354166666673,0.23689677184948585,0.0,
3.2,0.0,0.0,0.0,0.0,3.21666666666666,0.0,0.0,0.0,0.4946315972222223,0.23373814822482603,0.0,
3.216666666666667,0.0,0.0,0.0,0.0,3.2333333333333267,0.0,0.0,0.0,0.4999010416666667,0.23062163958182835,0.0,
3.2333333333333334,0.0,0.0,0.0,0.0,3.2499999999999933,0.0,0.0,0.0,0.505171875,0.22754668438740397,0.0,
3.25,0.0,0.0,0.0,0.0,3.26666666666666,0.0,0.0,0.0,0.5104440972222223,0.22451272859557192,0.0,
3.2666666666666666,0.0,0.0,0.0,0.0,3.2833333333333266,0.0,0.0,0.0,0.5157177083333334,0.22151922554763095,0.0,
3.283333333333333,0.0,0.0,0.0,0.0,3.299999999999993,0.0,0.0,0.0,0.5209927083333334,0.21856563587366254,0.0,
3.3,0.0,0.0,0.0,0.0,3.3166666666666598,0.0,0.0,0.0,0.5262690972222224,0.21565142739534704,0.0,
3.3166666666666664,0.0,0.0,0.0,0.0,3.3333333333333264,0.0,0.0,0.0,0.5315468750000002,0.21277607503007576,0.0,
3.3333333333333335,0.0,0.0,0.0,0.0,3.349999999999993,0.0,0.0,0.0,0.5368260416666668,0.2099390606963414,0.0,
3.35,0.0,0.0,0.0,0.0,3.3666666666666596,0.0,0.0,0.0,0.5421065972222223,0.20713987322039018,0.0,
3.3666666666666667,0.0,0.0,0.0,0.0,3.383333333333326,0.0,0.0,0.0,0.5473885416666667,0.2043780082441183,0.0,
3.3833333333333333,0.0,0.0,0.0,0.0,3.399999999999993,0.0,0.0,0.0,0.552671875,0.20165296813419673,0.0,
3.4,0.0,0.0,0.0,0.0,3.4166666666666594,0.0,0.0,0.0,0.5579565972222222,0.19896426189240743,0.0,
3.4166666666666665,0.0,0.0,0.0,0.0,3.433333333333326,0.0,0.0,0.0,0.5632427083333333,0.19631140506717534,0.0,
3.433333333333333,0.0,0.0,0.0,0.0,3.4499999999999926,0.0,0.0,0.0,0.5685302083333333,0.331827252999613,0.0,micro_nod_ready
3.4499999999999997,0.0,0.0,0.0,0.0,3.4666666666666592,0.0,0.0,0.0,0.5738190972222222,0.32740288962628483,0.0,
3.466666666666667,0.0,0.0,0.0,0.0,3.483333333333326,0.0,0.0,0.0,0.579109375,0.32303751776460105,0.0,
3.4833333333333334,0.0,0.0,0.0,0.0,3.4999999999999925,0.0,0.0,0.0,0.5844010416666667,0.31873035086107304,0.0,
3.5,0.0,0.0,0.0,0.0,3.516666666666659,0.0,0.0,0.0,0.5896940972222223,0.31448061284959206,0.0,
3.5166666666666666,0.0,0.0,0.0,0.0,3.5333333333333257,0.0,0.0,0.0,0.5949885416666668,0.3102875380115975,0.0,
3.533333333333333,0.0,0.0,0.0,0.0,3.5499999999999923,0.0,0.0,0.0,0.6002843750000002,0.30615037083810953,0.0,
3.55,0.0,0.0,0.0,0.0,3.566666666666659,0.0,0.0,0.0,0.6055815972222224,0.3020683658936014,0.0,
3.5666666666666664,0.0,0.0,0.0,0.0,3.5833333333333255,0.0,0.0,0.0,0.6108802083333335,0.29804078768168674,0.0,
3.5833333333333335,0.0,0.0,0.0,0.0,3.599999999999992,0.0,0.0,0.0,0.6161802083333334,0.2940669105125976,0.0,
3.6,0.0,0.0,0.0,0.0,3.6166666666666587,0.0,0.0,0.0,0.6214815972222223,0.29014601837242965,0.0,
3.6166666666666667,0.0,0.0,0.0,0.0,3.6333333333333253,0.0,0.0,0.0,0.6267843750000001,0.2862774047941306,0.0,
3.6333333333333333,0.0,0.0,0.0,0.0,3.649999999999992,0.0,0.0,0.0,0.6320885416666667,0.28246037273020885,0.0,
3.65,0.0,0.0,0.0,0.0,3.6666666666666585,0.0,0.0,0.0,0.6373940972222223,0.2786942344271394,0.0,
3.6666666666666665,0.0,0.0,0.0,0.0,3.683333333333325,0.0,0.0,0.0,0.6427010416666668,0.27497831130144423,0.0,
3.683333333333333,0.0,0.0,0.0,0.0,3.6999999999999917,0.0,0.0,0.0,0.6480093750000001,0.27131193381742497,0.0,
3.6999999999999997,0.0,0.0,0.0,0.0,3.7166666666666583,0.0,0.0,0.0,0.6533190972222224,0.267694441366526,0.0,
3.716666666666667,0.0,0.0,0.0,0.0,3.733333333333325,0.0,0.0,0.0,0.6586302083333335,0.26412518214830566,0.0,
3.7333333333333334,0.0,0.0,0.0,0.0,3.7499999999999916,0.0,0.0,0.0,0.6639427083333336,0.2606035130529949,0.0,
3.75,0.0,0.0,0.0,0.0,3.766666666666658,0.0,0.0,0.0,0.6692565972222224,0.2571287995456216,0.0,
3.7666666666666666,0.0,0.0,0.0,0.0,3.7833333333333248,0.0,0.0,0.0,0.6745718750000002,0.25370041555168,0.0,
3.783333333333333,0.0,0.0,0.0,0.0,3.7999999999999914,0.0,0.0,0.0,0.6798885416666668,0.2503177433443243,0.0,
3.8,0.0,0.0,0.0,0.0,3.816666666666658,0.0,0.0,0.0,0.6852065972222223,0.2469801734330666,0.0,
3.8166666666666664,0.0,0.0,0.0,0.0,3.8333333333333246,0.0,0.0,0.0,0.6905260416666668,0.24368710445395905,0.0,
3.8333333333333335,0.0,0.0,0.0,0.0,3.849999999999991,0.0,0.0,0.0,0.6958468750000001,0.2404379430612396,0.0,
3.85,0.0,0.0,0.0,0.0,3.866666666666658,0.0,0.0,0.0,0.7011690972222223,0.2372321038204231,0.0,
3.8666666666666667,0.0,0.0,0.0,0.0,3.8833333333333244,0.0,0.0,0.0,0.7064927083333334,0.23406900910281744,0.0,
3.8833333333333333,0.0,0.0,0.0,0.0,3.899999999999991,0.0,0.0,0.0,0.7118177083333335,0.23094808898144653,0.0,
3.9,0.0,0.0,0.0,0.0,3.9166666666666576,0.0,0.0,0.0,0.7171440972222224,0.22786878112836056,0.0,
3.9166666666666665,0.0,0.0,0.0,0.0,3.9333333333333242,0.0,0.0,0.0,0.7224718750000002,0.22483053071331577,0.0,
3.933333333333333,0.0,0.0,0.0,0.0,3.949999999999991,0.0,0.0,0.0,0.7278010416666669,0.2218327903038049,0.0,
3.9499999999999997,0.0,0.0,0.0,0.0,3.9666666666666575,0.0,0.0,0.0,0.7331315972222224,0.21887501976642085,0.0,
3.966666666666667,0.0,0.0,0.0,0.0,3.983333333333324,0.0,0.0,0.0,0.7384635416666668,0.21595668616953523,0.0,
3.9833333333333334,0.0,0.0,0.0,0.0,3.9999999999999907,0.0,0.0,0.0,0.7437968750000001,0.21307726368727475,0.0,
4.0,0.0,0.0,0.0,0.0,4.016666666666658,0.0,0.0,0.0,0.7491315972222223,0.21023623350477777,0.0,
4.016666666666667,0.0,0.0,0.0,0.0,4.033333333333324,0.0,0.0,0.0,0.7544677083333334,0.20743308372471406,0.0,
4.033333333333333,0.0,0.0,0.0,0.0,4.049999999999991,0.0,0.0,0.0,0.7598052083333334,0.2046673092750512,0.0,
4.05,0.0,0.0,0.0,0.0,4.0666666666666575,0.0,0.0,0.0,0.7651440972222223,0.2019384118180505,0.0,
4.066666666666666,0.0,0.0,0.0,0.0,4.083333333333324,0.0,0.0,0.0,0.7704843750000001,0.19924589966047648,0.0,
4.083333333333333,0.0,0.0,0.0,0.0,4.099999999999991,0.0,0.0,0.0,0.7758260416666668,0.19658928766500347,0.0,
4.1,0.0,0.0,0.0,0.0,4.116666666666657,0.0,0.0,0.0,0.7811690972222224,0.19396809716280342,0.0,
4.116666666666666,0.0,0.0,0.0,0.0,4.133333333333324,0.0,0.0,0.0,0.7865135416666669,0.19138185586729936,0.0,
4.133333333333333,0.0,0.0,0.0,0.0,4.149999999999991,0.0,0.0,0.0,0.7918593750000003,0.1888300977890687,0.0,
4.15,0.0,0.0,0.0,0.0,4.166666666666657,0.0,0.0,0.0,0.7972065972222224,0.18631236315188113,0.0,
4.166666666666667,0.0,0.0,0.0,0.0,4.183333333333324,0.0,0.0,0.0,0.8025552083333335,0.18382819830985606,0.0,
4.183333333333334,0.0,0.0,0.0,0.0,4.19999999999999,0.0,0.0,0.0,0.8079052083333335,0.18137715566572465,0.0,
4.2,0.0,0.0,0.0,0.0,4.216666666666657,0.0,0.0,0.0,0.8132565972222223,0.17895879359018166,0.0,
4.216666666666667,0.0,0.0,0.0,0.0,4.233333333333324,0.0,0.0,0.0,0.8186093750000001,0.17657267634231258,0.0,
4.233333333333333,0.0,0.0,0.0,0.0,4.24999999999999,0.0,0.0,0.0,0.8239635416666667,0.17421837399108175,0.0,
4.25,0.0,0.0,0.0,0.0,4.266666666666657,0.0,0.0,0.0,0.8293190972222223,0.17189546233786734,0.0,
4.266666666666667,0.0,0.0,0.0,0.0,4.2833333333333234,0.0,0.0,0.0,0.8346760416666668,0.1696035228400291,0.0,
4.283333333333333,0.0,0.0,0.0,0.0,4.29999999999999,0.0,0.0,0.0,0.8400343750000001,0.1673421425354954,0.0,
4.3,0.0,0.0,0.0,0.0,4.316666666666657,0.0,0.0,0.0,0.8453940972222224,0.16511091396835545,0.0,
4.316666666666666,0.0,0.0,0.0,0.0,4.333333333333323,0.0,0.0,0.0,0.8507552083333335,0.16290943511544403,0.0,
4.333333333333333,0.0,0.0,0.0,0.0,4.34999999999999,0.0,0.0,0.0,0.8561177083333336,0.16073730931390479,0.0,
4.35,0.0,0.0,0.0,0.0,4.3666666666666565,0.0,0.0,0.0,0.8614815972222224,0.1585941451897194,0.0,
4.366666666666666,0.0,0.0,0.0,0.0,4.383333333333323,0.0,0.0,0.0,0.8668468750000001,0.15647955658718982,0.0,
4.383333333333333,0.0,0.0,0.0,0.0,4.39999999999999,0.0,0.0,0.0,0.8722135416666668,0.1543931624993606,0.0,
4.4,0.0,0.0,0.0,0.0,4.416666666666656,0.0,0.0,0.0,0.8775815972222223,0.15233458699936914,0.0,
4.416666666666667,0.0,0.0,0.0,0.0,4.433333333333323,0.0,0.0,0.0,0.8829510416666667,0.15030345917271087,0.0,
4.433333333333334,0.0,0.0,0.0,0.0,4.4499999999999895,0.0,0.0,0.0,0.888321875,0.14829941305040806,0.0,
4.45,0.0,0.0,0.0,0.0,4.466666666666656,0.0,0.0,0.0,0.8936940972222223,0.14632208754306927,0.0,
4.466666666666667,0.0,0.0,0.0,0.0,4.483333333333323,0.0,0.0,0.0,0.8990677083333334,0.14437112637582836,0.0,
4.483333333333333,0.0,0.0,0.0,0.0,4.499999999999989,0.0,0.0,0.0,0.9044427083333334,0.14244617802415063,0.0,
4.5,0.0,0.0,0.0,0.0,4.516666666666656,0.0,0.0,0.0,0.9098190972222223,0.1405468956504953,0.0,
4.516666666666667,0.0,0.0,0.0,0.0,4.533333333333323,0.0,0.0,0.0,0.9151968750000001,0.13867293704182204,0.0,
4.533333333333333,0.0,0.0,0.0,0.0,4.549999999999989,0.0,0.0,0.0,0.9205760416666668,0.13682396454793108,0.0,
4.55,0.0,0.0,0.0,0.0,4.566666666666656,0.0,0.0,0.0,0.9259565972222223,0.13499964502062534,0.0,
4.566666666666666,0.0,0.0,0.0,0.0,4.583333333333322,0.0,0.0,0.0,0.9313385416666667,0.13319964975368367,0.0,
4.583333333333333,0.0,0.0,0.0,0.0,4.599999999999989,0.0,0.0,0.0,0.936721875,0.13142365442363454,0.0,
4.6,0.0,0.0,0.0,0.0,4.616666666666656,0.0,0.0,0.0,0.9421065972222222,0.12967133903131942,0.0,
4.616666666666666,0.0,0.0,0.0,0.0,4.633333333333322,0.0,0.0,0.0,0.9474927083333333,0.12794238784423514,0.0,
4.633333333333333,0.0,0.0,0.0,0.0,4.649999999999989,0.0,0.0,0.0,0.9528802083333333,0.12623648933964535,0.0,
4.65,0.0,0.0,0.0,0.0,4.666666666666655,0.0,0.0,0.0,0.9582690972222222,0.12455333614845007,0.0,
4.666666666666667,0.0,0.0,0.0,0.0,4.683333333333322,0.0,0.0,0.0,0.963659375,0.12289262499980406,0.0,
4.683333333333334,0.0,0.0,0.0,0.0,4.699999999999989,0.0,0.0,0.0,0.9690510416666667,0.12125405666647335,0.0,
4.7,0.0,0.0,0.0,0.0,4.716666666666655,0.0,0.0,0.0,0.9744440972222222,0.11963733591092036,0.0,
4.716666666666667,0.0,0.0,0.0,0.0,4.733333333333322,0.0,0.0,0.0,0.9798385416666667,0.11804217143210809,0.0,
4.733333333333333,0.0,0.0,0.0,0.0,4.7499999999999885,0.0,0.0,0.0,0.9852343750000001,0.1164682758130133,0.0,
4.75,0.0,0.0,0.0,0.0,4.766666666666655,0.0,0.0,0.0,0.9906315972222224,0.11491536546883979,0.0,
4.766666666666667,0.0,0.0,0.0,0.0,4.783333333333322,0.0,0.0,0.0,0.9960302083333334,0.11338316059592193,0.0,
4.783333333333333,0.0,0.0,0.0,0.0,4.799999999999988,0.0,0.0,0.0,1.0,0.11187138512130965,0.0,
4.8,0.0,0.0,0.0,0.0,4.816666666666655,0.0,0.0,0.0,1.0,0.11037976665302551,0.0,
4.816666666666666,0.0,0.0,0.0,0.0,4.8333333333333215,0.0,0.0,0.0,1.0,0.10890803643098518,0.0,
4.833333333333333,0.0,0.0,0.0,0.0,4.849999999999988,0.0,0.0,0.0,1.0,0.10745592927857205,0.0,
4.85,0.0,0.0,0.0,0.0,4.866666666666655,0.0,0.0,0.0,1.0,0.10602318355485775,0.0,
4.866666666666666,0.0,0.0,0.0,0.0,4.883333333333321,0.0,0.0,0.0,1.0,0.10460954110745965,0.0,
4.883333333333333,0.0,0.0,0.0,0.0,4.899999999999988,0.0,0.0,0.0,1.0,0.10321474722602686,0.0,
4.9,0.0,0.0,0.0,0.0,4.9166666666666545,0.0,0.0,0.0,1.0,0.1018385505963465,0.0,
4.916666666666667,0.0,0.0,0.0,0.0,4.933333333333321,0.0,0.0,0.0,1.0,0.10048070325506188,0.0,
4.933333333333334,0.0,0.0,0.0,0.0,4.949999999999988,0.0,0.0,0.0,1.0,0.09914096054499438,0.0,
4.95,0.0,0.0,0.0,0.0,4.966666666666654,0.0,0.0,0.0,1.0,0.09781908107106113,0.0,
4.966666666666667,0.0,0.0,0.0,0.0,4.983333333333321,0.0,0.0,0.0,1.0,0.09651482665678032,0.0,
4.983333333333333,0.0,0.0,0.0,0.0,4.999999999999988,0.0,0.0,0.0,1.0,0.09522796230135658,0.0,
5.0,0.0,0.0,0.0,0.0,5.016666666666654,0.0,0.0,0.0,1.0,0.09395825613733849,0.0,
5.016666666666667,0.0,0.0,0.0,0.0,5.033333333333321,0.0,0.0,0.0,1.0,0.09270547938884065,0.0,
5.033333333333333,0.0,0.0,0.0,0.0,5.049999999999987,0.0,0.0,0.0,1.0,0.09146940633032277,0.0,
5.05,0.0,0.0,0.0,0.0,5.066666666666654,0.0,0.0,0.0,1.0,0.09024981424591846,0.0,
5.066666666666666,0.0,0.0,0.0,0.0,5.083333333333321,0.0,0.0,0.0,1.0,0.08904648338930622,0.0,
5.083333333333333,0.0,0.0,0.0,0.0,5.099999999999987,0.0,0.0,0.0,1.0,0.08785919694411547,0.0,
5.1,0.0,0.0,0.0,0.0,5.116666666666654,0.0,0.0,0.0,1.0,0.0866877409848606,0.0,
5.116666666666666,0.0,0.0,0.0,0.0,5.13333333333332,0.0,0.0,0.0,1.0,0.08553190443839578,0.0,
5.133333333333333,0.0,0.0,0.0,0.0,5.149999999999987,0.0,0.0,0.0,1.0,0.08439147904588384,0.0,
5.15,0.0,0.0,0.0,0.0,5.166666666666654,0.0,0.0,0.0,1.0,0.08326625932527205,0.0,
5.166666666666667,0.0,0.0,0.0,0.0,5.18333333333332,0.0,0.0,0.0,1.0,0.08215604253426843,0.0,
5.183333333333334,0.0,0.0,0.0,0.0,5.199999999999987,0.0,0.0,0.0,1.0,0.08106062863381153,0.0,
5.2,0.0,0.0,0.0,0.0,5.2166666666666535,0.0,0.0,0.0,1.0,0.07997982025202738,0.0,
5.216666666666667,0.0,0.0,0.0,0.0,5.23333333333332,0.0,0.0,0.0,1.0,0.07891342264866702,0.0,
5.233333333333333,0.0,0.0,0.0,0.0,5.249999999999987,0.0,0.0,0.0,1.0,0.07786124368001812,0.0,
5.25,0.0,0.0,0.0,0.0,5.266666666666653,0.0,0.0,0.0,1.0,0.07682309376428455,0.0,
5.266666666666667,0.0,0.0,0.0,0.0,5.28333333333332,0.0,0.0,0.0,1.0,0.07579878584742741,0.0,
5.283333333333333,0.0,0.0,0.0,0.0,5.2999999999999865,0.0,0.0,0.0,1.0,0.07478813536946172,0.0,
5.3,0.0,0.0,0.0,0.0,5.316666666666653,0.0,0.0,0.0,1.0,0.07379096023120223,0.0,
5.316666666666666,0.0,0.0,0.0,0.0,5.33333333333332,0.0,0.0,0.0,1.0,0.07280708076145287,0.0,
5.333333333333333,0.0,0.0,0.0,0.0,5.349999999999986,0.0,0.0,0.0,1.0,0.0718363196846335,0.0,
5.35,0.0,0.0,0.0,0.0,5.366666666666653,0.0,0.0,0.0,1.0,0.07087850208883839,0.0,
5.366666666666666,0.0,0.0,0.0,0.0,5.3833333333333195,0.0,0.0,0.0,1.0,0.06993345539432054,0.0,
5.383333333333333,0.0,0.0,0.0,0.0,5.399999999999986,0.0,0.0,0.0,1.0,0.06900100932239626,0.0,
5.4,0.0,0.0,0.0,0.0,5.416666666666653,0.0,0.0,0.0,1.0,0.06808099586476432,0.0,
5.416666666666667,0.0,0.0,0.0,0.0,5.433333333333319,0.0,0.0,0.0,1.0,0.06717324925323413,0.0,
5.433333333333334,0.0,0.0,0.0,0.0,5.449999999999986,0.0,0.0,0.0,1.0,0.06627760592985768,0.0,
5.45,0.0,0.0,0.0,0.0,5.466666666666653,0.0,0.0,0.0,1.0,0.06539390451745958,0.0,
5.466666666666667,0.0,0.0,0.0,0.0,5.483333333333319,0.0,0.0,0.0,1.0,0.06452198579056012,0.0,
5.483333333333333,0.0,0.0,0.0,0.0,5.499999999999986,0.0,0.0,0.0,1.0,0.06366169264668599,0.0,
5.5,0.0,0.0,0.0,0.0,5.516666666666652,0.0,0.0,0.0,1.0,0.0628128700780635,0.0,
5.516666666666667,0.0,0.0,0.0,0.0,5.533333333333319,0.0,0.0,0.0,1.0,0.06197536514368933,0.0,
5.533333333333333,0.0,0.0,0.0,0.0,5.549999999999986,0.0,0.0,0.0,1.0,0.061149026941773474,0.0,
5.55,0.0,0.0,0.0,0.0,5.566666666666652,0.0,0.0,0.0,1.0,0.06033370658254983,0.0,
5.566666666666666,0.0,0.0,0.0,0.0,5.583333333333319,0.0,0.0,0.0,1.0,0.05952925716144916,0.0,
5.583333333333333,0.0,0.0,0.0,0.0,5.599999999999985,0.0,0.0,0.0,1.0,0.05873553373262984,0.0,
5.6,0.0,0.0,0.0,0.0,5.616666666666652,0.0,0.0,0.0,1.0,0.05795239328286144,0.0,
5.616666666666666,0.0,0.0,0.0,0.0,5.633333333333319,0.0,0.0,0.0,1.0,0.05717969470575662,0.0,
5.633333333333333,0.0,0.0,0.0,0.0,5.649999999999985,0.0,0.0,0.0,1.0,0.05641729877634653,0.0,
5.65,0.0,0.0,0.0,0.0,5.666666666666652,0.0,0.0,0.0,1.0,0.05566506812599525,0.0,
5.666666666666667,0.0,0.0,0.0,0.0,5.6833333333333185,0.0,0.0,0.0,1.0,0.05492286721764864,0.0,
5.683333333333334,0.0,0.0,0.0,0.0,5.699999999999985,0.0,0.0,0.0,1.0,0.054190562321413324,0.0,
5.7,0.0,0.0,0.0,0.0,5.716666666666652,0.0,0.0,0.0,1.0,0.05346802149046115,0.0,
5.716666666666667,0.0,0.0,0.0,0.0,5.733333333333318,0.0,0.0,0.0,1.0,0.052755114537254996,0.0,
5.733333333333333,0.0,0.0,0.0,0.0,5.749999999999985,0.0,0.0,0.0,1.0,0.052051713010091594,0.0,
5.75,0.0,0.0,0.0,0.0,5.7666666666666515,0.0,0.0,0.0,1.0,0.05135769016995704,0.0,
5.766666666666667,0.0,0.0,0.0,0.0,5.783333333333318,0.0,0.0,0.0,1.0,0.050672920967690945,0.0,
5.783333333333333,0.0,0.0,0.0,0.0,5.799999999999985,0.0,0.0,0.0,1.0,0.049997282021455064,0.0,
5.8,0.0,0.0,0.0,0.0,5.816666666666651,0.0,0.0,0.0,1.0,0.04933065159450233,0.0,
5.816666666666666,0.0,0.0,0.0,0.0,5.833333333333318,0.0,0.0,0.0,1.0,0.0486729095732423,0.0,
5.833333333333333,0.0,0.0,0.0,0.0,5.8499999999999845,0.0,0.0,0.0,1.0,0.04802393744559907,0.0,
5.85,0.0,0.0,0.0,0.0,5.866666666666651,0.0,0.0,0.0,1.0,0.047383618279657744,0.0,
5.866666666666666,0.0,0.0,0.0,0.0,5.883333333333318,0.0,0.0,0.0,1.0,0.04675183670259564,0.0,
5.883333333333333,0.0,0.0,0.0,0.0,5.899999999999984,0.0,0.0,0.0,1.0,0.046128478879894366,0.0,
5.9,0.0,0.0,0.0,0.0,5.916666666666651,0.0,0.0,0.0,1.0,0.04551343249482911,0.0,
5.916666666666667,0.0,0.0,0.0,0.0,5.933333333333318,0.0,0.0,0.0,1.0,0.04490658672823138,0.0,
5.933333333333334,0.0,0.0,0.0,0.0,5.949999999999984,0.0,0.0,0.0,1.0,0.04430783223852163,0.0,
5.95,0.0,0.0,0.0,0.0,5.966666666666651,0.0,0.0,0.0,1.0,0.18185039447534138,0.0,micro_nod_ready
5.966666666666667,0.0,0.0,0.0,0.0,5.983333333333317,0.0,0.0,0.0,1.0,0.1794257225490035,0.0,
5.983333333333333,0.0,0.0,0.0,0.0,5.999999999999984,0.0,0.0,0.0,1.0,0.17703337958168344,0.0,
6.0,0.0,0.0,0.0,0.0,6.016666666666651,0.0,0.0,0.0,1.0,0.17467293452059432,0.0,
6.016666666666667,0.0,0.0,0.0,0.0,6.033333333333317,0.0,0.0,0.0,1.0,0.17234396206031974,0.0,
6.033333333333333,0.0,0.0,0.0,0.0,6.049999999999984,0.0,0.0,0.0,1.0,0.17004604256618214,0.0,
6.05,0.0,0.0,0.0,0.0,6.06666666666665,0.0,0.0,0.0,1.0,0.16777876199863304,0.0,
6.066666666666666,0.0,0.0,0.0,0.0,6.083333333333317,0.0,0.0,0.0,1.0,0.16554171183865127,0.0,
6.083333333333333,0.0,0.0,0.0,0.0,6.099999999999984,0.0,0.0,0.0,1.0,0.16333448901413591,0.0,
6.1,0.0,0.0,0.0,0.0,6.11666666666665,0.0,0.0,0.0,1.0,0.16115669582728076,0.0,
6.116666666666666,0.0,0.0,0.0,0.0,6.133333333333317,0.0,0.0,0.0,1.0,0.159007939882917,0.0,
6.133333333333333,0.0,0.0,0.0,0.0,6.1499999999999835,0.0,0.0,0.0,1.0,0.15688783401781145,0.0,
6.15,0.0,0.0,0.0,0.0,6.16666666666665,0.0,0.0,0.0,1.0,0.15479599623090728,0.0,
6.166666666666667,0.0,0.0,0.0,0.0,6.183333333333317,0.0,0.0,0.0,0.25,0.6460653829478286,0.0,response_ready
6.183333333333334,0.0,0.0,0.0,0.0,6.199999999999983,0.0,0.0,0.0,0.25551666666666667,0.6374511778418576,0.0,
6.2,0.0,0.0,0.0,0.0,6.21666666666665,0.0,0.0,0.0,0.26103472222222224,0.6289518288039662,0.0,
6.216666666666667,0.0,0.0,0.0,0.0,6.2333333333333165,0.0,0.0,0.0,0.2665541666666667,0.6205658044199133,0.0,
6.233333333333333,0.0,0.0,0.0,0.0,6.249999999999983,0.0,0.0,0.0,0.272075,0.6122915936943144,0.0,
6.25,0.0,0.0,0.0,0.0,6.26666666666665,0.0,0.0,0.0,0.2775972222222222,0.6041277057783903,0.0,
6.266666666666667,0.0,0.0,0.0,0.0,6.283333333333316,0.0,0.0,0.0,0.2831208333333333,0.5960726697013451,0.0,
6.283333333333333,0.0,0.0,0.0,0.0,6.299999999999983,0.0,0.0,0.0,0.2886458333333333,0.5881250341053271,0.0,
6.3,0.0,0.0,0.0,0.0,6.3166666666666496,0.0,0.0,0.0,0.2941722222222222,0.5802833669839228,0.0,
6.316666666666666,0.0,0.0,0.0,0.0,6.333333333333316,0.0,0.0,0.0,0.2997,0.5725462554241372,0.0,
6.333333333333333,0.0,0.0,0.0,0.0,6.349999999999983,0.0,0.0,0.0,0.30522916666666666,0.5649123053518154,0.0,
6.35,0.0,0.0,0.0,0.0,6.366666666666649,0.0,0.0,0.0,0.3107597222222222,0.5573801412804578,0.0,
6.366666666666666,0.0,0.0,0.0,0.0,6.383333333333316,0.0,0.0,0.0,0.31629166666666664,0.549948406063385,0.0,
6.383333333333333,0.0,0.0,0.0,0.0,6.399999999999983,0.0,0.0,0.0,0.32182499999999997,0.5426157606492066,0.0,
6.4,0.0,0.0,0.0,0.0,6.416666666666649,0.0,0.0,0.0,0.3273597222222222,0.5353808838405505,0.0,
6.416666666666667,0.0,0.0,0.0,0.0,6.433333333333316,0.0,0.0,0.0,0.33289583333333334,0.5282424720560098,0.0,
6.433333333333334,0.0,0.0,0.0,0.0,6.449999999999982,0.0,0.0,0.0,0.3384333333333333,0.521199239095263,0.0,
6.45,0.0,0.0,0.0,0.0,6.466666666666649,0.0,0.0,0.0,0.3439722222222222,0.5142499159073262,0.0,
6.466666666666667,0.0,0.0,0.0,0.0,6.483333333333316,0.0,0.0,0.0,0.34951249999999995,0.5073932503618952,0.0,
6.483333333333333,0.0,0.0,0.0,0.0,6.499999999999982,0.0,0.0,0.0,0.3550541666666666,0.5006280070237366,0.0,
6.5,0.0,0.0,0.0,0.0,6.516666666666649,0.0,0.0,0.0,0.3605972222222222,0.4939529669300867,0.0,
6.516666666666667,0.0,0.0,0.0,0.0,6.5333333333333155,0.0,0.0,0.0,0.36614166666666664,0.4873669273710189,0.0,
6.533333333333333,0.0,0.0,0.0,0.0,6.549999999999982,0.0,0.0,0.0,0.37168749999999995,0.48086870167273865,0.0,
6.55,0.0,0.0,0.0,0.0,6.566666666666649,0.0,0.0,0.0,0.37723472222222215,0.4744571189837688,0.0,
6.566666666666666,0.0,0.0,0.0,0.0,6.583333333333315,0.0,0.0,0.0,0.38278333333333325,0.4681310240639852,0.0,
6.583333333333333,0.0,0.0,0.0,0.0,6.599999999999982,0.0,0.0,0.0,0.38833333333333325,0.46188927707646543,0.0,
6.6,0.0,0.0,0.0,0.0,6.6166666666666485,0.0,0.0,0.0,0.39388472222222215,0.45573075338211255,0.0,
6.616666666666666,0.0,0.0,0.0,0.0,6.633333333333315,0.0,0.0,0.0,0.39943749999999995,0.4496543433370177,0.0,
6.633333333333333,0.0,0.0,0.0,0.0,6.649999999999982,0.0,0.0,0.0,0.40499166666666664,0.44365895209252415,0.0,
6.6499999999999995,0.0,0.0,0.0,0.0,6.666666666666648,0.0,0.0,0.0,0.4105472222222222,0.43774349939795715,0.0,
6.666666666666667,0.0,0.0,0.0,0.0,6.683333333333315,0.0,0.0,0.0,0.4161041666666666,0.43190691940598436,0.0,
6.683333333333334,0.0,0.0,0.0,0.0,6.6999999999999815,0.0,0.0,0.0,0.42166249999999994,0.42614816048057125,0.0,
6.7,0.0,0.0,0.0,0.0,6.716666666666648,0.0,0.0,0.0,0.42722222222222217,0.42046618500749694,0.0,
6.716666666666667,0.0,0.0,0.0,0.0,6.733333333333315,0.0,0.0,0.0,0.4327833333333333,0.414859969207397,0.0,
6.733333333333333,0.0,0.0,0.0,0.0,6.749999999999981,0.0,0.0,0.0,0.4383458333333333,0.40932850295129836,0.0,
6.75,0.0,0.0,0.0,0.0,6.766666666666648,0.0,0.0,0.0,0.4439097222222222,0.4038707895786144,0.0,
6.766666666666667,0.0,0.0,0.0,0.0,6.783333333333315,0.0,0.0,0.0,0.44947499999999996,0.3984858457175662,0.0,
6.783333333333333,0.0,0.0,0.0,0.0,6.799999999999981,0.0,0.0,0.0,0.4550416666666666,0.3931727011079986,0.0,
6.8,0.0,0.0,0.0,0.0,6.816666666666648,0.0,0.0,0.0,0.4606097222222222,0.38793039842655863,0.0,
6.816666666666666,0.0,0.0,0.0,0.0,6.833333333333314,0.0,0.0,0.0,0.46617916666666664,0.3827579931142045,0.0,
6.833333333333333,0.0,0.0,0.0,0.0,6.849999999999981,0.0,0.0,0.0,0.47175,0.3776545532060151,0.0,
6.85,0.0,0.0,0.0,0.0,6.866666666666648,0.0,0.0,0.0,0.4773222222222222,0.3726191591632682,0.0,
6.866666666666666,0.0,0.0,0.0,0.0,6.883333333333314,0.0,0.0,0.0,0.4828958333333333,0.367650903707758,0.0,
6.883333333333333,0.0,0.0,0.0,0.0,6.899999999999981,0.0,0.0,0.0,0.4884708333333333,0.3627488916583212,0.0,
6.8999999999999995,0.0,0.0,0.0,0.0,6.916666666666647,0.0,0.0,0.0,0.4940472222222222,0.35791223976954356,0.0,
6.916666666666667,0.0,0.0,0.0,0.0,6.933333333333314,0.0,0.0,0.0,0.499625,0.3531400765726163,0.0,
6.933333333333334,0.0,0.0,0.0,0.0,6.949999999999981,0.0,0.0,0.0,0.5052041666666667,0.34843154221831474,0.0,
6.95,0.0,0.0,0.0,0.0,6.966666666666647,0.0,0.0,0.0,0.5107847222222223,0.3437857883220705,0.0,
6.966666666666667,0.0,0.0,0.0,0.0,6.983333333333314,0.0,0.0,0.0,0.5163666666666668,0.33920197781110956,0.0,
6.983333333333333,0.0,0.0,0.0,0.0,6.9999999999999805,0.0,0.0,0.0,0.5219500000000001,0.33467928477362807,0.0,
7.0,0.0,0.0,0.0,0.0,7.016666666666647,0.0,0.0,0.0,0.5275347222222223,0.3302168943099797,0.0,
7.016666666666667,0.0,0.0,0.0,0.0,7.033333333333314,0.0,0.0,0.0,0.5331208333333334,0.3258140023858466,0.0,
7.033333333333333,0.0,0.0,0.0,0.0,7.04999999999998,0.0,0.0,0.0,0.5387083333333333,0.32146981568736865,0.0,
7.05,0.0,0.0,0.0,0.0,7.066666666666647,0.0,0.0,0.0,0.5442972222222222,0.31718355147820376,0.0,
7.066666666666666,0.0,0.0,0.0,0.0,7.0833333333333135,0.0,0.0,0.0,0.5498875,0.3129544374584944,0.0,
7.083333333333333,0.0,0.0,0.0,0.0,7.09999999999998,0.0,0.0,0.0,0.5554791666666666,0.30878171162571444,0.0,
7.1,0.0,0.0,0.0,0.0,7.116666666666647,0.0,0.0,0.0,0.5610722222222222,0.30466462213737155,0.0,
7.116666666666666,0.0,0.0,0.0,0.0,7.133333333333313,0.0,0.0,0.0,0.5666666666666667,0.3006024271755399,0.0,
7.133333333333333,0.0,0.0,0.0,0.0,7.14999999999998,0.0,0.0,0.0,0.5722625,0.2965943948131994,0.0,
7.1499999999999995,0.0,0.0,0.0,0.0,7.1666666666666465,0.0,0.0,0.0,0.5778597222222223,0.29263980288235675,0.0,
7.166666666666667,0.0,0.0,0.0,0.0,7.183333333333313,0.0,0.0,0.0,0.5834583333333334,0.28873793884392535,0.0,
7.183333333333334,0.0,0.0,0.0,0.0,7.19999999999998,0.0,0.0,0.0,0.5890583333333335,0.2848880996593397,0.0,
7.2,0.0,0.0,0.0,0.0,7.216666666666646,0.0,0.0,0.0,0.5946597222222223,0.2810895916638818,0.0,
7.216666666666667,0.0,0.0,0.0,0.0,7.233333333333313,0.0,0.0,0.0,0.6002625,0.27734173044169674,0.0,
7.233333333333333,0.0,0.0,0.0,0.0,7.24999999999998,0.0,0.0,0.0,0.6058666666666667,0.2736438407024741,0.0,
7.25,0.0,0.0,0.0,0.0,7.266666666666646,0.0,0.0,0.0,0.6114722222222222,0.26999525615977443,0.0,
7.266666666666667,0.0,0.0,0.0,0.0,7.283333333333313,0.0,0.0,0.0,0.6170791666666666,0.26639531941097744,0.0,
7.283333333333333,0.0,0.0,0.0,0.0,7.299999999999979,0.0,0.0,0.0,0.6226875,0.26284338181883105,0.0,
7.3,0.0,0.0,0.0,0.0,7.316666666666646,0.0,0.0,0.0,0.6282972222222222,0.25933880339458,0.0,
7.316666666666666,0.0,0.0,0.0,0.0,7.333333333333313,0.0,0.0,0.0,0.6339083333333333,0.25588095268265226,0.0,
7.333333333333333,0.0,0.0,0.0,0.0,7.349999999999979,0.0,0.0,0.0,0.6395208333333333,0.25246920664688355,0.0,
7.35,0.0,0.0,0.0,0.0,7.366666666666646,0.0,0.0,0.0,0.6451347222222222,0.24910295055825843,0.0,
7.366666666666666,0.0,0.0,0.0,0.0,7.383333333333312,0.0,0.0,0.0,0.65075,0.2457815778841483,0.0,
7.383333333333333,0.0,0.0,0.0,0.0,7.399999999999979,0.0,0.0,0.0,0.6563666666666668,0.24250449017902634,0.0,
7.3999999999999995,0.0,0.0,0.0,0.0,7.416666666666646,0.0,0.0,0.0,0.6619847222222223,0.2392710969766393,0.0,
7.416666666666667,0.0,0.0,0.0,0.0,7.433333333333312,0.0,0.0,0.0,0.6676041666666667,0.23608081568361747,0.0,
7.433333333333334,0.0,0.0,0.0,0.0,7.449999999999979,0.0,0.0,0.0,0.673225,0.23293307147450257,0.0,
7.45,0.0,0.0,0.0,0.0,7.4666666666666455,0.0,0.0,0.0,0.6788472222222222,0.22982729718817588,0.0,
7.466666666666667,0.0,0.0,0.0,0.0,7.483333333333312,0.0,0.0,0.0,0.6844708333333333,0.22676293322566687,0.0,
7.483333333333333,0.0,0.0,0.0,0.0,7.499999999999979,0.0,0.0,0.0,0.6900958333333332,0.22373942744932465,0.0,
7.5,0.0,0.0,0.0,0.0,7.516666666666645,0.0,0.0,0.0,0.6957222222222221,0.22075623508333367,0.0,
7.516666666666667,0.0,0.0,0.0,0.0,7.533333333333312,0.0,0.0,0.0,0.7013499999999999,0.21781281861555588,0.0,
7.533333333333333,0.0,0.0,0.0,0.0,7.5499999999999785,0.0,0.0,0.0,0.7069791666666666,0.2149086477006818,0.0,
7.55,0.0,0.0,0.0,0.0,7.566666666666645,0.0,0.0,0.0,0.7126097222222222,0.2120431990646727,0.0,
7.566666666666666,0.0,0.0,0.0,0.0,7.583333333333312,0.0,0.0,0.0,0.7182416666666667,0.20921595641047705,0.0,
7.583333333333333,0.0,0.0,0.0,0.0,7.599999999999978,0.0,0.0,0.0,0.723875,0.20642641032500403,0.0,
7.6,0.0,0.0,0.0,0.0,7.616666666666645,0.0,0.0,0.0,0.7295097222222222,0.2036740581873373,0.0,
7.616666666666666,0.0,0.0,0.0,0.0,7.6333333333333115,0.0,0.0,0.0,0.7351458333333333,0.2009584040781728,0.0,
7.633333333333333,0.0,0.0,0.0,0.0,7.649999999999978,0.0,0.0,0.0,0.7407833333333332,0.19827895869046383,0.0,
7.6499999999999995,0.0,0.0,0.0,0.0,7.666666666666645,0.0,0.0,0.0,0.7464222222222221,0.19563523924125764,0.0,
7.666666666666667,0.0,0.0,0.0,0.0,7.683333333333311,0.0,0.0,0.0,0.7520624999999999,0.19302676938470753,0.0,
7.683333333333334,0.0,0.0,0.0,0.0,7.699999999999978,0.0,0.0,0.0,0.7577041666666665,0.19045307912624476,0.0,
7.7,0.0,0.0,0.0,0.0,7.716666666666645,0.0,0.0,0.0,0.7633472222222221,0.18791370473789484,0.0,
7.716666666666667,0.0,0.0,0.0,0.0,7.733333333333311,0.0,0.0,0.0,0.7689916666666665,0.18540818867472292,0.0,
7.733333333333333,0.0,0.0,0.0,0.0,7.749999999999978,0.0,0.0,0.0,0.7746374999999999,0.18293607949239327,0.0,
7.75,0.0,0.0,0.0,0.0,7.766666666666644,0.0,0.0,0.0,0.7802847222222221,0.180496931765828,0.0,
7.766666666666667,0.0,0.0,0.0,0.0,7.783333333333311,0.0,0.0,0.0,0.7859333333333333,0.17809030600895032,0.0,
7.783333333333333,0.0,0.0,0.0,0.0,7.799999999999978,0.0,0.0,0.0,0.7915833333333333,0.17571576859549765,0.0,
7.8,0.0,0.0,0.0,0.0,7.816666666666644,0.0,0.0,0.0,0.7972347222222222,0.173372891680891,0.0,
7.816666666666666,0.0,0.0,0.0,0.0,7.833333333333311,0.0,0.0,0.0,0.8028875,0.1710612531251458,0.0,
7.833333333333333,0.0,0.0,0.0,0.0,7.849999999999977,0.0,0.0,0.0,0.8085416666666666,0.16878043641681054,0.0,
7.85,0.0,0.0,0.0,0.0,7.866666666666644,0.0,0.0,0.0,0.8141972222222221,0.16653003059791974,0.0,
7.866666666666666,0.0,0.0,0.0,0.0,7.883333333333311,0.0,0.0,0.0,0.8198541666666666,0.1643096301899475,0.0,
7.883333333333333,0.0,0.0,0.0,0.0,7.899999999999977,0.0,0.0,0.0,0.8255124999999999,0.16211883512074818,0.0,
7.8999999999999995,0.0,0.0,0.0,0.0,7.916666666666644,0.0,0.0,0.0,0.8311722222222221,0.15995725065247154,0.0,
7.916666666666667,0.0,0.0,0.0,0.0,7.9333333333333105,0.0,0.0,0.0,0.8368333333333332,0.15782448731043858,0.0,
7.933333333333334,0.0,0.0,0.0,0.0,7.949999999999977,0.0,0.0,0.0,0.8424958333333332,0.15572016081296605,0.0,
7.95,0.0,0.0,0.0,0.0,7.966666666666644,0.0,0.0,0.0,0.8481597222222221,0.1536438920021265,0.0,
7.966666666666667,0.0,0.0,0.0,0.0,7.98333333333331,0.0,0.0,0.0,0.853825,0.15159530677543148,0.0,
7.983333333333333,0.0,0.0,0.0,0.0,7.999999999999977,0.0,0.0,0.0,0.8594916666666667,0.14957403601842573,0.0,
8.0,0.0,0.0,0.0,0.0,8.016666666666644,0.0,0.0,0.0,0.8651597222222223,0.14757971553818006,0.0,
8.016666666666666,0.0,0.0,0.0,0.0,8.033333333333312,0.0,0.0,0.0,0.8708291666666667,0.145611985997671,0.0,
8.033333333333333,0.0,0.0,0.0,0.0,8.04999999999998,0.0,0.0,0.0,0.8765,0.1436704928510354,0.0,
8.05,0.0,0.0,0.0,0.0,8.066666666666647,0.0,0.0,0.0,0.8821722222222221,0.14175488627968824,0.0,
8.066666666666666,0.0,0.0,0.0,0.0,8.083333333333314,0.0,0.0,0.0,0.8878458333333332,0.1398648211292924,0.0,
8.083333333333334,0.0,0.0,0.0,0.0,8.099999999999982,0.0,0.0,0.0,0.8935208333333332,0.13799995684756852,0.0,
8.1,0.0,0.0,0.0,0.0,8.11666666666665,0.0,0.0,0.0,0.8991972222222221,0.13615995742293427,0.0,
8.116666666666667,0.0,0.0,0.0,0.0,8.133333333333317,0.0,0.0,0.0,0.9048749999999999,0.1343444913239618,0.0,
8.133333333333333,0.0,0.0,0.0,0.0,8.149999999999984,0.0,0.0,0.0,0.9105541666666666,0.13255323143964232,0.0,
8.15,0.0,0.0,0.0,0.0,8.166666666666652,0.0,0.0,0.0,0.9162347222222221,0.1307858550204471,0.0,
8.166666666666666,0.0,0.0,0.0,0.0,8.18333333333332,0.0,0.0,0.0,0.9219166666666666,0.12904204362017446,0.0,
8.183333333333334,0.0,0.0,0.0,0.0,8.199999999999987,0.0,0.0,0.0,0.9276,0.12732148303857213,0.0,
8.2,0.0,0.0,0.0,0.0,8.216666666666654,0.0,0.0,0.0,0.9332847222222223,0.1256238632647245,0.0,
8.216666666666667,0.0,0.0,0.0,0.0,8.233333333333322,0.0,0.0,0.0,0.9389708333333333,0.12394887842119484,0.0,
8.233333333333333,0.0,0.0,0.0,0.0,8.24999999999999,0.0,0.0,0.0,0.9446583333333333,0.12229622670891224,0.0,
8.25,0.0,0.0,0.0,0.0,8.266666666666657,0.0,0.0,0.0,0.9503472222222221,0.12066561035279341,0.0,
8.266666666666666,0.0,0.0,0.0,0.0,8.283333333333324,0.0,0.0,0.0,0.9560374999999999,0.1190567355480895,0.0,
8.283333333333333,0.0,0.0,0.0,0.0,8.299999999999992,0.0,0.0,0.0,0.9617291666666665,0.1174693124074483,0.0,
8.3,0.0,0.0,0.0,0.0,8.31666666666666,0.0,0.0,0.0,0.9674222222222221,0.11590305490868233,0.0,
8.316666666666666,0.0,0.0,0.0,0.0,8.333333333333327,0.0,0.0,0.0,0.9731166666666665,0.11435768084323324,0.0,
8.333333333333334,0.0,0.0,0.0,0.0,8.349999999999994,0.0,0.0,0.0,0.9788124999999999,0.11283291176532347,0.0,
8.35,0.0,0.0,0.0,0.0,8.366666666666662,0.0,0.0,0.0,0.9845097222222221,0.11132847294178581,0.0,
8.366666666666667,0.0,0.0,0.0,0.0,8.38333333333333,0.0,0.0,0.0,0.9902083333333332,0.10984409330256201,0.0,
8.383333333333333,0.0,0.0,0.0,0.0,8.399999999999997,0.0,0.0,0.0,0.9959083333333333,0.10837950539186118,0.0,
8.4,0.0,0.0,0.0,0.0,8.416666666666664,0.0,0.0,0.0,1.0,0.1069344453199697,0.0,
8.416666666666666,0.0,0.0,0.0,0.0,8.433333333333332,0.0,0.0,0.0,1.0,0.10550865271570345,0.0,
8.433333333333334,0.0,0.0,0.0,0.0,8.45,0.0,0.0,0.0,1.0,0.10410187067949407,0.0,
8.45,0.0,0.0,0.0,0.0,8.466666666666667,0.0,0.0,0.0,1.0,0.10271384573710082,0.0,
8.466666666666667,0.0,0.0,0.0,0.0,8.483333333333334,0.0,0.0,0.0,1.0,0.2394776611272728,0.0,micro_nod_ready
8.483333333333333,0.0,0.0,0.0,0.0,8.500000000000002,0.0,0.0,0.0,1.0,0.23628462564557584,0.0,
8.5,0.0,0.0,0.0,0.0,8.51666666666667,0.0,0.0,0.0,1.0,0.23313416397030148,0.0,
8.516666666666666,0.0,0.0,0.0,0.0,8.533333333333337,0.0,0.0,0.0,1.0,0.23002570845069747,0.0,
8.533333333333333,0.0,0.0,0.0,0.0,8.550000000000004,0.0,0.0,0.0,1.0,0.22695869900468818,0.0,
8.55,0.0,0.0,0.0,0.0,8.566666666666672,0.0,0.0,0.0,1.0,0.223932583017959,0.0,
8.566666666666666,0.0,0.0,0.0,0.0,8.58333333333334,0.0,0.0,0.0,1.0,0.22094681524438622,0.0,
8.583333333333334,0.0,0.0,0.0,0.0,8.600000000000007,0.0,0.0,0.0,1.0,0.2180008577077944,0.0,
8.6,0.0,0.0,0.0,0.0,8.616666666666674,0.0,0.0,0.0,1.0,0.2150941796050238,0.0,
8.616666666666667,0.0,0.0,0.0,0.0,8.633333333333342,0.0,0.0,0.0,1.0,0.21222625721029015,0.0,
8.633333333333333,0.0,0.0,0.0,0.0,8.65000000000001,0.0,0.0,0.0,1.0,0.2093965737808196,0.0,
8.65,0.0,0.0,0.0,0.0,8.666666666666677,0.0,0.0,0.0,1.0,0.206604619463742,0.0,
8.666666666666666,0.0,0.0,0.0,0.0,8.683333333333344,0.0,0.0,0.0,1.0,0.20384989120422545,0.0,
8.683333333333334,0.0,0.0,0.0,0.0,8.700000000000012,0.0,0.0,0.0,1.0,0.20113189265483578,0.0,
8.7,0.0,0.0,0.0,0.0,8.71666666666668,0.0,0.0,0.0,1.0,0.19845013408610462,0.0,
8.716666666666667,0.0,0.0,0.0,0.0,8.733333333333347,0.0,0.0,0.0,1.0,0.19580413229828988,0.0,
8.733333333333333,0.0,0.0,0.0,0.0,8.750000000000014,0.0,0.0,0.0,1.0,0.1931934105343127,0.0,
8.75,0.0,0.0,0.0,0.0,8.766666666666682,0.0,0.0,0.0,1.0,0.1906174983938552,0.0,
8.766666666666666,0.0,0.0,0.0,0.0,8.78333333333335,0.0,0.0,0.0,1.0,0.1880759317486038,0.0,
8.783333333333333,0.0,0.0,0.0,0.0,8.800000000000017,0.0,0.0,0.0,1.0,0.1855682526586224,0.0,
8.8,0.0,0.0,0.0,0.0,8.816666666666684,0.0,0.0,0.0,1.0,0.18309400928984076,0.0,
8.816666666666666,0.0,0.0,0.0,0.0,8.833333333333352,0.0,0.0,0.0,1.0,0.1806527558326429,0.0,
8.833333333333334,0.0,0.0,0.0,0.0,8.85000000000002,0.0,0.0,0.0,1.0,0.17824405242154098,0.0,
8.85,0.0,0.0,0.0,0.0,8.866666666666687,0.0,0.0,0.0,1.0,0.17586746505592044,0.0,
8.866666666666667,0.0,0.0,0.0,0.0,8.883333333333354,0.0,0.0,0.0,1.0,0.1735225655218415,0.0,
8.883333333333333,0.0,0.0,0.0,0.0,8.900000000000022,0.0,0.0,0.0,1.0,0.17120893131488363,0.0,
8.9,0.0,0.0,0.0,0.0,8.91666666666669,0.0,0.0,0.0,1.0,0.16892614556401853,0.0,
8.916666666666666,0.0,0.0,0.0,0.0,8.933333333333357,0.0,0.0,0.0,1.0,0.16667379695649828,0.0,
8.933333333333334,0.0,0.0,0.0,0.0,8.950000000000024,0.0,0.0,0.0,1.0,0.16445147966374496,0.0,
8.95,0.0,0.0,0.0,0.0,8.966666666666692,0.0,0.0,0.0,1.0,0.16225879326822837,0.0,
8.966666666666667,0.0,0.0,0.0,0.0,8.98333333333336,0.0,0.0,0.0,1.0,0.16009534269131864,0.0,
8.983333333333333,0.0,0.0,0.0,0.0,9.000000000000027,0.0,0.0,0.0,1.0,0.15796073812210107,0.0,
9.0,0.0,0.0,0.0,0.0,9.016666666666694,0.0,0.0,0.0,1.0,0.1558545949471397,0.0,
9.016666666666666,0.0,0.0,0.0,0.0,9.033333333333362,0.0,0.0,0.0,1.0,0.15377653368117786,0.0,
9.033333333333333,0.0,0.0,0.0,0.0,9.05000000000003,0.0,0.0,0.0,1.0,0.15172617989876216,0.0,
9.05,0.0,0.0,0.0,0.0,9.066666666666697,0.0,0.0,0.0,1.0,0.14970316416677867,0.0,
9.066666666666666,0.0,0.0,0.0,0.0,9.083333333333364,0.0,0.0,0.0,1.0,0.1477071219778883,0.0,
9.083333333333334,0.0,0.0,0.0,0.0,9.100000000000032,0.0,0.0,0.0,1.0,0.1457376936848498,0.0,
9.1,0.0,0.0,0.0,0.0,9.1166666666667,0.0,0.0,0.0,1.0,0.14379452443571847,0.0,
9.116666666666667,0.0,0.0,0.0,0.0,9.133333333333367,0.0,0.0,0.0,1.0,0.1418772641099089,0.0,
9.133333333333333,0.0,0.0,0.0,0.0,9.150000000000034,0.0,0.0,0.0,1.0,0.1399855672551101,0.0,
9.15,0.0,0.0,0.0,0.0,9.166666666666702,0.0,0.0,0.0,1.0,0.13811909302504197,0.0,
9.166666666666666,0.0,0.0,0.0,0.0,9.183333333333369,0.0,0.0,0.0,1.0,0.1362775051180414,0.0,
9.183333333333334,0.0,0.0,0.0,0.0,9.200000000000037,0.0,0.0,0.0,1.0,0.13446047171646752,0.0,
9.2,0.0,0.0,0.0,0.0,9.216666666666704,0.0,0.0,0.0,1.0,0.13266766542691463,0.0,
9.216666666666667,0.0,0.0,0.0,0.0,9.233333333333372,0.0,0.0,0.0,1.0,0.13089876322122243,0.0,
9.233333333333333,0.0,0.0,0.0,0.0,9.250000000000039,0.0,0.0,0.0,1.0,0.1291534463782728,0.0,
9.25,0.0,0.0,0.0,0.0,9.266666666666707,0.0,0.0,0.0,1.0,0.1274314004265625,0.0,
9.266666666666666,0.0,0.0,0.0,0.0,9.283333333333374,0.0,0.0,0.0,1.0,0.12573231508754168,0.0,
9.283333333333333,0.0,0.0,0.0,0.0,9.300000000000042,0.0,0.0,0.0,1.0,0.12405588421970778,0.0,
9.3,0.0,0.0,0.0,0.0,9.316666666666709,0.0,0.0,0.0,1.0,0.12240180576344502,0.0,
9.316666666666666,0.0,0.0,0.0,0.0,9.333333333333377,0.0,0.0,0.0,1.0,0.12076978168659909,0.0,
9.333333333333334,0.0,0.0,0.0,0.0,9.350000000000044,0.0,0.0,0.0,1.0,0.11915951793077777,0.0,
9.35,0.0,0.0,0.0,0.0,9.366666666666712,0.0,0.0,0.0,1.0,0.11757072435836739,0.0,
9.366666666666667,0.0,0.0,0.0,0.0,9.383333333333379,0.0,0.0,0.0,1.0,0.11600311470025583,0.0,
9.383333333333333,0.0,0.0,0.0,0.0,9.400000000000047,0.0,0.0,0.0,1.0,0.11445640650425241,0.0,
9.4,0.0,0.0,0.0,0.0,9.416666666666714,0.0,0.0,0.0,1.0,0.11293032108419572,0.0,
9.416666666666666,0.0,0.0,0.0,0.0,9.433333333333382,0.0,0.0,0.0,1.0,0.11142458346973978,0.0,
9.433333333333334,0.0,0.0,0.0,0.0,9.450000000000049,0.0,0.0,0.0,1.0,0.10993892235680992,0.0,
9.45,0.0,0.0,0.0,0.0,9.466666666666717,0.0,0.0,0.0,1.0,0.10847307005871912,0.0,
9.466666666666667,0.0,0.0,0.0,0.0,9.483333333333384,0.0,0.0,0.0,1.0,0.1070267624579362,0.0,
9.483333333333333,0.0,0.0,0.0,0.0,9.500000000000052,0.0,0.0,0.0,1.0,0.10559973895849704,0.0,
9.5,0.0,0.0,0.0,0.0,9.516666666666719,0.0,0.0,0.0,1.0,0.10419174243905041,0.0,
9.516666666666666,0.0,0.0,0.0,0.0,9.533333333333387,0.0,0.0,0.0,1.0,0.10280251920652973,0.0,
9.533333333333333,0.0,0.0,0.0,0.0,9.550000000000054,0.0,0.0,0.0,1.0,0.10143181895044268,0.0,
9.55,0.0,0.0,0.0,0.0,9.566666666666721,0.0,0.0,0.0,1.0,0.10007939469777011,0.0,
9.566666666666666,0.0,0.0,0.0,0.0,9.583333333333389,0.0,0.0,0.0,1.0,0.09874500276846651,0.0,
9.583333333333334,0.0,0.0,0.0,0.0,9.600000000000056,0.0,0.0,0.0,1.0,0.09742840273155362,0.0,
9.6,0.0,0.0,0.0,0.0,9.616666666666724,0.0,0.0,0.0,1.0,0.09612935736179958,0.0,
9.616666666666667,0.0,0.0,0.0,0.0,9.633333333333391,0.0,0.0,0.0,1.0,0.09484763259697558,0.0,
9.633333333333333,0.0,0.0,0.0,0.0,9.650000000000059,0.0,0.0,0.0,1.0,0.09358299749568258,0.0,
9.65,0.0,0.0,0.0,0.0,9.666666666666726,0.0,0.0,0.0,1.0,0.09233522419574014,0.0,
9.666666666666666,0.0,0.0,0.0,0.0,9.683333333333394,0.0,0.0,0.0,1.0,0.09110408787313028,0.0,
9.683333333333334,0.0,0.0,0.0,0.0,9.700000000000061,0.0,0.0,0.0,1.0,0.08988936670148855,0.0,
9.7,0.0,0.0,0.0,0.0,9.716666666666729,0.0,0.0,0.0,1.0,0.08869084181213537,0.0,
9.716666666666667,0.0,0.0,0.0,0.0,9.733333333333396,0.0,0.0,0.0,1.0,0.08750829725464022,0.0,
9.733333333333333,0.0,0.0,0.0,0.0,9.750000000000064,0.0,0.0,0.0,1.0,0.08634151995791169,0.0,
9.75,0.0,0.0,0.0,0.0,9.766666666666731,0.0,0.0,0.0,1.0,0.08519029969180619,0.0,
9.766666666666666,0.0,0.0,0.0,0.0,9.783333333333399,0.0,0.0,0.0,1.0,0.08405442902924877,0.0,
9.783333333333333,0.0,0.0,0.0,0.0,9.800000000000066,0.0,0.0,0.0,1.0,0.08293370330885878,0.0,
9.8,0.0,0.0,0.0,0.0,9.816666666666734,0.0,0.0,0.0,1.0,0.081827920598074,0.0,
9.816666666666666,0.0,0.0,0.0,0.0,9.833333333333401,0.0,0.0,0.0,1.0,0.08073688165676635,0.0,
9.833333333333334,0.0,0.0,0.0,0.0,9.850000000000069,0.0,0.0,0.0,1.0,0.07966038990134279,0.0,
9.85,0.0,0.0,0.0,0.0,9.866666666666736,0.0,0.0,0.0,1.0,0.07859825136932488,0.0,
9.866666666666667,0.0,0.0,0.0,0.0,9.883333333333404,0.0,0.0,0.0,1.0,0.07755027468440055,0.0,
9.883333333333333,0.0,0.0,0.0,0.0,9.900000000000071,0.0,0.0,0.0,1.0,0.07651627102194188,0.0,
9.9,0.0,0.0,0.0,0.0,9.916666666666739,0.0,0.0,0.0,1.0,0.07549605407498265,0.0,
9.916666666666666,0.0,0.0,0.0,0.0,9.933333333333406,0.0,0.0,0.0,1.0,0.07448944002064956,0.0,
9.933333333333334,0.0,0.0,0.0,0.0,9.950000000000074,0.0,0.0,0.0,1.0,0.0734962474870409,0.0,
9.95,0.0,0.0,0.0,0.0,9.966666666666741,0.0,0.0,0.0,1.0,0.07251629752054702,0.0,
9.966666666666667,0.0,0.0,0.0,0.0,9.983333333333409,0.0,0.0,0.0,1.0,0.07154941355360639,0.0,
9.983333333333333,0.0,0.0,0.0,0.0,10.000000000000076,0.0,0.0,0.0,1.0,0.07059542137289164,0.0,
10.0,0.0,0.0,0.0,0.0,10.016666666666744,0.0,0.0,0.0,1.0,0.06965414908791975,0.0,
10.016666666666666,0.0,0.0,0.0,0.0,10.033333333333411,0.0,0.0,0.0,1.0,0.06872542710008082,0.0,
10.033333333333333,0.0,0.0,0.0,0.0,10.050000000000079,0.0,0.0,0.0,1.0,0.06780908807207975,0.0,
10.05,0.0,0.0,0.0,0.0,10.066666666666746,0.0,0.0,0.0,1.0,0.06690496689778536,0.0,
10.066666666666666,0.0,0.0,0.0,0.0,10.083333333333414,0.0,0.0,0.0,1.0,0.06601290067248156,0.0,
10.083333333333334,0.0,0.0,0.0,0.0,10.100000000000081,0.0,0.0,0.0,1.0,0.06513272866351513,0.0,
10.1,0.0,0.0,0.0,0.0,10.116666666666749,0.0,0.0,0.0,1.0,0.06426429228133493,0.0,
10.116666666666667,0.0,0.0,0.0,0.0,10.133333333333416,0.0,0.0,0.0,1.0,0.06340743505091713,0.0,
10.133333333333333,0.0,0.0,0.0,0.0,10.150000000000084,0.0,0.0,0.0,1.0,0.06256200258357157,0.0,
10.15,0.0,0.0,0.0,0.0,10.166666666666751,0.0,0.0,0.0,1.0,0.06172784254912395,0.0,
10.166666666666666,0.0,0.0,0.0,0.0,10.183333333333419,0.0,0.0,0.0,1.0,0.060904804648468966,0.0,
10.183333333333334,0.0,0.0,0.0,0.0,10.200000000000086,0.0,0.0,0.0,0.25,0.5534260739198227,0.0,response_ready
10.2,0.0,0.0,0.0,0.0,10.216666666666754,0.0,0.0,0.0,0.2558513888888889,0.5460470596008917,0.0,
10.216666666666667,0.0,0.0,0.0,0.0,10.233333333333421,0.0,0.0,0.0,0.2617041666666667,0.5387664321395464,0.0,
10.233333333333333,0.0,0.0,0.0,0.0,10.250000000000089,0.0,0.0,0.0,0.26755833333333334,0.5315828797110191,0.0,
10.25,0.0,0.0,0.0,0.0,10.266666666666756,0.0,0.0,0.0,0.2734138888888889,0.5244951079815389,0.0,
10.266666666666666,0.0,0.0,0.0,0.0,10.283333333333424,0.0,0.0,0.0,0.27927083333333336,0.5175018398751183,0.0,
10.283333333333333,0.0,0.0,0.0,0.0,10.300000000000091,0.0,0.0,0.0,0.2851291666666667,0.5106018153434501,0.0,
10.3,0.0,0.0,0.0,0.0,10.316666666666759,0.0,0.0,0.0,0.29098888888888896,0.5037937911388707,0.0,
10.316666666666666,0.0,0.0,0.0,0.0,10.333333333333426,0.0,0.0,0.0,0.29685000000000006,0.4970765405903524,0.0,
10.333333333333334,0.0,0.0,0.0,0.0,10.350000000000094,0.0,0.0,0.0,0.30271250000000005,0.490448853382481,0.0,
10.35,0.0,0.0,0.0,0.0,10.366666666666761,0.0,0.0,0.0,0.30857638888888894,0.48390953533738124,0.0,
10.366666666666667,0.0,0.0,0.0,0.0,10.383333333333429,0.0,0.0,0.0,0.31444166666666673,0.47745740819954946,0.0,
10.383333333333333,0.0,0.0,0.0,0.0,10.400000000000096,0.0,0.0,0.0,0.3203083333333334,0.4710913094235555,0.0,
10.4,0.0,0.0,0.0,0.0,10.416666666666764,0.0,0.0,0.0,0.326176388888889,0.46481009196457473,0.0,
10.416666666666666,0.0,0.0,0.0,0.0,10.433333333333431,0.0,0.0,0.0,0.33204583333333343,0.4586126240717137,0.0,
10.433333333333334,0.0,0.0,0.0,0.0,10.450000000000099,0.0,0.0,0.0,0.33791666666666675,0.4524977890840909,0.0,
10.45,0.0,0.0,0.0,0.0,10.466666666666766,0.0,0.0,0.0,0.343788888888889,0.44646448522963633,0.0,
10.466666666666667,0.0,0.0,0.0,0.0,10.483333333333434,0.0,0.0,0.0,0.3496625000000001,0.4405116254265745,0.0,
10.483333333333333,0.0,0.0,0.0,0.0,10.500000000000101,0.0,0.0,0.0,0.3555375000000001,0.4346381370875535,0.0,
10.5,0.0,0.0,0.0,0.0,10.516666666666769,0.0,0.0,0.0,0.36141388888888903,0.4288429619263861,0.0,
10.516666666666666,0.0,0.0,0.0,0.0,10.533333333333436,0.0,0.0,0.0,0.3672916666666668,0.42312505576736764,0.0,
10.533333333333333,0.0,0.0,0.0,0.0,10.550000000000104,0.0,0.0,0.0,0.37317083333333345,0.41748338835713605,0.0,
10.55,0.0,0.0,0.0,0.0,10.566666666666771,0.0,0.0,0.0,0.379051388888889,0.41191694317904093,0.0,
10.566666666666666,0.0,0.0,0.0,0.0,10.583333333333439,0.0,0.0,0.0,0.38493333333333346,0.406424717269987,0.0,
10.583333333333334,0.0,0.0,0.0,0.0,10.600000000000106,0.0,0.0,0.0,0.3908166666666668,0.40100572103972054,0.0,
10.6,0.0,0.0,0.0,0.0,10.616666666666774,0.0,0.0,0.0,0.39670138888888906,0.39565897809252426,0.0,
10.616666666666667,0.0,0.0,0.0,0.0,10.633333333333441,0.0,0.0,0.0,0.4025875000000002,0.3903835250512906,0.0,
10.633333333333333,0.0,0.0,0.0,0.0,10.650000000000109,0.0,0.0,0.0,0.4084750000000002,0.38517841138394004,0.0,
10.65,0.0,0.0,0.0,0.0,10.666666666666776,0.0,0.0,0.0,0.4143638888888891,0.38004269923215417,0.0,
10.666666666666666,0.0,0.0,0.0,0.0,10.683333333333444,0.0,0.0,0.0,0.4202541666666669,0.3749754632423921,0.0,
10.683333333333334,0.0,0.0,0.0,0.0,10.700000000000111,0.0,0.0,0.0,0.42614583333333356,0.36997579039916023,0.0,
10.7,0.0,0.0,0.0,0.0,10.716666666666779,0.0,0.0,0.0,0.43203888888888914,0.36504277986050476,0.0,
10.716666666666667,0.0,0.0,0.0,0.0,10.733333333333446,0.0,0.0,0.0,0.4379333333333336,0.360175542795698,0.0,
10.733333333333333,0.0,0.0,0.0,0.0,10.750000000000114,0.0,0.0,0.0,0.44382916666666694,0.3553732022250887,0.0,
10.75,0.0,0.0,0.0,0.0,10.766666666666781,0.0,0.0,0.0,0.44972638888888916,0.35063489286208754,0.0,
10.766666666666666,0.0,0.0,0.0,0.0,10.783333333333449,0.0,0.0,0.0,0.4556250000000003,0.3459597609572597,0.0,
10.783333333333333,0.0,0.0,0.0,0.0,10.800000000000116,0.0,0.0,0.0,0.4615250000000003,0.3413469641444963,0.0,
10.8,0.0,0.0,0.0,0.0,10.816666666666784,0.0,0.0,0.0,0.4674263888888892,0.3367956712892363,0.0,
10.816666666666666,0.0,0.0,0.0,0.0,10.833333333333451,0.0,0.0,0.0,0.473329166666667,0.33230506233871315,0.0,
10.833333333333334,0.0,0.0,0.0,0.0,10.850000000000119,0.0,0.0,0.0,0.4792333333333337,0.327874328174197,0.0,
10.85,0.0,0.0,0.0,0.0,10.866666666666786,0.0,0.0,0.0,0.48513888888888923,0.3235026704652077,0.0,
10.866666666666667,0.0,0.0,0.0,0.0,10.883333333333454,0.0,0.0,0.0,0.4910458333333337,0.3191893015256716,0.0,
10.883333333333333,0.0,0.0,0.0,0.0,10.900000000000121,0.0,0.0,0.0,0.49695416666666703,0.314933444171996,0.0,
10.9,0.0,0.0,0.0,0.0,10.916666666666789,0.0,0.0,0.0,0.5028638888888892,0.31073433158303604,0.0,
10.916666666666666,0.0,0.0,0.0,0.0,10.933333333333456,0.0,0.0,0.0,0.5087750000000003,0.3065912071619289,0.0,
10.933333333333334,0.0,0.0,0.0,0.0,10.950000000000124,0.0,0.0,0.0,0.5146875000000003,0.30250332439976985,0.0,
10.95,0.0,0.0,0.0,0.0,10.966666666666791,0.0,0.0,0.0,0.5206013888888892,0.2984699467411063,0.0,
10.966666666666667,0.0,0.0,0.0,0.0,10.983333333333459,0.0,0.0,0.0,0.526516666666667,0.2944903474512249,0.0,
10.983333333333333,0.0,0.0,0.0,0.0,11.000000000000126,0.0,0.0,0.0,0.5324333333333336,0.4286971428185419,0.0,micro_nod_ready
11.0,0.0,0.0,0.0,0.0,11.016666666666794,0.0,0.0,0.0,0.5383513888888892,0.42298118091429465,0.0,
11.016666666666666,0.0,0.0,0.0,0.0,11.033333333333461,0.0,0.0,0.0,0.5442708333333337,0.41734143183543737,0.0,
11.033333333333333,0.0,0.0,0.0,0.0,11.050000000000129,0.0,0.0,0.0,0.5501916666666671,0.41177687941096486,0.0,
11.05,0.0,0.0,0.0,0.0,11.066666666666796,0.0,0.0,0.0,0.5561138888888894,0.4062865210188187,0.0,
11.066666666666666,0.0,0.0,0.0,0.0,11.083333333333464,0.0,0.0,0.0,0.5620375000000005,0.40086936740523443,0.0,
11.083333333333334,0.0,0.0,0.0,0.0,11.100000000000131,0.0,0.0,0.0,0.5679625000000005,0.395524442506498,0.0,
11.1,0.0,0.0,0.0,0.0,11.116666666666799,0.0,0.0,0.0,0.5738888888888893,0.390250783273078,0.0,
11.116666666666667,0.0,0.0,0.0,0.0,11.133333333333466,0.0,0.0,0.0,0.5798166666666671,0.3850474394961036,0.0,
11.133333333333333,0.0,0.0,0.0,0.0,11.150000000000134,0.0,0.0,0.0,0.5857458333333337,0.3799134736361555,0.0,
11.15,0.0,0.0,0.0,0.0,11.166666666666801,0.0,0.0,0.0,0.5916763888888893,0.3748479606543401,0.0,
11.166666666666666,0.0,0.0,0.0,0.0,11.183333333333469,0.0,0.0,0.0,0.5976083333333337,0.36984998784561557,0.0,
11.183333333333334,0.0,0.0,0.0,0.0,11.200000000000136,0.0,0.0,0.0,0.6035416666666671,0.3649186546743407,0.0,
11.2,0.0,0.0,0.0,0.0,11.216666666666804,0.0,0.0,0.0,0.6094763888888893,0.36005307261201613,0.0,
11.216666666666667,0.0,0.0,0.0,0.0,11.233333333333471,0.0,0.0,0.0,0.6154125000000005,0.35525236497718926,0.0,
11.233333333333333,0.0,0.0,0.0,0.0,11.250000000000139,0.0,0.0,0.0,0.6213500000000005,0.3505156667774934,0.0,
11.25,0.0,0.0,0.0,0.0,11.266666666666806,0.0,0.0,0.0,0.6272888888888895,0.3458421245537935,0.0,
11.266666666666666,0.0,0.0,0.0,0.0,11.283333333333474,0.0,0.0,0.0,0.6332291666666673,0.34123089622640956,0.0,
11.283333333333333,0.0,0.0,0.0,0.0,11.300000000000141,0.0,0.0,0.0,0.6391708333333339,0.3366811509433908,0.0,
11.3,0.0,0.0,0.0,0.0,11.316666666666809,0.0,0.0,0.0,0.6451138888888894,0.33219206893081227,0.0,
11.316666666666666,0.0,0.0,0.0,0.0,11.333333333333476,0.0,0.0,0.0,0.6510583333333338,0.3277628413450681,0.0,
11.333333333333334,0.0,0.0,0.0,0.0,11.350000000000144,0.0,0.0,0.0,0.6570041666666672,0.32339267012713385,0.0,
11.35,0.0,0.0,0.0,0.0,11.366666666666811,0.0,0.0,0.0,0.6629513888888894,0.31908076785877204,0.0,
11.366666666666667,0.0,0.0,0.0,0.0,11.383333333333479,0.0,0.0,0.0,0.6689000000000005,0.3148263576206551,0.0,
11.383333333333333,0.0,0.0,0.0,0.0,11.400000000000146,0.0,0.0,0.0,0.6748500000000005,0.31062867285237966,0.0,
11.4,0.0,0.0,0.0,0.0,11.416666666666814,0.0,0.0,0.0,0.6808013888888894,0.30648695721434793,0.0,
11.416666666666666,0.0,0.0,0.0,0.0,11.433333333333481,0.0,0.0,0.0,0.6867541666666672,0.30240046445148994,0.0,
11.433333333333334,0.0,0.0,0.0,0.0,11.450000000000149,0.0,0.0,0.0,0.6927083333333339,0.2983684582588034,0.0,
11.45,0.0,0.0,0.0,0.0,11.466666666666816,0.0,0.0,0.0,0.6986638888888895,0.29439021214868605,0.0,
11.466666666666667,0.0,0.0,0.0,0.0,11.483333333333483,0.0,0.0,0.0,0.704620833333334,0.2904650093200369,0.0,
11.483333333333333,0.0,0.0,0.0,0.0,11.500000000000151,0.0,0.0,0.0,0.7105791666666674,0.28659214252910303,0.0,
11.5,0.0,0.0,0.0,0.0,11.516666666666818,0.0,0.0,0.0,0.7165388888888896,0.28277091396204834,0.0,
11.516666666666666,0.0,0.0,0.0,0.0,11.533333333333486,0.0,0.0,0.0,0.7225000000000007,0.279000635109221,0.0,
11.533333333333333,0.0,0.0,0.0,0.0,11.550000000000153,0.0,0.0,0.0,0.7284625000000007,0.2752806266410981,0.0,
11.55,0.0,0.0,0.0,0.0,11.566666666666821,0.0,0.0,0.0,0.7344263888888896,0.27161021828588344,0.0,
11.566666666666666,0.0,0.0,0.0,0.0,11.583333333333488,0.0,0.0,0.0,0.7403916666666673,0.26798874870873834,0.0,
11.583333333333334,0.0,0.0,0.0,0.0,11.600000000000156,0.0,0.0,0.0,0.746358333333334,0.26441556539262184,0.0,
11.6,0.0,0.0,0.0,0.0,11.616666666666823,0.0,0.0,0.0,0.7523263888888896,0.26089002452072024,0.0,
11.616666666666667,0.0,0.0,0.0,0.0,11.633333333333491,0.0,0.0,0.0,0.7582958333333341,0.25741149086044396,0.0,
11.633333333333333,0.0,0.0,0.0,0.0,11.650000000000158,0.0,0.0,0.0,0.7642666666666674,0.25397933764897135,0.0,
11.65,0.0,0.0,0.0,0.0,11.666666666666826,0.0,0.0,0.0,0.7702388888888897,0.2505929464803184,0.0,
11.666666666666666,0.0,0.0,0.0,0.0,11.683333333333493,0.0,0.0,0.0,0.7762125000000009,0.24725170719391412,0.0,
11.683333333333334,0.0,0.0,0.0,0.0,11.700000000000161,0.0,0.0,0.0,0.7821875000000009,0.24395501776466194,0.0,
11.7,0.0,0.0,0.0,0.0,11.716666666666828,0.0,0.0,0.0,0.7881638888888898,0.24070228419446646,0.0,
11.716666666666667,0.0,0.0,0.0,0.0,11.733333333333496,0.0,0.0,0.0,0.7941416666666675,0.23749292040520692,0.0,
11.733333333333333,0.0,0.0,0.0,0.0,11.750000000000163,0.0,0.0,0.0,0.8001208333333342,0.2343263481331375,0.0,
11.75,0.0,0.0,0.0,0.0,11.766666666666831,0.0,0.0,0.0,0.8061013888888897,0.23120199682469567,0.0,
11.766666666666666,0.0,0.0,0.0,0.0,11.783333333333498,0.0,0.0,0.0,0.8120833333333342,0.22811930353369972,0.0,
11.783333333333333,0.0,0.0,0.0,0.0,11.800000000000166,0.0,0.0,0.0,0.8180666666666675,0.22507771281991706,0.0,
11.8,0.0,0.0,0.0,0.0,11.816666666666833,0.0,0.0,0.0,0.8240513888888897,0.22207667664898484,0.0,
11.816666666666666,0.0,0.0,0.0,0.0,11.833333333333501,0.0,0.0,0.0,0.8300375000000009,0.21911565429366503,0.0,
11.833333333333334,0.0,0.0,0.0,0.0,11.850000000000168,0.0,0.0,0.0,0.8360250000000009,0.21619411223641616,0.0,
11.85,0.0,0.0,0.0,0.0,11.866666666666836,0.0,0.0,0.0,0.8420138888888898,0.21331152407326395,0.0,
11.866666666666667,0.0,0.0,0.0,0.0,11.883333333333503,0.0,0.0,0.0,0.8480041666666677,0.21046737041895378,0.0,
11.883333333333333,0.0,0.0,0.0,0.0,11.90000000000017,0.0,0.0,0.0,0.8539958333333344,0.20766113881336773,0.0,
11.9,0.0,0.0,0.0,0.0,11.916666666666838,0.0,0.0,0.0,0.8599888888888899,0.2048923236291895,0.0,
11.916666666666666,0.0,0.0,0.0,0.0,11.933333333333506,0.0,0.0,0.0,0.8659833333333343,0.2021604259808003,0.0,
11.933333333333334,0.0,0.0,0.0,0.0,11.950000000000173,0.0,0.0,0.0,0.8719791666666676,0.19946495363438962,0.0,
11.95,0.0,0.0,0.0,0.0,11.96666666666684,0.0,0.0,0.0,0.8779763888888898,0.19680542091926442,0.0,
11.966666666666667,0.0,0.0,0.0,0.0,11.983333333333508,0.0,0.0,0.0,0.883975000000001,0.1941813486403409,0.0,
11.983333333333333,0.0,0.0,0.0,0.0,12.000000000000176,0.0,0.0,0.0,0.889975000000001,0.191592263991803,0.0,
12.0,0.0,0.0,0.0,0.0,12.016666666666843,0.0,0.0,0.0,0.895975000000001,0.18903770047191232,0.0,
12.016666666666666,0.0,0.0,0.0,0.0,12.03333333333351,0.0,0.0,0.0,0.901975000000001,0.18651719779895348,0.0,
12.033333333333333,0.0,0.0,0.0,0.0,12.050000000000178,0.0,0.0,0.0,0.907975000000001,0.18403030182830077,0.0,
12.05,0.0,0.0,0.0,0.0,12.066666666666846,0.0,0.0,0.0,0.913975000000001,0.1815765644705901,0.0,
12.066666666666666,0.0,0.0,0.0,0.0,12.083333333333513,0.0,0.0,0.0,0.919975000000001,0.1791555436109822,0.0,
12.083333333333334,0.0,0.0,0.0,0.0,12.10000000000018,0.0,0.0,0.0,0.925975000000001,0.17676680302950246,0.0,
12.1,0.0,0.0,0.0,0.0,12.116666666666848,0.0,0.0,0.0,0.931975000000001,0.17440991232244243,0.0,
12.116666666666667,0.0,0.0,0.0,0.0,12.133333333333516,0.0,0.0,0.0,0.937975000000001,0.17208444682480986,0.0,
12.133333333333333,0.0,0.0,0.0,0.0,12.150000000000183,0.0,0.0,0.0,0.943975000000001,0.1697899875338124,0.0,
12.15,0.0,0.0,0.0,0.0,12.16666666666685,0.0,0.0,0.0,0.949975000000001,0.16752612103336156,0.0,
12.166666666666666,0.0,0.0,0.0,0.0,12.183333333333518,0.0,0.0,0.0,0.955975000000001,0.1652924394195834,0.0,
12.183333333333334,0.0,0.0,0.0,0.0,12.200000000000186,0.0,0.0,0.0,0.961975000000001,0.1630885402273223,0.0,
12.2,0.0,0.0,0.0,0.0,12.216666666666853,0.0,0.0,0.0,0.967975000000001,0.16091402635762467,0.0,
12.216666666666667,0.0,0.0,0.0,0.0,12.23333333333352,0.0,0.0,0.0,0.973975000000001,0.15876850600618966,0.0,
12.233333333333333,0.0,0.0,0.0,0.0,12.250000000000188,0.0,0.0,0.0,0.979975000000001,0.1566515925927738,0.0,
12.25,0.0,0.0,0.0,0.0,12.266666666666856,0.0,0.0,0.0,0.985975000000001,0.15456290469153683,0.0,
12.266666666666666,0.0,0.0,0.0,0.0,12.283333333333523,0.0,0.0,0.0,0.991975000000001,0.15250206596231633,0.0,
12.283333333333333,0.0,0.0,0.0,0.0,12.30000000000019,0.0,0.0,0.0,0.9979750000000011,0.1504687050828188,0.0,
12.3,0.0,0.0,0.0,0.0,12.316666666666858,0.0,0.0,0.0,1.0,0.14846245568171454,0.0,
12.316666666666666,0.0,0.0,0.0,0.0,12.333333333333526,0.0,0.0,0.0,1.0,0.146482956272625,0.0,
12.333333333333334,0.0,0.0,0.0,0.0,12.350000000000193,0.0,0.0,0.0,1.0,0.14452985018899,0.0,
12.35,0.0,0.0,0.0,0.0,12.36666666666686,0.0,0.0,0.0,1.0,0.14260278551980346,0.0,
12.366666666666667,0.0,0.0,0.0,0.0,12.383333333333528,0.0,0.0,0.0,1.0,0.1407014150462061,0.0,
12.383333333333333,0.0,0.0,0.0,0.0,12.400000000000196,0.0,0.0,0.0,1.0,0.13882539617892334,0.0,
12.4,0.0,0.0,0.0,0.0,12.416666666666863,0.0,0.0,0.0,1.0,0.1369743908965377,0.0,
12.416666666666666,0.0,0.0,0.0,0.0,12.43333333333353,0.0,0.0,0.0,1.0,0.13514806568458387,0.0,
12.433333333333334,0.0,0.0,0.0,0.0,12.450000000000198,0.0,0.0,0.0,1.0,0.1333460914754561,0.0,
12.45,0.0,0.0,0.0,0.0,12.466666666666866,0.0,0.0,0.0,1.0,0.13156814358911667,0.0,
12.466666666666667,0.0,0.0,0.0,0.0,12.483333333333533,0.0,0.0,0.0,1.0,0.1298139016745951,0.0,
12.483333333333333,0.0,0.0,0.0,0.0,12.5000000000002,0.0,0.0,0.0,1.0,0.1280830496522672,0.0,
12.5,0.0,0.0,0.0,0.0,12.516666666666868,0.0,0.0,0.0,1.0,0.12637527565690362,0.0,
12.516666666666666,0.0,0.0,0.0,0.0,12.533333333333536,0.0,0.0,0.0,1.0,0.12469027198147824,0.0,
12.533333333333333,0.0,0.0,0.0,0.0,12.550000000000203,0.0,0.0,0.0,1.0,0.12302773502172519,0.0,
12.55,0.0,0.0,0.0,0.0,12.56666666666687,0.0,0.0,0.0,1.0,0.12138736522143552,0.0,
12.566666666666666,0.0,0.0,0.0,0.0,12.583333333333538,0.0,0.0,0.0,1.0,0.11976886701848305,0.0,
12.583333333333334,0.0,0.0,0.0,0.0,12.600000000000206,0.0,0.0,0.0,1.0,0.11817194879156995,0.0,
12.6,0.0,0.0,0.0,0.0,12.616666666666873,0.0,0.0,0.0,1.0,0.11659632280768235,0.0,
12.616666666666667,0.0,0.0,0.0,0.0,12.63333333333354,0.0,0.0,0.0,1.0,0.11504170517024659,0.0,
12.633333333333333,0.0,0.0,0.0,0.0,12.650000000000208,0.0,0.0,0.0,1.0,0.11350781576797664,0.0,
12.65,0.0,0.0,0.0,0.0,12.666666666666876,0.0,0.0,0.0,1.0,0.11199437822440361,0.0,
12.666666666666666,0.0,0.0,0.0,0.0,12.683333333333543,0.0,0.0,0.0,1.0,0.11050111984807823,0.0,
12.683333333333334,0.0,0.0,0.0,0.0,12.70000000000021,0.0,0.0,0.0,1.0,0.10902777158343718,0.0,
12.7,0.0,0.0,0.0,0.0,12.716666666666878,0.0,0.0,0.0,1.0,0.10757406796232469,0.0,
12.716666666666667,0.0,0.0,0.0,0.0,12.733333333333546,0.0,0.0,0.0,1.0,0.10613974705616036,0.0,
12.733333333333333,0.0,0.0,0.0,0.0,12.750000000000213,0.0,0.0,0.0,1.0,0.10472455042874489,0.0,
12.75,0.0,0.0,0.0,0.0,12.76666666666688,0.0,0.0,0.0,1.0,0.10332822308969496,0.0,
12.766666666666666,0.0,0.0,0.0,0.0,12.783333333333548,0.0,0.0,0.0,1.0,0.10195051344849902,0.0,
12.783333333333333,0.0,0.0,0.0,0.0,12.800000000000216,0.0,0.0,0.0,1.0,0.10059117326918571,0.0,
12.8,0.0,0.0,0.0,0.0,12.816666666666883,0.0,0.0,0.0,1.0,0.09924995762559656,0.0,
12.816666666666666,0.0,0.0,0.0,0.0,12.83333333333355,0.0,0.0,0.0,1.0,0.09792662485725527,0.0,
12.833333333333334,0.0,0.0,0.0,0.0,12.850000000000218,0.0,0.0,0.0,1.0,0.0966209365258252,0.0,
12.85,0.0,0.0,0.0,0.0,12.866666666666886,0.0,0.0,0.0,1.0,0.09533265737214752,0.0,
12.866666666666667,0.0,0.0,0.0,0.0,12.883333333333553,0.0,0.0,0.0,1.0,0.09406155527385222,0.0,
12.883333333333333,0.0,0.0,0.0,0.0,12.90000000000022,0.0,0.0,0.0,1.0,0.09280740120353419,0.0,
12.9,0.0,0.0,0.0,0.0,12.916666666666888,0.0,0.0,0.0,1.0,0.09156996918748707,0.0,
12.916666666666666,0.0,0.0,0.0,0.0,12.933333333333556,0.0,0.0,0.0,1.0,0.09034903626498723,0.0,
12.933333333333334,0.0,0.0,0.0,0.0,12.950000000000223,0.0,0.0,0.0,1.0,0.08914438244812074,0.0,
12.95,0.0,0.0,0.0,0.0,12.96666666666689,0.0,0.0,0.0,1.0,0.0879557906821458,0.0,
12.966666666666667,0.0,0.0,0.0,0.0,12.983333333333558,0.0,0.0,0.0,1.0,0.08678304680638387,0.0,
12.983333333333333,0.0,0.0,0.0,0.0,13.000000000000226,0.0,0.0,0.0,1.0,0.08562593951563208,0.0,
13.0,0.0,0.0,0.0,0.0,13.016666666666893,0.0,0.0,0.0,1.0,0.08448426032209032,0.0,
13.016666666666666,0.0,0.0,0.0,0.0,13.03333333333356,0.0,0.0,0.0,1.0,0.08335780351779579,0.0,
13.033333333333333,0.0,0.0,0.0,0.0,13.050000000000228,0.0,0.0,0.0,1.0,0.08224636613755851,0.0,
13.049999999999999,0.0,0.0,0.0,0.0,13.066666666666896,0.0,0.0,0.0,1.0,0.08114974792239106,0.0,
13.066666666666666,0.0,0.0,0.0,0.0,13.083333333333563,0.0,0.0,0.0,1.0,0.08006775128342584,0.0,
13.083333333333334,0.0,0.0,0.0,0.0,13.10000000000023,0.0,0.0,0.0,1.0,0.0790001812663135,0.0,
13.1,0.0,0.0,0.0,0.0,13.116666666666898,0.0,0.0,0.0,1.0,0.07794684551609599,0.0,
13.116666666666667,0.0,0.0,0.0,0.0,13.133333333333566,0.0,0.0,0.0,1.0,0.07690755424254804,0.0,
13.133333333333333,0.0,0.0,0.0,0.0,13.150000000000233,0.0,0.0,0.0,1.0,0.07588212018598073,0.0,
13.15,0.0,0.0,0.0,0.0,13.1666666666669,0.0,0.0,0.0,1.0,0.07487035858350098,0.0,
13.166666666666666,0.0,0.0,0.0,0.0,13.183333333333568,0.0,0.0,0.0,1.0,0.07387208713572097,0.0,
13.183333333333334,0.0,0.0,0.0,0.0,13.200000000000236,0.0,0.0,0.0,1.0,0.07288712597391135,0.0,
13.2,0.0,0.0,0.0,0.0,13.216666666666903,0.0,0.0,0.0,1.0,0.07191529762759254,0.0,
13.216666666666667,0.0,0.0,0.0,0.0,13.23333333333357,0.0,0.0,0.0,1.0,0.07095642699255797,0.0,
13.233333333333333,0.0,0.0,0.0,0.0,13.250000000000238,0.0,0.0,0.0,1.0,0.07001034129932386,0.0,
13.25,0.0,0.0,0.0,0.0,13.266666666666906,0.0,0.0,0.0,1.0,0.06907687008199954,0.0,
13.266666666666666,0.0,0.0,0.0,0.0,13.283333333333573,0.0,0.0,0.0,1.0,0.06815584514757288,0.0,
13.283333333333333,0.0,0.0,0.0,0.0,13.30000000000024,0.0,0.0,0.0,1.0,0.06724710054560523,0.0,
13.299999999999999,0.0,0.0,0.0,0.0,13.316666666666908,0.0,0.0,0.0,1.0,0.0663504725383305,0.0,
13.316666666666666,0.0,0.0,0.0,0.0,13.333333333333576,0.0,0.0,0.0,1.0,0.06546579957115276,0.0,
13.333333333333334,0.0,0.0,0.0,0.0,13.350000000000243,0.0,0.0,0.0,1.0,0.06459292224353738,0.0,
13.35,0.0,0.0,0.0,0.0,13.36666666666691,0.0,0.0,0.0,1.0,0.06373168328029022,0.0,
13.366666666666667,0.0,0.0,0.0,0.0,13.383333333333578,0.0,0.0,0.0,1.0,0.06288192750321968,0.0,
13.383333333333333,0.0,0.0,0.0,0.0,13.400000000000245,0.0,0.0,0.0,1.0,0.06204350180317675,0.0,
13.4,0.0,0.0,0.0,0.0,13.416666666666913,0.0,0.0,0.0,1.0,0.06121625511246773,0.0,
13.416666666666666,0.0,0.0,0.0,0.0,13.43333333333358,0.0,0.0,0.0,1.0,0.06040003837763482,0.0,
13.433333333333334,0.0,0.0,0.0,0.0,13.450000000000248,0.0,0.0,0.0,1.0,0.05959470453259969,0.0,
13.45,0.0,0.0,0.0,0.0,13.466666666666915,0.0,0.0,0.0,1.0,0.058800108472165026,0.0,
13.466666666666667,0.0,0.0,0.0,0.0,13.483333333333583,0.0,0.0,0.0,1.0,0.05801610702586949,0.0,
13.483333333333333,0.0,0.0,0.0,0.0,13.50000000000025,0.0,0.0,0.0,1.0,0.05724255893219123,0.0,
13.5,0.0,0.0,0.0,0.0,13.516666666666918,0.0,0.0,0.0,1.0,0.1946126581464287,0.0,micro_nod_ready
13.516666666666666,0.0,0.0,0.0,0.0,13.533333333333585,0.0,0.0,0.0,1.0,0.19201782270447632,0.0,
13.533333333333333,0.0,0.0,0.0,0.0,13.550000000000253,0.0,0.0,0.0,1.0,0.18945758506841662,0.0,
13.549999999999999,0.0,0.0,0.0,0.0,13.56666666666692,0.0,0.0,0.0,1.0,0.18693148393417106,0.0,
13.566666666666666,0.0,0.0,0.0,0.0,13.583333333333588,0.0,0.0,0.0,1.0,0.1844390641483821,0.0,
13.583333333333334,0.0,0.0,0.0,0.0,13.600000000000255,0.0,0.0,0.0,1.0,0.18197987662640366,0.0,
13.6,0.0,0.0,0.0,0.0,13.616666666666923,0.0,0.0,0.0,1.0,0.17955347827138496,0.0,
13.616666666666667,0.0,0.0,0.0,0.0,13.63333333333359,0.0,0.0,0.0,1.0,0.17715943189443317,0.0,
13.633333333333333,0.0,0.0,0.0,0.0,13.650000000000258,0.0,0.0,0.0,1.0,0.17479730613584074,0.0,
13.65,0.0,0.0,0.0,0.0,13.666666666666925,0.0,0.0,0.0,1.0,0.17246667538736288,0.0,
13.666666666666666,0.0,0.0,0.0,0.0,13.683333333333593,0.0,0.0,0.0,1.0,0.17016711971553136,0.0,
13.683333333333334,0.0,0.0,0.0,0.0,13.70000000000026,0.0,0.0,0.0,1.0,0.16789822478599095,0.0,
13.7,0.0,0.0,0.0,0.0,13.716666666666928,0.0,0.0,0.0,1.0,0.1656595817888444,0.0,
13.716666666666667,0.0,0.0,0.0,0.0,13.733333333333595,0.0,0.0,0.0,1.0,0.16345078736499316,0.0,
13.733333333333333,0.0,0.0,0.0,0.0,13.750000000000263,0.0,0.0,0.0,1.0,0.16127144353345993,0.0,
13.75,0.0,0.0,0.0,0.0,13.76666666666693,0.0,0.0,0.0,1.0,0.15912115761968046,0.0,
13.766666666666666,0.0,0.0,0.0,0.0,13.783333333333598,0.0,0.0,0.0,1.0,0.15699954218475137,0.0,
13.783333333333333,0.0,0.0,0.0,0.0,13.800000000000265,0.0,0.0,0.0,1.0,0.15490621495562135,0.0,
13.799999999999999,0.0,0.0,0.0,0.0,13.816666666666933,0.0,0.0,0.0,1.0,0.15284079875621306,0.0,
13.816666666666666,0.0,0.0,0.0,0.0,13.8333333333336,0.0,0.0,0.0,1.0,0.15080292143946356,0.0,
13.833333333333334,0.0,0.0,0.0,0.0,13.850000000000268,0.0,0.0,0.0,1.0,0.14879221582027072,0.0,
13.85,0.0,0.0,0.0,0.0,13.866666666666935,0.0,0.0,0.0,1.0,0.14680831960933377,0.0,
13.866666666666667,0.0,0.0,0.0,0.0,13.883333333333603,0.0,0.0,0.0,1.0,0.144850875347876,0.0,
13.883333333333333,0.0,0.0,0.0,0.0,13.90000000000027,0.0,0.0,0.0,1.0,0.14291953034323765,0.0,
13.9,0.0,0.0,0.0,0.0,13.916666666666938,0.0,0.0,0.0,1.0,0.14101393660532782,0.0,
13.916666666666666,0.0,0.0,0.0,0.0,13.933333333333605,0.0,0.0,0.0,1.0,0.13913375078392345,0.0,
13.933333333333334,0.0,0.0,0.0,0.0,13.950000000000273,0.0,0.0,0.0,1.0,0.13727863410680446,0.0,
13.95,0.0,0.0,0.0,0.0,13.96666666666694,0.0,0.0,0.0,1.0,0.13544825231871374,0.0,
13.966666666666667,0.0,0.0,0.0,0.0,13.983333333333608,0.0,0.0,0.0,1.0,0.1336422756211309,0.0,
13.983333333333333,0.0,0.0,0.0,0.0,14.000000000000275,0.0,0.0,0.0,1.0,0.13186037861284916,0.0,
14.0,0.0,0.0,0.0,0.0,14.016666666666943,0.0,0.0,0.0,1.0,0.1301022402313445,0.0,
14.016666666666666,0.0,0.0,0.0,0.0,14.03333333333361,0.0,0.0,0.0,1.0,0.1283675436949266,0.0,
14.033333333333333,0.0,0.0,0.0,0.0,14.050000000000278,0.0,0.0,0.0,1.0,0.1266559764456609,0.0,
14.049999999999999,0.0,0.0,0.0,0.0,14.066666666666945,0.0,0.0,0.0,1.0,0.12496723009305209,0.0,
14.066666666666666,0.0,0.0,0.0,0.0,14.083333333333613,0.0,0.0,0.0,1.0,0.12330100035847806,0.0,
14.083333333333334,0.0,0.0,0.0,0.0,14.10000000000028,0.0,0.0,0.0,1.0,0.12165698702036502,0.0,
14.1,0.0,0.0,0.0,0.0,14.116666666666948,0.0,0.0,0.0,1.0,0.12003489386009349,0.0,
14.116666666666667,0.0,0.0,0.0,0.0,14.133333333333615,0.0,0.0,0.0,1.0,0.11843442860862557,0.0,
14.133333333333333,0.0,0.0,0.0,0.0,14.150000000000283,0.0,0.0,0.0,1.0,0.1168553028938439,0.0,
14.15,0.0,0.0,0.0,0.0,14.16666666666695,0.0,0.0,0.0,1.0,0.11529723218859264,0.0,
14.166666666666666,0.0,0.0,0.0,0.0,14.183333333333618,0.0,0.0,0.0,1.0,0.1137599357594114,0.0,
14.183333333333334,0.0,0.0,0.0,0.0,14.200000000000285,0.0,0.0,0.0,1.0,0.11224313661595259,0.0,
14.2,0.0,0.0,0.0,0.0,14.216666666666953,0.0,0.0,0.0,0.25,0.6040798947944066,0.0,response_ready
14.216666666666667,0.0,0.0,0.0,0.0,14.23333333333362,0.0,0.0,0.0,0.256,0.5960254961971478,0.0,
14.233333333333333,0.0,0.0,0.0,0.0,14.250000000000288,0.0,0.0,0.0,0.262,0.5880784895811859,0.0,
14.25,0.0,0.0,0.0,0.0,14.266666666666955,0.0,0.0,0.0,0.268,0.5802374430534367,0.0,
14.266666666666666,0.0,0.0,0.0,0.0,14.283333333333623,0.0,0.0,0.0,0.274,0.5725009438127242,0.0,
14.283333333333333,0.0,0.0,0.0,0.0,14.30000000000029,0.0,0.0,0.0,0.28,0.5648675978952212,0.0,
14.299999999999999,0.0,0.0,0.0,0.0,14.316666666666958,0.0,0.0,0.0,0.28600000000000003,0.5573360299232849,0.0,
14.316666666666666,0.0,0.0,0.0,0.0,14.333333333333625,0.0,0.0,0.0,0.29200000000000004,0.549904882857641,0.0,
14.333333333333334,0.0,0.0,0.0,0.0,14.350000000000293,0.0,0.0,0.0,0.29800000000000004,0.5425728177528725,0.0,
14.35,0.0,0.0,0.0,0.0,14.36666666666696,0.0,0.0,0.0,0.30400000000000005,0.5353385135161675,0.0,
14.366666666666667,0.0,0.0,0.0,0.0,14.383333333333628,0.0,0.0,0.0,0.31000000000000005,0.5282006666692852,0.0,
14.383333333333333,0.0,0.0,0.0,0.0,14.400000000000295,0.0,0.0,0.0,0.31600000000000006,0.5211579911136948,0.0,
14.4,0.0,0.0,0.0,0.0,14.416666666666963,0.0,0.0,0.0,0.32200000000000006,0.5142092178988455,0.0,
14.416666666666666,0.0,0.0,0.0,0.0,14.43333333333363,0.0,0.0,0.0,0.32800000000000007,0.5073530949935277,0.0,
14.433333333333334,0.0,0.0,0.0,0.0,14.450000000000298,0.0,0.0,0.0,0.3340000000000001,0.5005883870602806,0.0,
14.45,0.0,0.0,0.0,0.0,14.466666666666965,0.0,0.0,0.0,0.3400000000000001,0.4939138752328102,0.0,
14.466666666666667,0.0,0.0,0.0,0.0,14.483333333333633,0.0,0.0,0.0,0.3460000000000001,0.48732835689637277,0.0,
14.483333333333333,0.0,0.0,0.0,0.0,14.5000000000003,0.0,0.0,0.0,0.3520000000000001,0.4808306454710878,0.0,
14.5,0.0,0.0,0.0,0.0,14.516666666666968,0.0,0.0,0.0,0.3580000000000001,0.47441957019813996,0.0,
14.516666666666666,0.0,0.0,0.0,0.0,14.533333333333635,0.0,0.0,0.0,0.3640000000000001,0.46809397592883145,0.0,
14.533333333333333,0.0,0.0,0.0,0.0,14.550000000000303,0.0,0.0,0.0,0.3700000000000001,0.461852722916447,0.0,
14.549999999999999,0.0,0.0,0.0,0.0,14.56666666666697,0.0,0.0,0.0,0.3760000000000001,0.4556946866108944,0.0,
14.566666666666666,0.0,0.0,0.0,0.0,14.583333333333638,0.0,0.0,0.0,0.3820000000000001,0.4496187574560825,0.0,
14.583333333333334,0.0,0.0,0.0,0.0,14.600000000000305,0.0,0.0,0.0,0.3880000000000001,0.4436238406900014,0.0,
14.6,0.0,0.0,0.0,0.0,14.616666666666973,0.0,0.0,0.0,0.39400000000000013,0.437708856147468,0.0,
14.616666666666667,0.0,0.0,0.0,0.0,14.63333333333364,0.0,0.0,0.0,0.40000000000000013,0.43187273806550175,0.0,
14.633333333333333,0.0,0.0,0.0,0.0,14.650000000000308,0.0,0.0,0.0,0.40600000000000014,0.4261144348912951,0.0,
14.65,0.0,0.0,0.0,0.0,14.666666666666975,0.0,0.0,0.0,0.41200000000000014,0.4204329090927445,0.0,
14.666666666666666,0.0,0.0,0.0,0.0,14.683333333333643,0.0,0.0,0.0,0.41800000000000015,0.4148271369715079,0.0,
14.683333333333334,0.0,0.0,0.0,0.0,14.70000000000031,0.0,0.0,0.0,0.42400000000000015,0.40929610847855447,0.0,
14.7,0.0,0.0,0.0,0.0,14.716666666666978,0.0,0.0,0.0,0.43000000000000016,0.4038388270321737,0.0,
14.716666666666667,0.0,0.0,0.0,0.0,14.733333333333645,0.0,0.0,0.0,0.43600000000000017,0.3984543093384114,0.0,
14.733333333333333,0.0,0.0,0.0,0.0,14.750000000000313,0.0,0.0,0.0,0.44200000000000017,0.39314158521389925,0.0,
14.75,0.0,0.0,0.0,0.0,14.76666666666698,0.0,0.0,0.0,0.4480000000000002,0.38789969741104724,0.0,
14.766666666666666,0.0,0.0,0.0,0.0,14.783333333333648,0.0,0.0,0.0,0.4540000000000002,0.3827277014455666,0.0,
14.783333333333333,0.0,0.0,0.0,0.0,14.800000000000315,0.0,0.0,0.0,0.4600000000000002,0.3776246654262924,0.0,
14.799999999999999,0.0,0.0,0.0,0.0,14.816666666666983,0.0,0.0,0.0,0.4660000000000002,0.3725896698872752,0.0,
14.816666666666666,0.0,0.0,0.0,0.0,14.83333333333365,0.0,0.0,0.0,0.4720000000000002,0.36762180762211155,0.0,
14.833333333333334,0.0,0.0,0.0,0.0,14.850000000000318,0.0,0.0,0.0,0.4780000000000002,0.3627201835204834,0.0,
14.85,0.0,0.0,0.0,0.0,14.866666666666985,0.0,0.0,0.0,0.4840000000000002,0.35788391440687695,0.0,
14.866666666666667,0.0,0.0,0.0,0.0,14.883333333333653,0.0,0.0,0.0,0.4900000000000002,0.35311212888145194,0.0,
14.883333333333333,0.0,0.0,0.0,0.0,14.90000000000032,0.0,0.0,0.0,0.4960000000000002,0.34840396716303257,0.0,
14.9,0.0,0.0,0.0,0.0,14.916666666666988,0.0,0.0,0.0,0.5020000000000002,0.34375858093419215,0.0,
14.916666666666666,0.0,0.0,0.0,0.0,14.933333333333655,0.0,0.0,0.0,0.5080000000000002,0.3391751331884029,0.0,
14.933333333333334,0.0,0.0,0.0,0.0,14.950000000000323,0.0,0.0,0.0,0.5140000000000002,0.3346527980792242,0.0,
14.95,0.0,0.0,0.0,0.0,14.96666666666699,0.0,0.0,0.0,0.5200000000000002,0.3301907607715012,0.0,
14.966666666666667,0.0,0.0,0.0,0.0,14.983333333333658,0.0,0.0,0.0,0.5260000000000002,0.3257882172945479,0.0,
14.983333333333333,0.0,0.0,0.0,0.0,15.000000000000325,0.0,0.0,0.0,0.5320000000000003,0.32144437439728724,0.0,
15.0,0.0,0.0,0.0,0.0,15.016666666666993,0.0,0.0,0.0,0.5380000000000003,0.3171584494053234,0.0,
15.016666666666666,0.0,0.0,0.0,0.0,15.03333333333366,0.0,0.0,0.0,0.5440000000000003,0.31292967007991906,0.0,
15.033333333333333,0.0,0.0,0.0,0.0,15.050000000000328,0.0,0.0,0.0,0.5500000000000003,0.3087572744788535,0.0,
15.049999999999999,0.0,0.0,0.0,0.0,15.066666666666995,0.0,0.0,0.0,0.5560000000000003,0.30464051081913546,0.0,
15.066666666666666,0.0,0.0,0.0,0.0,15.083333333333663,0.0,0.0,0.0,0.5620000000000003,0.300578637341547,0.0,
15.083333333333334,0.0,0.0,0.0,0.0,15.10000000000033,0.0,0.0,0.0,0.5680000000000003,0.29657092217699305,0.0,
15.1,0.0,0.0,0.0,0.0,15.116666666666998,0.0,0.0,0.0,0.5740000000000003,0.29261664321463315,0.0,
15.116666666666667,0.0,0.0,0.0,0.0,15.133333333333665,0.0,0.0,0.0,0.5800000000000003,0.28871508797177137,0.0,
15.133333333333333,0.0,0.0,0.0,0.0,15.150000000000333,0.0,0.0,0.0,0.5860000000000003,0.2848655534654811,0.0,
15.15,0.0,0.0,0.0,0.0,15.166666666667,0.0,0.0,0.0,0.5920000000000003,0.28106734608594136,0.0,
15.166666666666666,0.0,0.0,0.0,0.0,15.183333333333668,0.0,0.0,0.0,0.5980000000000003,0.27731978147146213,0.0,
15.183333333333334,0.0,0.0,0.0,0.0,15.200000000000335,0.0,0.0,0.0,0.6040000000000003,0.273622184385176,0.0,
15.2,0.0,0.0,0.0,0.0,15.216666666667003,0.0,0.0,0.0,0.6100000000000003,0.2699738885933736,0.0,
15.216666666666667,0.0,0.0,0.0,0.0,15.23333333333367,0.0,0.0,0.0,0.6160000000000003,0.26637423674546196,0.0,
15.233333333333333,0.0,0.0,0.0,0.0,15.250000000000338,0.0,0.0,0.0,0.6220000000000003,0.26282258025552246,0.0,
15.25,0.0,0.0,0.0,0.0,15.266666666667005,0.0,0.0,0.0,0.6280000000000003,0.2593182791854488,0.0,
15.266666666666666,0.0,0.0,0.0,0.0,15.283333333333672,0.0,0.0,0.0,0.6340000000000003,0.25586070212964285,0.0,
15.283333333333333,0.0,0.0,0.0,0.0,15.30000000000034,0.0,0.0,0.0,0.6400000000000003,0.2524492261012476,0.0,
15.299999999999999,0.0,0.0,0.0,0.0,15.316666666667007,0.0,0.0,0.0,0.6460000000000004,0.24908323641989763,0.0,
15.316666666666666,0.0,0.0,0.0,0.0,15.333333333333675,0.0,0.0,0.0,0.6520000000000004,0.24576212660096566,0.0,
15.333333333333334,0.0,0.0,0.0,0.0,15.350000000000342,0.0,0.0,0.0,0.6580000000000004,0.24248529824628612,0.0,
15.35,0.0,0.0,0.0,0.0,15.36666666666701,0.0,0.0,0.0,0.6640000000000004,0.23925216093633564,0.0,
15.366666666666667,0.0,0.0,0.0,0.0,15.383333333333677,0.0,0.0,0.0,0.6700000000000004,0.23606213212385116,0.0,
15.383333333333333,0.0,0.0,0.0,0.0,15.400000000000345,0.0,0.0,0.0,0.6760000000000004,0.23291463702886647,0.0,
15.4,0.0,0.0,0.0,0.0,15.416666666667012,0.0,0.0,0.0,0.6820000000000004,0.22980910853514824,0.0,
15.416666666666666,0.0,0.0,0.0,0.0,15.43333333333368,0.0,0.0,0.0,0.6880000000000004,0.22674498708801294,0.0,
15.433333333333334,0.0,0.0,0.0,0.0,15.450000000000347,0.0,0.0,0.0,0.6940000000000004,0.2237217205935061,0.0,
15.45,0.0,0.0,0.0,0.0,15.466666666667015,0.0,0.0,0.0,0.7000000000000004,0.220738764318926,0.0,
15.466666666666667,0.0,0.0,0.0,0.0,15.483333333333682,0.0,0.0,0.0,0.7060000000000004,0.21779558079467365,0.0,
15.483333333333333,0.0,0.0,0.0,0.0,15.50000000000035,0.0,0.0,0.0,0.7120000000000004,0.21489163971741132,0.0,
15.5,0.0,0.0,0.0,0.0,15.516666666667017,0.0,0.0,0.0,0.7180000000000004,0.2120264178545125,0.0,
15.516666666666666,0.0,0.0,0.0,0.0,15.533333333333685,0.0,0.0,0.0,0.7240000000000004,0.20919939894978568,0.0,
15.533333333333333,0.0,0.0,0.0,0.0,15.550000000000352,0.0,0.0,0.0,0.7300000000000004,0.2064100736304552,0.0,
15.549999999999999,0.0,0.0,0.0,0.0,15.56666666666702,0.0,0.0,0.0,0.7360000000000004,0.20365793931538245,0.0,
15.566666666666666,0.0,0.0,0.0,0.0,15.583333333333687,0.0,0.0,0.0,0.7420000000000004,0.20094250012451068,0.0,
15.583333333333334,0.0,0.0,0.0,0.0,15.600000000000355,0.0,0.0,0.0,0.7480000000000004,0.1982632667895172,0.0,
15.6,0.0,0.0,0.0,0.0,15.616666666667022,0.0,0.0,0.0,0.7540000000000004,0.19561975656565697,0.0,
15.616666666666667,0.0,0.0,0.0,0.0,15.63333333333369,0.0,0.0,0.0,0.7600000000000005,0.19301149314478155,0.0,
15.633333333333333,0.0,0.0,0.0,0.0,15.650000000000357,0.0,0.0,0.0,0.7660000000000005,0.1904380065695178,0.0,
15.65,0.0,0.0,0.0,0.0,15.666666666667025,0.0,0.0,0.0,0.7720000000000005,0.18789883314859088,0.0,
15.666666666666666,0.0,0.0,0.0,0.0,15.683333333333692,0.0,0.0,0.0,0.7780000000000005,0.18539351537327634,0.0,
15.683333333333334,0.0,0.0,0.0,0.0,15.70000000000036,0.0,0.0,0.0,0.7840000000000005,0.18292160183496597,0.0,
15.7,0.0,0.0,0.0,0.0,15.716666666667027,0.0,0.0,0.0,0.7900000000000005,0.1804826471438331,0.0,
15.716666666666667,0.0,0.0,0.0,0.0,15.733333333333695,0.0,0.0,0.0,0.7960000000000005,0.178076211848582,0.0,
15.733333333333333,0.0,0.0,0.0,0.0,15.750000000000362,0.0,0.0,0.0,0.8020000000000005,0.17570186235726756,0.0,
15.75,0.0,0.0,0.0,0.0,15.76666666666703,0.0,0.0,0.0,0.8080000000000005,0.17335917085917066,0.0,
15.766666666666666,0.0,0.0,0.0,0.0,15.783333333333697,0.0,0.0,0.0,0.8140000000000005,0.17104771524771506,0.0,
15.783333333333333,0.0,0.0,0.0,0.0,15.800000000000365,0.0,0.0,0.0,0.8200000000000005,0.16876707904441218,0.0,
15.799999999999999,0.0,0.0,0.0,0.0,15.816666666667032,0.0,0.0,0.0,0.8260000000000005,0.16651685132382002,0.0,
15.816666666666666,0.0,0.0,0.0,0.0,15.8333333333337,0.0,0.0,0.0,0.8320000000000005,0.16429662663950242,0.0,
15.833333333333334,0.0,0.0,0.0,0.0,15.850000000000367,0.0,0.0,0.0,0.8380000000000005,0.1621060049509757,0.0,
15.85,0.0,0.0,0.0,0.0,15.866666666667035,0.0,0.0,0.0,0.8440000000000005,0.15994459155162938,0.0,
15.866666666666667,0.0,0.0,0.0,0.0,15.883333333333702,0.0,0.0,0.0,0.8500000000000005,0.15781199699760765,0.0,
15.883333333333333,0.0,0.0,0.0,0.0,15.90000000000037,0.0,0.0,0.0,0.8560000000000005,0.15570783703763955,0.0,
15.9,0.0,0.0,0.0,0.0,15.916666666667037,0.0,0.0,0.0,0.8620000000000005,0.15363173254380436,0.0,
15.916666666666666,0.0,0.0,0.0,0.0,15.933333333333705,0.0,0.0,0.0,0.8680000000000005,0.1515833094432203,0.0,
15.933333333333334,0.0,0.0,0.0,0.0,15.950000000000372,0.0,0.0,0.0,0.8740000000000006,0.14956219865064402,0.0,
15.95,0.0,0.0,0.0,0.0,15.96666666666704,0.0,0.0,0.0,0.8800000000000006,0.14756803600196877,0.0,
15.966666666666667,0.0,0.0,0.0,0.0,15.983333333333707,0.0,0.0,0.0,0.8860000000000006,0.1456004621886092,0.0,
15.983333333333333,0.0,0.0,0.0,0.0,16.000000000000373,0.0,0.0,0.0,0.8920000000000006,0.14365912269276107,0.0,
16.0,0.0,0.0,0.0,0.0,16.01666666666704,0.0,0.0,0.0,0.8980000000000006,0.14174366772352426,0.0,
16.016666666666666,0.0,0.0,0.0,0.0,16.033333333333704,0.0,0.0,0.0,0.9040000000000006,0.27798708548721063,0.0,micro_nod_ready
16.03333333333333,0.0,0.0,0.0,0.0,16.05000000000037,0.0,0.0,0.0,0.9100000000000006,0.27428059101404784,0.0,
16.05,0.0,0.0,0.0,0.0,16.066666666667036,0.0,0.0,0.0,0.9160000000000006,0.27062351646719385,0.0,
16.066666666666666,0.0,0.0,0.0,0.0,16.0833333333337,0.0,0.0,0.0,0.9220000000000006,0.2670152029142979,0.0,
16.083333333333332,0.0,0.0,0.0,0.0,16.100000000000367,0.0,0.0,0.0,0.9280000000000006,0.26345500020877394,0.0,
16.1,0.0,0.0,0.0,0.0,16.116666666667033,0.0,0.0,0.0,0.9340000000000006,0.2599422668726569,0.0,
16.116666666666667,0.0,0.0,0.0,0.0,16.1333333333337,0.0,0.0,0.0,0.9400000000000006,0.2564763699810215,0.0,
16.133333333333333,0.0,0.0,0.0,0.0,16.150000000000365,0.0,0.0,0.0,0.9460000000000006,0.2530566850479412,0.0,
16.15,0.0,0.0,0.0,0.0,16.16666666666703,0.0,0.0,0.0,0.9520000000000006,0.24968259591396866,0.0,
16.166666666666668,0.0,0.0,0.0,0.0,16.183333333333696,0.0,0.0,0.0,0.9580000000000006,0.24635349463511574,0.0,
16.183333333333334,0.0,0.0,0.0,0.0,16.20000000000036,0.0,0.0,0.0,0.9640000000000006,0.2430687813733142,0.0,
16.2,0.0,0.0,0.0,0.0,16.216666666667027,0.0,0.0,0.0,0.9700000000000006,0.23982786428833666,0.0,
16.216666666666665,0.0,0.0,0.0,0.0,16.233333333333693,0.0,0.0,0.0,0.9760000000000006,0.23663015943115884,0.0,
16.233333333333334,0.0,0.0,0.0,0.0,16.25000000000036,0.0,0.0,0.0,0.9820000000000007,0.2334750906387434,0.0,
16.25,0.0,0.0,0.0,0.0,16.266666666667025,0.0,0.0,0.0,0.9880000000000007,0.23036208943022682,0.0,
16.266666666666666,0.0,0.0,0.0,0.0,16.28333333333369,0.0,0.0,0.0,0.9940000000000007,0.22729059490449047,0.0,
16.28333333333333,0.0,0.0,0.0,0.0,16.300000000000356,0.0,0.0,0.0,1.0,0.22426005363909726,0.0,
16.3,0.0,0.0,0.0,0.0,16.31666666666702,0.0,0.0,0.0,1.0,0.22126991959057596,0.0,
16.316666666666666,0.0,0.0,0.0,0.0,16.333333333333687,0.0,0.0,0.0,1.0,0.21831965399603495,0.0,
16.333333333333332,0.0,0.0,0.0,0.0,16.350000000000353,0.0,0.0,0.0,1.0,0.21540872527608781,0.0,
16.35,0.0,0.0,0.0,0.0,16.36666666666702,0.0,0.0,0.0,1.0,0.2125366089390733,0.0,
16.366666666666667,0.0,0.0,0.0,0.0,16.383333333333685,0.0,0.0,0.0,1.0,0.20970278748655233,0.0,
16.383333333333333,0.0,0.0,0.0,0.0,16.40000000000035,0.0,0.0,0.0,1.0,0.20690675032006497,0.0,
16.4,0.0,0.0,0.0,0.0,16.416666666667016,0.0,0.0,0.0,1.0,0.20414799364913078,0.0,
16.416666666666668,0.0,0.0,0.0,0.0,16.43333333333368,0.0,0.0,0.0,1.0,0.2014260204004757,0.0,
16.433333333333334,0.0,0.0,0.0,0.0,16.450000000000347,0.0,0.0,0.0,1.0,0.19874034012846936,0.0,
16.45,0.0,0.0,0.0,0.0,16.466666666667013,0.0,0.0,0.0,1.0,0.19609046892675644,0.0,
16.466666666666665,0.0,0.0,0.0,0.0,16.48333333333368,0.0,0.0,0.0,1.0,0.19347592934106636,0.0,
16.483333333333334,0.0,0.0,0.0,0.0,16.500000000000345,0.0,0.0,0.0,1.0,0.19089625028318546,0.0,
16.5,0.0,0.0,0.0,0.0,16.51666666666701,0.0,0.0,0.0,1.0,0.18835096694607634,0.0,
16.516666666666666,0.0,0.0,0.0,0.0,16.533333333333676,0.0,0.0,0.0,1.0,0.18583962072012866,0.0,
16.53333333333333,0.0,0.0,0.0,0.0,16.55000000000034,0.0,0.0,0.0,1.0,0.18336175911052693,0.0,
16.55,0.0,0.0,0.0,0.0,16.566666666667007,0.0,0.0,0.0,1.0,0.1809169356557199,0.0,
16.566666666666666,0.0,0.0,0.0,0.0,16.583333333333673,0.0,0.0,0.0,1.0,0.17850470984697697,0.0,
16.583333333333332,0.0,0.0,0.0,0.0,16.60000000000034,0.0,0.0,0.0,1.0,0.17612464704901729,0.0,
16.6,0.0,0.0,0.0,0.0,16.616666666667005,0.0,0.0,0.0,1.0,0.17377631842169705,0.0,
16.616666666666667,0.0,0.0,0.0,0.0,16.63333333333367,0.0,0.0,0.0,1.0,0.17145930084274108,0.0,
16.633333333333333,0.0,0.0,0.0,0.0,16.650000000000336,0.0,0.0,0.0,1.0,0.16917317683150454,0.0,
16.65,0.0,0.0,0.0,0.0,16.666666666667002,0.0,0.0,0.0,1.0,0.16691753447375116,0.0,
16.666666666666668,0.0,0.0,0.0,0.0,16.683333333333668,0.0,0.0,0.0,1.0,0.16469196734743446,0.0,
16.683333333333334,0.0,0.0,0.0,0.0,16.700000000000333,0.0,0.0,0.0,1.0,0.16249607444946867,0.0,
16.7,0.0,0.0,0.0,0.0,16.716666666667,0.0,0.0,0.0,1.0,0.16032946012347576,0.0,
16.716666666666665,0.0,0.0,0.0,0.0,16.733333333333665,0.0,0.0,0.0,1.0,0.1581917339884961,0.0,
16.733333333333334,0.0,0.0,0.0,0.0,16.75000000000033,0.0,0.0,0.0,1.0,0.15608251086864947,0.0,
16.75,0.0,0.0,0.0,0.0,16.766666666666996,0.0,0.0,0.0,1.0,0.15400141072373413,0.0,
16.766666666666666,0.0,0.0,0.0,0.0,16.783333333333662,0.0,0.0,0.0,1.0,0.151948058580751,0.0,
16.78333333333333,0.0,0.0,0.0,0.0,16.800000000000328,0.0,0.0,0.0,1.0,0.14992208446634098,0.0,
16.8,0.0,0.0,0.0,0.0,16.816666666666993,0.0,0.0,0.0,1.0,0.14792312334012309,0.0,
16.816666666666666,0.0,0.0,0.0,0.0,16.83333333333366,0.0,0.0,0.0,1.0,0.14595081502892143,0.0,
16.833333333333332,0.0,0.0,0.0,0.0,16.850000000000325,0.0,0.0,0.0,1.0,0.14400480416186914,0.0,
16.85,0.0,0.0,0.0,0.0,16.86666666666699,0.0,0.0,0.0,1.0,0.14208474010637756,0.0,
16.866666666666667,0.0,0.0,0.0,0.0,16.883333333333656,0.0,0.0,0.0,1.0,0.1401902769049592,0.0,
16.883333333333333,0.0,0.0,0.0,0.0,16.900000000000322,0.0,0.0,0.0,1.0,0.13832107321289308,0.0,
16.9,0.0,0.0,0.0,0.0,16.916666666666988,0.0,0.0,0.0,1.0,0.13647679223672118,0.0,
16.916666666666668,0.0,0.0,0.0,0.0,16.933333333333653,0.0,0.0,0.0,1.0,0.1346571016735649,0.0,
16.933333333333334,0.0,0.0,0.0,0.0,16.95000000000032,0.0,0.0,0.0,1.0,0.1328616736512507,0.0,
16.95,0.0,0.0,0.0,0.0,16.966666666666985,0.0,0.0,0.0,1.0,0.13109018466923403,0.0,
16.966666666666665,0.0,0.0,0.0,0.0,16.98333333333365,0.0,0.0,0.0,1.0,0.12934231554031092,0.0,
16.983333333333334,0.0,0.0,0.0,0.0,17.000000000000316,0.0,0.0,0.0,1.0,0.12761775133310677,0.0,
17.0,0.0,0.0,0.0,0.0,17.016666666666982,0.0,0.0,0.0,1.0,0.125916181315332,0.0,
17.016666666666666,0.0,0.0,0.0,0.0,17.033333333333648,0.0,0.0,0.0,1.0,0.12423729889779424,0.0,
17.03333333333333,0.0,0.0,0.0,0.0,17.050000000000313,0.0,0.0,0.0,1.0,0.12258080157915698,0.0,
17.05,0.0,0.0,0.0,0.0,17.06666666666698,0.0,0.0,0.0,1.0,0.12094639089143489,0.0,
17.066666666666666,0.0,0.0,0.0,0.0,17.083333333333645,0.0,0.0,0.0,1.0,0.11933377234621576,0.0,
17.083333333333332,0.0,0.0,0.0,0.0,17.10000000000031,0.0,0.0,0.0,1.0,0.11774265538159955,0.0,
17.1,0.0,0.0,0.0,0.0,17.116666666666976,0.0,0.0,0.0,1.0,0.11617275330984489,0.0,
17.116666666666667,0.0,0.0,0.0,0.0,17.133333333333642,0.0,0.0,0.0,1.0,0.11462378326571362,0.0,
17.133333333333333,0.0,0.0,0.0,0.0,17.150000000000308,0.0,0.0,0.0,1.0,0.11309546615550412,0.0,
17.15,0.0,0.0,0.0,0.0,17.166666666666973,0.0,0.0,0.0,1.0,0.11158752660676406,0.0,
17.166666666666668,0.0,0.0,0.0,0.0,17.18333333333364,0.0,0.0,0.0,1.0,0.11009969291867387,0.0,
17.183333333333334,0.0,0.0,0.0,0.0,17.200000000000305,0.0,0.0,0.0,1.0,0.10863169701309155,0.0,
17.2,0.0,0.0,0.0,0.0,17.21666666666697,0.0,0.0,0.0,1.0,0.10718327438625033,0.0,
17.216666666666665,0.0,0.0,0.0,0.0,17.233333333333636,0.0,0.0,0.0,1.0,0.10575416406110033,0.0,
17.233333333333334,0.0,0.0,0.0,0.0,17.250000000000302,0.0,0.0,0.0,1.0,0.10434410854028565,0.0,
17.25,0.0,0.0,0.0,0.0,17.266666666666968,0.0,0.0,0.0,1.0,0.10295285375974851,0.0,
17.266666666666666,0.0,0.0,0.0,0.0,17.283333333333633,0.0,0.0,0.0,1.0,0.10158014904295186,0.0,
17.28333333333333,0.0,0.0,0.0,0.0,17.3000000000003,0.0,0.0,0.0,1.0,0.1002257470557125,0.0,
17.3,0.0,0.0,0.0,0.0,17.316666666666965,0.0,0.0,0.0,1.0,0.09888940376163632,0.0,
17.316666666666666,0.0,0.0,0.0,0.0,17.33333333333363,0.0,0.0,0.0,1.0,0.09757087837814785,0.0,
17.333333333333332,0.0,0.0,0.0,0.0,17.350000000000296,0.0,0.0,0.0,1.0,0.09626993333310588,0.0,
17.35,0.0,0.0,0.0,0.0,17.366666666666962,0.0,0.0,0.0,1.0,0.0949863342219978,0.0,
17.366666666666667,0.0,0.0,0.0,0.0,17.383333333333628,0.0,0.0,0.0,1.0,0.0937198497657045,0.0,
17.383333333333333,0.0,0.0,0.0,0.0,17.400000000000293,0.0,0.0,0.0,1.0,0.09247025176882843,0.0,
17.4,0.0,0.0,0.0,0.0,17.41666666666696,0.0,0.0,0.0,1.0,0.0912373150785774,0.0,
17.416666666666668,0.0,0.0,0.0,0.0,17.433333333333625,0.0,0.0,0.0,1.0,0.09002081754419636,0.0,
17.433333333333334,0.0,0.0,0.0,0.0,17.45000000000029,0.0,0.0,0.0,1.0,0.08882053997694041,0.0,
17.45,0.0,0.0,0.0,0.0,17.466666666666956,0.0,0.0,0.0,1.0,0.0876362661105812,0.0,
17.466666666666665,0.0,0.0,0.0,0.0,17.483333333333622,0.0,0.0,0.0,1.0,0.08646778256244012,0.0,
17.483333333333334,0.0,0.0,0.0,0.0,17.500000000000288,0.0,0.0,0.0,1.0,0.08531487879494092,0.0,
17.5,0.0,0.0,0.0,0.0,17.516666666666953,0.0,0.0,0.0,1.0,0.08417734707767503,0.0,
17.516666666666666,0.0,0.0,0.0,0.0,17.53333333333362,0.0,0.0,0.0,1.0,0.0830549824499727,0.0,
17.53333333333333,0.0,0.0,0.0,0.0,17.550000000000285,0.0,0.0,0.0,1.0,0.08194758268397306,0.0,
17.55,0.0,0.0,0.0,0.0,17.56666666666695,0.0,0.0,0.0,1.0,0.08085494824818676,0.0,
17.566666666666666,0.0,0.0,0.0,0.0,17.583333333333616,0.0,0.0,0.0,1.0,0.07977688227154427,0.0,
17.583333333333332,0.0,0.0,0.0,0.0,17.600000000000282,0.0,0.0,0.0,1.0,0.07871319050792368,0.0,
17.6,0.0,0.0,0.0,0.0,17.616666666666948,0.0,0.0,0.0,1.0,0.07766368130115137,0.0,
17.616666666666667,0.0,0.0,0.0,0.0,17.633333333333614,0.0,0.0,0.0,1.0,0.07662816555046935,0.0,
17.633333333333333,0.0,0.0,0.0,0.0,17.65000000000028,0.0,0.0,0.0,1.0,0.0756064566764631,0.0,
17.65,0.0,0.0,0.0,0.0,17.666666666666945,0.0,0.0,0.0,1.0,0.07459837058744359,0.0,
17.666666666666668,0.0,0.0,0.0,0.0,17.68333333333361,0.0,0.0,0.0,1.0,0.07360372564627768,0.0,
17.683333333333334,0.0,0.0,0.0,0.0,17.700000000000276,0.0,0.0,0.0,1.0,0.07262234263766064,0.0,
17.7,0.0,0.0,0.0,0.0,17.716666666666942,0.0,0.0,0.0,1.0,0.07165404473582516,0.0,
17.716666666666665,0.0,0.0,0.0,0.0,17.733333333333608,0.0,0.0,0.0,1.0,0.07069865747268082,0.0,
17.733333333333334,0.0,0.0,0.0,0.0,17.750000000000274,0.0,0.0,0.0,1.0,0.06975600870637841,0.0,
17.75,0.0,0.0,0.0,0.0,17.76666666666694,0.0,0.0,0.0,1.0,0.06882592859029336,0.0,
17.766666666666666,0.0,0.0,0.0,0.0,17.783333333333605,0.0,0.0,0.0,1.0,0.06790824954242279,0.0,
17.78333333333333,0.0,0.0,0.0,0.0,17.80000000000027,0.0,0.0,0.0,1.0,0.06700280621519049,0.0,
17.8,0.0,0.0,0.0,0.0,17.816666666666936,0.0,0.0,0.0,1.0,0.06610943546565462,0.0,
17.816666666666666,0.0,0.0,0.0,0.0,17.833333333333602,0.0,0.0,0.0,1.0,0.06522797632611256,0.0,
17.833333333333332,0.0,0.0,0.0,0.0,17.850000000000268,0.0,0.0,0.0,1.0,0.06435826997509772,0.0,
17.85,0.0,0.0,0.0,0.0,17.866666666666934,0.0,0.0,0.0,1.0,0.06350015970876309,0.0,
17.866666666666667,0.0,0.0,0.0,0.0,17.8833333333336,0.0,0.0,0.0,1.0,0.06265349091264624,0.0,
17.883333333333333,0.0,0.0,0.0,0.0,17.900000000000265,0.0,0.0,0.0,1.0,0.061818111033810956,0.0,
17.9,0.0,0.0,0.0,0.0,17.91666666666693,0.0,0.0,0.0,1.0,0.06099386955336014,0.0,
17.916666666666668,0.0,0.0,0.0,0.0,17.933333333333596,0.0,0.0,0.0,1.0,0.06018061795931534,0.0,
17.933333333333334,0.0,0.0,0.0,0.0,17.950000000000262,0.0,0.0,0.0,1.0,0.05937820971985781,0.0,
17.95,0.0,0.0,0.0,0.0,17.966666666666928,0.0,0.0,0.0,1.0,0.05858650025692637,0.0,
17.966666666666665,0.0,0.0,0.0,0.0,17.983333333333594,0.0,0.0,0.0,1.0,0.05780534692016735,0.0,
17.983333333333334,0.0,0.0,0.0,0.0,18.00000000000026,0.0,0.0,0.0,1.0,0.05703460896123179,0.0,
18.0,1.0,1.0,0.0,0.0,0.0,1.4400000000000002,0.004994166666666667,0.05,0.9925,0.35227414750841535,0.0,gaze_shift
18.016666666666666,0.0,1.0,0.028719934724157795,0.0,0.0,1.2960000000000003,0.009957565104861111,0.0975,0.9850562500000001,0.3475771588749698,0.0,
18.03333333333333,0.0,1.0,0.07446628948316983,0.0,0.0,1.1664000000000003,0.014890384872510912,0.142625,0.977668328125,0.34294279675663686,0.0,
18.05,0.0,1.0,0.12852735111442165,0.0,0.0,1.0497600000000002,0.01979281435970885,0.18549375,0.9703358156640626,0.33837022613321505,0.0,
18.066666666666666,0.0,1.0,0.1939840276171548,0.0,0.0,0.9447840000000002,0.02466504079590774,0.2262190625,0.9630582970465821,0.3338586231181055,0.0,
18.083333333333332,0.0,1.0,0.21104370848542017,0.0,0.0,0.8503056000000002,0.029507250257070954,0.26490810937500003,0.9558353598187327,0.3294071748098641,0.0,
18.1,0.0,1.0,0.22789410717855396,0.0,0.0,0.7652750400000002,0.03431962767277885,0.30166270390625005,0.9486665946200922,0.3250150791457326,0.0,
18.116666666666667,0.0,1.0,0.25371847666184294,0.0,0.0,0.6887475360000002,0.039102356833291475,0.3365795687109375,0.9415515951604415,0.3206815447571228,0.0,
18.133333333333333,0.0,1.0,0.367312014607374,0.0,0.0,0.6198727824000001,0.04385562039656771,0.36975059027539064,0.9344899581967382,0.3164057908270278,0.0,
18.15,0.0,1.0,0.4584423216368391,0.0,0.0,0.55788550416,0.04857959989524119,0.4012630607616211,0.9274812835102626,0.3121870469493341,0.0,
18.166666666666668,0.0,1.0,0.40707347394520543,0.0,0.0,0.5020969537440001,0.053274475743553255,0.43119990772354005,0.9205251738839356,0.30802455299000964,0.0,
18.183333333333334,0.0,1.0,0.32259483961623264,0.0,0.0,0.4518872583696001,0.05794042724424318,0.45963991233736307,0.9136212350798061,0.30391755895014283,0.0,
18.2,0.0,1.0,0.35667211689844597,0.0,0.0,0.4066985325326401,0.06257763259539594,0.4866579167204949,0.9067690758167075,0.2998653248308076,0.0,
18.216666666666665,0.0,1.0,0.5894202789002965,0.0,0.0,0.3660286792793761,0.0671862688972478,0.5123250208844702,0.22499207693702056,0.7892004538330635,0.0,response_ready
18.233333333333334,0.0,1.0,0.4856023611141386,0.0,0.0,0.3294258113514385,0.07176651215895001,0.5367087698402466,0.2233046363599929,0.7786777811152893,0.0,
18.25,0.0,1.0,0.3095276173238286,0.0,0.0,0.29648323021629464,0.07631853730529074,0.5598733313482342,0.22162985158729295,0.7682954107004187,0.0,
18.266666666666666,0.0,1.0,0.4918701479853448,0.0,0.0,0.2668349071946652,0.08084251818337573,0.5818796647808225,0.21996762770038825,0.7580514718910798,0.0,
18.28333333333333,0.0,1.0,0.3908302838600701,0.0,0.0,0.24015141647519866,0.08533862756926765,0.6027856815417814,0.21831787049263535,0.7479441189325321,0.0,
18.3,0.0,1.0,0.47448542871261357,0.0,0.0,0.2161362748276788,0.08980703717458466,0.6226463974646923,0.21668048646394059,0.7379715306800984,0.0,
18.316666666666666,0.0,1.0,0.49484671857787,0.0,0.0,0.19452264734491093,0.09424791765305823,0.6415140775914577,0.21505538281546102,0.7281319102710304,0.0,
18.333333333333332,0.0,1.0,0.47779985502568684,0.0,0.0,0.17507038261041982,0.09866143860705068,0.6594383737118849,0.21344246744434506,0.71842348480075,0.0,
18.35,0.0,1.0,0.6456947383237404,0.0,0.0,0.15756334434937785,0.1030477685940324,0.6764664550262907,0.21184164893851248,0.7088445050034067,0.0,
18.366666666666667,0.0,1.0,0.5924296833689666,0.0,0.0,0.14180700991444006,0.10740707513301934,0.6926431322749761,0.21025283657147364,0.6993932449366946,0.0,
18.383333333333333,0.0,1.0,0.553386344525832,0.0,0.0,0.12762630892299606,0.11173952471097066,0.7080109756612273,0.20867594029718758,0.690068001670872,0.0,
18.4,0.0,1.0,0.6991565391868515,0.0,0.0,0.11486367803069646,0.11604528278914716,0.7226104268781659,0.20711087074495868,0.6808670949819271,0.0,
18.416666666666668,0.0,1.0,0.7754645413576093,0.0,0.0,0.1033773102276268,0.12032451380943036,0.7364799055342576,0.2055575392143715,0.6717888670488348,0.0,
18.433333333333334,0.0,1.0,0.5028371954313181,0.0,0.0,0.09303957920486412,0.12457738120060277,0.7496559102575447,0.20401585767026373,0.6628316821548503,0.0,
18.45,0.0,1.0,0.6899030629547954,0.0,0.0,0.08373562128437771,0.1288040473845894,0.7621731147446675,0.20248573873773676,0.6539939263927856,0.0,
18.466666666666665,0.0,1.0,0.6189128576531601,0.0,0.0,0.07536205915593994,0.13300467378266084,0.7740644590074341,0.20096709569720372,0.6452740073742151,0.0,
18.483333333333334,0.0,1.0,0.7258139556454635,0.0,0.0,0.06782585324034594,0.13717942082159817,0.7853612360570624,0.1994598424794747,0.6366703539425589,0.0,
18.5,0.0,1.0,0.595269750389537,0.0,0.0,0.06104326791631135,0.14132844793981977,0.7960931742542093,0.19796389366087866,0.6281814158899914,0.0,
18.516666666666666,0.0,1.0,0.7490754299134184,0.0,0.0,0.054938941124680216,0.14545191359347054,0.8062885155414988,0.19647916445842206,0.6198056636781248,0.0,
18.53333333333333,0.0,1.0,0.7320562514531563,0.0,0.0,0.049445047012212195,0.14954997526247343,0.8159740897644239,0.1950055707249839,0.6115415881624165,0.0,
18.55,0.0,1.0,0.6841901480036365,0.0,0.0,0.04450054231099097,0.15362278945654387,0.8251753852762027,0.1935430289445465,0.603387700320251,0.0,
18.566666666666666,0.0,1.0,0.5742488193855702,0.0,0.0,0.04005048807989188,0.15767051172116703,0.8339166160123925,0.1920914562274624,0.5953425309826477,0.0,
18.583333333333332,0.0,1.0,0.6283390648534853,0.0,0.0,0.03604543927190269,0.1616932966435382,0.8422207852117729,0.19065077030575645,0.5874046305695457,0.0,
18.6,0.0,1.0,0.5190405317965129,0.0,0.0,0.03244089534471242,0.1656912978584668,0.8501097459511843,0.18922088952846328,0.5795725688286184,0.0,
18.616666666666667,0.0,1.0,0.46149304594518187,0.0,0.0,0.02919680581024118,0.16966466805424377,0.8576042586536251,0.1878017328569998,0.5718449345775701,0.0,
18.633333333333333,0.0,1.0,0.6269742878951888,0.0,0.0,0.02627712522921706,0.17361355897847291,0.8647240457209439,0.1863932198605723,0.5642203354498692,0.0,
18.65,0.0,1.0,0.44616732933438213,0.0,0.0,0.023649412706295354,0.17753812144386638,0.8714878434348967,0.184995270711618,0.5566973976438709,0.0,
18.666666666666668,0.0,1.0,0.7038329917629513,0.0,0.0,0.02128447143566582,0.1814385053340043,0.8779134512631519,0.18360780618128086,0.549274765675286,0.0,
18.683333333333334,0.0,1.0,0.6393979360759533,0.0,0.0,0.019156024292099238,0.18531485960905905,0.8840177786999943,0.18223074763492125,0.5419511021329488,0.0,
18.7,0.0,1.0,0.3102619969060335,0.0,0.0,0.017240421862889314,0.18916733231148425,0.8898168897649946,0.18086401702765934,0.5347250874378429,0.0,
18.716666666666665,0.0,1.0,0.5860628817005908,0.0,0.0,0.015516379676600384,0.1929960705716686,0.8953260452767449,0.17950753689995189,0.5275954196053383,0.0,
18.733333333333334,0.0,1.0,0.4311914643118296,0.0,0.0,0.013964741708940345,0.19680122061355496,0.9005597430129076,0.17816123037320225,0.5205608140106004,0.0,
18.75,0.0,1.0,0.5832561883003365,0.0,0.0,0.01256826753804631,0.20058292776022493,0.9055317558622623,0.17682502114540324,0.5136200031571257,0.0,
18.766666666666666,0.0,1.0,0.60523583910833,0.0,0.0,0.01131144078424168,0.20434133643944882,0.9102551680691492,0.17549883348681272,0.506771736448364,0.0,
18.78333333333333,0.0,1.0,0.38550652090200804,0.0,0.0,0.01018029670581751,0.20807659018920144,0.9147424096656918,0.17418259223566163,0.5000147799623859,0.0,
18.8,0.0,1.0,0.6219892971481086,0.0,0.0,0.009162267035235759,0.21178883166314413,0.9190052891824072,0.17287622279389417,0.49334791622955404,0.0,
18.816666666666666,0.0,1.0,0.6451871007423216,0.0,0.0,0.008246040331712183,0.21547820263607279,0.9230550247232868,0.17157965112293996,0.48676994401316,0.0,
18.833333333333332,0.0,1.0,0.8154400638211687,0.0,0.0,0.0074214362985409645,0.2191448440093324,0.9269022734871225,0.1702928037395179,0.4802796780929845,0.0,
18.85,0.0,1.0,0.5789370611639114,0.0,0.0,0.006679292668686868,0.22278889581619823,0.9305571598127664,0.16901560771147153,0.4738759490517447,0.0,
18.866666666666667,0.0,1.0,0.8251675681199253,0.0,0.0,0.006011363401818181,0.22641049722722392,0.9340293018221281,0.1677479906536355,0.4675576030643881,0.0,
18.883333333333333,0.0,1.0,0.614715851064538,0.0,0.0,0.005410227061636363,0.23000978655555654,0.9373278367310217,0.16648988072373322,0.46132350169019626,0.0,
18.9,0.0,1.0,0.71024509287601,0.0,0.0,0.004869204355472726,0.23358690126221884,0.9404614448944706,0.16524120661830521,0.4551725216676603,0.0,
18.916666666666668,0.0,1.0,0.6457358024182411,0.0,0.0,0.004382283919925453,0.2371419779613592,0.9434383726497471,0.16400189756866793,0.4491035547120915,0.0,
18.933333333333334,0.0,1.0,0.9104502950490463,0.0,0.0,0.003944055527932908,0.2406751524254689,0.9462664540172597,0.16277188333690293,0.4431155073159303,0.0,
18.95,0.0,1.0,0.7888962500932518,0.0,0.0,0.003549649975139617,0.24418655959056768,0.9489531313163967,0.16155109421187616,0.4372073005517179,0.0,
18.966666666666665,0.0,1.0,0.9918079003414271,0.0,0.0,0.003194684977625655,0.24767633356135677,0.9515054747505769,0.1603394610052871,0.431377869877695,0.0,
18.983333333333334,0.0,1.0,0.7529118700001314,0.0,0.0,0.0028752164798630897,0.2511446076163409,0.953930201013048,0.15913691504774743,0.42562616494599237,0.0,
19.0,0.0,1.0,0.7513991280463012,0.0,0.0,0.0025876948318767808,0.2545915142129179,0.9562336909623956,0.15794338818488932,0.41995114941337913,0.0,
19.016666666666666,0.0,1.0,0.7250000406415935,0.0,0.0,0.0023289253486891027,0.2580171849924378,0.9584220064142759,0.15675881277350265,0.4143518007545341,0.0,
19.03333333333333,0.0,1.0,0.5272066156908574,0.0,0.0,0.0020960328138201925,0.2614217507852302,0.9605009060935621,0.15558312167770139,0.408827110077807,0.0,
19.05,0.0,1.0,0.5708859082847376,0.0,0.0,0.0018864295324381732,0.2648053416156009,0.962475860788884,0.15441624826511863,0.4033760819434362,0.0,
19.066666666666666,0.0,1.0,0.7254441237509124,0.0,0.0,0.0016977865791943558,0.2681680867067974,0.9643520677494398,0.15325812640313025,0.3979977341841904,0.0,
19.083333333333332,0.0,1.0,0.505821325550337,0.0,0.0,0.0015280079212749201,0.27151011448594464,0.9661344643619678,0.15210869045510678,0.39269109772840116,0.0,
19.1,0.0,1.0,0.5726559437549319,0.0,0.0,0.0013752071291474282,0.2748315525889492,0.9678277411438694,0.15096787527669348,0.3874552164253558,0.0,
19.116666666666667,0.0,1.0,0.5508606021210184,0.0,0.0,0.0012376864162326855,0.2781325278653741,0.9694363540866759,0.14983561621211827,0.38228914687301774,0.0,
19.133333333333333,0.0,1.0,0.6365034387614827,0.0,0.0,0.0011139177746094168,0.28141316638328356,0.9709645363823421,0.1487118490905274,0.3771919582480442,0.0,
19.15,0.0,1.0,0.5355002728476579,0.0,0.0,0.001002525997148475,0.28467359343405724,0.972416309563225,0.14759651022234843,0.3721627321380703,0.0,
19.166666666666668,0.0,1.0,0.5817165733491806,0.0,0.0,0.0009022733974336276,0.2879139335371756,0.9737954940850637,0.14648953639568082,0.36720056237622933,0.0,
19.183333333333334,0.0,1.0,0.653203866930404,0.0,0.0,0.0008120460576902648,0.2911343104449753,0.9751057193808106,0.14539086487271322,0.3623045548778796,0.0,
19.2,0.0,1.0,0.6623627766184157,0.0,0.0,0.0007308414519212383,0.29433484714737557,0.9763504334117701,0.14430043338616785,0.3574738274795079,0.0,
19.216666666666665,0.0,1.0,0.572085174956428,0.0,0.0,0.0006577573067291145,0.2975156658765751,0.9775329117411816,0.1432181801357716,0.3527075097797811,0.0,
19.233333333333334,0.0,1.0,0.8074939651827338,0.0,0.0,0.0005919815760562031,0.30067688811172044,0.9786562661541225,0.14214404378475332,0.34800474298271733,0.0,
19.25,0.0,1.0,0.5648929331290263,0.0,0.0,0.0005327834184505828,0.3038186345835455,0.9797234528464164,0.14107796345636767,0.34336467974294776,0.0,
19.266666666666666,0.0,1.0,0.592468674522019,0.0,0.0,0.0004795050766055245,0.3069410252789821,0.9807372802040956,0.1400198787304449,0.3387864840130418,0.0,
19.28333333333333,0.0,1.0,0.5926935672600507,0.0,0.0,0.0004315545689449721,0.3100441794457425,0.9817004161938908,0.13896972963996657,0.3934693308928679,0.0,fidget_suppression
19.3,0.0,1.0,0.8660366734719858,0.0,0.0,0.0003883991120504749,0.3131282155968738,0.9826153953841963,0.13792745666766681,0.38822307314762966,0.0,
19.316666666666666,0.0,1.0,0.7033195783609947,0.0,0.0,0.0003495592008454274,0.3161932515152841,0.9834846256149865,0.1368930007426593,0.38304676550566125,0.0,
19.333333333333332,0.0,1.0,0.6200781749559189,0.0,0.0,0.0003146032807608847,0.3192394042582404,0.9843103943342372,0.13586630323708937,0.3779394752989191,0.0,
19.35,0.0,1.0,0.5843881108158966,0.0,0.0,0.00028314295268479624,0.3222667901618394,0.9850948746175253,0.1348473059628112,0.3729002822949335,0.0,
19.366666666666667,0.0,1.0,0.7505357364954872,0.0,0.0,0.0002548286574163166,0.3252755248454507,0.985840130886649,0.1338359511680901,0.3679282785310011,0.0,
19.383333333333333,0.0,1.0,0.5493010250009149,0.0,0.0,0.00022934579167468495,0.328265723216132,0.9865481243423165,0.13283218153432944,0.3630225681505877,0.0,
19.4,0.0,1.0,0.49735061478828524,0.0,0.0,0.00020641121250721645,0.33123749947301795,0.9872207181252007,0.13183594017282196,0.3581822672419132,0.0,
19.416666666666668,0.0,1.0,0.6977972629860125,0.0,0.0,0.0001857700912564948,0.3341909671116813,0.9878596822189407,0.1308471706215258,0.3534065036786877,0.0,
19.433333333333334,0.0,1.0,0.456395072736892,0.0,0.0,0.0001671930821308453,0.3371262389284674,0.9884666981079937,0.12986581684186435,0.3486944169629719,0.0,
19.45,0.0,1.0,0.5405967437911774,0.0,0.0,0.00015047377391776078,0.3400434270248023,0.989043363202594,0.12889182321555037,0.34404515807013225,0.0,
19.466666666666665,0.0,1.0,0.5625860747799758,0.0,0.0,0.0001354263965259847,0.34294264281147363,0.9895911950424643,0.12792513454143375,0.33945788929586385,0.0,
19.483333333333334,0.0,1.0,0.49996717333951524,0.0,0.0,0.00012188375687338623,0.34582399701288596,0.9901116352903411,0.126965696032373,0.3349317841052523,0.0,
19.5,0.0,1.0,0.5435087246085463,0.0,0.0,0.00010969538118604761,0.3486875996712891,0.990606053525824,0.1260134533121302,0.33046602698384897,0.0,
19.516666666666666,0.0,1.0,0.7140602372576652,0.0,0.0,9.872584306744284e-05,0.35153356015098086,0.9910757508495328,0.12506835241228922,0.32605981329073097,0.0,
19.53333333333333,0.0,1.0,0.5013701613108398,0.0,0.0,8.885325876069856e-05,0.354361987142484,0.9915219633070562,0.12413033976919706,0.3217123491135212,0.0,
19.55,0.0,1.0,0.4281724628159578,0.0,0.0,7.99679328846287e-05,0.35717298866669706,0.9919458651417035,0.12319936222092809,0.3174228511253409,0.0,
19.566666666666666,0.0,1.0,0.3795905153767591,0.0,0.0,7.197113959616584e-05,0.35996667207901967,0.9923485718846183,0.12227536700427112,0.31319054644366967,0.0,
19.583333333333332,0.0,1.0,0.5995461614696799,0.0,0.0,6.477402563654925e-05,0.3627431440734529,0.9927311432903874,0.12135830175173909,0.3090146724910874,0.0,
19.6,0.0,1.0,0.6077291587506547,0.0,0.0,5.829662307289433e-05,0.36550251068667367,0.993094586125868,0.12044811448860104,0.3048944768578729,0.0,
19.616666666666667,0.0,1.0,0.7076928133418885,0.0,0.0,5.24669607656049e-05,0.3682448773020848,0.9934398568195746,0.11954475362993654,0.3008292171664346,0.0,
19.633333333333333,0.0,1.0,0.6442906490035009,0.0,0.0,4.722026468904441e-05,0.3709703486538396,0.9937678639785958,0.11864816797771201,0.2968181609375488,0.0,
19.65,0.0,1.0,0.6632740625523272,0.0,0.0,4.249823822013997e-05,0.37367902883084136,0.9940794707796661,0.11775830671787917,0.2928605854583815,0.0,
19.666666666666668,0.0,1.0,0.6500446506366114,0.0,0.0,3.824841439812597e-05,0.37637102128071936,0.9943754972406827,0.11687511941749507,0.28895577765226976,0.0,
19.683333333333334,0.0,1.0,0.6842214099444857,0.0,0.0,3.4423572958313375e-05,0.3790464288137791,0.9946567223786487,0.11599855602186385,0.2851030339502395,0.0,
19.7,0.0,1.0,0.7692272047580909,0.0,0.0,3.0981215662482034e-05,0.38170535360692887,0.9949238862597163,0.11512856685169987,0.2813016601642363,0.0,
19.716666666666665,0.0,1.0,0.700950255363091,0.0,0.0,2.788309409623383e-05,0.38434789720758217,0.9951776919467304,0.11426510260031211,0.2775509713620465,0.0,
19.733333333333334,0.0,1.0,0.7486555627183458,0.0,0.0,2.509478468661045e-05,0.3869741605375358,0.9954188073493939,0.11340811433080977,0.27385029174388587,0.0,
19.75,0.0,1.0,0.9488531421226465,0.0,0.0,2.2585306217949402e-05,0.38958424389682417,0.9956478669819242,0.1125575534733287,0.270198954520634,0.0,
19.766666666666666,0.0,1.0,0.7574941780956336,0.0,0.0,2.032677559615446e-05,0.3921782469675498,0.995865473632828,0.11171337182227874,0.26659630179369226,0.0,
19.78333333333333,0.0,1.0,0.4867511230580301,0.0,0.0,1.8294098036539015e-05,0.39475626881769055,0.9960721999511866,0.11087552153361165,0.26304168443644305,0.0,
19.8,0.0,1.0,0.8580235502735716,0.0,0.0,1.6464688232885114e-05,0.39731840790488293,0.9962685899536272,0.11004395512210956,0.25953446197729046,0.0,
19.816666666666666,0.0,1.0,0.6658553398883756,0.0,0.0,1.4818219409596604e-05,0.3998647620801823,0.9964551604559458,0.10921862545869374,0.25607400248425993,0.0,
19.833333333333332,0.0,1.0,0.48703040562588423,0.0,0.0,1.3336397468636943e-05,0.4023954285918,0.9966324024331485,0.10839948576775353,0.25265968245113646,0.0,
19.85,0.0,1.0,0.6881351968036398,0.0,0.0,1.200275772177325e-05,0.40491050408881735,0.9968007823114912,0.10758648962449538,0.2492908866851213,0.0,
19.866666666666667,0.0,1.0,0.5655161329307373,0.0,0.0,1.0802481949595925e-05,0.4074100846248768,0.9969607431959167,0.10677959095231167,0.24596700819598635,0.0,
19.883333333333333,0.0,1.0,0.4795811934068849,0.0,0.0,9.722233754636332e-06,0.4098942656618504,0.9971127060361208,0.10597874402016932,0.24268744808670653,0.0,
19.9,0.0,1.0,0.4739789289479661,0.0,0.0,8.7500103791727e-06,0.41236314207348534,0.9972570707343148,0.10518390344001806,0.23945161544555044,0.0,
19.916666666666668,0.0,1.0,0.4341956025408707,0.0,0.0,7.87500934125543e-06,0.4148168081490276,0.997394217197599,0.10439502416421792,0.23625892723960976,0.0,
19.933333333333334,0.0,1.0,0.5691717377003351,0.0,0.0,7.0875084071298874e-06,0.4172553575968228,0.997524506337719,0.10361206148298628,0.2331088082097483,0.0,
19.95,0.0,1.0,0.7075473251312915,0.0,0.0,6.378757566416899e-06,0.41967888354789507,0.9976482810208331,0.10283497102186388,0.23000069076695165,0.0,
19.966666666666665,0.0,1.0,0.5609937481432333,0.0,0.0,5.740881809775209e-06,0.42208747855950374,0.9977658669697915,0.1020637087391999,0.22693401489005896,0.0,
19.983333333333334,0.0,1.0,0.6746169904965098,0.0,0.0,5.166793628797688e-06,0.42448123461867837,0.9978775736213019,0.1012982309236559,0.22390822802485819,0.0,
20.0,0.0,1.0,0.8750775264530337,0.0,0.0,4.650114265917919e-06,0.4268602431457318,0.9979836949402369,0.10053849419172849,0.22092278498452675,0.0,
20.016666666666666,0.0,1.0,0.5301310285526657,0.0,0.0,4.185102839326127e-06,0.42922459499775145,0.998084510193225,0.09978445548529052,0.21797714785139974,0.0,
20.03333333333333,0.0,1.0,0.7309026788708157,0.0,0.0,3.7665925553935144e-06,0.4315743804720695,0.9981802846835637,0.09903607206915084,0.21507078588004774,0.0,
20.05,0.0,1.0,0.6839382468964278,0.0,0.0,3.389933299854163e-06,0.43390968930971113,0.9982712704493855,0.09829330152863221,0.2122031754016471,0.0,
20.066666666666666,0.0,1.0,0.6094918083991016,0.0,0.0,3.0509399698687466e-06,0.43623061069882224,0.9983577069269162,0.09755610176716746,0.20937379972962514,0.0,
20.083333333333332,0.0,1.0,0.623490918696515,0.0,0.0,2.7458459728818718e-06,0.43853723327807526,0.9984398215805703,0.0968244310039137,0.20658214906656347,0.0,
20.1,0.0,1.0,0.7481657828201566,0.0,0.0,2.4712613755936847e-06,0.44082964514005457,0.9985178305015419,0.09609824777138436,0.20382772041234262,0.0,
20.116666666666667,0.0,1.0,0.798656191972927,0.0,0.0,2.2241352380343164e-06,0.4431079338346209,0.9985919389764648,0.09537751091309897,0.2011100174735114,0.0,
20.133333333333333,0.0,1.0,0.6728117618892823,0.0,0.0,2.0017217142308847e-06,0.4453721863722548,0.9986623420276416,0.09466217958125073,0.19842855057386458,0.0,
20.15,0.0,1.0,0.7272375434417963,0.0,0.0,1.8015495428077962e-06,0.44762248922737974,0.9987292249262595,0.09395221323439135,0.19578283656621304,0.0,
20.166666666666668,0.0,1.0,0.7866650385321625,0.0,0.0,1.6213945885270166e-06,0.4498589283416647,0.9987927636799465,0.0932475716351334,0.1931723987453302,0.0,
20.183333333333334,0.0,1.0,0.7114692541403927,0.0,0.0,1.459255129674315e-06,0.45208158912730645,0.9988531254959492,0.0925482148478699,0.19059676676205914,0.0,
20.2,0.0,1.0,0.754240422768908,0.0,0.0,1.3133296167068836e-06,0.4542905564702913,0.9989104692211517,0.09185410323651087,0.18805547653856503,0.0,
20.216666666666665,0.0,1.0,0.6794855684678648,0.0,0.0,1.1819966550361951e-06,0.45648591473363725,0.9989649457600941,0.09116519746223704,0.1855480701847175,0.0,
20.233333333333334,0.0,1.0,0.6585606810816844,0.0,0.0,1.0637969895325756e-06,0.45866774776061575,0.9990166984720894,0.09048145848127026,0.18307409591558793,0.0,
20.25,0.0,1.0,0.7984854096743659,0.0,0.0,9.57417290579318e-07,0.4608361388779539,0.9990658635484849,0.08980284754266073,0.18063310797004675,0.0,
20.266666666666666,0.0,1.0,0.6381780844646657,0.0,0.0,8.616755615213862e-07,0.46299117089901665,0.9991125703710607,0.08912932618609078,0.17822466653044614,0.0,
20.28333333333333,0.0,1.0,0.5689439532537669,0.0,0.0,7.755080053692476e-07,0.4651329261269696,0.9991569418525077,0.0884608562396951,0.17584833764337351,0.0,
20.3,0.0,1.0,0.6351932564130399,0.0,0.0,6.979572048323229e-07,0.4672614863579224,0.9991990947598823,0.08779739981789739,0.17350369314146186,0.0,
20.316666666666666,0.0,1.0,0.44311257631010786,0.0,0.0,6.281614843490906e-07,0.4693769328840523,0.9992391400218882,0.08713891931926315,0.17119031056624237,0.0,
20.333333333333332,0.0,1.0,0.5228728853302491,0.0,0.0,5.653453359141815e-07,0.4714793464967091,0.9992771830207938,0.08648537742436868,0.2281077730920258,0.0,fidget_suppression
20.35,0.0,1.0,0.6744758243846984,0.0,0.0,5.088108023227634e-07,0.47356880748950064,0.9993133238697541,0.08583673709368592,0.22506633611746543,0.0,
20.366666666666667,0.0,1.0,0.6756944040112678,0.0,0.0,4.5792972209048707e-07,0.4756453956613591,0.9993476576762664,0.08519296156548327,0.22206545163589922,0.0,
20.383333333333333,0.0,1.0,0.809921498389499,0.0,0.0,4.1213674988143836e-07,0.47770919031958875,0.9993802747924531,0.08455401435374214,0.21910457894742055,0.0,
20.4,0.0,1.0,0.65125676347024,0.0,0.0,3.709230748932945e-07,0.4797602702828948,0.9994112610528304,0.08391985924608908,0.21618318456145494,0.0,
20.416666666666668,0.0,1.0,0.5004025696597968,0.0,0.0,3.3383076740396504e-07,0.4817987138843936,0.9994406980001889,0.0832904603017434,0.21330074210063554,0.0,
20.433333333333334,0.0,1.0,0.9336696317051446,0.0,0.0,3.0044769066356853e-07,0.48382459897460417,0.9994686631001795,0.08266578184948033,0.2104567322059604,0.0,
20.45,0.0,1.0,0.8518578153857012,0.0,0.0,2.704029215972117e-07,0.4858380029244215,0.9994952299451705,0.08204578848560923,0.20765064244321427,0.0,
20.466666666666665,0.0,1.0,0.6095540483460138,0.0,0.0,2.4336262943749054e-07,0.4878390026280713,0.999520468447912,0.08143044507196716,0.2048819672106381,0.0,
20.483333333333334,0.0,1.0,0.9116914230251174,0.0,0.0,2.1902636649374148e-07,0.4898276745060468,0.9995444450255164,0.0808197167339274,0.2021502076478296,0.0,
20.5,0.0,1.0,0.75388833585349,0.0,0.0,1.9712372984436734e-07,0.4918040945080275,0.9995672227742406,0.08021356885842294,0.19945487154585853,0.0,
20.516666666666666,0.0,1.0,0.5289211302403233,0.0,0.0,1.774113568599306e-07,0.49376833811577925,0.9995888616355285,0.07961196709198477,0.1967954732585804,0.0,
20.53333333333333,0.0,1.0,0.6861600698076935,0.0,0.0,1.5967022117393753e-07,0.4957204803460376,0.9996094185537521,0.07901487733879489,0.19417153361513267,0.0,
20.55,0.0,1.0,0.6596422180394026,0.0,0.0,1.437031990565438e-07,0.4976605957533724,0.9996289476260645,0.07842226575875393,0.19158257983359758,0.0,
20.566666666666666,0.0,1.0,0.8909017792386682,0.0,0.0,1.293328791508894e-07,0.49958875843303513,0.9996475002447612,0.07783409876556327,0.18902814543581628,0.0,
20.583333333333332,0.0,1.0,0.580833661059913,0.0,0.0,1.1639959123580047e-07,0.5015050420237889,0.9996651252325232,0.07725034302482155,0.18650777016333872,0.0,
20.6,0.0,1.0,0.6195659191544732,0.0,0.0,1.0475963211222043e-07,0.5034095197107206,0.999681868970897,0.07667096545213538,0.1840209998944942,0.0,
20.616666666666667,0.0,1.0,0.5909067986683055,0.0,0.0,9.428366890099838e-08,0.505302264228036,0.9996977755223521,0.07609593321124436,0.1815673865625676,0.0,
20.633333333333333,0.0,1.0,0.5545232684427297,0.0,0.0,8.485530201089855e-08,0.5071833478618377,0.9997128867462345,0.07552521371216003,0.1791464880750667,0.0,
20.65,0.0,1.0,0.4696004345574354,0.0,0.0,7.636977180980869e-08,0.5090528424528856,0.9997272424089227,0.07495877460931884,0.1767578682340658,0.0,
20.666666666666668,0.0,1.0,0.5896878887046372,0.0,0.0,6.873279462882781e-08,0.5109108193993405,0.9997408802884766,0.07439658379974895,0.1744010966576116,0.0,
20.683333333333334,0.0,1.0,0.6826239749407195,0.0,0.0,6.185951516594503e-08,0.512757349659491,0.9997538362740528,0.07383860942125084,0.1720757487021768,0.0,
20.7,0.0,1.0,0.6248773181406103,0.0,0.0,5.567356364935053e-08,0.5145925037544639,0.9997661444603502,0.07328481985059146,0.16978140538614778,0.0,
20.716666666666665,0.0,1.0,0.41754599436375683,0.0,0.0,5.0106207284415474e-08,0.5164163517709165,0.9997778372373327,0.07273518370171202,0.16751765331433247,0.0,
20.733333333333334,0.0,1.0,0.3781507277885786,0.0,0.0,4.509558655597393e-08,0.5182289633637145,0.999788945375466,0.07218966982394917,0.1652840846034747,0.0,
20.75,0.0,1.0,0.494638456925992,0.0,0.0,4.058602790037654e-08,0.5200304077585912,0.9997994981066928,0.07164824730026956,0.1630802968087617,0.0,
20.766666666666666,0.0,1.0,0.40071918472844975,0.0,0.0,3.6527425110338886e-08,0.5218207537547919,0.9998095232013582,0.07111088544551754,0.16090589285131154,0.0,
20.78333333333333,0.0,1.0,0.39613760162010087,0.0,0.0,3.2874682599305e-08,0.5236000697277009,0.9998190470412903,0.07057755380467616,0.1587604809466274,0.0,
20.8,0.0,1.0,0.2989577670261202,0.0,0.0,2.9587214339374498e-08,0.5253684236314535,0.9998280946892258,0.07004822215114109,0.1566436745340057,0.0,
20.816666666666666,0.0,1.0,0.556074992509817,0.0,0.0,2.6628492905437047e-08,0.5271258830015308,0.9998366899547646,0.06952286048500754,0.15455509220688562,0.0,
20.833333333333332,0.0,1.0,0.449996832391617,0.0,0.0,2.3965643614893344e-08,0.528872514957339,0.9998448554570264,0.06900143903136999,0.33009435764412715,0.0,posture_settle
20.85,0.0,1.0,0.3019208991449054,0.0,0.0,2.156907925340401e-08,0.5306083862047727,0.999852612684175,0.06848392823863471,0.32569309954220543,0.0,
20.866666666666667,0.0,1.0,0.3758167877305716,0.0,0.0,1.941217132806361e-08,0.5323335630387628,0.9998599820499663,0.06797029877684495,0.3213505248816427,0.0,
20.883333333333333,0.0,1.0,0.35299095818305876,0.0,0.0,1.7470954195257247e-08,0.5340481113458081,0.999866982947468,0.06746052153601861,0.3170658512165541,0.0,
20.9,0.0,1.0,0.1544178660129367,0.0,0.0,1.5723858775731524e-08,0.5357520966064918,0.9998736338000946,0.06695456762449847,0.31283830653366673,0.0,
20.916666666666668,0.0,1.0,0.18908866898921806,0.0,0.0,1.415147289815837e-08,0.5374455838979819,0.99987995211009,0.06645240836731474,0.30866712911321786,0.0,
20.933333333333334,0.0,1.0,0.15334350093408142,0.0,0.0,1.2736325608342534e-08,0.5391286378965171,0.9998859545045855,0.06595401530455988,0.3045515673917083,0.0,
20.95,0.0,1.0,0.13308353575997708,0.0,0.0,1.1462693047508281e-08,0.5408013228798764,0.9998916567793562,0.06545936018977569,0.30049087982648554,0.0,
20.966666666666665,0.0,1.0,0.07615823881377076,0.0,0.0,1.0316423742757453e-08,0.5424637027298339,0.9998970739403884,0.06496841498835237,0.2964843347621324,0.0,
20.983333333333334,0.0,1.0,0.03601278578932984,0.0,0.0,9.284781368481707e-09,0.5441158409345992,0.9999022202433689,0.06448115187593974,0.29253121029863727,0.0,
21.0,0.0,0.0,0.0,0.0,0.016666666666666666,8.356303231633537e-09,0.5434810391201755,0.9832371832393128,0.06948254076482863,0.2886307941613221,0.0,
21.016666666666666,0.0,0.0,0.0,0.0,0.03333333333333333,7.520672908470184e-09,0.5428469779078686,0.9668498968519909,0.0744853185426064,0.28478238357250446,0.0,
21.03333333333333,0.0,0.0,0.0,0.0,0.05,6.768605617623166e-09,0.5422136564336427,0.9507357319044577,0.07948948520927307,0.2809852851248711,0.0,
21.05,0.0,0.0,0.0,0.0,0.06666666666666667,6.091745055860849e-09,0.5415810738344702,0.9348901363727168,0.08449504076482862,0.2772388146565395,0.0,
21.066666666666666,0.0,0.0,0.0,0.0,0.08333333333333333,5.482570550274764e-09,0.54094922924833,0.9193086340998382,0.08950198520927306,0.2735422971277856,0.0,
21.083333333333332,0.0,0.0,0.0,0.0,0.09999999999999999,4.934313495247288e-09,0.5403181218142069,0.9039868235315076,0.0945103185426064,0.26989506649941514,0.0,
21.1,0.0,0.0,0.0,0.0,0.11666666666666665,4.440882145722559e-09,0.5396877506720903,0.8889203764726491,0.09952004076482862,0.2662964656127563,0.0,
21.116666666666667,0.0,0.0,0.0,0.0,0.13333333333333333,3.996793931150303e-09,0.5390581149629728,0.8741050368647716,0.10453115187593973,0.26274584607125284,0.0,
21.133333333333333,0.0,0.0,0.0,0.0,0.15,3.597114538035273e-09,0.5384292138288493,0.8595366195836921,0.10954365187593973,0.25924256812363616,0.0,
21.15,0.0,0.0,0.0,0.0,0.16666666666666666,3.2374030842317457e-09,0.5378010464127156,0.8452110092572972,0.11455754076482862,0.25578600054865436,0.0,
21.166666666666668,0.0,0.0,0.0,0.0,0.18333333333333332,2.9136627758085712e-09,0.5371736118585675,0.831124159103009,0.11957281854260639,0.25237552054133894,0.0,
21.183333333333334,0.0,0.0,0.0,0.0,0.19999999999999998,2.622296498227714e-09,0.5365469093113991,0.8172720897846255,0.12458948520927306,0.24901051360078774,0.0,
21.2,0.0,0.0,0.0,0.0,0.21666666666666665,2.3600668484049426e-09,0.5359209379172025,0.8036508882882151,0.1296075407648286,0.2456903734194439,0.0,
21.216666666666665,0.0,0.0,0.0,0.0,0.2333333333333333,2.1240601635644483e-09,0.5352956968229657,0.7902567068167449,0.13462698520927305,0.24241450177385132,0.0,
21.233333333333334,0.0,0.0,0.0,0.0,0.24999999999999997,1.9116541472080034e-09,0.5346711851766722,0.7770857617031325,0.13964781854260638,0.23918230841686663,0.0,
21.25,0.0,0.0,0.0,0.0,0.26666666666666666,1.7204887324872031e-09,0.5340474021272994,0.7641343323414136,0.14467004076482862,0.2359932109713084,0.0,
21.266666666666666,0.0,0.0,0.0,0.0,0.2833333333333333,1.5484398592384827e-09,0.5334243468248175,0.7513987601357234,0.14969365187593972,0.2328466348250243,0.0,
21.28333333333333,0.0,0.0,0.0,0.0,0.3,1.3935958733146346e-09,0.5328020184201886,0.7388754474667947,0.15471865187593972,0.2297420130273573,0.0,
21.3,0.0,0.0,0.0,0.0,0.31666666666666665,1.254236285983171e-09,0.532180416065365,0.7265608566756814,0.15974504076482862,0.22667878618699255,0.0,
21.316666666666666,0.0,0.0,0.0,0.0,0.3333333333333333,1.128812657384854e-09,0.5315595389132888,0.71445150906442,0.1647728185426064,0.223656402371166,0.0,
21.333333333333332,0.0,0.0,0.0,0.0,0.35,1.0159313916463686e-09,0.5309393861178899,0.7025439839133464,0.16980198520927306,0.22067431700621712,0.0,
21.35,0.0,0.0,0.0,0.0,0.36666666666666664,9.143382524817317e-10,0.5303199568340857,0.6908349175147906,0.17483254076482863,0.21773199277946756,0.0,
21.366666666666667,0.0,0.0,0.0,0.0,0.3833333333333333,8.229044272335586e-10,0.5297012502177793,0.6793210022228775,0.17986448520927306,0.214828899542408,0.0,
21.383333333333333,0.0,0.0,0.0,0.0,0.39999999999999997,7.406139845102027e-10,0.5290832654258585,0.6679989855191629,0.1848978185426064,0.2119645142151759,0.0,
21.4,0.0,0.0,0.0,0.0,0.41666666666666663,6.665525860591824e-10,0.528466001616195,0.6568656690938436,0.18993254076482863,0.2091383206923069,0.0,
21.416666666666668,0.0,0.0,0.0,0.0,0.4333333333333333,5.998973274532642e-10,0.5278494579476427,0.6459179079422795,0.19496865187593973,0.2063498097497428,0.0,
21.433333333333334,0.0,0.0,0.0,0.0,0.44999999999999996,5.399075947079378e-10,0.5272336335800372,0.6351526094765749,0.20000615187593973,0.20359847895307956,0.0,
21.45,0.0,0.0,0.0,0.0,0.4666666666666666,4.859168352371441e-10,0.5266185276741938,0.6245667326519654,0.20504504076482863,0.2008838325670385,0.0,
21.466666666666665,0.0,0.0,0.0,0.0,0.4833333333333333,4.3732515171342966e-10,0.5260041393919073,0.614157287107766,0.2100853185426064,0.19820538146614466,0.0,
21.483333333333334,0.0,0.0,0.0,0.0,0.49999999999999994,3.935926365420867e-10,0.52539046789595,0.6039213323226366,0.21512698520927306,0.19556264304659607,0.0,
21.5,0.0,0.0,0.0,0.0,0.5166666666666666,3.54233372887878e-10,0.5247775123500714,0.593855976783926,0.22017004076482863,0.19295514113930812,0.0,
21.516666666666666,0.0,0.0,0.0,0.0,0.5333333333333333,3.188100355990902e-10,0.5241652719189963,0.5839583771708605,0.22521448520927306,0.19038240592411734,0.0,
21.53333333333333,0.0,0.0,0.0,0.0,0.55,2.869290320391812e-10,0.5235537457684242,0.5742257375513462,0.2302603185426064,0.1878439738451291,0.0,
21.55,0.0,0.0,0.0,0.0,0.5666666666666668,2.5823612883526306e-10,0.5229429330650277,0.5646553085921571,0.23530754076482863,0.18533938752719406,0.0,
21.566666666666666,0.0,0.0,0.0,0.0,0.5833333333333335,2.3241251595173676e-10,0.5223328329764518,0.5552443867822878,0.24035615187593973,0.18286819569349813,0.0,
21.583333333333332,0.0,0.0,0.0,0.0,0.6000000000000002,2.091712643565631e-10,0.5217234446713126,0.5459903136692497,0.24540615187593973,0.1804299530842515,0.0,
21.6,0.0,0.0,0.0,0.0,0.6166666666666669,1.882541379209068e-10,0.521114767319196,0.5368904751080955,0.2504575407648286,0.17802422037646148,0.0,
21.616666666666667,0.0,0.0,0.0,0.0,0.6333333333333336,1.6942872412881613e-10,0.520506800090657,0.5279423005229605,0.2555103185426064,0.17565056410477534,0.0,
21.633333333333333,0.0,0.0,0.0,0.0,0.6500000000000004,1.524858517159345e-10,0.5198995421572179,0.5191432621809112,0.2605644852092731,0.17330855658337832,0.0,
21.65,0.0,0.0,0.0,0.0,0.6666666666666671,1.3723726654434106e-10,0.5192929926913679,0.510490874477896,0.26562004076482865,0.17099777582893327,0.0,
21.666666666666668,0.0,0.0,0.0,0.0,0.6833333333333338,1.2351353988990696e-10,0.5186871508665613,0.5019826932365977,0.2706769852092731,0.16871780548454748,0.0,
21.683333333333334,0.0,0.0,0.0,0.0,0.7000000000000005,1.1116218590091626e-10,0.5180820158572169,0.49361631501598774,0.2757353185426064,0.16646823474475353,0.0,
21.7,0.0,0.0,0.0,0.0,0.7166666666666672,1.0004596731082464e-10,0.5174775868387168,0.48538937643238794,0.28079504076482864,0.16424865828149016,0.0,
21.716666666666665,0.0,0.0,0.0,0.0,0.733333333333334,9.004137057974218e-11,0.516873862987405,0.47729955349184816,0.28585615187593977,0.16205867617107028,0.0,
21.733333333333334,0.0,0.0,0.0,0.0,0.7500000000000007,8.103723352176796e-11,0.5162708434805864,0.4693445609336507,0.2909186518759398,0.1598978938221227,0.0,
21.75,0.0,0.0,0.0,0.0,0.7666666666666674,7.293351016959116e-11,0.5156685274965257,0.4615221515847565,0.29598254076482866,0.1577659219044944,0.0,
21.766666666666666,0.0,0.0,0.0,0.0,0.7833333333333341,6.564015915263205e-11,0.5150669142144464,0.4538301157250106,0.3010478185426064,0.15566237627910115,0.0,
21.78333333333333,0.0,0.0,0.0,0.0,0.8000000000000008,5.907614323736884e-11,0.5144660028145296,0.4462662804629271,0.3061144852092731,0.2917202112620465,0.0,micro_nod_ready
21.8,0.0,0.0,0.0,0.0,0.8166666666666675,5.316852891363196e-11,0.5138657924779126,0.4388285091218783,0.31118254076482865,0.28783060844521924,0.0,
21.816666666666666,0.0,0.0,0.0,0.0,0.8333333333333343,4.785167602226876e-11,0.5132662823866884,0.4315147006365137,0.3162519852092731,0.283992866999283,0.0,
21.833333333333332,0.0,0.0,0.0,0.0,0.850000000000001,4.306650842004189e-11,0.5126674717239039,0.4243227889592385,0.32132281854260647,0.28020629543929254,0.0,
21.85,0.0,0.0,0.0,0.0,0.8666666666666677,3.87598575780377e-11,0.5120693596735594,0.4172507424765845,0.32639504076482867,0.276470211500102,0.0,
21.866666666666667,0.0,0.0,0.0,0.0,0.8833333333333344,3.488387182023393e-11,0.5114719454206069,0.41029656343530807,0.33146865187593977,0.272783942013434,0.0,
21.883333333333333,0.0,0.0,0.0,0.0,0.9000000000000011,3.1395484638210536e-11,0.5108752281509495,0.40345828737805295,0.33654365187593976,0.2691468227865882,0.0,
21.9,0.0,0.0,0.0,0.0,0.9166666666666679,2.825593617438948e-11,0.5102792070514401,0.39673398258841874,0.34162004076482866,0.265558198482767,0.0,
21.916666666666668,0.0,0.0,0.0,0.0,0.9333333333333346,2.5430342556950532e-11,0.5096838813098802,0.39012174954527845,0.34669781854260645,0.2620174225029968,0.0,
21.933333333333334,0.0,0.0,0.0,0.0,0.9500000000000013,2.2887308301255478e-11,0.5090892501150187,0.38361972038619047,0.35177698520927314,0.25852385686962354,0.0,
21.95,0.0,0.0,0.0,0.0,0.966666666666668,2.059857747112993e-11,0.5084953126565512,0.377226058379754,0.3568575407648287,0.2550768721113619,0.0,
21.966666666666665,0.0,0.0,0.0,0.0,0.9833333333333347,1.853871972401694e-11,0.5079020681251186,0.3709389574067581,0.3619394852092731,0.25167584714987706,0.0,
21.983333333333334,0.0,0.0,0.0,0.0,1.0000000000000013,1.6684847751615244e-11,0.507309515712306,0.36475664144997877,0.36702281854260643,0.2483201691878787,0.0,
22.0,0.0,0.0,0.0,0.0,1.016666666666668,1.501636297645372e-11,0.5067176546106417,0.35867736409247913,0.37210754076482866,0.24500923359870697,0.0,
22.016666666666666,0.0,0.0,0.0,0.0,1.0333333333333345,1.3514726678808349e-11,0.506126484013596,0.35269940802427113,0.3771936518759398,0.24174244381739088,0.0,
22.03333333333333,0.0,0.0,0.0,0.0,1.0500000000000012,1.2163254010927514e-11,0.5055360031155801,0.34682108455719995,0.3822811518759398,0.238519211233159,0.0,
22.05,0.0,0.0,0.0,0.0,1.0666666666666678,1.0946928609834763e-11,0.5049462111119453,0.3410407331479133,0.38737004076482867,0.23533895508338354,0.0,
22.066666666666666,0.0,0.0,0.0,0.0,1.0833333333333344,9.852235748851287e-12,0.5043571071989813,0.3353567209287814,0.39246031854260643,0.23220110234893843,0.0,
22.083333333333332,0.0,0.0,0.0,0.0,1.100000000000001,8.867012173966159e-12,0.5037686905739158,0.329767442246635,0.3975519852092731,0.22910508765095258,0.0,
22.1,0.0,0.0,0.0,0.0,1.1166666666666676,7.980310956569542e-12,0.5031809604349129,0.3242713182091911,0.40264504076482865,0.22605035314893987,0.0,
22.116666666666667,0.0,0.0,0.0,0.0,1.1333333333333342,7.182279860912588e-12,0.5025939159810722,0.3188667962390379,0.4077394852092731,0.22303634844028733,0.0,
22.133333333333333,0.0,0.0,0.0,0.0,1.1500000000000008,6.464051874821329e-12,0.5020075564124276,0.31355234963505396,0.41283531854260647,0.2200625304610835,0.0,
22.15,0.0,0.0,0.0,0.0,1.1666666666666674,5.817646687339196e-12,0.5014218809299464,0.30832647714113637,0.41793254076482866,0.21712836338826907,0.0,
22.166666666666668,0.0,0.0,0.0,0.0,1.183333333333334,5.235882018605276e-12,0.5008368887355281,0.3031877025221174,0.42303115187593976,0.21423331854309216,0.0,
22.183333333333334,0.0,0.0,0.0,0.0,1.2000000000000006,4.712293816744749e-12,0.5002525790320034,0.29813457414674877,0.42813115187593975,0.21137687429585092,0.0,
22.2,0.0,0.0,0.0,0.0,1.2166666666666672,4.241064435070274e-12,0.4996689510231327,0.29316566457763626,0.43323254076482864,0.20855851597190625,0.0,
22.216666666666665,0.0,0.0,0.0,0.0,1.2333333333333338,3.816957991563247e-12,0.4990860039136057,0.288279570168009,0.43833531854260643,0.2057777357589475,0.0,
22.233333333333334,0.0,0.0,0.0,0.0,1.2500000000000004,3.4352621924069223e-12,0.4985037369090398,0.28347491066520886,0.4434394852092731,0.20303403261549488,0.0,
22.25,0.0,0.0,0.0,0.0,1.266666666666667,3.0917359731662303e-12,0.49792214921597927,0.2787503288207887,0.44854504076482865,0.20032691218062162,0.0,
22.266666666666666,0.0,0.0,0.0,0.0,1.2833333333333337,2.7825623758496074e-12,0.49734124004189395,0.2741044900071089,0.4536519852092731,0.19765588668488,0.0,
22.28333333333333,0.0,0.0,0.0,0.0,1.3000000000000003,2.5043061382646465e-12,0.4967610085951784,0.26953608184032374,0.4587603185426064,0.19502047486241492,0.0,
22.3,0.0,0.0,0.0,0.0,1.3166666666666669,2.253875524438182e-12,0.4961814540851507,0.2650438138096517,0.46387004076482863,0.19242020186424938,0.0,
22.316666666666666,0.0,0.0,0.0,0.0,1.3333333333333335,2.0284879719943637e-12,0.49560257572205135,0.2606264169128242,0.46898115187593975,0.18985459917272604,0.0,
22.333333333333332,0.0,0.0,0.0,0.0,1.35,1.8256391747949273e-12,0.4950243727170423,0.2562826432976104,0.47409365187593977,0.1873232045170897,0.0,
22.35,0.0,0.0,0.0,0.0,1.3666666666666667,1.6430752573154347e-12,0.49444684428220576,0.2520112659093169,0.47920754076482863,0.18482556179019516,0.0,
22.366666666666667,0.0,0.0,0.0,0.0,1.3833333333333333,1.4787677315838912e-12,0.4938699896305432,0.2478110781441616,0.4843228185426064,0.1823612209663259,0.0,
22.383333333333333,0.0,0.0,0.0,0.0,1.4,1.3308909584255021e-12,0.4932938079759742,0.24368089350842556,0.48943948520927305,0.17992973802010823,0.0,
22.4,0.0,0.0,0.0,0.0,1.4166666666666665,1.197801862582952e-12,0.4927182985333356,0.23961954528328513,0.4945575407648286,0.17753067484650678,0.0,
22.416666666666668,0.0,0.0,0.0,0.0,1.4333333333333331,1.0780216763246567e-12,0.49214346051838004,0.2356258861952304,0.49967698520927306,0.1751635991818867,0.0,
22.433333333333334,0.0,0.0,0.0,0.0,1.4499999999999997,9.70219508692191e-13,0.49156929314777525,0.23169878809197655,0.5047978185426064,0.17282808452612822,0.0,
22.45,0.0,0.0,0.0,0.0,1.4666666666666663,8.731975578229718e-13,0.49099579563910284,0.22783714162377694,0.5099200407648287,0.17052371006577985,0.0,
22.466666666666665,0.0,0.0,0.0,0.0,1.483333333333333,7.858778020406747e-13,0.4904229672108572,0.22403985593004733,0.5150436518759398,0.1682500605982361,0.0,
22.483333333333334,0.0,0.0,0.0,0.0,1.4999999999999996,7.072900218366072e-13,0.48985080708244455,0.22030585833121322,0.5201686518759399,0.1660067264569263,0.0,
22.5,0.0,0.0,0.0,0.0,1.5166666666666662,6.365610196529464e-13,0.4892793144741817,0.216634094025693,0.5252950407648287,0.16379330343750062,0.0,
22.516666666666666,0.0,0.0,0.0,0.0,1.5333333333333328,5.729049176876518e-13,0.48870848860729516,0.21302352579193146,0.5304228185426064,0.1616093927250006,0.0,
22.53333333333333,0.0,0.0,0.0,0.0,1.5499999999999994,5.156144259188867e-13,0.48813832870392,0.20947313369539927,0.535551985209273,0.1594546008220006,0.0,
22.55,0.0,0.0,0.0,0.0,1.566666666666666,4.64052983326998e-13,0.48756883398709877,0.20598191480047595,0.5406825407648286,0.15732853947770728,0.0,
22.566666666666666,0.0,0.0,0.0,0.0,1.5833333333333326,4.1764768499429824e-13,0.4870000036807805,0.20254888288713468,0.545814485209273,0.15523082561800453,0.0,
22.583333333333332,0.0,0.0,0.0,0.0,1.5999999999999992,3.7588291649486844e-13,0.48643183700981957,0.19917306817234912,0.5509478185426063,0.15316108127643113,0.0,
22.6,0.0,0.0,0.0,0.0,1.6166666666666658,3.382946248453816e-13,0.4858643331999748,0.1958535170361433,0.5560825407648285,0.15111893352607872,0.0,
22.616666666666667,0.0,0.0,0.0,0.0,1.6333333333333324,3.0446516236084347e-13,0.4852974914779082,0.19258929175220757,0.5612186518759397,0.14910401441239768,0.0,
22.633333333333333,0.0,0.0,0.0,0.0,1.649999999999999,2.740186461247591e-13,0.48473131107118395,0.1893794702230041,0.5663561518759397,0.14711596088689904,0.0,
22.65,0.0,0.0,0.0,0.0,1.6666666666666656,2.4661678151228317e-13,0.4841657912082676,0.1862231457192874,0.5714950407648286,0.1451544147417404,0.0,
22.666666666666668,0.0,0.0,0.0,0.0,1.6833333333333322,2.2195510336105485e-13,0.4836009311185246,0.18311942662396594,0.5766353185426064,0.14321902254518387,0.0,
22.683333333333334,0.0,0.0,0.0,0.0,1.6999999999999988,1.9975959302494935e-13,0.48303673003221964,0.18006743618023316,0.5817769852092731,0.14130943557791475,0.0,
22.7,0.0,0.0,0.0,0.0,1.7166666666666655,1.797836337224544e-13,0.4824731871805154,0.17706631224389593,0.5869200407648287,0.13942530977020923,0.0,
22.716666666666665,0.0,0.0,0.0,0.0,1.733333333333332,1.6180527035020896e-13,0.48191030179547145,0.174115207039831,0.5920644852092731,0.13756630563993977,0.0,
22.733333333333334,0.0,0.0,0.0,0.0,1.7499999999999987,1.4562474331518805e-13,0.4813480731100434,0.17121328692250048,0.5972103185426064,0.13573208823140723,0.0,
22.75,0.0,0.0,0.0,0.0,1.7666666666666653,1.3106226898366925e-13,0.4807865003580817,0.16835973214045882,0.6023575407648286,0.13392232705498847,0.0,
22.766666666666666,0.0,0.0,0.0,0.0,1.7833333333333319,1.1795604208530232e-13,0.4802255827743306,0.1655537366047845,0.6075061518759397,0.13213669602758862,0.0,
22.78333333333333,0.0,0.0,0.0,0.0,1.7999999999999985,1.0616043787677208e-13,0.4796653195944272,0.16279450766137143,0.6126561518759397,0.13037487341388745,0.0,
22.8,0.0,0.0,0.0,0.0,1.816666666666665,9.554439408909488e-14,0.4791057100549004,0.16008126586701524,0.6178075407648286,0.12863654176836894,0.0,
22.816666666666666,0.0,0.0,0.0,0.0,1.8333333333333317,8.59899546801854e-14,0.47854675339316965,0.15741324476923166,0.6229603185426064,0.12692138787812401,0.0,
22.833333333333332,0.0,0.0,0.0,0.0,1.8499999999999983,7.739095921216685e-14,0.47798844884754427,0.15478969068974446,0.628114485209273,0.12522910270641568,0.0,
22.85,0.0,0.0,0.0,0.0,1.866666666666665,6.965186329095016e-14,0.47743079565722213,0.15220986251158206,0.6332700407648286,0.12355938133699682,0.0,
22.866666666666667,0.0,0.0,0.0,0.0,1.8833333333333315,6.268667696185515e-14,0.4768737930622887,0.14967303146972236,0.6384269852092731,0.12191192291917019,0.0,
22.883333333333333,0.0,0.0,0.0,0.0,1.8999999999999981,5.6418009265669634e-14,0.47631744030371603,0.14717848094522698,0.6435853185426065,0.12028643061358125,0.0,
22.9,0.0,0.0,0.0,0.0,1.9166666666666647,5.077620833910267e-14,0.4757617366233617,0.14472550626280653,0.6487450407648288,0.11868261153873351,0.0,
22.916666666666668,0.0,0.0,0.0,0.0,1.9333333333333313,4.5698587505192405e-14,0.47520668126396776,0.14231341449175974,0.6539061518759398,0.11710017671821707,0.0,
22.933333333333334,0.0,0.0,0.0,0.0,1.949999999999998,4.112872875467316e-14,0.4746522734691598,0.1399415242502304,0.6590686518759398,0.11553884102864084,0.0,
22.95,0.0,0.0,0.0,0.0,1.9666666666666646,3.701585587920585e-14,0.47409851248344576,0.13760916551272656,0.6642325407648286,0.11399832314825896,0.0,
22.966666666666665,0.0,0.0,0.0,0.0,1.9833333333333312,3.331427029128526e-14,0.4735453975522151,0.1353156794208478,0.6693978185426064,0.11247834550628218,0.0,
22.983333333333334,0.0,0.0,0.0,0.0,1.9999999999999978,2.998284326215674e-14,0.4729929279217375,0.133060418097167,0.674564485209273,0.11097863423286508,0.0,
23.0,0.0,0.0,0.0,0.0,2.0166666666666644,2.6984558935941063e-14,0.4724411028391622,0.13084274446221422,0.16993313519120715,0.6028322524430936,0.0,response_ready
23.016666666666666,0.0,0.0,0.0,0.0,2.033333333333331,2.4286103042346957e-14,0.4718899215525165,0.12866203205451066,0.1751025796356516,0.5947944890771857,0.0,
23.03333333333333,0.0,0.0,0.0,0.0,2.0499999999999976,2.185749273811226e-14,0.47133938331070524,0.12651766485360214,0.18027341296898491,0.5868638958894898,0.0,
23.05,0.0,0.0,0.0,0.0,2.066666666666664,1.9671743464301035e-14,0.4707894873635094,0.1244090371060421,0.18544563519120713,0.5790390439442966,0.0,
23.066666666666666,0.0,0.0,0.0,0.0,2.083333333333331,1.770456911787093e-14,0.4702402329615853,0.12233555315427473,0.19061924630231825,0.5713185233583726,0.0,
23.083333333333332,0.0,0.0,0.0,0.0,2.0999999999999974,1.593411220608384e-14,0.4696916193564634,0.12029662726837015,0.19579424630231823,0.5637009430469276,0.0,
23.1,0.0,0.0,0.0,0.0,2.116666666666664,1.4340700985475457e-14,0.46914364580054757,0.11829168348056399,0.20097063519120711,0.5561849304729686,0.0,
23.116666666666667,0.0,0.0,0.0,0.0,2.1333333333333306,1.2906630886927912e-14,0.4685963115471136,0.11632015542255458,0.2061484129689849,0.5487691313999956,0.0,
23.133333333333333,0.0,0.0,0.0,0.0,2.1499999999999972,1.161596779823512e-14,0.46804961585030863,0.11438148616551201,0.21132757963565157,0.5414522096479957,0.0,
23.15,0.0,0.0,0.0,0.0,2.166666666666664,1.0454371018411607e-14,0.4675035579651499,0.11247512806275348,0.21650813519120712,0.534232846852689,0.0,
23.166666666666668,0.0,0.0,0.0,0.0,2.1833333333333305,9.408933916570447e-15,0.46695813714752393,0.11060054259504092,0.22169007963565157,0.5271097422279865,0.0,
23.183333333333334,0.0,0.0,0.0,0.0,2.199999999999997,8.468040524913401e-15,0.46641335265418515,0.1087572002184569,0.22687341296898492,0.5200816123316133,0.0,
23.2,0.0,0.0,0.0,0.0,2.2166666666666637,7.621236472422062e-15,0.46586920374275526,0.10694458021481595,0.23205813519120713,0.5131471908338585,0.0,
23.216666666666665,0.0,0.0,0.0,0.0,2.2333333333333303,6.859112825179855e-15,0.46532568967172205,0.10516217054456903,0.23724424630231825,0.506305228289407,0.0,
23.233333333333334,0.0,0.0,0.0,0.0,2.249999999999997,6.17320154266187e-15,0.4647828097004384,0.10340946770215954,0.24243174630231826,0.49955449191221496,0.0,
23.25,0.0,0.0,0.0,0.0,2.2666666666666635,5.555881388395683e-15,0.4642405630891212,0.10168597657379022,0.24762063519120714,0.4928937653533854,0.0,
23.266666666666666,0.0,0.0,0.0,0.0,2.28333333333333,5.000293249556114e-15,0.46369894909885057,0.09999121029756039,0.2528109129689849,0.48632184848200694,0.0,
23.28333333333333,0.0,0.0,0.0,0.0,2.2999999999999967,4.500263924600503e-15,0.4631579669915686,0.09832469012593438,0.25800257963565154,0.4798375571689135,0.0,
23.3,0.0,0.0,0.0,0.0,2.3166666666666633,4.050237532140453e-15,0.4626176160300784,0.09668594529050215,0.2631956351912071,0.473439723073328,0.0,
23.316666666666666,0.0,0.0,0.0,0.0,2.33333333333333,3.645213778926408e-15,0.4620778954780433,0.09507451286899378,0.26839007963565154,0.46712719343235026,0.0,
23.333333333333332,0.0,0.0,0.0,0.0,2.3499999999999965,3.2806924010337667e-15,0.4615388045999856,0.09348993765451055,0.2735859129689849,0.4608988308532523,0.0,
23.35,0.0,0.0,0.0,0.0,2.366666666666663,2.95262316093039e-15,0.4610003426612856,0.09193177202693538,0.2787831351912071,0.45475351310854223,0.0,
23.366666666666667,0.0,0.0,0.0,0.0,2.3833333333333298,2.657360844837351e-15,0.46046250892818075,0.09039957582648646,0.2839817463023182,0.44869013293376164,0.0,
23.383333333333333,0.0,0.0,0.0,0.0,2.3999999999999964,2.3916247603536163e-15,0.45992530266776455,0.08889291622937835,0.2891817463023182,0.44270759782797814,0.0,
23.4,0.0,0.0,0.0,0.0,2.416666666666663,2.1524622843182544e-15,0.4593887231479855,0.08741136762555538,0.29438313519120707,0.4368048298569384,0.0,
23.416666666666668,0.0,0.0,0.0,0.0,2.4333333333333296,1.937216055886429e-15,0.4588527696376462,0.08595451149846278,0.29958591296898485,0.4309807654588459,0.0,
23.433333333333334,0.0,0.0,0.0,0.0,2.449999999999996,1.7434944502977862e-15,0.4583174414064023,0.08452193630682174,0.3047900796356515,0.42523435525272796,0.0,
23.45,0.0,0.0,0.0,0.0,2.466666666666663,1.5691450052680076e-15,0.45778273772476147,0.08311323736837471,0.3099956351912071,0.41956456384935825,0.0,
23.466666666666665,0.0,0.0,0.0,0.0,2.4833333333333294,1.4122305047412069e-15,0.4572486578640826,0.08172801674556847,0.31520257963565157,0.41397036966470013,0.0,
23.483333333333334,0.0,0.0,0.0,0.0,2.499999999999996,1.271007454267086e-15,0.4567152010965745,0.08036588313314233,0.3204109129689849,0.40845076473583747,0.0,
23.5,0.0,0.0,0.0,0.0,2.5166666666666626,1.1439067088403775e-15,0.45618236669529516,0.07902645174758996,0.3256206351912071,0.40300475453935963,0.0,
23.516666666666666,0.0,0.0,0.0,0.0,2.533333333333329,1.0295160379563398e-15,0.45565015393415065,0.07770934421846346,0.3308317463023182,0.3976313578121682,0.0,
23.53333333333333,0.0,0.0,0.0,0.0,2.549999999999996,9.265644341607058e-16,0.45511856208789414,0.07641418848148906,0.3360442463023182,0.3923296063746726,0.0,
23.55,0.0,0.0,0.0,0.0,2.5666666666666624,8.339079907446352e-16,0.45458759043212493,0.07514061867346425,0.3412581351912071,0.38709854495634366,0.0,
23.566666666666666,0.0,0.0,0.0,0.0,2.583333333333329,7.505171916701717e-16,0.4540572382432875,0.0738882750289065,0.34647341296898493,0.3819372310235924,0.0,
23.583333333333332,0.0,0.0,0.0,0.0,2.5999999999999956,6.754654725031545e-16,0.4535275047986703,0.07265680377842473,0.3516900796356516,0.3768447346099445,0.0,
23.6,0.0,0.0,0.0,0.0,2.6166666666666623,6.07918925252839e-16,0.4529983893764052,0.07144585704878433,0.3569081351912071,0.3718201381484786,0.0,
23.616666666666667,0.0,0.0,0.0,0.0,2.633333333333329,5.471270327275551e-16,0.45246989125546605,0.07025509276463791,0.36212757963565156,0.36686253630649884,0.0,
23.633333333333333,0.0,0.0,0.0,0.0,2.6499999999999955,4.924143294547996e-16,0.451942009715668,0.06908417455189395,0.3673484129689849,0.3619710358224122,0.0,
23.65,0.0,0.0,0.0,0.0,2.666666666666662,4.431728965093197e-16,0.4514147440376664,0.06793277164269572,0.37257063519120714,0.35714475534478,0.0,
23.666666666666668,0.0,0.0,0.0,0.0,2.6833333333333287,3.988556068583877e-16,0.4508880935029558,0.06680055878198413,0.3777942463023183,0.3523828252735163,0.0,
23.683333333333334,0.0,0.0,0.0,0.0,2.6999999999999953,3.5897004617254893e-16,0.450362057393869,0.06568721613561772,0.38301924630231826,0.34768438760320275,0.0,
23.7,0.0,0.0,0.0,0.0,2.716666666666662,3.2307304155529404e-16,0.4498366349935761,0.06459242920002409,0.38824563519120714,0.3430485957684934,0.0,
23.716666666666665,0.0,0.0,0.0,0.0,2.7333333333333285,2.9076573739976464e-16,0.4493118255860836,0.06351588871335702,0.3934734129689849,0.3384746144915802,0.0,
23.733333333333334,0.0,0.0,0.0,0.0,2.749999999999995,2.6168916365978816e-16,0.4487876284562332,0.0624572905681344,0.3987025796356516,0.33396161963169246,0.0,
23.75,0.0,0.0,0.0,0.0,2.7666666666666617,2.3552024729380934e-16,0.44826404288970095,0.06141633572533216,0.40393313519120716,0.3295087980366032,0.0,
23.766666666666666,0.0,0.0,0.0,0.0,2.7833333333333283,2.119682225644284e-16,0.4477410681729963,0.060392730129909956,0.40916507963565163,0.3251153473961152,0.0,
23.78333333333333,0.0,0.0,0.0,0.0,2.799999999999995,1.9077140030798558e-16,0.44721870359346116,0.05938618462774479,0.41439841296898494,0.3207804760975003,0.0,
23.8,0.0,0.0,0.0,0.0,2.8166666666666615,1.7169426027718702e-16,0.44669694843926877,0.05839641488394904,0.41963313519120715,0.316503403082867,0.0,
23.816666666666666,0.0,0.0,0.0,0.0,2.833333333333328,1.5452483424946833e-16,0.44617580199942297,0.05742314130254989,0.42486924630231826,0.3122833577084288,0.0,
23.833333333333332,0.0,0.0,0.0,0.0,2.8499999999999948,1.390723508245215e-16,0.44565526356375695,0.0564660889475074,0.43010674630231827,0.30811957960564973,0.0,
23.85,0.0,0.0,0.0,0.0,2.8666666666666614,1.2516511574206934e-16,0.4451353324229326,0.05552498746504894,0.43534563519120717,0.30401131854424107,0.0,
23.866666666666667,0.0,0.0,0.0,0.0,2.883333333333328,1.126486041678624e-16,0.44461600786843913,0.05459957100729813,0.44058591296898497,0.2999578342969845,0.0,
23.883333333333333,0.0,0.0,0.0,0.0,2.8999999999999946,1.0138374375107617e-16,0.4440972891925926,0.05368957815717649,0.4458275796356516,0.2959583965063581,0.0,
23.9,0.0,0.0,0.0,0.0,2.916666666666661,9.124536937596855e-17,0.4435791756885346,0.05279475185455688,0.45107063519120716,0.29201228455294,0.0,
23.916666666666668,0.0,0.0,0.0,0.0,2.933333333333328,8.212083243837169e-17,0.44306166665023133,0.0519148393236476,0.4563150796356516,0.28811878742556746,0.0,
23.933333333333334,0.0,0.0,0.0,0.0,2.9499999999999944,7.390874919453451e-17,0.44254476137247273,0.051049592001586805,0.46156091296898494,0.28427720359322656,0.0,
23.95,0.0,0.0,0.0,0.0,2.966666666666661,6.651787427508106e-17,0.4420284591508715,0.050198765468227026,0.4668081351912072,0.2804868408786502,0.0,
23.966666666666665,0.0,0.0,0.0,0.0,2.9833333333333276,5.986608684757296e-17,0.4415127592818622,0.04936211937708991,0.4720567463023183,0.27674701633360155,0.0,
23.983333333333334,0.0,0.0,0.0,0.0,2.9999999999999942,5.3879478162815664e-17,0.4409976610627,0.048539417387471744,0.4773067463023183,0.2730570561158202,0.0,
24.0,0.0,0.0,0.0,0.0,3.016666666666661,4.84915303465341e-17,0.4404831637914602,0.04773042709768055,0.48255813519120716,0.26941629536760925,0.0,
24.016666666666666,0.0,0.0,0.0,0.0,3.0333333333333274,4.364237731188069e-17,0.4399692667670368,0.046934919979385877,0.48781091296898493,0.26582407809604114,0.0,
24.03333333333333,0.0,0.0,0.0,0.0,3.049999999999994,3.927813958069262e-17,0.43945596928914193,0.046152671313062776,0.4930650796356516,0.2622797570547606,0.0,
24.05,0.0,0.0,0.0,0.0,3.0666666666666607,3.535032562262336e-17,0.43894327065830463,0.04538346012451173,0.4983206351912072,0.2587826936273638,0.0,
24.066666666666666,0.0,0.0,0.0,0.0,3.0833333333333273,3.181529306036102e-17,0.43843117017586997,0.04462706912243653,0.5035775796356516,0.25533225771233226,0.0,
24.083333333333332,0.0,0.0,0.0,0.0,3.099999999999994,2.863376375432492e-17,0.4379196671439981,0.04388328463706259,0.508835912968985,0.25192782760950116,0.0,
24.1,0.0,0.0,0.0,0.0,3.1166666666666605,2.577038737889243e-17,0.43740876086566344,0.04315189655977821,0.5140956351912073,0.24856878990804115,0.0,
24.116666666666667,0.0,0.0,0.0,0.0,3.133333333333327,2.3193348641003186e-17,0.4368984506446535,0.042432698283781906,0.5193567463023184,0.24525453937593394,0.0,
24.133333333333333,0.0,0.0,0.0,0.0,3.1499999999999937,2.0874013776902868e-17,0.4363887357855681,0.04172548664571887,0.5246192463023184,0.2419844788509215,0.0,
24.15,0.0,0.0,0.0,0.0,3.1666666666666603,1.878661239921258e-17,0.43587961559381827,0.041030061868290224,0.5298831351912072,0.23875801913290923,0.0,
24.166666666666668,0.0,0.0,0.0,0.0,3.183333333333327,1.6907951159291324e-17,0.43537108937562546,0.04034622750381872,0.535148412968985,0.23557457887780378,0.0,
24.183333333333334,0.0,0.0,0.0,0.0,3.1999999999999935,1.5217156043362192e-17,0.4348631564380206,0.039673790378755076,0.5404150796356516,0.2324335844927664,0.0,
24.2,0.0,0.0,0.0,0.0,3.21666666666666,1.3695440439025973e-17,0.4343558160888429,0.03901256053910916,0.5456831351912071,0.22933447003286286,0.0,
24.216666666666665,0.0,0.0,0.0,0.0,3.2333333333333267,1.2325896395123376e-17,0.43384906763673925,0.03836235119679068,0.5509525796356516,0.22627667709909136,0.0,
24.233333333333334,0.0,0.0,0.0,0.0,3.2499999999999933,1.1093306755611038e-17,0.43334291039116307,0.03772297867684417,0.5562234129689849,0.22325965473777012,0.0,
24.25,0.0,0.0,0.0,0.0,3.26666666666666,9.983976080049934e-18,0.43283734366237336,0.03709426236556343,0.5614956351912072,0.2202828593412665,0.0,
24.266666666666666,0.0,0.0,0.0,0.0,3.2833333333333266,8.98557847204494e-18,0.43233236676143394,0.0364760246594707,0.5667692463023183,0.21734575455004962,0.0,
24.28333333333333,0.0,0.0,0.0,0.0,3.299999999999993,8.087020624840446e-18,0.43182797900021225,0.03586809091514619,0.5720442463023183,0.21444781115604897,0.0,
24.3,0.0,0.0,0.0,0.0,3.3166666666666598,7.278318562356401e-18,0.43132417969137865,0.03527028939989375,0.5773206351912072,0.34972184034063497,0.0,micro_nod_ready
24.316666666666666,0.0,0.0,0.0,0.0,3.3333333333333264,6.550486706120761e-18,0.43082096814840537,0.03468245124322886,0.5825984129689851,0.3450588824694265,0.0,
24.333333333333332,0.0,0.0,0.0,0.0,3.349999999999993,5.895438035508685e-18,0.43031834368556554,0.03410441038917504,0.5878775796356517,0.3404580973698342,0.0,
24.35,0.0,0.0,0.0,0.0,3.3666666666666596,5.305894231957816e-18,0.4298163056179324,0.03353600354935546,0.5931581351912072,0.33591865607156973,0.0,
24.366666666666667,0.0,0.0,0.0,0.0,3.383333333333326,4.7753048087620346e-18,0.42931485326137814,0.0329770701568662,0.5984400796356516,0.33143974065728216,0.0,
24.383333333333333,0.0,0.0,0.0,0.0,3.399999999999993,4.297774327885831e-18,0.4288139859325732,0.032427452320918426,0.6037234129689849,0.32702054411518505,0.0,
24.4,0.0,0.0,0.0,0.0,3.4166666666666594,3.867996895097248e-18,0.4283137029489852,0.03188699478223645,0.6090081351912071,0.32266027019364923,0.0,
24.416666666666668,0.0,0.0,0.0,0.0,3.433333333333326,3.481197205587523e-18,0.42781400362887806,0.03135554486919918,0.6142942463023182,0.31835813325773393,0.0,
24.433333333333334,0.0,0.0,0.0,0.0,3.4499999999999926,3.1330774850287706e-18,0.427314887291311,0.030832952454712525,0.6195817463023182,0.3141133581476308,0.0,
24.45,0.0,0.0,0.0,0.0,3.4666666666666592,2.8197697365258936e-18,0.4268163532561378,0.03031906991380065,0.6248706351912071,0.3099251800389957,0.0,
24.466666666666665,0.0,0.0,0.0,0.0,3.483333333333326,2.537792762873304e-18,0.42631840084400563,0.029813752081903972,0.6301609129689849,0.3057928443051424,0.0,
24.483333333333334,0.0,0.0,0.0,0.0,3.4999999999999925,2.2840134865859737e-18,0.4258210293763543,0.029316856213872238,0.6354525796356516,0.30171560638107386,0.0,
24.5,0.0,0.0,0.0,0.0,3.516666666666659,2.055612137927376e-18,0.4253242381754152,0.028828241943641034,0.6407456351912072,0.2976927316293262,0.0,
24.516666666666666,0.0,0.0,0.0,0.0,3.5333333333333257,1.8500509241346385e-18,0.42482802656421054,0.02834777124458035,0.6460400796356517,0.2937234952076018,0.0,
24.53333333333333,0.0,0.0,0.0,0.0,3.5499999999999923,1.6650458317211746e-18,0.4243323938665523,0.02787530839050401,0.6513359129689851,0.2898071819381671,0.0,
24.55,0.0,0.0,0.0,0.0,3.566666666666659,1.4985412485490572e-18,0.4238373394070413,0.027410719917328942,0.6566331351912073,0.28594308617899156,0.0,
24.566666666666666,0.0,0.0,0.0,0.0,3.5833333333333255,1.3486871236941514e-18,0.42334286251106645,0.02695387458537346,0.6619317463023183,0.282130511696605,0.0,
24.583333333333332,0.0,0.0,0.0,0.0,3.599999999999992,1.2138184113247364e-18,0.4228489625048035,0.026504643342283904,0.6672317463023183,0.2783687715406503,0.0,
24.6,0.0,0.0,0.0,0.0,3.6166666666666587,1.0924365701922628e-18,0.4223556387152146,0.02606289928657917,0.6725331351912072,0.2746571879201083,0.0,
24.616666666666667,0.0,0.0,0.0,0.0,3.6333333333333253,9.831929131730365e-19,0.4218628904700468,0.02562851763180285,0.6778359129689849,0.2709950920811735,0.0,
24.633333333333333,0.0,0.0,0.0,0.0,3.649999999999992,8.84873621855733e-19,0.42137071709783175,0.025201375671272803,0.6831400796356516,0.2673818241867579,0.0,
24.65,0.0,0.0,0.0,0.0,3.6666666666666585,7.963862596701596e-19,0.4208791179278843,0.024781352743418257,0.6884456351912072,0.2638167331976011,0.0,
24.666666666666668,0.0,0.0,0.0,0.0,3.683333333333325,7.167476337031436e-19,0.4203880922903018,0.024368330197694618,0.6937525796356516,0.26029917675496644,0.0,
24.683333333333334,0.0,0.0,0.0,0.0,3.6999999999999917,6.450728703328292e-19,0.4198976395159631,0.023962191361066375,0.699060912968985,0.25682852106490023,0.0,
24.7,0.0,0.0,0.0,0.0,3.7166666666666583,5.805655832995463e-19,0.4194077589365278,0.0235628215050486,0.7043706351912072,0.2534041407840349,0.0,
24.716666666666665,0.0,0.0,0.0,0.0,3.733333333333325,5.225090249695916e-19,0.4189184498844352,0.023170107813297793,0.7096817463023184,0.25002541890691443,0.0,
24.733333333333334,0.0,0.0,0.0,0.0,3.7499999999999916,4.702581224726325e-19,0.4184297116929034,0.022783939349742828,0.7149942463023184,0.24669174665482224,0.0,
24.75,0.0,0.0,0.0,0.0,3.766666666666658,4.232323102253693e-19,0.41794154369592834,0.022404207027247113,0.7203081351912073,0.24340252336609128,0.0,
24.766666666666666,0.0,0.0,0.0,0.0,3.7833333333333248,3.8090907920283235e-19,0.4174539452282831,0.022030803576792993,0.725623412968985,0.2401571563878767,0.0,
24.78333333333333,0.0,0.0,0.0,0.0,3.7999999999999914,3.428181712825491e-19,0.4169669156255168,0.021663623517179778,0.7309400796356517,0.2369550609693717,0.0,
24.8,0.0,0.0,0.0,0.0,3.816666666666658,3.085363541542942e-19,0.4164804542239537,0.02130256312522678,0.7362581351912072,0.23379566015644673,0.0,
24.816666666666666,0.0,0.0,0.0,0.0,3.8333333333333246,2.776827187388648e-19,0.41599456036069243,0.020947520406473002,0.7415775796356516,0.2306783846876941,0.0,
24.833333333333332,0.0,0.0,0.0,0.0,3.849999999999991,2.499144468649783e-19,0.41550923337360496,0.020598395066365117,0.746898412968985,0.22760267289185818,0.0,
24.85,0.0,0.0,0.0,0.0,3.866666666666658,2.249230021784805e-19,0.41502447260133574,0.020255088481925698,0.7522206351912072,0.22456797058663341,0.0,
24.866666666666667,0.0,0.0,0.0,0.0,3.8833333333333244,2.0243070196063246e-19,0.41454027738330085,0.019917503673893604,0.7575442463023183,0.22157373097881164,0.0,
24.883333333333333,0.0,0.0,0.0,0.0,3.899999999999991,1.8218763176456922e-19,0.414056647059687,0.01958554527932871,0.7628692463023183,0.2186194145657608,0.0,
24.9,0.0,0.0,0.0,0.0,3.9166666666666576,1.639688685881123e-19,0.4135735809714507,0.01925911952467323,0.7681956351912073,0.21570448903821735,0.0,
24.916666666666668,0.0,0.0,0.0,0.0,3.9333333333333242,1.4757198172930108e-19,0.41309107846031734,0.01893813419926201,0.7735234129689851,0.21282842918437445,0.0,
24.933333333333334,0.0,0.0,0.0,0.0,3.949999999999991,1.3281478355637098e-19,0.4126091388687803,0.018622498629274307,0.7788525796356518,0.20999071679524944,0.0,
24.95,0.0,0.0,0.0,0.0,3.9666666666666575,1.1953330520073387e-19,0.41212776154010006,0.018312123652119736,0.7841831351912073,0.2071908405713128,0.0,
24.966666666666665,0.0,0.0,0.0,0.0,3.983333333333324,1.0757997468066049e-19,0.4116469458183033,0.018006921591251075,0.7895150796356517,0.20442829603036194,0.0,
24.983333333333334,0.0,0.0,0.0,0.0,3.9999999999999907,9.682197721259443e-20,0.41116669104818193,0.01770680623139689,0.794848412968985,0.20170258541662378,0.0,
25.0,0.0,0.0,0.0,0.0,4.016666666666658,8.713977949133499e-20,0.4106869965752924,0.017411692794206943,0.8001831351912072,0.1990132176110688,0.0,
25.016666666666666,0.0,0.0,0.0,0.0,4.033333333333324,7.842580154220149e-20,0.4102078617459545,0.017121497914303493,0.8055192463023183,0.19635970804292122,0.0,
25.03333333333333,0.0,0.0,0.0,0.0,4.049999999999991,7.058322138798134e-20,0.40972928590725094,0.016836139615731768,0.8108567463023183,0.19374157860234895,0.0,
25.05,0.0,0.0,0.0,0.0,4.0666666666666575,6.35248992491832e-20,0.4092512684070258,0.016555537288802904,0.8161956351912072,0.19115835755431762,0.0,
25.066666666666666,0.0,0.0,0.0,0.0,4.083333333333324,5.717240932426488e-20,0.4087738085938843,0.016279611667322856,0.821535912968985,0.18860957945359338,0.0,
25.083333333333332,0.0,0.0,0.0,0.0,4.099999999999991,5.145516839183839e-20,0.4082969058171914,0.01600828480620081,0.8268775796356517,0.18609478506087881,0.0,
25.1,0.0,0.0,0.0,0.0,4.116666666666657,4.630965155265455e-20,0.40782055942707135,0.015741480059430796,0.8322206351912073,0.1836135212600671,0.0,
25.116666666666667,0.0,0.0,0.0,0.0,4.133333333333324,4.1678686397389096e-20,0.40734476877440645,0.015479122058440282,0.8375650796356517,0.18116534097659956,0.0,
25.133333333333333,0.0,0.0,0.0,0.0,4.149999999999991,3.751081775765019e-20,0.4068695332108363,0.01522113669079961,0.8429109129689851,0.17874980309691157,0.0,
25.15,0.0,0.0,0.0,0.0,4.166666666666657,3.375973598188517e-20,0.406394852088757,0.014967451079286284,0.8482581351912073,0.17636647238895276,0.0,
25.166666666666668,0.0,0.0,0.0,0.0,4.183333333333324,3.0383762383696656e-20,0.4059207247613201,0.014717993561298178,0.8536067463023184,0.1740149194237667,0.0,
25.183333333333334,0.0,0.0,0.0,0.0,4.19999999999999,2.734538614532699e-20,0.40544715058243186,0.014472693668609876,0.8589567463023183,0.1716947204981165,0.0,
25.2,0.0,0.0,0.0,0.0,4.216666666666657,2.461084753079429e-20,0.40497412890675233,0.014231482107466378,0.8643081351912072,0.1694054575581416,0.0,
25.216666666666665,0.0,0.0,0.0,0.0,4.233333333333324,2.214976277771486e-20,0.40450165908969443,0.013994290739008606,0.869660912968985,0.16714671812403303,0.0,
25.233333333333334,0.0,0.0,0.0,0.0,4.24999999999999,1.9934786499943373e-20,0.40402974048742313,0.013761052560025128,0.8750150796356516,0.1649180952157126,0.0,
25.25,0.0,0.0,0.0,0.0,4.266666666666657,1.7941307849949037e-20,0.40355837245685444,0.013531701684024709,0.8803706351912072,0.1627191872795031,0.0,
25.266666666666666,0.0,0.0,0.0,0.0,4.2833333333333234,1.6147177064954134e-20,0.4030875543556548,0.013306173322624296,0.8857275796356516,0.1605495981157764,0.0,
25.28333333333333,0.0,0.0,0.0,0.0,4.29999999999999,1.453245935845872e-20,0.40261728554223986,0.013084403767247225,0.891085912968985,0.15840893680756604,0.0,
25.3,0.0,0.0,0.0,0.0,4.316666666666657,1.3079213422612847e-20,0.4021475653757739,0.012866330371126439,0.8964456351912072,0.15629681765013181,0.0,
25.316666666666666,0.0,0.0,0.0,0.0,4.333333333333323,1.1771292080351562e-20,0.4016783932161688,0.012651891531607664,0.9018067463023184,0.1542128600814634,0.0,
25.333333333333332,0.0,0.0,0.0,0.0,4.34999999999999,1.0594162872316406e-20,0.4012097684240833,0.012441026672747537,0.9071692463023184,0.15215668861371057,0.0,
25.35,0.0,0.0,0.0,0.0,4.3666666666666565,9.534746585084766e-21,0.4007416903609219,0.012233676228201745,0.9125331351912073,0.15012793276552777,0.0,
25.366666666666667,0.0,0.0,0.0,0.0,4.383333333333323,8.581271926576289e-21,0.4002741583888341,0.012029781624398382,0.917898412968985,0.14812622699532074,0.0,
25.383333333333333,0.0,0.0,0.0,0.0,4.39999999999999,7.72314473391866e-21,0.3998071718707138,0.011829285263991742,0.9232650796356516,0.14615121063538314,0.0,
25.4,0.0,0.0,0.0,0.0,4.416666666666656,6.950830260526795e-21,0.39934073017019794,0.01163213050959188,0.9286331351912072,0.14420252782691137,0.0,
25.416666666666668,0.0,0.0,0.0,0.0,4.433333333333323,6.255747234474115e-21,0.39887483265166607,0.011438261667765348,0.9340025796356516,0.14227982745588588,0.0,
25.433333333333334,0.0,0.0,0.0,0.0,4.4499999999999895,5.630172511026703e-21,0.3984094786802391,0.011247623973302593,0.9393734129689849,0.1403827630898074,0.0,
25.45,0.0,0.0,0.0,0.0,4.466666666666656,5.067155259924033e-21,0.3979446676217788,0.011060163573747549,0.9447456351912071,0.13851099291527663,0.0,
25.466666666666665,0.0,0.0,0.0,0.0,4.483333333333323,4.5604397339316296e-21,0.3974803988428868,0.01087582751418509,0.9501192463023183,0.1366641796764063,0.0,
25.483333333333334,0.0,0.0,0.0,0.0,4.499999999999989,4.104395760538467e-21,0.3970166717109034,0.010694563722282006,0.9554942463023183,0.1348419906140542,0.0,
25.5,0.0,0.0,0.0,0.0,4.516666666666656,3.6939561844846205e-21,0.39655348559390735,0.010516320993577306,0.9608706351912072,0.1330440974058668,0.0,
25.516666666666666,0.0,0.0,0.0,0.0,4.533333333333323,3.3245605660361586e-21,0.39609083986071447,0.010341048977017684,0.966248412968985,0.1312701761071219,0.0,
25.53333333333333,0.0,0.0,0.0,0.0,4.549999999999989,2.9921045094325426e-21,0.395628733880877,0.010168698160734057,0.9716275796356517,0.12951990709236028,0.0,
25.55,0.0,0.0,0.0,0.0,4.566666666666656,2.6928940584892885e-21,0.39516716702468263,0.009999219858055155,0.9770081351912072,0.12779297499779546,0.0,
25.566666666666666,0.0,0.0,0.0,0.0,4.583333333333322,2.4236046526403597e-21,0.39470613866315385,0.009832566193754236,0.9823900796356516,0.12608906866449152,0.0,
25.583333333333332,0.0,0.0,0.0,0.0,4.599999999999989,2.1812441873763235e-21,0.39424564816804686,0.009668690090524998,0.9877734129689849,0.12440788108229829,0.0,
25.6,0.0,0.0,0.0,0.0,4.616666666666656,1.963119768638691e-21,0.3937856949118508,0.009507545255682915,0.9931581351912071,0.12274910933453431,0.0,
25.616666666666667,0.0,0.0,0.0,0.0,4.633333333333322,1.766807791774822e-21,0.39332627826778693,0.009349086168088199,0.9985442463023182,0.12111245454340719,0.0,
25.633333333333333,0.0,0.0,0.0,0.0,4.649999999999989,1.5901270125973397e-21,0.3928673976098078,0.009193268065286728,1.0,0.11949762181616176,0.0,
25.65,0.0,0.0,0.0,0.0,4.666666666666655,1.4311143113376057e-21,0.3924090523125964,0.009040046930865284,1.0,0.11790432019194627,0.0,
25.666666666666668,0.0,0.0,0.0,0.0,4.683333333333322,1.2880028802038452e-21,0.39195124175156504,0.00888937948201753,1.0,0.11633226258938699,0.0,
25.683333333333334,0.0,0.0,0.0,0.0,4.699999999999989,1.1592025921834606e-21,0.39149396530285485,0.008741223157317237,1.0,0.11478116575486183,0.0,
25.7,0.0,0.0,0.0,0.0,4.716666666666655,1.0432823329651146e-21,0.3910372223433349,0.008595536104695283,1.0,0.11325075021146368,0.0,
25.716666666666665,0.0,0.0,0.0,0.0,4.733333333333322,9.389540996686031e-22,0.390581012250601,0.008452277169617028,1.0,0.11174074020864416,0.0,
25.733333333333334,0.0,0.0,0.0,0.0,4.7499999999999885,8.450586897017428e-22,0.3901253344029753,0.008311405883456744,1.0,0.11025086367252891,0.0,
25.75,0.0,0.0,0.0,0.0,4.766666666666655,7.605528207315685e-22,0.38967018817950516,0.008172882452065799,1.0,0.10878085215689519,0.0,
25.766666666666666,0.0,0.0,0.0,0.0,4.783333333333322,6.844975386584117e-22,0.3892155729599624,0.00803666774453137,1.0,0.10733044079480325,0.0,
25.78333333333333,0.0,0.0,0.0,0.0,4.799999999999988,6.160477847925705e-22,0.38876148812484246,0.007902723282122513,1.0,0.10589936825087254,0.0,
25.8,0.0,0.0,0.0,0.0,4.816666666666655,5.544430063133134e-22,0.3883079330553635,0.007771011227420472,1.0,0.10448737667419424,0.0,
25.816666666666666,0.0,0.0,0.0,0.0,4.8333333333333215,4.989987056819821e-22,0.38785490713346554,0.007641494373630131,1.0,0.10309421165187165,0.0,
25.833333333333332,0.0,0.0,0.0,0.0,4.849999999999988,4.490988351137838e-22,0.38740240974180984,0.007514136134069629,1.0,0.10171962216318002,0.0,
25.849999999999998,0.0,0.0,0.0,0.0,4.866666666666655,4.0418895160240544e-22,0.38695044026377773,0.007388900531835135,1.0,0.10036336053433761,0.0,
25.866666666666667,0.0,0.0,0.0,0.0,4.883333333333321,3.637700564421649e-22,0.38649899808347,0.007265752189637883,1.0,0.09902518239387978,0.0,
25.883333333333333,0.0,0.0,0.0,0.0,4.899999999999988,3.273930507979484e-22,0.38604808258570594,0.007144656319810585,1.0,0.09770484662862805,0.0,
25.9,0.0,0.0,0.0,0.0,4.9166666666666545,2.9465374571815356e-22,0.3855976931560226,0.007025578714480409,1.0,0.09640211534024634,0.0,
25.916666666666668,0.0,0.0,0.0,0.0,4.933333333333321,2.651883711463382e-22,0.3851478291806739,0.0069084857359057355,1.0,0.09511675380237639,0.0,
25.933333333333334,0.0,0.0,0.0,0.0,4.949999999999988,2.386695340317044e-22,0.3846984900466298,0.006793344306973973,1.0,0.0938485304183447,0.0,
25.95,0.0,0.0,0.0,0.0,4.966666666666654,2.1480258062853397e-22,0.38424967514157543,0.00668012190185774,1.0,0.09259721667943344,0.0,
25.966666666666665,0.0,0.0,0.0,0.0,4.983333333333321,1.9332232256568057e-22,0.38380138385391027,0.0065687865368267775,1.0,0.09136258712370765,0.0,
25.983333333333334,0.0,0.0,0.0,0.0,4.999999999999988,1.739900903091125e-22,0.3833536155727474,0.006459306761212998,1.0,0.09014441929539155,0.0,
26.0,0.0,0.0,0.0,0.0,5.016666666666654,1.5659108127820125e-22,0.38290636968791253,0.006351651648526115,1.0,0.08894249370478632,0.0,
26.016666666666666,0.0,0.0,0.0,0.0,5.033333333333321,1.4093197315038113e-22,0.3824596455899433,0.006245790787717346,1.0,0.08775659378872251,0.0,
26.03333333333333,0.0,0.0,0.0,0.0,5.049999999999987,1.2683877583534302e-22,0.38201344267008835,0.006141694274588724,1.0,0.08658650587153954,0.0,
26.05,0.0,0.0,0.0,0.0,5.066666666666654,1.141548982518087e-22,0.3815677603203066,0.0060393327033455785,1.0,0.08543201912658568,0.0,
26.066666666666666,0.0,0.0,0.0,0.0,5.083333333333321,1.0273940842662784e-22,0.38112259793326625,0.005938677158289819,1.0,0.08429292553823121,0.0,
26.083333333333332,0.0,0.0,0.0,0.0,5.099999999999987,9.246546758396506e-23,0.38067795490234413,0.005839699205651655,1.0,0.08316901986438813,0.0,
26.099999999999998,0.0,0.0,0.0,0.0,5.116666666666654,8.321892082556856e-23,0.38023383062162475,0.005742370885557461,1.0,0.08206009959952962,0.0,
26.116666666666667,0.0,0.0,0.0,0.0,5.13333333333332,7.489702874301171e-23,0.3797902244858995,0.005646664704131503,1.0,0.08096596493820256,0.0,
26.133333333333333,0.0,0.0,0.0,0.0,5.149999999999987,6.740732586871053e-23,0.37934713589066593,0.005552553625729311,1.0,0.07988641873902652,0.0,
26.15,0.0,0.0,0.0,0.0,5.166666666666654,6.066659328183947e-23,0.3789045642321268,0.00546001106530049,1.0,0.07882126648917283,0.0,
26.166666666666668,0.0,0.0,0.0,0.0,5.18333333333332,5.459993395365553e-23,0.37846250890718935,0.005369010880878815,1.0,0.07777031626931719,0.0,
26.183333333333334,0.0,0.0,0.0,0.0,5.199999999999987,4.913994055828997e-23,0.3780209693134643,0.005279527366197501,1.0,0.07673337871905962,0.0,
26.2,0.0,0.0,0.0,0.0,5.2166666666666535,4.4225946502460973e-23,0.37757994484926527,0.005191535243427543,1.0,0.07571026700280549,0.0,
26.216666666666665,0.0,0.0,0.0,0.0,5.23333333333332,3.9803351852214876e-23,0.3771394349136078,0.005105009656037084,1.0,0.07470079677610142,0.0,
26.233333333333334,0.0,0.0,0.0,0.0,5.249999999999987,3.582301666699339e-23,0.3766994389062086,0.005019926161769799,1.0,0.07370478615242007,0.0,
26.25,0.0,0.0,0.0,0.0,5.266666666666653,3.224071500029405e-23,0.3762599562274847,0.0049362607257403025,1.0,0.07272205567038781,0.0,
26.266666666666666,0.0,0.0,0.0,0.0,5.28333333333332,2.9016643500264645e-23,0.37582098627855265,0.004853989713644631,1.0,0.0717524282614493,0.0,
26.28333333333333,0.0,0.0,0.0,0.0,5.2999999999999865,2.611497915023818e-23,0.37538252846122766,0.004773089885083887,1.0,0.07079572921796332,0.0,
26.3,0.0,0.0,0.0,0.0,5.316666666666653,2.3503481235214363e-23,0.3749445821780229,0.0046935383869991555,1.0,0.0698517861617238,0.0,
26.316666666666666,0.0,0.0,0.0,0.0,5.33333333333332,2.115313311169293e-23,0.37450714683214853,0.004615312747215836,1.0,0.06892042901290081,0.0,
26.333333333333332,0.0,0.0,0.0,0.0,5.349999999999986,1.9037819800523635e-23,0.37407022182751104,0.004538390868095572,1.0,0.06800148995939546,0.0,
26.349999999999998,0.0,0.0,0.0,0.0,5.366666666666653,1.7134037820471272e-23,0.37363380656871226,0.004462751020293979,1.0,0.06709480342660352,0.0,
26.366666666666667,0.0,0.0,0.0,0.0,5.3833333333333195,1.5420634038424145e-23,0.3731979004610488,0.004388371836622413,1.0,0.06620020604758214,0.0,
26.383333333333333,0.0,0.0,0.0,0.0,5.399999999999986,1.387857063458173e-23,0.3727625029105109,0.00431523230601204,1.0,0.06531753663361438,0.0,
26.4,0.0,0.0,0.0,0.0,5.416666666666653,1.2490713571123558e-23,0.37232761332378195,0.004243311767578506,1.0,0.06444663614516619,0.0,
26.416666666666668,0.0,0.0,0.0,0.0,5.433333333333319,1.1241642214011202e-23,0.3718932311082375,0.00417258990478553,1.0,0.06358734766323064,0.0,
26.433333333333334,0.0,0.0,0.0,0.0,5.449999999999986,1.0117477992610082e-23,0.3714593556719446,0.004103046739705771,1.0,0.06273951636105424,0.0,
26.45,0.0,0.0,0.0,0.0,5.466666666666653,9.105730193349074e-24,0.3710259864236607,0.0040346626273773415,1.0,0.06190298947624018,0.0,
26.466666666666665,0.0,0.0,0.0,0.0,5.483333333333319,8.195157174014167e-24,0.3705931227728331,0.003967418250254386,1.0,0.06107761628322364,0.0,
26.483333333333334,0.0,0.0,0.0,0.0,5.499999999999986,7.37564145661275e-24,0.3701607641295981,0.0039012946127501462,1.0,0.060263248066113995,0.0,
26.5,0.0,0.0,0.0,0.0,5.516666666666652,6.638077310951475e-24,0.36972890990478025,0.003836273035870977,1.0,0.05945973809189914,0.0,
26.516666666666666,0.0,0.0,0.0,0.0,5.533333333333319,5.9742695798563276e-24,0.36929755950989135,0.003772335151939794,1.0,0.05866694158400715,0.0,
26.53333333333333,0.0,0.0,0.0,0.0,5.549999999999986,5.376842621870695e-24,0.3688667123571298,0.003709462899407464,1.0,0.05788471569622038,0.0,
26.55,0.0,0.0,0.0,0.0,5.566666666666652,4.839158359683625e-24,0.36843636785937983,0.003647638517750673,1.0,0.05711291948693745,0.0,
26.566666666666666,0.0,0.0,0.0,0.0,5.583333333333319,4.3552425237152625e-24,0.36800652543021056,0.0035868445424548285,1.0,0.056351413893778284,0.0,
26.583333333333332,0.0,0.0,0.0,0.0,5.599999999999985,3.9197182713437366e-24,0.36757718448387533,0.003527063800080581,1.0,0.05560006170852791,0.0,
26.599999999999998,0.0,0.0,0.0,0.0,5.616666666666652,3.527746444209363e-24,0.3671483444353108,0.0034682794034125715,1.0,0.0548587275524142,0.0,
26.616666666666667,0.0,0.0,0.0,0.0,5.633333333333319,3.174971799788427e-24,0.36672000470013627,0.0034104747466890285,1.0,0.054127277851715346,0.0,
26.633333333333333,0.0,0.0,0.0,0.0,5.649999999999985,2.8574746198095844e-24,0.36629216469465276,0.003353633500910878,1.0,0.053405580813692476,0.0,
26.65,0.0,0.0,0.0,0.0,5.666666666666652,2.571727157828626e-24,0.36586482383584235,0.0032977396092290297,1.0,0.052693506402843246,0.0,
26.666666666666668,0.0,0.0,0.0,0.0,5.6833333333333185,2.3145544420457635e-24,0.3654379815413672,0.003242777282408546,1.0,0.051990926317472,0.0,
26.683333333333334,0.0,0.0,0.0,0.0,5.699999999999985,2.083098997841187e-24,0.3650116372295689,0.0031887309943684035,1.0,0.05129771396657237,0.0,
26.7,0.0,0.0,0.0,0.0,5.716666666666652,1.8747890980570684e-24,0.36458579031946775,0.0031355854777955967,1.0,0.05061374444701808,0.0,
26.716666666666665,0.0,0.0,0.0,0.0,5.733333333333318,1.6873101882513614e-24,0.3641604402307617,0.0030833257198323366,1.0,0.04993889452105783,0.0,
26.733333333333334,0.0,0.0,0.0,0.0,5.749999999999985,1.5185791694262252e-24,0.3637355863838258,0.003031936957835131,1.0,0.049273042594110396,0.0,
26.75,0.0,0.0,0.0,0.0,5.7666666666666515,1.3667212524836027e-24,0.36331122819971134,0.0029814046752045455,1.0,0.04861606869285559,0.0,
26.766666666666666,0.0,0.0,0.0,0.0,5.783333333333318,1.2300491272352424e-24,0.362887365100145,0.00293171459728447,1.0,0.047967854443617515,0.0,
26.78333333333333,0.0,0.0,0.0,0.0,5.799999999999985,1.1070442145117183e-24,0.3624639965075282,0.0028828526873297287,1.0,0.047328283051035945,0.0,
26.8,0.0,0.0,0.0,0.0,5.816666666666651,9.963397930605464e-25,0.3620411218449361,0.0028348051425409,1.0,0.04669723927702213,0.0,
26.816666666666666,0.0,0.0,0.0,0.0,5.833333333333318,8.967058137544918e-25,0.361618740536117,0.002787558390165218,1.0,0.18420794275332852,0.0,micro_nod_ready
26.833333333333332,0.0,0.0,0.0,0.0,5.8499999999999845,8.070352323790426e-25,0.3611968520054915,0.0027410990836624644,1.0,0.1817518368499508,0.0,
26.849999999999998,0.0,0.0,0.0,0.0,5.866666666666651,7.263317091411383e-25,0.3607754556781518,0.002695414098934757,1.0,0.1793284790252848,0.0,
26.866666666666667,0.0,0.0,0.0,0.0,5.883333333333318,6.536985382270245e-25,0.3603545509798606,0.0026504905306191776,1.0,0.176937432638281,0.0,
26.883333333333333,0.0,0.0,0.0,0.0,5.899999999999984,5.883286844043221e-25,0.35993413733705076,0.0026063156884421914,1.0,0.17457826686977057,0.0,
26.9,0.0,0.0,0.0,0.0,5.916666666666651,5.294958159638898e-25,0.3595142141768242,0.0025628770936348215,1.0,0.1722505566448403,0.0,
26.916666666666668,0.0,0.0,0.0,0.0,5.933333333333318,4.765462343675009e-25,0.35909478092695124,0.0025201624754075747,1.0,0.1699538825562424,0.0,
26.933333333333334,0.0,0.0,0.0,0.0,5.949999999999984,4.288916109307508e-25,0.3586758370158698,0.002478159767484115,1.0,0.16768783078882585,0.0,
26.95,0.0,0.0,0.0,0.0,5.966666666666651,3.860024498376757e-25,0.35825738187268463,0.002436857104692713,1.0,0.16545199304497485,0.0,
26.966666666666665,0.0,0.0,0.0,0.0,5.983333333333317,3.4740220485390812e-25,0.3578394149271665,0.002396242819614501,1.0,0.16324596647104184,0.0,
26.983333333333334,0.0,0.0,0.0,0.0,5.999999999999984,3.126619843685173e-25,0.35742193560975144,0.002356305439287593,1.0,0.16106935358476127,0.0,
27.0,0.0,0.0,0.0,0.0,6.016666666666651,2.8139578593166556e-25,0.35700494335154004,0.002317033681966133,1.0,0.1589217622036311,0.0,
27.016666666666666,0.0,0.0,0.0,0.0,6.033333333333317,2.53256207338499e-25,0.3565884375842966,0.002278416453933364,0.25,0.6501361387075827,0.0,response_ready
27.03333333333333,0.0,0.0,0.0,0.0,6.049999999999984,2.279305866046491e-25,0.3561724177404482,0.002240442846367808,0.25550416666666664,0.6414676568581482,0.0,
27.05,0.0,0.0,0.0,0.0,6.06666666666665,2.051375279441842e-25,0.35575688325308436,0.002203102132261678,0.2610097222222222,0.6329147547667062,0.0,
27.066666666666666,0.0,0.0,0.0,0.0,6.083333333333317,1.8462377514976577e-25,0.3553418335559558,0.0021663837633906498,0.2665166666666666,0.6244758913698168,0.0,
27.083333333333332,0.0,0.0,0.0,0.0,6.099999999999984,1.661613976347892e-25,0.3549272680834738,0.002130277367334139,0.27202499999999996,0.6161495461515526,0.0,
27.099999999999998,0.0,0.0,0.0,0.0,6.11666666666665,1.495452578713103e-25,0.35451318627070977,0.0020947727445452366,0.2775347222222222,0.6079342188695319,0.0,
27.116666666666667,0.0,0.0,0.0,0.0,6.133333333333317,1.3459073208417927e-25,0.35409958755339394,0.002059859865469483,0.28304583333333333,0.5998284292846048,0.0,
27.133333333333333,0.0,0.0,0.0,0.0,6.1499999999999835,1.2113165887576134e-25,0.353686471367915,0.002025528867711658,0.2885583333333333,0.5918307168941433,0.0,
27.15,0.0,0.0,0.0,0.0,6.16666666666665,1.0901849298818522e-25,0.3532738371513191,0.0019917700532497973,0.2940722222222222,0.5839396406688881,0.0,
27.166666666666668,0.0,0.0,0.0,0.0,6.183333333333317,9.811664368936669e-26,0.3528616843413092,0.001958573885695634,0.29958749999999995,0.576153778793303,0.0,
27.183333333333334,0.0,0.0,0.0,0.0,6.199999999999983,8.830497932043003e-26,0.35245001237624435,0.0019259309876007067,0.3051041666666666,0.5684717284093923,0.0,
27.2,0.0,0.0,0.0,0.0,6.21666666666665,7.947448138838702e-26,0.35203882069513875,0.0018938321378073617,0.3106222222222222,0.5608921053639337,0.0,
27.216666666666665,0.0,0.0,0.0,0.0,6.2333333333333165,7.152703324954831e-26,0.3516281087376611,0.0018622682688439057,0.31614166666666665,0.5534135439590813,0.0,
27.233333333333334,0.0,0.0,0.0,0.0,6.249999999999983,6.437432992459349e-26,0.35121787594413384,0.0018312304643631739,0.32166249999999996,0.5460346967062936,0.0,
27.25,0.0,0.0,0.0,0.0,6.26666666666665,5.793689693213414e-26,0.35080812175553233,0.0018007099566237877,0.32718472222222217,0.538754234083543,0.0,
27.266666666666666,0.0,0.0,0.0,0.0,6.283333333333316,5.214320723892073e-26,0.3503988456134842,0.0017706981240133914,0.3327083333333333,0.5315708442957624,0.0,
27.28333333333333,0.0,0.0,0.0,0.0,6.299999999999983,4.692888651502865e-26,0.3499900469602685,0.0017411864886131682,0.3382333333333333,0.5244832330384855,0.0,
27.3,0.0,0.0,0.0,0.0,6.3166666666666496,4.2235997863525784e-26,0.3495817252388148,0.0017121667138029488,0.3437597222222222,0.5174901232646391,0.0,
27.316666666666666,0.0,0.0,0.0,0.0,6.333333333333316,3.8012398077173203e-26,0.3491738798927029,0.001683630601906233,0.3492875,0.5105902549544439,0.0,
27.333333333333332,0.0,0.0,0.0,0.0,6.349999999999983,3.4211158269455884e-26,0.3487665103661614,0.0016555700918744623,0.3548166666666666,0.5037823848883847,0.0,
27.349999999999998,0.0,0.0,0.0,0.0,6.366666666666649,3.0790042442510295e-26,0.34835961610406757,0.001627977257009888,0.36034722222222215,0.4970652864232062,0.0,
27.366666666666667,0.0,0.0,0.0,0.0,6.383333333333316,2.7711038198259266e-26,0.3479531965519462,0.0016008443027263899,0.3658791666666666,0.4904377492708968,0.0,
27.383333333333333,0.0,0.0,0.0,0.0,6.399999999999983,2.493993437843334e-26,0.3475472511559689,0.0015741635643476168,0.3714124999999999,0.48389857928061814,0.0,
27.4,0.0,0.0,0.0,0.0,6.416666666666649,2.2445940940590007e-26,0.3471417793629536,0.001547927504941823,0.37694722222222216,0.47744659822354324,0.0,
27.416666666666668,0.0,0.0,0.0,0.0,6.433333333333316,2.0201346846531007e-26,0.3467367806203635,0.0015221287131927928,0.3824833333333333,0.4710806435805627,0.0,
27.433333333333334,0.0,0.0,0.0,0.0,6.449999999999982,1.8181212161877906e-26,0.34633225437630644,0.0014967599013062463,0.38802083333333326,0.4647995683328218,0.0,
27.45,0.0,0.0,0.0,0.0,6.466666666666649,1.6363090945690115e-26,0.34592820007953407,0.0014718139029511422,0.39355972222222213,0.45860224075505085,0.0,
27.466666666666665,0.0,0.0,0.0,0.0,6.483333333333316,1.4726781851121103e-26,0.3455246171794413,0.00144728367123529,0.3990999999999999,0.45248754421165016,0.0,
27.483333333333334,0.0,0.0,0.0,0.0,6.499999999999982,1.3254103666008992e-26,0.34512150512606526,0.0014231622767147019,0.40464166666666657,0.44645437695549484,0.0,
27.5,0.0,0.0,0.0,0.0,6.516666666666649,1.1928693299408092e-26,0.34471886337008484,0.0013994429054361235,0.41018472222222213,0.4405016519294216,0.0,
27.516666666666666,0.0,0.0,0.0,0.0,6.5333333333333155,1.0735823969467283e-26,0.3443166913628197,0.0013761188570121882,0.4157291666666666,0.4346282965703626,0.0,
27.53333333333333,0.0,0.0,0.0,0.0,6.549999999999982,9.662241572520554e-27,0.34391498855622976,0.0013531835427286517,0.4212749999999999,0.4288332526160911,0.0,
27.55,0.0,0.0,0.0,0.0,6.566666666666649,8.696017415268499e-27,0.34351375440291415,0.0013306304836831742,0.4268222222222221,0.42311547591454324,0.0,
27.566666666666666,0.0,0.0,0.0,0.0,6.583333333333315,7.826415673741649e-27,0.34311298835611076,0.0013084533089551213,0.4323708333333332,0.4174739362356827,0.0,
27.583333333333332,0.0,0.0,0.0,0.0,6.599999999999982,7.043774106367484e-27,0.3427126898696953,0.0012866457538058692,0.4379208333333332,0.4119076170858736,0.0,
27.599999999999998,0.0,0.0,0.0,0.0,6.6166666666666485,6.3393966957307354e-27,0.34231285839818065,0.0012652016579091047,0.4434722222222221,0.4064155155247286,0.0,
27.616666666666667,0.0,0.0,0.0,0.0,6.633333333333315,5.705457026157662e-27,0.3419134933967161,0.0012441149636106196,0.4490249999999999,0.4009966419843989,0.0,
27.633333333333333,0.0,0.0,0.0,0.0,6.649999999999982,5.1349113235418956e-27,0.3415145943210866,0.0012233797142171092,0.45457916666666653,0.3956500200912736,0.0,
27.65,0.0,0.0,0.0,0.0,6.666666666666648,4.621420191187706e-27,0.341116160627712,0.0012029900523134907,0.46013472222222207,0.39037468649005663,0.0,
27.666666666666668,0.0,0.0,0.0,0.0,6.683333333333315,4.159278172068935e-27,0.3407181917736463,0.0011829402181082658,0.4656916666666665,0.3851696906701892,0.0,
27.683333333333334,0.0,0.0,0.0,0.0,6.6999999999999815,3.743350354862042e-27,0.34032068721657704,0.0011632245478064612,0.47124999999999984,0.38003409479458666,0.0,
27.7,0.0,0.0,0.0,0.0,6.716666666666648,3.369015319375838e-27,0.33992364641482437,0.001143837472009687,0.47680972222222207,0.37496697353065883,0.0,
27.716666666666665,0.0,0.0,0.0,0.0,6.733333333333315,3.032113787438254e-27,0.3395270688273404,0.0011247735141428588,0.4823708333333332,0.3699674138835834,0.0,
27.733333333333334,0.0,0.0,0.0,0.0,6.749999999999981,2.7289024086944285e-27,0.3391309539137085,0.0011060272889071446,0.4879333333333332,0.3650345150318023,0.0,
27.75,0.0,0.0,0.0,0.0,6.766666666666648,2.4560121678249855e-27,0.3387353011341425,0.0010875935007586923,0.4934972222222221,0.3601673881647116,0.0,
27.766666666666666,0.0,0.0,0.0,0.0,6.783333333333315,2.210410951042487e-27,0.33834010994948605,0.001069466942412714,0.49906249999999985,0.3553651563225155,0.0,
27.78333333333333,0.0,0.0,0.0,0.0,6.799999999999981,1.9893698559382382e-27,0.33794537982121164,0.0010516424933725021,0.5046291666666666,0.35062695423821527,0.0,
27.8,0.0,0.0,0.0,0.0,6.816666666666648,1.7904328703444143e-27,0.33755111021142026,0.0010341151184829604,0.5101972222222221,0.3459519281817057,0.0,
27.816666666666666,0.0,0.0,0.0,0.0,6.833333333333314,1.611389583309973e-27,0.33715730058284027,0.0010168798665082443,0.5157666666666665,0.34133923580594966,0.0,
27.833333333333332,0.0,0.0,0.0,0.0,6.849999999999981,1.4502506249789757e-27,0.33676395039882695,0.0009999318687331068,0.5213374999999998,0.3367880459952037,0.0,
27.849999999999998,0.0,0.0,0.0,0.0,6.866666666666648,1.3052255624810782e-27,0.3363710591233616,0.0009832663375875551,0.526909722222222,0.3322975387152676,0.0,
27.866666666666667,0.0,0.0,0.0,0.0,6.883333333333314,1.1747030062329703e-27,0.335978626221051,0.0009668785652944292,0.5324833333333331,0.3278669048657307,0.0,
27.883333333333333,0.0,0.0,0.0,0.0,6.899999999999981,1.0572327056096732e-27,0.33558665115712644,0.0009507639225395221,0.5380583333333331,0.3234953461341876,0.0,
27.9,0.0,0.0,0.0,0.0,6.916666666666647,9.51509435048706e-28,0.3351951333974431,0.0009349178571638634,0.543634722222222,0.31918207485239847,0.0,
27.916666666666668,0.0,0.0,0.0,0.0,6.933333333333314,8.563584915438355e-28,0.3348040724084794,0.000919335892877799,0.5492124999999998,0.3149263138543665,0.0,
27.933333333333334,0.0,0.0,0.0,0.0,6.949999999999981,7.707226423894519e-28,0.3344134676573362,0.0009040136279965024,0.5547916666666665,0.31072729633630825,0.0,
27.95,0.0,0.0,0.0,0.0,6.966666666666647,6.936503781505067e-28,0.33402331861173595,0.0008889467341965607,0.560372222222222,0.3065842657184908,0.0,
27.966666666666665,0.0,0.0,0.0,0.0,6.983333333333314,6.242853403354561e-28,0.3336336247400223,0.0008741309552932847,0.5659541666666665,0.3024964755089109,0.0,
27.983333333333334,0.0,0.0,0.0,0.0,6.9999999999999805,5.618568063019105e-28,0.3332443855111589,0.0008595621060383966,0.5715374999999999,0.2984631891687921,0.0,
28.0,0.0,0.0,0.0,0.0,7.016666666666647,5.056711256717194e-28,0.3328556003947292,0.0008452360709377567,0.5771222222222221,0.2944836799798749,0.0,
28.016666666666666,0.0,0.0,0.0,0.0,7.033333333333314,4.551040131045474e-28,0.33246726886093536,0.0008311488030887941,0.5827083333333332,0.29055723091347657,0.0,
28.03333333333333,0.0,0.0,0.0,0.0,7.04999999999998,4.095936117940927e-28,0.3320793903805976,0.0008172963230373143,0.5882958333333331,0.2866831345012969,0.0,
28.05,0.0,0.0,0.0,0.0,7.066666666666647,3.686342506146834e-28,0.33169196442515353,0.000803674717653359,0.593884722222222,0.2828606927079463,0.0,
28.066666666666666,0.0,0.0,0.0,0.0,7.0833333333333135,3.3177082555321507e-28,0.3313049904666575,0.0007902801390258031,0.5994749999999998,0.2790892168051737,0.0,
28.083333333333332,0.0,0.0,0.0,0.0,7.09999999999998,2.9859374299789357e-28,0.33091846797777974,0.000777108803375373,0.6050666666666664,0.2753680272477714,0.0,
28.099999999999998,0.0,0.0,0.0,0.0,7.116666666666647,2.6873436869810423e-28,0.33053239643180565,0.0007641569899857834,0.610659722222222,0.2716964535511344,0.0,
28.116666666666667,0.0,0.0,0.0,0.0,7.133333333333313,2.418609318282938e-28,0.3301467753026352,0.0007514210401526871,0.6162541666666664,0.2680738341704526,0.0,
28.133333333333333,0.0,0.0,0.0,0.0,7.14999999999998,2.176748386454644e-28,0.3297616040647821,0.0007388973561501423,0.6218499999999998,0.26449951638151326,0.0,
28.15,0.0,0.0,0.0,0.0,7.1666666666666465,1.9590735478091794e-28,0.3293768821933732,0.0007265824002143066,0.627447222222222,0.26097285616309307,0.0,
28.166666666666668,0.0,0.0,0.0,0.0,7.183333333333313,1.7631661930282615e-28,0.3289926091641476,0.0007144726935440682,0.6330458333333332,0.2574932180809185,0.0,
28.183333333333334,0.0,0.0,0.0,0.0,7.19999999999998,1.5868495737254354e-28,0.3286087844534561,0.0007025648153183337,0.6386458333333332,0.2540599751731729,0.0,
28.2,0.0,0.0,0.0,0.0,7.216666666666646,1.428164616352892e-28,0.3282254075382604,0.0006908554017296949,0.6442472222222221,0.2506725088375306,0.0,
28.216666666666665,0.0,0.0,0.0,0.0,7.233333333333313,1.2853481547176027e-28,0.3278424778961324,0.0006793411450341999,0.6498499999999998,0.24733020871969688,0.0,
28.233333333333334,0.0,0.0,0.0,0.0,7.24999999999998,1.1568133392458425e-28,0.3274599950052536,0.0006680187926169632,0.6554541666666664,0.24403247260343425,0.0,
28.25,0.0,0.0,0.0,0.0,7.266666666666646,1.0411320053212583e-28,0.3270779583444141,0.0006568851460733472,0.661059722222222,0.2407787063020551,0.0,
28.266666666666666,0.0,0.0,0.0,0.0,7.283333333333313,9.370188047891325e-29,0.3266963673930123,0.0006459370603054581,0.6666666666666664,0.23756832355136104,0.0,
28.28333333333333,0.0,0.0,0.0,0.0,7.299999999999979,8.433169243102193e-29,0.32631522163105375,0.0006351714426337004,0.6722749999999997,0.23440074590400956,0.0,
28.3,0.0,0.0,0.0,0.0,7.316666666666646,7.589852318791974e-29,0.32593452053915084,0.0006245852519231388,0.677884722222222,0.23127540262528942,0.0,
28.316666666666666,0.0,0.0,0.0,0.0,7.333333333333313,6.830867086912776e-29,0.32555426359852185,0.0006141754977244198,0.6834958333333331,0.22819173059028555,0.0,
28.333333333333332,0.0,0.0,0.0,0.0,7.349999999999979,6.147780378221498e-29,0.32517445029099024,0.0006039392394290128,0.6891083333333331,0.2251491741824151,0.0,
28.349999999999998,0.0,0.0,0.0,0.0,7.366666666666646,5.533002340399349e-29,0.32479508009898406,0.0005938735854385292,0.694722222222222,0.22214718519331622,0.0,
28.366666666666667,0.0,0.0,0.0,0.0,7.383333333333312,4.9797021063594137e-29,0.32441615250553524,0.0005839756923478871,0.7003374999999998,0.219185222724072,0.0,
28.383333333333333,0.0,0.0,0.0,0.0,7.399999999999979,4.4817318957234724e-29,0.3240376669942788,0.000574242764142089,0.7059541666666665,0.21626275308775106,0.0,
28.4,0.0,0.0,0.0,0.0,7.416666666666646,4.0335587061511253e-29,0.3236596230494521,0.0005646720514063875,0.711572222222222,0.2133792497132477,0.0,
28.416666666666668,0.0,0.0,0.0,0.0,7.433333333333312,3.6302028355360127e-29,0.3232820201558944,0.0005552608505496144,0.7171916666666664,0.2105341930504044,0.0,
28.433333333333334,0.0,0.0,0.0,0.0,7.449999999999979,3.2671825519824113e-29,0.3229048577990459,0.0005460065030404542,0.7228124999999997,0.20772707047639902,0.0,
28.45,0.0,0.0,0.0,0.0,7.4666666666666455,2.9404642967841704e-29,0.32252813546494696,0.0005369063946564466,0.7284347222222219,0.20495737620338036,0.0,
28.466666666666665,0.0,0.0,0.0,0.0,7.483333333333312,2.646417867105753e-29,0.3221518526402379,0.0005279579547455059,0.734058333333333,0.20222461118733528,0.0,
28.483333333333334,0.0,0.0,0.0,0.0,7.499999999999979,2.3817760803951779e-29,0.3217760088121576,0.0005191586554997474,0.739683333333333,0.1995282830381708,0.0,
28.5,0.0,0.0,0.0,0.0,7.516666666666645,2.14359847235566e-29,0.32140060346854343,0.0005105060112414183,0.7453097222222219,0.19686790593099518,0.0,
28.516666666666666,0.0,0.0,0.0,0.0,7.533333333333312,1.929238625120094e-29,0.32102563609783014,0.0005019975777207279,0.7509374999999997,0.1942430005185819,0.0,
28.53333333333333,0.0,0.0,0.0,0.0,7.5499999999999785,1.7363147626080846e-29,0.32065110618904935,0.0004936309514253825,0.7565666666666664,0.19165309384500082,0.0,
28.55,0.0,0.0,0.0,0.0,7.566666666666645,1.5626832863472762e-29,0.3202770132318288,0.0004854037689016261,0.762197222222222,0.1890977192604008,0.0,
28.566666666666666,0.0,0.0,0.0,0.0,7.583333333333312,1.4064149577125487e-29,0.31990335671639164,0.000477313706086599,0.7678291666666665,0.18657641633692879,0.0,
28.583333333333332,0.0,0.0,0.0,0.0,7.599999999999978,1.265773461941294e-29,0.31953013613355585,0.00046935847765182235,0.7734624999999998,0.18408873078576973,0.0,
28.599999999999998,0.0,0.0,0.0,0.0,7.616666666666645,1.1391961157471645e-29,0.31915735097473336,0.0004615358363576253,0.779097222222222,0.1816342143752928,0.0,
28.616666666666667,0.0,0.0,0.0,0.0,7.6333333333333115,1.0252765041724481e-29,0.3187850007319295,0.00045384357241833154,0.7847333333333331,0.1792124248502889,0.0,
28.633333333333333,0.0,0.0,0.0,0.0,7.649999999999978,9.227488537552034e-30,0.3184130848977422,0.000446279512878026,0.790370833333333,0.17682292585228504,0.0,
28.65,0.0,0.0,0.0,0.0,7.666666666666645,8.30473968379683e-30,0.31804160296536155,0.00043884152099672556,0.7960097222222219,0.17446528684092125,0.0,
28.666666666666668,0.0,0.0,0.0,0.0,7.683333333333311,7.474265715417147e-30,0.3176705544285686,0.00043152749564678015,0.8016499999999996,0.17213908301637562,0.0,
28.683333333333334,0.0,0.0,0.0,0.0,7.699999999999978,6.726839143875433e-30,0.3172999387817353,0.00042433537071933383,0.8072916666666663,0.16984389524282395,0.0,
28.7,0.0,0.0,0.0,0.0,7.716666666666645,6.054155229487889e-30,0.3169297555198233,0.0004172631145406783,0.8129347222222219,0.16757930997291964,0.0,
28.716666666666665,0.0,0.0,0.0,0.0,7.733333333333311,5.4487397065391004e-30,0.3165600041383835,0.00041030872929833365,0.8185791666666663,0.1653449191732807,0.0,
28.733333333333334,0.0,0.0,0.0,0.0,7.749999999999978,4.9038657358851904e-30,0.3161906841335554,0.00040347025047669474,0.8242249999999997,0.1631403202509703,0.0,
28.75,0.0,0.0,0.0,0.0,7.766666666666644,4.4134791622966715e-30,0.31582179500206625,0.00039674574630208317,0.8298722222222219,0.16096511598095736,0.0,
28.766666666666666,0.0,0.0,0.0,0.0,7.783333333333311,3.972131246067004e-30,0.3154533362412305,0.00039013331719704844,0.835520833333333,0.1588189144345446,0.0,
28.78333333333333,0.0,0.0,0.0,0.0,7.799999999999978,3.574918121460304e-30,0.3150853073489491,0.0003836310952437643,0.8411708333333331,0.15670132890875066,0.0,
28.8,0.0,0.0,0.0,0.0,7.816666666666644,3.2174263093142736e-30,0.3147177078237086,0.00037723724365636824,0.846822222222222,0.15461197785663397,0.0,
28.816666666666666,0.0,0.0,0.0,0.0,7.833333333333311,2.895683678382846e-30,0.31435053716458095,0.0003709499562620954,0.8524749999999998,0.15255048481854552,0.0,
28.833333333333332,0.0,0.0,0.0,0.0,7.849999999999977,2.6061153105445615e-30,0.31398379487122224,0.0003647674569910605,0.8581291666666664,0.15051647835429824,0.0,
28.849999999999998,0.0,0.0,0.0,0.0,7.866666666666644,2.3455037794901054e-30,0.3136174804438725,0.0003586879993745428,0.8637847222222219,0.14850959197624092,0.0,
28.866666666666667,0.0,0.0,0.0,0.0,7.883333333333311,2.110953401541095e-30,0.3132515933833546,0.00035270986605163377,0.8694416666666663,0.14652946408322437,0.0,
28.883333333333333,0.0,0.0,0.0,0.0,7.899999999999977,1.8998580613869855e-30,0.31288613319107406,0.0003468313682841065,0.8750999999999997,0.14457573789544803,0.0,
28.9,0.0,0.0,0.0,0.0,7.916666666666644,1.709872255248287e-30,0.3125210993690178,0.00034105084547937143,0.8807597222222219,0.14264806139017538,0.0,
28.916666666666668,0.0,0.0,0.0,0.0,7.9333333333333105,1.5388850297234582e-30,0.31215649141975393,0.0003353666647213819,0.886420833333333,0.14074608723830637,0.0,
28.933333333333334,0.0,0.0,0.0,0.0,7.949999999999977,1.3849965267511125e-30,0.3117923088464309,0.0003297772203093589,0.892083333333333,0.13886947274179562,0.0,
28.95,0.0,0.0,0.0,0.0,7.966666666666644,1.2464968740760013e-30,0.31142855115277673,0.0003242809333042029,0.8977472222222219,0.13701787977190502,0.0,
28.966666666666665,0.0,0.0,0.0,0.0,7.98333333333331,1.1218471866684011e-30,0.3110652178430985,0.0003188762510824662,0.9034124999999997,0.13519097470827962,0.0,
28.983333333333334,0.0,0.0,0.0,0.0,7.999999999999977,1.009662468001561e-30,0.3107023084222815,0.0003135616468977584,0.9090791666666664,0.13338842837883588,0.0,
29.0,0.0,0.0,0.0,0.0,8.016666666666644,9.08696221201405e-31,0.3103398223957889,0.00030833561944946245,0.914747222222222,0.1316099160004514,0.0,
29.016666666666666,0.0,0.0,0.0,0.0,8.033333333333312,8.178265990812644e-31,0.3099777592696605,0.00030319669245863805,0.9204166666666664,0.1298551171204454,0.0,
29.03333333333333,0.0,0.0,0.0,0.0,8.04999999999998,7.36043939173138e-31,0.3096161185505125,0.0002981434142509941,0.9260874999999997,0.12812371555883945,0.0,
29.05,0.0,0.0,0.0,0.0,8.066666666666647,6.624395452558242e-31,0.30925489974553694,0.00029317435734681083,0.9317597222222219,0.12641539935138826,0.0,
29.066666666666666,0.0,0.0,0.0,0.0,8.083333333333314,5.961955907302418e-31,0.3088941023625005,0.00028828811805769734,0.937433333333333,0.12472986069336975,0.0,
29.083333333333332,0.0,0.0,0.0,0.0,8.099999999999982,5.365760316572177e-31,0.3085337259097442,0.00028348331609006906,0.943108333333333,0.12306679588412482,0.0,
29.099999999999998,0.0,0.0,0.0,0.0,8.11666666666665,4.829184284914959e-31,0.30817376989618284,0.00027875859415523455,0.9487847222222219,0.12142590527233649,0.0,
29.116666666666667,0.0,0.0,0.0,0.0,8.133333333333317,4.346265856423463e-31,0.30781423383130396,0.00027411261758598064,0.9544624999999997,0.11980689320203866,0.0,
29.133333333333333,0.0,0.0,0.0,0.0,8.149999999999984,3.9116392707811164e-31,0.30745511722516744,0.0002695440739595476,0.9601416666666663,0.11820946795934481,0.0,
29.15,0.0,0.0,0.0,0.0,8.166666666666652,3.520475343703005e-31,0.3070964195884047,0.0002650516727268885,0.9658222222222219,0.11663334171988687,0.0,
29.166666666666668,0.0,0.0,0.0,0.0,8.18333333333332,3.1684278093327043e-31,0.30673814043221825,0.000260634144848107,0.9715041666666664,0.11507823049695505,0.0,
29.183333333333334,0.0,0.0,0.0,0.0,8.199999999999987,2.851585028399434e-31,0.3063802792683807,0.0002562902424339719,0.9771874999999998,0.11354385409032898,0.0,
29.2,0.0,0.0,0.0,0.0,8.216666666666654,2.5664265255594907e-31,0.30602283560923427,0.0002520187383934057,0.982872222222222,0.11202993603579126,0.0,
29.216666666666665,0.0,0.0,0.0,0.0,8.233333333333322,2.3097838730035416e-31,0.30566580896769013,0.00024781842608684893,0.9885583333333331,0.11053620355531404,0.0,
29.233333333333334,0.0,0.0,0.0,0.0,8.24999999999999,2.0788054857031872e-31,0.30530919885722785,0.00024368811898540144,0.994245833333333,0.10906238750790986,0.0,
29.25,0.0,0.0,0.0,0.0,8.266666666666657,1.8709249371328686e-31,0.3049530047918944,0.00023962665033564474,0.9999347222222219,0.10760822234113773,0.0,
29.266666666666666,0.0,0.0,0.0,0.0,8.283333333333324,1.6838324434195818e-31,0.30459722628630387,0.00023563287283005066,1.0,0.10617344604325589,0.0,
29.28333333333333,0.0,0.0,0.0,0.0,8.299999999999992,1.5154491990776236e-31,0.30424186285563654,0.00023170565828288316,1.0,0.10475780009601247,0.0,
29.3,0.0,0.0,0.0,0.0,8.31666666666666,1.3639042791698611e-31,0.3038869140156383,0.00022784389731150177,1.0,0.10336102942806565,0.0,
29.316666666666666,0.0,0.0,0.0,0.0,8.333333333333327,1.227513851252875e-31,0.30353237928262006,0.00022404649902297674,1.0,0.10198288236902477,0.0,
29.333333333333332,0.0,0.0,0.0,0.0,8.349999999999994,1.1047624661275876e-31,0.303178258173457,0.00022031239070592713,1.0,0.23875644393743778,0.0,micro_nod_ready
29.349999999999998,0.0,0.0,0.0,0.0,8.366666666666662,9.942862195148288e-32,0.30282455020558796,0.00021664051752749502,1.0,0.2355730246849386,0.0,
29.366666666666667,0.0,0.0,0.0,0.0,8.38333333333333,8.94857597563346e-32,0.30247125489701476,0.0002130298422353701,1.0,0.23243205102247275,0.0,
29.383333333333333,0.0,0.0,0.0,0.0,8.399999999999997,8.053718378070113e-32,0.3021183717663016,0.0002094793448647806,1.0,0.22933295700883977,0.0,
29.4,0.0,0.0,0.0,0.0,8.416666666666664,7.248346540263102e-32,0.3017659003325742,0.0002059880224503676,1.0,0.2262751842487219,0.0,
29.416666666666668,0.0,0.0,0.0,0.0,8.433333333333332,6.523511886236792e-32,0.3014138401155195,0.00020255488874286148,1.0,0.22325818179207227,0.0,
29.433333333333334,0.0,0.0,0.0,0.0,8.45,5.871160697613113e-32,0.30106219063538475,0.00019917897393048045,1.0,0.22028140603484464,0.0,
29.45,0.0,0.0,0.0,0.0,8.466666666666667,5.284044627851802e-32,0.3007109514129768,0.00019585932436497243,1.0,0.21734432062104672,0.0,
29.466666666666665,0.0,0.0,0.0,0.0,8.483333333333334,4.7556401650666215e-32,0.30036012196966166,0.00019259500229222288,1.0,0.21444639634609944,0.0,
29.483333333333334,0.0,0.0,0.0,0.0,8.500000000000002,4.2800761485599594e-32,0.30000970182736375,0.0001893850855873525,1.0,0.21158711106148478,0.0,
29.5,0.0,0.0,0.0,0.0,8.51666666666667,3.8520685337039633e-32,0.29965969050856517,0.00018622866749422995,1.0,0.208765949580665,0.0,
29.516666666666666,0.0,0.0,0.0,0.0,8.533333333333337,3.466861680333567e-32,0.29931008753630517,0.00018312485636932612,1.0,0.20598240358625614,0.0,
29.53333333333333,0.0,0.0,0.0,0.0,8.550000000000004,3.1201755123002105e-32,0.2989608924341795,0.00018007277542983734,1.0,0.2032359715384394,0.0,
29.55,0.0,0.0,0.0,0.0,8.566666666666672,2.8081579610701896e-32,0.29861210472633964,0.00017707156250600673,1.0,0.20052615858459352,0.0,
29.566666666666666,0.0,0.0,0.0,0.0,8.58333333333334,2.5273421649631703e-32,0.29826372393749223,0.00017412036979757328,1.0,0.19785247647013227,0.0,
29.583333333333332,0.0,0.0,0.0,0.0,8.600000000000007,2.2746079484668532e-32,0.2979157495928985,0.0001712183636342804,1.0,0.1952144434505305,0.0,
29.599999999999998,0.0,0.0,0.0,0.0,8.616666666666674,2.047147153620168e-32,0.2975681812183735,0.00016836472424037574,1.0,0.19261158420452343,0.0,
29.616666666666667,0.0,0.0,0.0,0.0,8.633333333333342,1.8424324382581511e-32,0.29722101834028536,0.00016555864550303614,1.0,0.1900434297484631,0.0,
29.633333333333333,0.0,0.0,0.0,0.0,8.65000000000001,1.658189194432336e-32,0.29687426048555504,0.0001627993347446522,1.0,0.18750951735181692,0.0,
29.65,0.0,0.0,0.0,0.0,8.666666666666677,1.4923702749891025e-32,0.2965279071816552,0.000160086012498908,1.0,0.1850093904537927,0.0,
29.666666666666668,0.0,0.0,0.0,0.0,8.683333333333344,1.3431332474901922e-32,0.29618195795660995,0.00015741791229059287,1.0,0.18254259858107547,0.0,
29.683333333333334,0.0,0.0,0.0,0.0,8.700000000000012,1.208819922741173e-32,0.2958364123389939,0.00015479428041908298,1.0,0.18010869726666112,0.0,
29.7,0.0,0.0,0.0,0.0,8.71666666666668,1.0879379304670558e-32,0.2954912698579317,0.0001522143757454316,1.0,0.1777072479697723,0.0,
29.716666666666665,0.0,0.0,0.0,0.0,8.733333333333347,9.791441374203502e-33,0.2951465300430975,0.00014967746948300775,1.0,0.175337817996842,0.0,
29.733333333333334,0.0,0.0,0.0,0.0,8.750000000000014,8.812297236783152e-33,0.2948021924247139,0.0001471828449916243,1.0,0.17299998042355078,0.0,
29.75,0.0,0.0,0.0,0.0,8.766666666666682,7.931067513104837e-33,0.29445825653355173,0.0001447297975750972,1.0,0.17069331401790344,0.0,
29.766666666666666,0.0,0.0,0.0,0.0,8.78333333333335,7.137960761794353e-33,0.29411472190092924,0.00014231763428217893,1.0,0.1684174031643314,0.0,
29.78333333333333,0.0,0.0,0.0,0.0,8.800000000000017,6.424164685614918e-33,0.2937715880587115,0.00013994567371080927,1.0,0.16617183778880698,0.0,
29.8,0.0,0.0,0.0,0.0,8.816666666666684,5.781748217053426e-33,0.29342885453930967,0.0001376132458156291,1.0,0.16395621328495621,0.0,
29.816666666666666,0.0,0.0,0.0,0.0,8.833333333333352,5.2035733953480836e-33,0.2930865208756805,0.00013531969171870197,1.0,0.1617701304411568,0.0,
29.833333333333332,0.0,0.0,0.0,0.0,8.85000000000002,4.683216055813275e-33,0.2927445866013255,0.00013306436352339028,1.0,0.15961319536860802,0.0,
29.849999999999998,0.0,0.0,0.0,0.0,8.866666666666687,4.214894450231948e-33,0.29240305125029065,0.00013084662413133377,1.0,0.15748501943035992,0.0,
29.866666666666667,0.0,0.0,0.0,0.0,8.883333333333354,3.793405005208753e-33,0.29206191435716533,0.0001286658470624782,1.0,0.15538521917128845,0.0,
29.883333333333333,0.0,0.0,0.0,0.0,8.900000000000022,3.414064504687878e-33,0.291721175457082,0.00012652141627810358,1.0,0.1533134162490046,0.0,
29.9,0.0,0.0,0.0,0.0,8.91666666666669,3.0726580542190905e-33,0.2913808340857154,0.00012441272600680186,1.0,0.15126923736568454,0.0,
29.916666666666668,0.0,0.0,0.0,0.0,8.933333333333357,2.7653922487971816e-33,0.29104088977928205,0.00012233918057335516,1.0,0.14925231420080876,0.0,
29.933333333333334,0.0,0.0,0.0,0.0,8.950000000000024,2.4888530239174633e-33,0.29070134207453957,0.00012030019423046591,1.0,0.14726228334479796,0.0,
29.95,0.0,0.0,0.0,0.0,8.966666666666692,2.239967721525717e-33,0.2903621905087859,0.00011829519099329147,1.0,0.14529878623353398,0.0,
29.966666666666665,0.0,0.0,0.0,0.0,8.98333333333336,2.0159709493731455e-33,0.290023434619859,0.00011632360447673661,1.0,0.14336146908375352,0.0,
29.983333333333334,0.0,0.0,0.0,0.0,9.000000000000027,1.814373854435831e-33,0.28968507394613585,0.00011438487773545767,1.0,0.1414499828293035,0.0,
