time,speech_onset,user_speaking,speech_energy,approach_velocity,silence_duration,orient,settle,fidget_inhibit,ttp,recovery,freeze_val,events
0.0,0.0,0.0,0.09785670779106483,2.3144998175567014e-23,0.016666666666666666,0.0,0.0,0.0,0.0050013888888888886,0.0,5.699455800733377e-25,
0.016666666666666666,0.0,0.0,0.13602261661393783,3.054407342732196e-23,0.03333333333333333,0.0,0.0,0.0,0.010004166666666666,0.0,1.3135442045200411e-24,
0.03333333333333333,0.0,0.0,0.28309791931129574,4.027742109456229e-23,0.05,0.0,0.0,0.0,0.015008333333333332,0.0,2.2856725359058372e-24,
0.05,0.0,0.0,0.2027318199865804,5.307148650771336e-23,0.06666666666666667,0.0,0.0,0.0,0.020013888888888887,0.0,3.558272803119691e-24,
0.06666666666666667,0.0,0.0,0.018688216433228266,6.987563137844666e-23,0.08333333333333333,0.0,0.0,0.0,0.025020833333333332,0.0,5.225586133767144e-24,
0.08333333333333333,0.0,0.0,0.14958373886624543,9.192954999840304e-23,0.09999999999999999,0.0,0.0,0.0,0.030029166666666666,0.0,7.410967510471311e-24,
0.1,0.0,0.0,0.10012290072092853,1.2085076936802565e-22,0.11666666666666665,0.0,0.0,0.0,0.03503888888888889,0.0,1.0275753193501873e-23,
0.11666666666666667,0.0,0.0,0.1618905218601621,1.587481237989679e-22,0.13333333333333333,0.0,0.0,0.0,0.04005,0.0,1.4030789444148932e-23,
0.13333333333333333,0.0,0.0,0.021344977265088882,2.0836879443143492e-22,0.15,0.0,0.0,0.0,0.045062500000000005,0.0,1.8951409165360786e-23,
0.15,0.0,0.0,0.1693417501501481,2.7328868635836985e-22,0.16666666666666666,0.0,0.0,0.0,0.05007638888888889,0.0,2.539687192945523e-23,
0.16666666666666666,0.0,0.0,0.16883047349899638,3.5815871513500124e-22,0.18333333333333332,0.0,0.0,0.0,0.05509166666666667,0.0,3.3835577210712804e-23,
0.18333333333333332,0.0,0.0,0.276050082514517,4.690231616682999e-22,0.19999999999999998,0.0,0.0,0.0,0.06010833333333334,0.0,4.4877738908633996e-23,
0.2,0.0,0.0,0.17533160131775216,6.137308478164497e-22,0.21666666666666665,0.0,0.0,0.0,0.0651263888888889,0.0,5.931769495248455e-23,
0.21666666666666667,0.0,0.0,0.19084373293581133,8.024657616505975e-22,0.2333333333333333,0.0,0.0,0.0,0.07014583333333334,0.0,7.818864890884326e-23,
0.23333333333333334,0.0,0.0,0.030550665202861385,1.04843127334312e-21,0.24999999999999997,0.0,0.0,0.0,0.07516666666666667,0.0,1.0283343928128494e-22,
0.25,0.0,0.0,0.3302183299779222,1.3687316769446627e-21,0.26666666666666666,0.0,0.0,0.0,0.08018888888888889,0.0,1.34995955236828e-22,
0.26666666666666666,0.0,0.0,0.0,1.7855070366125622e-21,0.2833333333333333,0.0,0.0,0.0,0.0852125,0.0,1.7693912668485993e-22,
0.2833333333333333,0.0,0.0,0.23814414846579873,2.3273929261693663e-21,0.3,0.0,0.0,0.0,0.0902375,0.0,2.315970905915077e-22,
0.3,0.0,0.0,0.12360767409009202,3.031396537110831e-21,0.31666666666666665,0.0,0.0,0.0,0.09526388888888888,0.0,3.027712739589893e-22,
0.31666666666666665,0.0,0.0,0.07954827856577625,3.945305941865843e-21,0.3333333333333333,0.0,0.0,0.0,0.10029166666666667,0.0,3.953828636680508e-22,
0.3333333333333333,0.0,0.0,0.0974971991256775,5.130781488787049e-21,0.35,0.0,0.0,0.0,0.10532083333333334,0.0,5.157976148744112e-22,
0.35,0.0,0.0,0.09623882554730753,6.66731920682305e-21,0.36666666666666664,0.0,0.0,0.0,0.11035138888888889,0.0,6.722433861193127e-22,
0.36666666666666664,0.0,0.0,0.18041512737991933,8.65732802419168e-21,0.3833333333333333,0.0,0.0,0.0,0.11538333333333334,0.0,8.753464379232431e-22,
0.3833333333333333,0.0,0.0,0.14119530437775588,1.1232628471652866e-20,0.39999999999999997,0.0,0.0,0.0,0.12041666666666667,0.0,1.1388197174688463e-21,
0.4,0.0,0.0,0.26860569304270854,1.456276401750945e-20,0.41666666666666663,0.0,0.0,0.0,0.1254513888888889,0.0,1.4803454856379837e-21,
0.4166666666666667,0.0,0.0,0.0036316781243719287,1.8865621885413557e-20,0.4333333333333333,0.0,0.0,0.0,0.1304875,0.0,1.922706242281723e-21,
0.43333333333333335,0.0,0.0,0.1497535228267319,2.442099394056943e-20,0.44999999999999996,0.0,0.0,0.0,0.135525,0.0,2.4952326244340195e-21,
0.45,0.0,0.0,0.0786355369342727,3.1587877282107166e-20,0.4666666666666666,0.0,0.0,0.0,0.1405638888888889,0.0,3.2356556131393983e-21,
0.4666666666666667,0.0,0.0,0.21206974779664475,4.082652769165795e-20,0.4833333333333333,0.0,0.0,0.0,0.14560416666666667,0.0,4.1924740233493845e-21,
0.48333333333333334,0.0,0.0,0.0,5.272654852026141e-20,0.49999999999999994,0.0,0.0,0.0,0.15064583333333334,0.0,5.427978170310581e-21,
0.5,0.0,0.0,0.1225044519920415,6.80426372990861e-20,0.5166666666666666,0.0,0.0,0.0,0.1556888888888889,0.0,7.022108441245917e-21,
0.5166666666666666,0.0,0.0,0.16681383418688817,8.774004029095437e-20,0.5333333333333333,0.0,0.0,0.0,0.16073333333333334,0.0,9.077375306791979e-21,
0.5333333333333333,0.0,0.0,0.0312585132802919,1.1305230380664776e-19,0.55,0.0,0.0,0.0,0.16577916666666667,0.0,1.17251276584288e-20,
0.55,0.0,0.0,0.228817246628655,1.4555458842851267e-19,0.5666666666666668,0.0,0.0,0.0,0.1708263888888889,0.0,1.5133532483604493e-20,
0.5666666666666667,0.0,0.0,0.1642970743294717,1.8725666329763766e-19,0.5833333333333335,0.0,0.0,0.0,0.175875,0.0,1.9517724830054754e-20,
0.5833333333333334,0.0,0.0,0.2305485416565667,2.407207659443203e-19,0.6000000000000002,0.0,0.0,0.0,0.180925,0.0,2.515270781898282e-20,
0.6,0.0,0.0,0.22673478869396088,3.0921085309859334e-19,0.6166666666666669,0.0,0.0,0.0,0.1859763888888889,0.0,3.238973445925094e-20,
0.6166666666666667,0.0,0.0,0.07161163469002585,3.9688144711163356e-19,0.6333333333333336,0.0,0.0,0.0,0.19102916666666667,0.0,4.167709407748615e-20,
0.6333333333333333,0.0,0.0,0.08617633936883694,5.090163850998424e-19,0.6500000000000004,0.0,0.0,0.0,0.19608333333333333,0.0,5.3586466149407475e-20,
0.65,0.0,0.0,0.13373340113824778,6.523304080976298e-19,0.6666666666666671,0.0,0.0,0.0,0.2011388888888889,0.0,6.884630545657049e-20,
0.6666666666666666,0.0,0.0,0.20983677807705076,8.353498149406774e-19,0.6833333333333338,0.0,0.0,0.0,0.20619583333333333,0.0,8.838410006763612e-20,
0.6833333333333333,0.0,0.0,0.2180773832780434,1.0688925109564386e-18,0.7000000000000005,0.0,0.0,0.0,0.21125416666666666,0.0,1.1337981664892389e-19,
0.7,0.0,0.0,0.09322521034330519,1.36667290382187e-18,0.7166666666666672,0.0,0.0,0.0,0.2163138888888889,0.0,1.4533343965580358e-19,
0.7166666666666667,0.0,0.0,0.10142422517957349,1.7460634844703883e-18,0.733333333333334,0.0,0.0,0.0,0.221375,0.0,1.8615025136604982e-19,
0.7333333333333333,0.0,0.0,0.0861741667866777,2.2290528842414743e-18,0.7500000000000007,0.0,0.0,0.0,0.22643749999999999,0.0,2.3824842487000536e-19,
0.75,0.0,0.0,0.10326094166741223,2.843450096808211e-18,0.7666666666666674,0.0,0.0,0.0,0.23150138888888888,0.0,3.046946571308575e-19,
0.7666666666666666,0.0,0.0,0.13096612979482192,3.6243968591447905e-18,0.7833333333333341,0.0,0.0,0.0,0.23656666666666665,0.0,3.893750099303351e-19,
0.7833333333333333,0.0,0.0,0.13945479618477885,4.616265472507975e-18,0.8000000000000008,0.0,0.0,0.0,0.2416333333333333,0.0,4.972099220418889e-19,
0.8,0.0,0.0,0.3146491574798169,5.875038317503253e-18,0.8166666666666675,0.0,0.0,0.0,0.24670138888888887,0.0,6.344245917797782e-19,
0.8166666666666667,0.0,0.0,0.1094877072170856,7.471288845015834e-18,0.8333333333333343,0.0,0.0,0.0,0.25177083333333333,0.0,8.088887107115965e-19,
0.8333333333333334,0.0,0.0,0.12690205063766224,9.493912974720459e-18,0.850000000000001,0.0,0.0,0.0,0.2568416666666667,0.0,1.0305429870534138e-18,
0.85,0.0,0.0,0.18668621832752222,1.2054795916653718e-17,0.8666666666666677,0.0,0.0,0.0,0.2619138888888889,0.0,1.3119341916952103e-18,
0.8666666666666667,0.0,0.0,0.07375407475440597,1.5294644058765603e-17,0.8833333333333344,0.0,0.0,0.0,0.2669875,0.0,1.6688857887668852e-18,
0.8833333333333333,0.0,0.0,0.1205098280702072,1.9390266708529272e-17,0.9000000000000011,0.0,0.0,0.0,0.2720625,0.0,2.121337819632915e-18,
0.9,0.0,0.0,0.15106547849288104,2.456366055797045e-17,0.9166666666666679,0.0,0.0,0.0,0.2771388888888889,0.0,2.6943978935784437e-18,
0.9166666666666666,0.0,0.0,0.21193167576138117,3.109333371891058e-17,0.9333333333333346,0.0,0.0,0.0,0.28221666666666667,0.13813333333333336,3.41965526800294e-18,micro_nod_ready
0.9333333333333333,0.0,0.0,0.04471881130025947,3.932840966833302e-17,0.9500000000000013,0.0,0.0,0.0,0.28729583333333336,0.13629155555555558,4.336822527065597e-18,
0.95,0.0,0.0,0.25971755658296186,4.970617887441034e-17,0.966666666666668,0.0,0.0,0.0,0.2923763888888889,0.13447433481481483,5.4957848439419675e-18,
0.9666666666666667,0.0,0.0,0.12180341072787168,6.277392263879084e-17,0.9833333333333347,0.0,0.0,0.0,0.2974583333333333,0.13268134368395063,6.959155916263063e-18,
0.9833333333333333,0.0,0.0,0.16355331368829001,7.921602637107646e-17,1.0000000000000013,0.0,0.0,0.0,0.30254166666666665,0.13091225910149795,8.805463226906875e-18,
1.0,0.0,0.0,0.21776706431476084,9.988763612377328e-17,1.016666666666668,0.0,0.0,0.0,0.3076263888888889,0.12916676231347798,1.1133114318051189e-17,
1.0166666666666666,0.0,0.0,0.2028634337381621,1.2585640251751391e-16,1.0333333333333345,0.0,0.0,0.0,0.3127125,0.12744453881596493,1.40653315152742e-17,
1.0333333333333332,0.0,0.0,0.23473855089403978,1.5845421204043034e-16,1.0500000000000012,0.0,0.0,0.0,0.3178,0.12574527829841872,1.7756286514040685e-17,
1.05,0.0,0.0,0.16385582531455023,1.9934124152396915e-16,1.0666666666666678,0.0,0.0,0.0,0.3228888888888889,0.12406867458777314,2.2398720288857814e-17,
1.0666666666666667,0.0,0.0,0.1484309317300395,2.5058520486948974e-16,1.0833333333333344,0.0,0.0,0.0,0.32797916666666665,0.1224144255932695,2.8233400154436134e-17,
1.0833333333333333,0.0,0.0,0.17531828314236803,3.147593130316169e-16,1.100000000000001,0.0,0.0,0.0,0.3330708333333333,0.1207822332520259,3.556084723552316e-17,
1.1,0.0,0.0,0.07034276878507319,3.950632645406963e-16,1.1166666666666676,0.0,0.0,0.0,0.3381638888888889,0.11917180347533222,4.475586741630496e-17,
1.1166666666666667,0.0,0.0,0.2471349895187359,4.954725555517829e-16,1.1333333333333342,0.0,0.0,0.0,0.34325833333333333,0.11758284609566112,5.628554108552304e-17,
1.1333333333333333,0.0,0.0,0.08796910010871775,6.209225831191405e-16,1.1500000000000008,0.0,0.0,0.0,0.3483541666666667,0.11601507481438564,7.073147657854904e-17,
1.15,0.0,0.0,0.0491804896093926,7.775354585020061e-16,1.1666666666666674,0.0,0.0,0.0,0.3534513888888889,0.11446820715019383,8.88173150954827e-17,
1.1666666666666667,0.0,0.0,0.31451270247508223,9.728992035750092e-16,1.183333333333334,0.0,0.0,0.0,0.35855,0.11294196438819125,1.1144269825708507e-16,
1.1833333333333333,0.0,0.0,0.13908440483897191,1.2164111388668429e-15,1.2000000000000006,0.0,0.0,0.0,0.36365,0.11143607152968203,1.397251820778248e-16,
1.2,0.0,0.0,0.055670010213604154,1.519699865891301e-15,1.2166666666666672,0.0,0.0,0.0,0.36875138888888886,0.1099502572426196,1.7505191354423072e-16,
1.2166666666666666,0.0,0.0,0.2981815776090343,1.8971433949273562e-15,1.2333333333333338,0.0,0.0,0.0,0.37385416666666665,0.108484253812718,2.1914329094115343e-16,
1.2333333333333334,0.0,0.0,0.123622990045992,2.366504787231597e-15,1.2500000000000004,0.0,0.0,0.0,0.37895833333333334,0.1070377970952151,2.741313219626142e-16,
1.25,0.0,0.0,0.23496606302284492,2.949711305896832e-15,1.266666666666667,0.0,0.0,0.0,0.38406388888888887,0.1056106264672789,3.4265599304088446e-16,
1.2666666666666666,0.0,0.0,0.08364090213220193,3.6738086678397745e-15,1.2833333333333337,0.0,0.0,0.0,0.3891708333333333,0.10420248478104852,4.2798369159082566e-16,
1.2833333333333332,0.0,0.0,0.1300975982996295,4.57212875921197e-15,1.3000000000000003,0.0,0.0,0.0,0.3942791666666666,0.10281311831730121,5.34152606912558e-16,
1.3,0.0,0.0,0.014917651721891384,5.685717355545714e-15,1.3166666666666669,0.0,0.0,0.0,0.39938888888888885,0.10144227673973719,6.661511076891828e-16,
1.3166666666666667,0.0,0.0,0.0,7.0650782604416686e-15,1.3333333333333335,0.0,0.0,0.0,0.40449999999999997,0.10008971304987402,8.301363932372212e-16,
1.3333333333333333,0.0,0.0,0.07188523295498134,8.772302182254019e-15,1.35,0.0,0.0,0.0,0.4096125,0.09875518354254237,1.0337022885766681e-15,
1.35,0.0,0.0,0.1437568785175123,1.0883663012518833e-14,1.3666666666666667,0.0,0.0,0.0,0.41472638888888885,0.09743844776197513,1.2862069559312945e-15,
1.3666666666666667,0.0,0.0,0.21383885681488343,1.3492781436362216e-14,1.3833333333333333,0.0,0.0,0.0,0.4198416666666666,0.09613926845848213,1.5991735944627446e-15,
1.3833333333333333,0.0,0.0,0.34409764009766586,1.6714476569906418e-14,1.4,0.0,0.0,0.0,0.42495833333333327,0.09485741154570236,1.986779976079749e-15,
1.4,0.0,0.0,0.06745096039243116,2.0689451268426217e-14,1.4166666666666665,0.0,0.0,0.0,0.4300763888888888,0.09359264605842633,2.466456013923548e-15,
1.4166666666666667,0.0,0.0,0.23072322398150644,2.5589986696884334e-14,1.4333333333333331,0.0,0.0,0.0,0.4351958333333333,0.09234474411098065,3.0596125961254718e-15,
1.4333333333333333,0.0,0.0,0.10165272332112806,3.1626857669848387e-14,1.4499999999999997,0.0,0.0,0.0,0.44031666666666663,0.09111348085616758,3.7925297773036065e-15,
1.45,0.0,0.0,0.13779765551177192,3.905772329957004e-14,1.4666666666666663,0.0,0.0,0.0,0.44543888888888883,0.089898634444752,4.697438266895965e-15,
1.4666666666666666,0.0,0.0,0.031504670536220816,4.819729900122324e-14,1.483333333333333,0.0,0.0,0.0,0.4505624999999999,0.08869998598548864,5.813835180797648e-15,
1.4833333333333334,0.0,0.0,0.03168114105036618,5.942967750573655e-14,1.4999999999999996,0.0,0.0,0.0,0.4556874999999999,0.08751731950568213,7.190083461664446e-15,
1.5,0.0,0.0,0.08772315177595934,7.322324013126388e-14,1.5166666666666662,0.0,0.0,0.0,0.4608138888888888,0.08635042191227303,8.885354497971853e-15,
1.5166666666666666,0.0,0.0,0.054551150215950375,9.014868741883623e-14,1.5333333333333328,0.0,0.0,0.0,0.4659416666666666,0.08519908295344272,1.0971985608191119e-14,
1.5333333333333332,0.0,0.0,0.14971564874588061,1.1090082300796735e-13,1.5499999999999994,0.0,0.0,0.0,0.47107083333333327,0.08406309518073016,1.3538338590639448e-14,
1.55,0.0,0.0,0.09379884289611834,1.3632484945314707e-13,1.566666666666666,0.0,0.0,0.0,0.47620138888888885,0.08294225391165376,1.6692262929563603e-14,
1.5666666666666667,0.0,0.0,0.25005576589983114,1.67448083260643e-13,1.5833333333333326,0.0,0.0,0.0,0.4813333333333333,0.08183635719283171,2.0565288035913483e-14,
1.5833333333333333,0.0,0.0,0.16224157690251959,2.0551817310944344e-13,1.5999999999999992,0.0,0.0,0.0,0.4864666666666666,0.08074520576359395,2.5317693728194827e-14,
1.6,0.0,0.0,0.1632190551405774,2.520491151278694e-13,1.6166666666666658,0.0,0.0,0.0,0.4916013888888888,0.07966860302007936,3.1144637782295694e-14,
1.6166666666666667,0.0,0.0,0.2409948158954267,3.0887660823832106e-13,1.6333333333333324,0.0,0.0,0.0,0.49673749999999994,0.07860635497981164,3.8283554693429915e-14,
1.6333333333333333,0.0,0.0,0.19144898152293538,3.782245880079267e-13,1.649999999999999,0.0,0.0,0.0,0.501875,0.07755827024674748,4.702308185272366e-14,
1.65,0.0,0.0,0.14701336143311447,4.627851274163669e-13,1.6666666666666656,0.0,0.0,0.0,0.5070138888888889,0.07652415997679085,5.771381938756085e-14,
1.6666666666666667,0.0,0.0,0.14274213106660774,5.658143071484242e-13,1.6833333333333322,0.0,0.0,0.0,0.5121541666666667,0.07550383784376698,7.078128941027738e-14,
1.6833333333333333,0.0,0.0,0.14032410902386644,6.912471477530494e-13,1.6999999999999988,0.0,0.0,0.0,0.5172958333333334,0.07449712000585008,8.674153108254206e-14,
1.7,0.0,0.0,0.23613775648441981,8.438352745008903e-13,1.7166666666666655,0.0,0.0,0.0,0.522438888888889,0.07350382507243874,1.0621985175088836e-13,
1.7166666666666666,0.0,0.0,0.2126468493349362,1.0293116684450623e-12,1.733333333333332,0.0,0.0,0.0,0.5275833333333334,0.0725237740714729,1.2997335381008467e-13,
1.7333333333333334,0.0,0.0,0.17927343663249404,1.25458766202818e-12,1.7499999999999987,0.0,0.0,0.0,0.5327291666666667,0.07155679041718659,1.5891797468037733e-13,
1.75,0.0,0.0,0.21390634616658194,1.5279882855237563e-12,1.7666666666666653,0.0,0.0,0.0,0.5378763888888889,0.07060269987829076,1.9416091659119416e-13,
1.7666666666666666,0.0,0.0,0.10643733609157191,1.8595331860116974e-12,1.7833333333333319,0.0,0.0,0.0,0.543025,0.06966133054658022,2.370395075478643e-13,
1.7833333333333332,0.0,0.0,0.19088182437341333,2.261271651770275e-12,1.7999999999999985,0.0,0.0,0.0,0.548175,0.06873251280595916,2.8916772935948933e-13,
1.8,0.0,0.0,0.0370133069623729,2.7476818147746438e-12,1.816666666666665,0.0,0.0,0.0,0.5533263888888889,0.0678160793018797,3.524918781079226e-13,
1.8166666666666667,0.0,0.0,0.257781644180472,3.3361459105142553e-12,1.8333333333333317,0.0,0.0,0.0,0.5584791666666666,0.06691186491118797,4.293570929827173e-13,
1.8333333333333333,0.0,0.0,0.15720386070919215,4.047515591692727e-12,1.8499999999999983,0.0,0.0,0.0,0.5636333333333333,0.06601970671237213,5.2258680803341e-13,
1.8499999999999999,0.0,0.0,0.16467144006171497,4.9067837715861396e-12,1.866666666666665,0.0,0.0,0.0,0.5687888888888889,0.06513944395620717,6.355775562882174e-13,
1.8666666666666667,0.0,0.0,0.1979507076636367,5.9438823728787935e-12,1.8833333333333315,0.0,0.0,0.0,0.5739458333333334,0.06427091803679108,7.724119963760345e-13,
1.8833333333333333,0.0,0.0,0.1492232340511197,7.194628746736226e-12,1.8999999999999981,0.0,0.0,0.0,0.5791041666666668,0.0634139724629672,9.379935493187737e-13,
1.9,0.0,0.0,0.12967136920672298,8.701847483190386e-12,1.9166666666666647,0.0,0.0,0.0,0.584263888888889,0.06256845283012764,1.1382066403525553e-12,
1.9166666666666667,0.0,0.0,0.24518276976651276,1.0516698947969529e-11,1.9333333333333313,0.0,0.0,0.0,0.5894250000000001,0.06173420679239261,1.3801072523410167e-12,
1.9333333333333333,0.0,0.0,0.15926005365679155,1.2700251256679046e-11,1.949999999999998,0.0,0.0,0.0,0.5945875,0.060911084035160705,1.672149330751623e-12,
1.95,0.0,0.0,0.07673026616314393,1.5325338654154e-11,1.9666666666666646,0.0,0.0,0.0,0.5997513888888889,0.06009893624802523,2.024453555148891e-12,
1.9666666666666666,0.0,0.0,0.18516471326233613,1.8478756541962032e-11,1.9833333333333312,0.0,0.0,0.0,0.6049166666666667,0.059297617098051564,2.449126131667473e-12,
1.9833333333333334,0.0,0.0,0.013590364625000184,2.2263851847561916e-11,1.9999999999999978,0.0,0.0,0.0,0.6100833333333333,0.05850698220341088,2.960636591438673e-12,
2.0,0.0,0.0,0.28244339497885296,2.6803577234437898e-11,2.0166666666666644,0.0,0.0,0.0,0.6152513888888889,0.0577268891073654,3.576265131965126e-12,
2.0166666666666666,0.0,0.0,0.13630951102396183,3.224408901938802e-11,2.033333333333331,0.0,0.0,0.0,0.6204208333333333,0.056957197252600525,4.31663184708808e-12,
2.033333333333333,0.0,0.0,0.15367070827571994,3.875898182606088e-11,2.0499999999999976,0.0,0.0,0.0,0.6255916666666667,0.05619776795589918,5.206322296848508e-12,
2.05,0.0,0.0,0.33062163668454725,4.655426823094043e-11,2.066666666666664,0.0,0.0,0.0,0.6307638888888889,0.05544846438315386,6.274626317582688e-12,
2.0666666666666664,0.0,0.0,0.3221392863292514,5.58742292547857e-11,2.083333333333331,0.0,0.0,0.0,0.6359375,0.054709151524711806,7.556409818218045e-12,
2.0833333333333335,0.0,0.0,0.159264534397388,6.700828186677609e-11,2.0999999999999974,0.0,0.0,0.0,0.6411125000000001,0.05397969617104898,9.093142611914135e-12,
2.1,0.0,0.0,0.1999893080463116,8.029903309551337e-11,2.116666666666664,0.0,0.0,0.0,0.646288888888889,0.05325996688876833,1.093410916271244e-11,
2.1166666666666667,0.0,0.0,0.2372143892244304,9.615171732934163e-11,2.1333333333333306,0.0,0.0,0.0,0.6514666666666667,0.05254983399691809,1.313783356450679e-11,
2.1333333333333333,0.0,0.0,0.2845616805177228,1.1504524444690097e-10,2.1499999999999972,0.0,0.0,0.0,0.6566458333333334,0.051849169543625846,1.5773755205544127e-11,
2.15,0.0,0.0,0.13951256804562898,1.3754512212365168e-10,2.166666666666664,0.0,0.0,0.0,0.16545659722222222,0.5444911806163775,1.8924197509755888e-11,response_ready
2.1666666666666665,0.0,0.0,0.16082081711404708,1.6431855666288153e-10,2.1833333333333305,0.0,0.0,0.0,0.17063854166666667,0.5372312982081591,2.2686679004933005e-11,
2.183333333333333,0.0,0.0,0.24797073778252698,1.961520837365021e-10,2.199999999999997,0.0,0.0,0.0,0.17582187500000002,0.5300682142320503,2.7176623881870372e-11,
2.2,0.0,0.0,0.17156402420616165,2.3397213432206853e-10,2.2166666666666637,0.0,0.0,0.0,0.18100659722222223,0.5230006380422896,3.2530538331323256e-11,
2.216666666666667,0.0,0.0,0.21035998858305718,2.7886900282330715e-10,2.2333333333333303,0.0,0.0,0.0,0.18619270833333335,0.5160272962017257,3.890972945087734e-11,
2.2333333333333334,0.0,0.0,0.19878876207617127,3.3212475491450217e-10,2.249999999999997,0.0,0.0,0.0,0.19138020833333336,0.5091469322523694,4.65046555988838e-11,
2.25,0.0,0.0,0.05920704413668125,3.952456932367297e-10,2.2666666666666635,0.0,0.0,0.0,0.19656909722222224,0.5023583064890045,5.554001096085501e-11,
2.2666666666666666,0.0,0.0,0.08128471905447594,4.700000910231827e-10,2.28333333333333,0.0,0.0,0.0,0.20175937500000002,0.49566019573581777,6.628066303788807e-11,
2.283333333333333,0.0,0.0,0.0,5.584620085282116e-10,2.2999999999999967,0.0,0.0,0.0,0.2069510416666667,0.4890513931260069,7.903858005232695e-11,
2.3,0.0,0.0,0.12919034366265933,6.630621264440053e-10,2.3166666666666633,0.0,0.0,0.0,0.21214409722222224,0.4825307078843268,9.418090621522569e-11,
2.3166666666666664,0.0,0.0,0.2571069942664602,7.866466661688622e-10,2.33333333333333,0.0,0.0,0.0,0.2173385416666667,0.47609696511253574,1.1213936677640554e-10,
2.3333333333333335,0.0,0.0,0.061263460505674036,9.325456209160318e-10,2.3499999999999965,0.0,0.0,0.0,0.22253437500000003,0.46974900557770194,1.3342121218981672e-10,
2.35,0.0,0.0,0.24870428587348067,1.104651696532934e-09,2.366666666666663,0.0,0.0,0.0,0.22773159722222225,0.4634856855033326,1.5862194203409296e-10,
2.3666666666666667,0.0,0.0,0.22996369383789372,1.3075115591087943e-09,2.3833333333333298,0.0,0.0,0.0,0.23293020833333336,0.4573058763632881,1.8844008504663563e-10,
2.3833333333333333,0.0,0.0,0.14561262506882225,1.546431210839974e-09,2.3999999999999964,0.0,0.0,0.0,0.23813020833333337,0.4512084646784443,2.2369435233787046e-10,
2.4,0.0,0.0,0.14939106849883654,1.8275975693655154e-09,2.416666666666663,0.0,0.0,0.0,0.24333159722222225,0.44519235181606504,2.6534352719842823e-10,
2.4166666666666665,0.0,0.0,0.15662665126876132,2.158218612389191e-09,2.4333333333333296,0.0,0.0,0.0,0.24853437500000003,0.43925645379185085,3.1450950762053563e-10,
2.433333333333333,0.0,0.0,0.08111304689767738,2.5466847727486654e-09,2.449999999999996,0.0,0.0,0.0,0.2537385416666667,0.43339970107462616,3.7250397753516344e-10,
2.45,0.0,0.0,0.1274135676294823,3.002754633461919e-09,2.466666666666663,0.0,0.0,0.0,0.2589440972222223,0.42762103839363114,4.4085925072113573e-10,
2.466666666666667,0.0,0.0,0.14627485547366154,3.5377683823965222e-09,2.4833333333333294,0.0,0.0,0.0,0.2641510416666667,0.4219194245483827,5.213639083768331e-10,
2.4833333333333334,0.0,0.0,0.19895503565115952,4.164892947266465e-09,2.499999999999996,0.0,0.0,0.0,0.269359375,0.41629383222107097,6.161039385776173e-10,
2.5,0.0,0.0,0.21334502764941535,4.899403249370986e-09,2.5166666666666626,0.0,0.0,0.0,0.2745690972222222,0.4107432477914567,7.275101845147135e-10,
2.5166666666666666,0.0,0.0,0.09058095588102544,5.759004595112505e-09,2.533333333333329,0.0,0.0,0.0,0.27978020833333334,0.4052666711542373,8.584130199016382e-10,
2.533333333333333,0.0,0.0,0.2160570512866747,6.764201874718442e-09,2.549999999999996,0.0,0.0,0.0,0.28499270833333334,0.39986311553884746,1.0121052957680552e-09,
2.55,0.0,0.0,0.08777035676009004,7.938721965237212e-09,2.5666666666666624,0.0,0.0,0.0,0.29020659722222225,0.3945316073316628,1.1924147447255007e-09,
2.5666666666666664,0.0,0.0,0.13648667736180406,9.309996547949707e-09,2.583333333333329,0.0,0.0,0.0,0.29542187500000006,0.38927118590057397,1.4037871885478797e-09,
2.5833333333333335,0.0,0.0,0.17956042845364775,1.0909713457732364e-08,2.5999999999999956,0.0,0.0,0.0,0.3006385416666667,0.38408090342189966,1.6513820746163211e-09,
2.6,0.0,0.0,0.1481877282367941,1.2774445693291228e-08,2.6166666666666623,0.0,0.0,0.0,0.30585659722222225,0.37895982470960765,1.9411820686943728e-09,
2.6166666666666667,0.0,0.0,0.1398431335646592,1.4946368343043313e-08,2.633333333333329,0.0,0.0,0.0,0.3110760416666667,0.3739070270468129,2.2801186581113986e-09,
2.6333333333333333,0.0,0.0,0.17155530063070526,1.747407493309587e-08,2.6499999999999955,0.0,0.0,0.0,0.31629687500000003,0.36892160001952207,2.6762159734672137e-09,
2.65,0.0,0.0,0.1057760761236281,2.041350609352081e-08,2.666666666666662,0.0,0.0,0.0,0.32151909722222227,0.3640026453525951,3.1387553214181555e-09,
2.6666666666666665,0.0,0.0,0.09778670846752596,2.3829004980145048e-08,2.6833333333333287,0.0,0.0,0.0,0.3267427083333334,0.3591492767478938,3.678463239232955e-09,
2.683333333333333,0.0,0.0,0.13367087137669612,2.779451559557296e-08,2.6999999999999953,0.0,0.0,0.0,0.3319677083333334,0.35436061972458854,4.307726237185445e-09,
2.7,0.0,0.0,0.22690169699168522,3.2394942040356165e-08,2.716666666666662,0.0,0.0,0.0,0.33719409722222227,0.349635811461594,5.040835791371434e-09,
2.716666666666667,0.0,0.0,0.1418665535712419,3.772768880942101e-08,2.7333333333333285,0.0,0.0,0.0,0.34242187500000004,0.3449740006421061,5.894267591432855e-09,
2.7333333333333334,0.0,0.0,0.30236170663049905,4.3904404547452995e-08,2.749999999999995,0.0,0.0,0.0,0.3476510416666667,0.3403743473002113,6.886999539542392e-09,
2.75,0.0,0.0,0.16714026174004973,5.105295420842194e-08,2.7666666666666617,0.0,0.0,0.0,0.3528815972222223,0.3358360226695418,8.040873543831647e-09,
2.7666666666666666,0.0,0.0,0.0,5.931964734848432e-08,2.7833333333333283,0.0,0.0,0.0,0.35811354166666676,0.3313582090339479,9.3810067566306e-09,
2.783333333333333,0.0,0.0,0.11483570425939897,6.887175333889709e-08,2.799999999999995,0.0,0.0,0.0,0.36334687500000007,0.32694009958016196,1.093625858125148e-08,
2.8,0.0,0.0,0.2832027285899548,7.990033763828749e-08,2.8166666666666615,0.0,0.0,0.0,0.3685815972222223,0.3225808982524265,1.2739760516875538e-08,
2.8166666666666664,0.0,0.0,0.1505076667987547,9.262345693471077e-08,2.833333333333328,0.0,0.0,0.0,0.3738177083333334,0.31827981960906077,1.4829516736139658e-08,
2.8333333333333335,0.0,0.0,0.1149733058904723,1.0728975498159146e-07,2.8499999999999948,0.0,0.0,0.0,0.3790552083333334,0.31403608868093996,1.724908420151925e-08,
2.85,0.0,0.0,0.0801072208801472,1.2418250533312503e-07,2.8666666666666614,0.0,0.0,0.0,0.3842940972222223,0.30984894083186076,2.0048342132324667e-08,
2.8666666666666667,0.0,0.0,0.2559038262591605,1.436241519603032e-07,2.883333333333328,0.0,0.0,0.0,0.3895343750000001,0.30571762162076926,2.328436174236226e-08,
2.8833333333333333,0.0,0.0,0.230225962158873,1.6598140392554932e-07,2.8999999999999946,0.0,0.0,0.0,0.39477604166666674,0.3016413866658257,2.702238838789348e-08,
2.9,0.0,0.0,0.20376278794001357,1.9167094594011762e-07,2.916666666666661,0.0,0.0,0.0,0.4000190972222223,0.2976195015102813,3.133694960585047e-08,
2.9166666666666665,0.0,0.0,0.18424815522727855,2.2116583275253796e-07,2.933333333333328,0.0,0.0,0.0,0.4052635416666667,0.29365124149014427,3.631310399329396e-08,
2.933333333333333,0.0,0.0,0.26527250024107596,2.5500264194785744e-07,2.9499999999999944,0.0,0.0,0.0,0.41050937500000007,0.289735891603609,4.2047847491360545e-08,
2.95,0.0,0.0,0.2156961361918324,2.9378946690578395e-07,2.966666666666661,0.0,0.0,0.0,0.4157565972222223,0.28587274638222754,4.8651695401545064e-08,
2.966666666666667,0.0,0.0,0.051615967741977645,3.3821483940097654e-07,2.9833333333333276,0.0,0.0,0.0,0.42100520833333344,0.28206110976379783,5.625046039077093e-08,
2.9833333333333334,0.0,0.0,0.21147548319340548,3.8905767966032567e-07,2.9999999999999942,0.0,0.0,0.0,0.4262552083333334,0.2783002949669472,6.498724884654488e-08,
3.0,0.0,0.0,0.16357010680936396,4.4719838064944047e-07,3.016666666666661,0.0,0.0,0.0,0.4315065972222223,0.2745896243673879,7.502470023733918e-08,
3.0166666666666666,0.0,0.0,0.14117441650338652,5.136311429724736e-07,3.0333333333333274,0.0,0.0,0.0,0.43675937500000006,0.2709284293758227,8.654749662947625e-08,
3.033333333333333,0.0,0.0,0.21107105026044115,5.894776870633306e-07,3.049999999999994,0.0,0.0,0.0,0.44201354166666673,0.26731605031747835,9.976517222396864e-08,
3.05,0.0,0.0,0.15227092041197995,6.760024803484624e-07,3.0666666666666607,0.0,0.0,0.0,0.4472690972222223,0.2637518363132453,1.1491525571918999e-07,
3.0666666666666664,0.0,0.0,0.0,7.746296287959202e-07,3.0833333333333273,0.0,0.0,0.0,0.45252604166666677,0.260235145162402,1.322667814925017e-07,
3.0833333333333335,0.0,0.0,0.27459104959904324,8.869615947539834e-07,3.099999999999994,0.0,0.0,0.0,0.4577843750000001,0.2567653432269033,1.5212420904093102e-07,
3.1,0.0,0.0,0.23301760011245198,1.0147999162441345e-06,3.1166666666666605,0.0,0.0,0.0,0.4630440972222223,0.2533418053172113,1.748317938428289e-07,
3.1166666666666667,0.0,0.0,0.1401928623305741,1.1601681169226341e-06,3.133333333333327,0.0,0.0,0.0,0.4683052083333334,0.24996391457964848,2.0077845681440634e-07,
3.1333333333333333,0.0,0.0,0.12020826967753255,1.325337010773155e-06,3.1499999999999937,0.0,0.0,0.0,0.4735677083333334,0.24663106238525317,2.3040320385247918e-07,
3.15,0.0,0.0,0.16813187415213146,1.5128526212458226e-06,3.1666666666666603,0.0,0.0,0.0,0.4788315972222223,0.24334264822011648,2.642011515928704e-07,
3.1666666666666665,0.0,0.0,0.0472484938593042,1.7255669510155982e-06,3.183333333333327,0.0,0.0,0.0,0.4840968750000001,0.2400980795771816,3.0273022048773646e-07,
3.183333333333333,0.0,0.0,0.17451245309120694,1.9666718557883414e-06,3.1999999999999935,0.0,0.0,0.0,0.48936354166666673,0.23689677184948585,3.4661856162920835e-07,
3.2,0.0,0.0,0.13158423513770792,2.2397362936224644e-06,3.21666666666666,0.0,0.0,0.0,0.4946315972222223,0.23373814822482603,3.965727894352234e-07,
3.216666666666667,0.0,0.0,0.12176393261102976,2.54874724003469e-06,3.2333333333333267,0.0,0.0,0.0,0.4999010416666667,0.23062163958182835,4.5338709837954924e-07,
3.2333333333333334,0.0,0.0,0.07615051553209372,2.898154578688329e-06,3.2499999999999933,0.0,0.0,0.0,0.505171875,0.22754668438740397,5.179533484040561e-07,
3.25,0.0,0.0,0.09570910394764442,3.292920297679033e-06,3.26666666666666,0.0,0.0,0.0,0.5104440972222223,0.22451272859557192,5.912722105083415e-07,
3.2666666666666666,0.0,0.0,0.2385037147966449,3.738572342281746e-06,3.2833333333333266,0.0,0.0,0.0,0.5157177083333334,0.22151922554763095,6.744654712794044e-07,
3.283333333333333,0.0,0.0,0.2568016826262708,4.241263496437057e-06,3.299999999999993,0.0,0.0,0.0,0.5209927083333334,0.21856563587366254,7.687896028099758e-07,
3.3,0.0,0.0,0.19022704567128368,4.807835687154111e-06,3.3166666666666598,0.0,0.0,0.0,0.5262690972222224,0.21565142739534704,8.756507125639961e-07,
3.3166666666666664,0.0,0.0,0.1463570705195018,5.445890128295099e-06,3.3333333333333264,0.0,0.0,0.0,0.5315468750000002,0.21277607503007576,9.96620996284803e-07,
3.3333333333333335,0.0,0.0,0.07976772934571989,6.163863742771125e-06,3.349999999999993,0.0,0.0,0.0,0.5368260416666668,0.2099390606963414,1.1334568260062699e-06,
3.35,0.0,0.0,0.20742029433133777,6.971112324890739e-06,3.3666666666666596,0.0,0.0,0.0,0.5421065972222223,0.20713987322039018,1.2881186146166103e-06,
3.3666666666666667,0.0,0.0,0.2788748955675979,7.878000927313878e-06,3.383333333333326,0.0,0.0,0.0,0.5473885416666667,0.2043780082441183,1.4627926082324653e-06,
3.3833333333333333,0.0,0.0,0.02083968365745617,8.896001979605386e-06,3.399999999999993,0.0,0.0,0.0,0.552671875,0.20165296813419673,1.659914767856761e-06,
3.4,0.0,0.0,0.24394074417345624,1.0037801667567284e-05,3.4166666666666594,0.0,0.0,0.0,0.5579565972222222,0.19896426189240743,1.882196912402754e-06,
3.4166666666666665,0.0,0.0,0.0,1.1317415124144724e-05,3.433333333333326,0.0,0.0,0.0,0.5632427083333333,0.19631140506717534,2.1326553061487765e-06,
3.433333333333333,0.0,0.0,0.12279927389212772,1.2750311003514926e-05,3.4499999999999926,0.0,0.0,0.0,0.5685302083333333,0.331827252999613,2.4146418850180998e-06,micro_nod_ready
3.4499999999999997,0.0,0.0,0.1807699689707524,1.4353546029722872e-05,3.4666666666666592,0.0,0.0,0.0,0.5738190972222222,0.32740288962628483,2.7318783277247543e-06,
3.466666666666667,0.0,0.0,0.04080103242632452,1.6145910129640725e-05,3.483333333333326,0.0,0.0,0.0,0.579109375,0.32303751776460105,3.088493189751286e-06,
3.4833333333333334,0.0,0.0,0.02864074190394246,1.8148082776792514e-05,3.4999999999999925,0.0,0.0,0.0,0.5844010416666667,0.31873035086107304,3.489062330283532e-06,
3.5,1.0,1.0,0.16485390155717874,2.0382801187369245e-05,0.0,1.4400000000000002,0.004994166666666667,0.05,0.5800180338541667,0.6104806128495921,3.938652874568247e-06,gaze_shift
3.5166666666666666,0.0,1.0,0.2502875716546123,2.2875041022200794e-05,0.0,1.2960000000000003,0.009957565104861111,0.0975,0.5756678986002605,0.6023408713449309,4.4428709666214174e-06,
3.533333333333333,0.0,1.0,0.14917610807450998,2.5652210258170955e-05,0.0,1.1664000000000003,0.014890384872510912,0.142625,0.5713503893607585,0.5943096597269985,5.007913579729556e-06,
3.55,0.0,1.0,0.33119836253403934,2.87443568991428e-05,0.0,1.0497600000000002,0.01979281435970885,0.18549375,0.5670652614405529,0.5863855309306385,5.6406246646750035e-06,
3.5666666666666664,0.0,1.0,0.2137009644494671,3.2184391199474516e-05,0.0,0.9447840000000002,0.02466504079590774,0.2262190625,0.5628122719797488,0.5785670571848966,6.348555927991938e-06,
3.5833333333333335,0.0,1.0,0.4410986773357992,3.6008323072185844e-05,0.0,0.8503056000000002,0.029507250257070954,0.26490810937500003,0.5585911799399007,0.5708528297557647,7.1400325447246356e-06,
3.6,0.0,1.0,0.3084241409162619,4.025551534830142e-05,0.0,0.7652750400000002,0.03431962767277885,0.30166270390625005,0.5544017460903514,0.5632414586923545,8.024224122005688e-06,
3.6166666666666667,0.0,1.0,0.4471492346100653,4.496895354334643e-05,0.0,0.6887475360000002,0.039102356833291475,0.3365795687109375,0.5502437329946738,0.5557315725764564,9.01122124118051e-06,
3.6333333333333333,0.0,1.0,0.5422031896886181,5.0195532770869396e-05,0.0,0.6198727824000001,0.04385562039656771,0.36975059027539064,0.5461169049972138,0.548321818275437,1.0112117917045461e-05,
3.65,0.0,1.0,0.4042545581102392,5.5986362420685275e-05,0.0,0.55788550416,0.04857959989524119,0.4012630607616211,0.5420210282097346,0.5410108606984312,1.1339100322899154e-05,
3.6666666666666665,0.0,1.0,0.7536570569418841,6.239708919070248e-05,0.0,0.5020969537440001,0.053274475743553255,0.43119990772354005,0.5379558704981616,0.5337973825557855,1.2705542139376716e-05,
3.683333333333333,0.0,1.0,0.5811728503656179,6.948823902515538e-05,0.0,0.4518872583696001,0.05794042724424318,0.45963991233736307,0.5339212014694255,0.5266800841217083,1.4226106893280517e-05,
3.6999999999999997,0.0,1.0,0.6228020183807812,7.732557846823284e-05,0.0,0.4066985325326401,0.06257763259539594,0.4866579167204949,0.5299167924584047,0.5196576830000855,1.591685765966154e-05,
3.716666666666667,0.0,1.0,0.5539664969010585,8.598049588989108e-05,0.0,0.3660286792793761,0.0671862688972478,0.5123250208844702,0.5259424165149666,0.5127289138934177,1.7795374506055187e-05,
3.7333333333333334,0.0,1.0,0.5074680789518348,9.553040297948764e-05,0.0,0.3294258113514385,0.07176651215895001,0.5367087698402466,0.5219978483911044,0.5058925283748388,1.9880880061834245e-05,
3.75,0.0,1.0,0.6320101873450983,0.00010605915683220599,0.0,0.29648323021629464,0.07631853730529074,0.5598733313482342,0.5180828645281711,0.49914729466317426,2.2194373597899803e-05,
3.7666666666666666,0.0,1.0,0.569932014758203,0.00011765750287247797,0.0,0.2668349071946652,0.08084251818337573,0.5818796647808225,0.5141972430442098,0.4924919974009986,2.4758774002166076e-05,
3.783333333333333,0.0,1.0,0.6822289091502414,0.00013042353876724553,0.0,0.24015141647519866,0.08533862756926765,0.6027856815417814,0.5103407637213782,0.4859254374356519,2.7599072034277006e-05,
3.8,0.0,1.0,0.9026288053705139,0.0001444631993793842,0.0,0.2161362748276788,0.08980703717458466,0.6226463974646923,0.5065132079934678,0.47944643160317657,3.0742492238480186e-05,
3.8166666666666664,0.0,1.0,0.7360922577529473,0.00015989076269748055,0.0,0.19452264734491093,0.09424791765305823,0.6415140775914577,0.5027143589335168,0.47305381251513423,3.421866488632844e-05,
3.8333333333333335,0.0,1.0,0.8727389429239183,0.0001768293765519633,0.0,0.17507038261041982,0.09866143860705068,0.6594383737118849,0.4989440012415154,0.4667464283482658,3.805980831062561e-05,
3.85,0.0,1.0,0.6310009095999006,0.0001954116057889453,0.0,0.15756334434937785,0.1030477685940324,0.6764664550262907,0.495201921232204,0.4605231426369556,4.230092197851901e-05,
3.8666666666666667,0.0,1.0,0.3485487284938449,0.00021577999942170976,0.0,0.14180700991444006,0.10740707513301934,0.6926431322749761,0.4914879068229625,0.45438283406846286,4.6979990634600825e-05,
3.8833333333333333,0.0,1.0,0.9099982435656758,0.0002380876771152965,0.0,0.12762630892299606,0.11173952471097066,0.7080109756612273,0.4878017475217903,0.44832439628088333,5.213819982404599e-05,
3.9,0.0,1.0,0.775587134379766,0.00026249893418194573,0.0,0.11486367803069646,0.11604528278914716,0.7226104268781659,0.4841432344153769,0.4423467376638049,5.7820163080915714e-05,
3.9166666666666665,0.0,1.0,0.645987322920361,0.0002891898640741115,0.0,0.1033773102276268,0.12032451380943036,0.7364799055342576,0.48051216015726156,0.43644878116162084,6.407416103752698e-05,
3.933333333333333,0.0,1.0,0.6809888535697813,0.000318348997157391,0.0,0.09303957920486412,0.12457738120060277,0.7496559102575447,0.4769083189560821,0.4306294640794659,7.095239267696483e-05,
3.9499999999999997,0.0,1.0,0.5220660685613736,0.00035017795432811205,0.0,0.08373562128437771,0.1288040473845894,0.7621731147446675,0.4733315065639115,0.42488773789173967,7.851123891214012e-05,
3.966666666666667,0.0,1.0,0.5148313775398161,0.00038489211380972663,0.0,0.07536205915593994,0.13300467378266084,0.7740644590074341,0.4697815202646822,0.41922256805318314,8.681153863102254e-05,
3.9833333333333334,0.0,1.0,0.5185684794833234,0.00042272128921889133,0.0,0.06782585324034594,0.13717942082159817,0.7853612360570624,0.46625815886269706,0.413632933812474,9.59188772985724e-05,
4.0,0.0,1.0,0.7894493852052971,0.0004639104167367365,0.0,0.06104326791631135,0.14132844793981977,0.7960931742542093,0.4627612226712268,0.4081178280283077,0.00010590388815123594,
4.016666666666667,0.0,1.0,0.7150419449167097,0.0005087202489538582,0.0,0.054938941124680216,0.14545191359347054,0.8062885155414988,0.4592905135011926,0.40267625698793025,0.00011684256595945616,
4.033333333333333,0.0,1.0,0.8258875756062958,0.0005574280526799452,0.0,0.049445047012212195,0.14954997526247343,0.8159740897644239,0.45584583464993367,0.39730724022809116,0.00012881659326730797,
4.05,0.0,1.0,0.6073257565212546,0.0006103283077215229,0.0,0.04450054231099097,0.15362278945654387,0.8251753852762027,0.45242699089005917,0.3920098103583833,0.00014191367894594086,
4.066666666666666,0.0,1.0,0.7139502898216769,0.0006677334033352632,0.0,0.04005048807989188,0.15767051172116703,0.8339166160123925,0.4490337884583837,0.38678301288693817,0.0001562279088188826,
4.083333333333333,0.0,1.0,0.7249335000705726,0.0007299743287609411,0.0,0.03604543927190269,0.1616932966435382,0.8422207852117729,0.44566603504494584,0.38162590604844565,0.00017186010803233755,
4.1,0.0,1.0,0.938866523098022,0.0007974013539289664,0.0,0.03244089534471242,0.1656912978584668,0.8501097459511843,0.44232353978210875,0.37653756063446636,0.0001889182147523533,
4.116666666666666,0.0,1.0,0.7386020564981809,0.0008703846961241225,0.0,0.02919680581024118,0.16966466805424377,0.8576042586536251,0.43900611323374295,0.3715170598260068,0.0002075176646731245,
4.133333333333333,0.0,1.0,0.7295332942195539,0.0009493151680716269,0.0,0.02627712522921706,0.17361355897847291,0.8647240457209439,0.43571356738448985,0.3665634990283267,0.00022778178571679144,
4.15,0.0,1.0,0.7946115299873857,0.0010346048025959439,0.0,0.023649412706295354,0.17753812144386638,0.8714878434348967,0.43244571562910616,0.361675985707949,0.0002498422021949647,
4.166666666666667,0.0,1.0,0.7667971772697035,0.0011266874486892068,0.0,0.02128447143566582,0.1814385053340043,0.8779134512631519,0.4292023727618879,0.35685363923184305,0.000273839247586012,
4.183333333333334,0.0,1.0,0.7744594817909594,0.0012260193335172122,0.0,0.019156024292099238,0.18531485960905905,0.8840177786999943,0.42598335496617373,0.3520955907087518,0.0002999223849600831,
4.2,0.0,1.0,0.9897968762800031,0.0013330795845890766,0.0,0.017240421862889314,0.18916733231148425,0.8898168897649946,0.4227884798039274,0.3474009828326351,0.00032825063395618793,
4.216666666666667,0.0,1.0,0.6283542718019198,0.0014483707060251572,0.0,0.015516379676600384,0.1929960705716686,0.8953260452767449,0.419617566205398,0.3427689697282,0.0003589930030827146,
4.233333333333333,0.0,1.0,0.6087788306425732,0.0015724190025792012,0.0,0.013964741708940345,0.19680122061355496,0.9005597430129076,0.4164704344588575,0.3381987167984907,0.0003923289259749867,
4.25,0.0,1.0,0.5629222509176235,0.0017057749448084365,0.0,0.01256826753804631,0.20058292776022493,0.9055317558622623,0.4133469062004161,0.3336894005745108,0.00042844870010126966,
4.266666666666667,0.0,1.0,0.6390471262644937,0.0018490134685426526,0.0,0.01131144078424168,0.20434133643944882,0.9102551680691492,0.410246804403913,0.32924020856685066,0.00046755392626261343,
4.283333333333333,0.0,1.0,0.5477678693977193,0.0020027342015836863,0.0,0.01018029670581751,0.20807659018920144,0.9147424096656918,0.40716995337088363,0.3248503391192926,0.0005098579470826725,
4.3,0.0,1.0,0.49299441543125105,0.002167561610373751,0.0,0.009162267035235759,0.21178883166314413,0.9190052891824072,0.404116178720602,0.3205190012643687,0.0005555862825318861,
4.316666666666666,0.0,1.0,0.5501365137814463,0.002344145059208304,0.0,0.008246040331712183,0.21547820263607279,0.9230550247232868,0.4010853073801975,0.3162454145808438,0.0006049770603769123,
4.333333333333333,0.0,1.0,0.3813036068260832,0.002533158774440522,0.0,0.0074214362985409645,0.2191448440093324,0.9269022734871225,0.398077167574846,0.3120288090530992,0.0006582814392918565,
4.35,0.0,1.0,0.45010173182676927,0.002735301706033474,0.0,0.006679292668686868,0.22278889581619823,0.9305571598127664,0.3950915888180347,0.3078684249323912,0.000715764022213553,
4.366666666666666,0.0,1.0,0.41080166510523763,0.002951297278766849,0.0,0.006011363401818181,0.22641049722722392,0.9340293018221281,0.3921284019018994,0.3037635125999593,0.0007777032573699833,
4.383333333333333,0.0,1.0,0.3554641385447452,0.003181893025400977,0.0,0.005410227061636363,0.23000978655555654,0.9373278367310217,0.3891874388876352,0.29971333243195986,0.0008443918242599326,
4.4,0.0,1.0,0.3346440349727725,0.0034278600941460495,0.0,0.004869204355472726,0.23358690126221884,0.9404614448944706,0.3862685330959779,0.2957171546662004,0.00091613700171438,
4.416666666666667,0.0,1.0,0.2878228860213728,0.003689992622881862,0.0,0.004382283919925453,0.2371419779613592,0.9434383726497471,0.3833715190977581,0.2917742592706511,0.00099326101502713,
4.433333333333334,0.0,1.0,0.491273355705077,0.003969106972727602,0.0,0.003944055527932908,0.2406751524254689,0.9462664540172597,0.3804962327045249,0.2878839358137091,0.0010761013590051402,
4.45,0.0,1.0,0.26762272427112843,0.0042660408137737355,0.0,0.003549649975139617,0.24418655959056768,0.9489531313163967,0.37764251095924095,0.28404548333619295,0.0011650110936592413,
4.466666666666667,0.0,1.0,0.31169617302367747,0.004581652056064295,0.0,0.003194684977625655,0.24767633356135677,0.9515054747505769,0.37481019212704664,0.2802582102250437,0.0012603591091349359,
4.483333333333333,0.0,1.0,0.09628719460016144,0.004916817619258416,0.0,0.0028752164798630897,0.2511446076163409,0.953930201013048,0.3719991156860938,0.27652143408870977,0.0013625303563721504,
4.5,0.0,0.0,0.06705078874744971,0.005272432034808891,0.016666666666666666,0.0025876948318767808,0.25085160557412184,0.9380313643294973,0.3770005045749827,0.27283448163419366,0.0014719260398837369,
4.516666666666667,0.0,0.0,0.14169006324828587,0.005649405874974139,0.03333333333333333,0.0023289253486891027,0.2505589453676187,0.922397508257339,0.3820032823527605,0.26919668854573775,0.0015889637689567191,
4.533333333333333,0.0,0.0,0.14205828251463606,0.006048664003530435,0.05,0.0020960328138201925,0.2502666265980231,0.90702421645305,0.38700744901942713,0.2656073993651279,0.0017140776635093053,
4.55,0.0,0.0,0.21817624148241077,0.006471143643674736,0.06666666666666667,0.0018864295324381732,0.24997464886699208,0.8919071461788325,0.39201300457498267,0.26206596737359283,0.001847718410782156,
4.566666666666666,0.0,0.0,0.07370188218555757,0.006917792259305725,0.08333333333333333,0.0016977865791943558,0.24968301177664726,0.877042027075852,0.3970199490194271,0.25857175447527825,0.0019903532690058274,
4.583333333333333,0.0,0.0,0.1972069147284135,0.007389565246642238,0.09999999999999999,0.0015280079212749201,0.24939171492957452,0.8624246599579212,0.40202828235276045,0.25512413108227455,0.002142466014169305,
4.6,0.0,0.0,0.27524427602445795,0.007887423433983647,0.11666666666666665,0.0013752071291474282,0.24910075792882336,0.8480509156252891,0.4070380045749827,0.25172247600117753,0.002304556826018613,
4.616666666666666,0.0,0.0,0.08090833014165753,0.008412330388335151,0.13333333333333333,0.0012376864162326855,0.24881014037790639,0.833916733698201,0.4120491156860938,0.24836617632116184,0.0024771421094410867,
4.633333333333333,0.0,0.0,0.22683697002491504,0.00896524952861094,0.15,0.0011139177746094168,0.24851986188079883,0.8200181214698976,0.4170616156860938,0.24505462730354635,0.0026607542474415147,
4.65,0.0,0.0,0.07720784118747988,0.00954714104618733,0.16666666666666666,0.001002525997148475,0.2482299220419379,0.8063511527787326,0.42207550457498266,0.2417872322728324,0.002855941281992255,
4.666666666666667,0.0,0.0,0.18175699891851013,0.010158958634703601,0.18333333333333332,0.0009022733974336276,0.2479403204662223,0.792911966899087,0.42709078235276043,0.2385634025091946,0.0030632665191419476,
4.683333333333334,0.0,0.0,0.183134867516816,0.010801646032197016,0.19999999999999998,0.0008120460576902648,0.24765105675901172,0.7796967674507689,0.4321074490194271,0.23538255714240536,0.0032833080548976697,
4.7,0.0,0.0,0.2930630332801991,0.011476133379904637,0.21666666666666665,0.0007308414519212383,0.2473621305261262,0.7667018213265894,0.43712550457498267,0.2322441230471733,0.0035166582185543567,
4.716666666666667,0.0,0.0,0.09881377754520206,0.012183333403365512,0.2333333333333333,0.0006577573067291145,0.24707354137384574,0.7539234576378129,0.44214494901942714,0.22914753473987765,0.003763922930333917,
4.733333333333333,0.0,0.0,0.16753812641332513,0.012924137422803853,0.24999999999999997,0.0005919815760562031,0.24678528890890958,0.7413580666771826,0.44716578235276044,0.22609223427667927,0.004025720970415453,
4.75,0.0,0.0,0.23756127341965205,0.013699411201162427,0.26666666666666666,0.0005327834184505828,0.24649737273851585,0.7290020988992296,0.45218800457498265,0.2230776711529902,0.004302683156687846,
4.766666666666667,0.0,0.0,0.06030184583310709,0.014509990639577277,0.2833333333333333,0.0004795050766055245,0.2462097924703209,0.7168520639175758,0.45721161568609375,0.22010330220428367,0.004595451428837118,
4.783333333333333,0.0,0.0,0.15333441080834723,0.015356677331531966,0.3,0.0004315545689449721,0.24592254771243885,0.7049045295189496,0.46223661568609375,0.21716859150822657,0.004904677836693535,
4.8,0.0,0.0,0.08444720275190754,0.016240233988393506,0.31666666666666665,0.0003883991120504749,0.245635638073441,0.6931561206936337,0.46726300457498265,0.21427301028811688,0.005231023431107322,
4.816666666666666,0.0,0.0,0.09788662472209837,0.017161379750502883,0.3333333333333333,0.0003495592008454274,0.2453490631623553,0.6816035186820731,0.47229078235276045,0.21141603681760865,0.005575157055996845,
4.833333333333333,0.0,0.0,0.20859514566006665,0.018120785399461062,0.35,0.0003146032807608847,0.24506282258866588,0.6702434600373719,0.4773199490194271,0.2085971563267072,0.005937754040618621,
4.85,0.0,0.0,0.2100777129173881,0.019119068488705815,0.36666666666666664,0.00028314295268479624,0.24477691596231244,0.6590727357034157,0.48235050457498263,0.20581586090901777,0.006319494791543723,
4.866666666666666,0.0,0.0,0.35,0.020156788410904004,0.3833333333333333,0.0002548286574163166,0.24449134289368973,0.6480881901083588,0.48738244901942707,0.20307164943023087,0.006721063284289078,
4.883333333333333,0.0,0.0,0.26419643412496197,0.021234441422077307,0.39999999999999997,0.00022934579167468495,0.2442061029936471,0.6372867202732195,0.4924157823527604,0.2003640274378278,0.007143145455043395,
4.9,0.0,0.0,0.257151652240747,0.022352455643724126,0.41666666666666663,0.00020641121250721645,0.24392119587348784,0.6266652749353325,0.49745050457498263,0.1976925070719901,0.007586427493444452,
4.916666666666667,0.0,0.0,0.14065889583996788,0.023511186065484076,0.4333333333333333,0.0001857700912564948,0.24363662114496878,0.6162208536864103,0.5024866156860938,0.1950566069776969,0.00805159403790533,
4.933333333333334,0.0,0.0,0.1299265691216351,0.024710909572103857,0.44999999999999996,0.0001671930821308453,0.24335237842029966,0.6059505061249701,0.5075241156860938,0.19245585221799427,0.008539326275549807,
4.95,0.0,0.0,0.1648823383824808,0.025951820019586486,0.4666666666666666,0.00015047377391776078,0.24306846731214266,0.5958513310228873,0.5125630045749827,0.189889774188421,0.009050299949398877,
4.966666666666667,0.0,0.0,0.0,0.02723402338643513,0.4833333333333333,0.0001354263965259847,0.24278488743361182,0.5859204755058393,0.5176032823527605,0.1873579105325754,0.00958518327604886,
4.983333333333333,0.0,0.0,0.2863814220097013,0.028557533026818106,0.49999999999999994,0.00012188375687338623,0.2425016383982726,0.5761551342474086,0.5226449490194272,0.18485980505880772,0.010144634777693524,
5.0,0.0,0.0,0.10003034185431019,0.02992226505327554,0.5166666666666666,0.00010969538118604761,0.2422187198201413,0.5665525486766184,0.5276880045749827,0.18239500765802363,0.01072930103296503,
5.016666666666667,0.0,0.0,0.06878758895721565,0.03132803387724715,0.5333333333333333,9.872584306744284e-05,0.24193613131368447,0.5571100061986748,0.5327324490194271,0.1799630742225833,0.011339814351697767,
5.033333333333333,0.0,0.0,0.11682226843805127,0.03277454793621339,0.55,8.885325876069856e-05,0.2416538724938185,0.5478248394286969,0.5377782823527604,0.1775635665662822,0.011976790379351555,
5.05,0.0,0.0,0.22335067321228197,0.034261405636598276,0.5666666666666668,7.99679328846287e-05,0.24137194297590905,0.5386944254382185,0.5428255045749826,0.17519605234539842,0.012640825637462515,
5.066666666666666,0.0,0.0,0.2526754801198437,0.03578809154177056,0.5833333333333335,7.197113959616584e-05,0.24109034237577048,0.5297161850142482,0.5478741156860937,0.1728601049807931,0.013332495007116677,
5.083333333333333,0.0,0.0,0.1229334891765772,0.0373539728344937,0.6000000000000002,6.477402563654925e-05,0.24080907030966542,0.5208875819306774,0.5529241156860937,0.1705553035810492,0.014052349163059334,
5.1,0.0,0.0,0.18784241403179697,0.03895829608300192,0.6166666666666669,5.829662307289433e-05,0.24052812639430415,0.5122061222318328,0.5579755045749826,0.1682812328666352,0.014800911966657365,
5.116666666666666,0.0,0.0,0.14827038996487704,0.04060018433951717,0.6333333333333336,5.24669607656049e-05,0.24024751024684413,0.5036693535279689,0.5630282823527604,0.16603748309508007,0.015578677826518115,
5.133333333333333,0.0,0.0,0.07302749202108215,0.04227863459945958,0.6500000000000004,4.722026468904441e-05,0.23996722148488947,0.4952748643025028,0.5680824490194271,0.16382364998714566,0.016386109036132038,
5.15,0.0,0.0,0.16621380946854997,0.04399251564884089,0.6666666666666671,4.249823822013997e-05,0.23968725972649044,0.4870202832307944,0.5731380045749827,0.16163933465398372,0.017223633098442763,
5.166666666666667,0.0,0.0,0.1547307452854863,0.04574056632635913,0.6833333333333338,3.824841439812597e-05,0.23940762459014286,0.47890327851028114,0.5781949490194271,0.15948414352526394,0.018091640047752714,
5.183333333333334,0.0,0.0,0.029427690546911564,0.04752139422553765,0.7000000000000005,3.4423572958313375e-05,0.2391283156947877,0.4709215572017765,0.5832532823527605,0.1573576882782604,0.01899047977984029,
5.2,0.0,0.0,0.24038335375385234,0.049333474860862515,0.7166666666666672,3.0981215662482034e-05,0.23884933265981045,0.46307286458174685,0.5883130045749827,0.1552595857678836,0.019920459401591425,
5.216666666666667,0.0,0.0,0.02654733745098159,0.05117515132028259,0.733333333333334,2.788309409623383e-05,0.23857067510504068,0.4553549835053844,0.5933741156860938,0.15318945795764516,0.02088184061182951,
5.233333333333333,0.0,0.0,0.1709018437749306,0.05304463442463884,0.7500000000000007,2.509478468661045e-05,0.23829234265075147,0.44776573378029466,0.5984366156860937,0.1511469318515432,0.021874837125358797,
5.25,0.0,0.0,0.06811884740221304,0.05494000341259371,0.7666666666666674,2.2585306217949402e-05,0.23801433491765892,0.4403029715506231,0.6035005045749826,0.14913163942685598,0.022899612152513536,
5.266666666666667,0.0,0.0,0.08692827924444194,0.05685920716744368,0.7833333333333341,2.032677559615446e-05,0.23773665152692164,0.43296458869144605,0.6085657823527604,0.14714321756783122,0.023956275946724136,
5.283333333333333,0.0,0.0,0.09580679290472026,0.05880006599982454,0.8000000000000008,1.8294098036539015e-05,0.23745929210014022,0.42574851221325527,0.613632449019427,0.14518130800026013,0.025044883432768953,
5.3,0.0,0.0,0.208338673852487,0.06076027399777205,0.8166666666666675,1.6464688232885114e-05,0.2371822562593567,0.4186527036763677,0.6187005045749826,0.14324555722692334,0.026165431928472555,
5.316666666666666,0.0,0.0,0.05154647275580283,0.0627374019528896,0.8333333333333343,1.4818219409596604e-05,0.23690554362705413,0.4116751586150949,0.6237699490194271,0.1413356164638977,0.027317858972635375,
5.333333333333333,0.0,0.0,0.13658402699647484,0.06472890086851515,0.850000000000001,1.3336397468636943e-05,0.2366291538261559,0.40481390597151,0.6288407823527604,0.13945114157771238,0.02850204027193303,
5.35,0.0,0.0,0.27593692782239604,0.066732106052785,0.8666666666666677,1.200275772177325e-05,0.2363530864800254,0.39806700753865154,0.6339130045749827,0.13759179302334287,0.029717787779403863,
5.366666666666666,0.0,0.0,0.09603417467296757,0.06874424179637915,0.8833333333333344,1.0802481949595925e-05,0.23607734121246537,0.39143255741300736,0.6389866156860938,0.13575723578303164,0.03096484791694864,
5.383333333333333,0.0,0.0,0.14910481635393164,0.07076242663152169,0.9000000000000011,9.722233754636332e-06,0.2358019176477175,0.3849086814561239,0.6440616156860939,0.13394713930592456,0.03224289995399563,
5.4,0.0,0.0,0.2047344903764504,0.07278367916551605,0.9166666666666679,8.7500103791727e-06,0.23552681541046183,0.3784935367651885,0.6491380045749827,0.13216117744851222,0.033551554554136526,
5.416666666666667,0.0,0.0,0.10490404807188561,0.0748049244787423,0.9333333333333346,7.87500934125543e-06,0.2352520341258163,0.37218531115243536,0.6542157823527605,0.1303990284158654,0.03489035250111351,
5.433333333333334,0.0,0.0,0.1894973773937053,0.07682300107365521,0.9500000000000013,7.0875084071298874e-06,0.23497757341933617,0.3659822226332281,0.6592949490194271,0.12866037470365385,0.036258763615035564,
5.45,0.0,0.0,0.09855787058164503,0.07883466835791222,0.966666666666668,6.378757566416899e-06,0.23470343291701362,0.3598825189226743,0.6643755045749826,0.12694490304093847,0.037656185869123615,
5.466666666666667,0.0,0.0,0.2073795165983908,0.08083661464136721,0.9833333333333347,5.740881809775209e-06,0.2344296122452771,0.35388447694062974,0.669457449019427,0.12525230433372597,0.03908194471663043,
5.483333333333333,0.0,0.0,0.1563538755868798,0.08282546562329757,1.0000000000000013,5.166793628797688e-06,0.23415611103099096,0.3479864023249526,0.6745407823527604,0.12358227360927629,0.04053529263685468,
5.5,0.0,0.0,0.0764360664278613,0.08479779334292595,1.016666666666668,4.650114265917919e-06,0.23388292890145482,0.34218662895287005,0.6796255045749826,0.1219345099611526,0.04201540890837141,
5.516666666666667,0.0,0.0,0.2640509946779727,0.08675012556307037,1.0333333333333345,4.185102839326127e-06,0.2336100654844031,0.3364835184703222,0.6847116156860937,0.1203087164950039,0.04352139961673645,
5.533333333333333,0.0,0.0,0.14371364913121434,0.08867895555363704,1.0500000000000012,3.7665925553935144e-06,0.23333752040800462,0.3308754598291502,0.6897991156860938,0.11870460027507052,0.04505229790299372,
5.55,0.0,0.0,0.12890223959437647,0.09058075223868085,1.0666666666666678,3.389933299854163e-06,0.23306529330086195,0.32536086883199766,0.6948880045749827,0.1171218722714029,0.04660706445832633,
5.566666666666666,0.0,0.0,0.07729200255784288,0.09245197066792507,1.0833333333333344,3.0509399698687466e-06,0.23279338379201095,0.3199381876847977,0.6999782823527605,0.11556024730778419,0.04818458826914909,
5.583333333333333,0.0,0.0,0.11366344147360244,0.09428906277097623,1.100000000000001,2.7458459728818718e-06,0.23252179151092028,0.31460588455671773,0.7050699490194272,0.11401944401034707,0.049783687615847144,
5.6,0.0,0.0,0.1435381212896456,0.09608848835001692,1.1166666666666676,2.4712613755936847e-06,0.23225051608749087,0.3093624531474391,0.7101630045749827,0.11249918475687577,0.0514031113272286,
5.616666666666666,0.0,0.0,0.1649841387497024,0.09784672626452814,1.1333333333333342,2.2241352380343164e-06,0.23197955715205545,0.30420641226164846,0.7152574490194271,0.11099919562678409,0.05304154029158417,
5.633333333333333,0.0,0.0,0.23907075990719961,0.09956028575960547,1.1500000000000008,2.0017217142308847e-06,0.23170891433537805,0.29913630539062097,0.7203532823527604,0.10951920635176031,0.054697589224040694,
5.65,0.0,0.0,0.0457411150704522,0.10122571788770816,1.1666666666666674,1.8015495428077962e-06,0.23143858726865343,0.2941507003007773,0.7254505045749826,0.10805895026707017,0.056369808688664896,
5.666666666666667,0.0,0.0,0.1232084910215844,0.10283962697223349,1.183333333333334,1.6213945885270166e-06,0.23116857558350667,0.2892481886290977,0.7305491156860937,0.10661816426350923,0.05805668737252617,
5.683333333333334,0.0,0.0,0.24683719255516723,0.1043986820601593,1.2000000000000006,1.459255129674315e-06,0.2308988789119926,0.2844273854852794,0.7356491156860937,0.10519658873999577,0.0597566546076697,
5.7,0.0,0.0,0.16566416768123768,0.10589962831015147,1.2166666666666672,1.3133296167068836e-06,0.23062949688659526,0.2796869290605247,0.7407505045749826,0.10379396755679582,0.06146808313569214,
5.716666666666667,0.0,0.0,0.1837599204034509,0.10733929826201133,1.2333333333333338,1.1819966550361951e-06,0.23036042914022756,0.27502548024284934,0.7458532823527604,0.10241004798937188,0.06318929210835877,
5.733333333333333,0.0,0.0,0.2785326850260428,0.10871462293314114,1.2500000000000004,1.0637969895325756e-06,0.23009167530623062,0.27044172223880186,0.7509574490194271,0.10104458068284693,0.06491855031646199,
5.75,0.0,0.0,0.17807776442890225,0.11002264268784347,1.266666666666667,9.57417290579318e-07,0.22982323501837335,0.2659343602014885,0.7560630045749827,0.09969731960707563,0.06665407963790321,
5.766666666666667,0.0,0.0,0.1883702575761506,0.11126051782574818,1.2833333333333337,8.616755615213862e-07,0.2295551079108519,0.261502120864797,0.7611699490194271,0.09836802201231462,0.0683940586947937,
5.783333333333333,0.0,0.0,0.1477824856675794,0.11242553883647714,1.3000000000000003,7.755080053692476e-07,0.22928729361828923,0.25714375218371704,0.7662782823527605,0.09705644838548376,0.07013662670822005,
5.8,0.0,0.0,0.2924526075645828,0.11351513626881185,1.3166666666666669,6.979572048323229e-07,0.22901979177573456,0.2528580229806551,0.7713880045749827,0.09576236240701064,0.07187988753821624,
5.816666666666666,0.0,0.0,0.23502248776311482,0.11452689016411992,1.3333333333333335,6.281614843490906e-07,0.22875260201866288,0.24864372259764417,0.7764991156860938,0.0944855309082505,0.07362191389543445,
5.833333333333333,0.0,0.0,0.0932888165842353,0.11545853900561494,1.35,5.653453359141815e-07,0.22848572398297443,0.2444996605543501,0.7816116156860937,0.09322572382947383,0.0753607517100162,
5.85,0.0,0.0,0.1948348053484972,0.11630798813716127,1.3666666666666667,5.088108023227634e-07,0.22821915730499429,0.2404246662117776,0.7867255045749826,0.09198271417841418,0.07709442464224356,
5.866666666666666,0.0,0.0,0.059070200503951814,0.11707331760778149,1.3833333333333333,4.5792972209048707e-07,0.2279529016214718,0.2364175884415813,0.7918407823527603,0.09075627798936865,0.07882093871870152,
5.883333333333333,0.0,0.0,0.2378656155379066,0.11775278940076231,1.4,4.1213674988143836e-07,0.22768695656958007,0.2324772953008883,0.796957449019427,0.08954619428284374,0.08053828707691477,
5.9,0.0,0.0,0.204565413946944,0.11834485400926996,1.4166666666666665,3.709230748932945e-07,0.22742132178691557,0.22860267371254014,0.8020755045749826,0.08835224502573916,0.08224445480073932,
5.916666666666667,0.0,0.0,0.13798651665842504,0.11884815632365948,1.4333333333333331,3.3383076740396504e-07,0.22715599691149752,0.22479262915066447,0.807194949019427,0.08717421509206263,0.08393742382819834,
5.933333333333334,0.0,0.0,0.11856711648039872,0.11926154079917294,1.4499999999999997,3.0044769066356853e-07,0.22689098158176743,0.22104608533148673,0.8123157823527604,0.08601189222416847,0.085615177912955,
5.95,0.0,0.0,0.007054172950239329,0.11958405587644429,1.4666666666666663,2.704029215972117e-07,0.2266262754365887,0.2173619839092953,0.8174380045749826,0.22299840032784624,0.08727570762021812,micro_nod_ready
5.966666666666667,0.0,0.0,0.2116789312779409,0.11981495763114355,1.483333333333333,2.4336262943749054e-07,0.22636187811524602,0.2137392841774737,0.8225616156860938,0.22002508832347495,0.08891701533758176,
5.983333333333333,0.0,0.0,0.14116246341886077,0.11995371263316805,1.4999999999999996,2.1902636649374148e-07,0.2260977892574449,0.2101769627745158,0.8276866156860938,0.21709142047916194,0.09053712028110979,
6.0,0.0,0.0,0.12554601299683693,0.12,1.5166666666666662,1.9712372984436734e-07,0.2258340085033112,0.20667401339494054,0.8328130045749826,0.21419686820610645,0.09213406347689314,
6.016666666666667,0.0,0.0,0.20827884405572944,0.11995371263316805,1.5333333333333328,1.774113568599306e-07,0.22557053549339068,0.20322944650502486,0.8379407823527604,0.21134090996335836,0.0937059126983315,
6.033333333333333,0.0,0.0,0.09718023171736784,0.11981495763114355,1.5499999999999994,1.5967022117393753e-07,0.22530736986864838,0.19984228906327445,0.843069949019427,0.2085230311638469,0.09525076733952345,
6.05,0.0,0.0,0.10335311994240653,0.11958405587644429,1.566666666666666,1.437031990565438e-07,0.2250445112704683,0.1965115842455532,0.8482005045749825,0.20574272408166228,0.09676676320538805,
6.066666666666666,0.0,0.0,0.09468155125760189,0.11926154079917294,1.5833333333333326,1.293328791508894e-07,0.22478195934065273,0.193236391174794,0.853332449019427,0.20299948776057344,0.09825207719948686,
6.083333333333333,0.0,0.0,0.041904600706764286,0.11884815632365948,1.5999999999999992,1.1639959123580047e-07,0.22451971372142196,0.1900157846552141,0.8584657823527603,0.2002928279237658,0.09970493189096467,
6.1,0.0,0.0,0.34285862523393473,0.11834485400926996,1.6166666666666658,1.0475963211222043e-07,0.22425777405541364,0.18684885491096054,0.8636005045749825,0.19762225688478224,0.10112359994257848,
6.116666666666666,0.0,0.0,0.13447217121500418,0.11775278940076235,1.6333333333333324,9.428366890099838e-08,0.22399613998568232,0.1837347073291112,0.8687366156860936,0.19498729345965182,0.10250640838243358,
6.133333333333333,0.0,0.0,0.12195872398107152,0.11707331760778153,1.649999999999999,8.485530201089855e-08,0.22373481115569901,0.18067246220695934,0.8738741156860936,0.1923874628801898,0.1038517427027887,
6.15,0.0,0.0,0.2219718503011187,0.11630798813716127,1.6666666666666656,7.636977180980869e-08,0.2234737872093507,0.17766125450351003,0.8790130045749825,0.18982229670845394,0.10515805077012447,
6.166666666666667,0.0,0.0,0.0,0.11545853900561494,1.6833333333333322,6.873279462882781e-08,0.2232130677909398,0.1747002335951182,0.2210383205881901,0.6806246660856746,0.10642384653158588,response_ready
6.183333333333334,0.0,0.0,0.14733815851953783,0.11452689016411992,1.6999999999999988,6.185951516594503e-08,0.2229526525451837,0.17178856303519954,0.22617998725485675,0.6715496705378656,0.10764771350390354,
6.2,0.0,0.0,0.15073706116280952,0.11351513626881185,1.7166666666666655,5.567356364935053e-08,0.22269254111721432,0.16892542031794622,0.2313230428104123,0.662595674930694,0.10882830803196447,
6.216666666666667,0.0,0.0,0.07189209853287382,0.11242553883647714,1.733333333333332,5.0106207284415474e-08,0.22243273315257756,0.16610999664598045,0.23646748725485675,0.6537610659316181,0.10996436230533325,
6.233333333333333,0.0,0.0,0.18625270920980067,0.11126051782574818,1.7499999999999987,4.509558655597393e-08,0.22217322829723288,0.16334149670188078,0.24161332058819007,0.6450442517191965,0.11105468712221231,
6.25,0.0,0.0,0.0,0.11002264268784347,1.7666666666666653,4.058602790037654e-08,0.22191402619755277,0.1606191384235161,0.2467605428104123,0.636443661696274,0.11209817439156727,
6.266666666666667,0.0,0.0,0.14927528587963043,0.10871462293314114,1.7833333333333319,3.6527425110338886e-08,0.2216551265003223,0.15794215278312418,0.2519091539215234,0.6279577462069903,0.11309379936542235,
6.283333333333333,0.0,0.0,0.21887750597924688,0.10733929826201133,1.7999999999999985,3.2874682599305e-08,0.22139652885273858,0.1553097835700721,0.2570591539215234,0.6195849762575638,0.11404062259464305,
6.3,0.0,0.0,0.0,0.10589962831015147,1.816666666666665,2.9587214339374498e-08,0.2211382329024104,0.15272128717723757,0.2622105428104123,0.6113238432407962,0.11493779160286088,
6.316666666666666,0.0,0.0,0.03067599827810935,0.1043986820601593,1.8333333333333317,2.6628492905437047e-08,0.22088023829735756,0.15017593239095028,0.26736332058819007,0.6031728586642523,0.1157845422745494,
6.333333333333333,0.0,0.0,0.13299581066985683,0.10283962697223349,1.8499999999999983,2.3965643614893344e-08,0.22062254468601064,0.14767300018443444,0.27251748725485675,0.5951305538820623,0.11658019995462242,
6.35,0.0,0.0,0.14308049743214163,0.10122571788770816,1.866666666666665,2.156907925340401e-08,0.2203651517172103,0.14521178351469385,0.27767304281041233,0.5871954798303014,0.11732418025828789,
6.366666666666666,0.0,0.0,0.09167896129104779,0.09956028575960556,1.8833333333333315,1.941217132806361e-08,0.2201080590402069,0.14279158712278228,0.28282998725485675,0.5793662067658973,0.11801598959124386,
6.383333333333333,0.0,0.0,0.17138716310442131,0.09784672626452823,1.8999999999999981,1.7470954195257247e-08,0.21985126630465998,0.14041172733740256,0.28798832058819007,0.5716413240090187,0.11865522538163921,
6.4,0.0,0.0,0.16103363679853888,0.09608848835001692,1.9166666666666647,1.5723858775731524e-08,0.21959477316063788,0.13807153188177917,0.2931480428104123,0.5640194396888984,0.11924157602653379,
6.416666666666667,0.0,0.0,0.03291999118903796,0.09428906277097623,1.9333333333333313,1.415147289815837e-08,0.21933857925861713,0.13577033968374952,0.2983091539215234,0.5564991804930465,0.11977482055687108,
6.433333333333334,0.0,0.0,0.1320538864316786,0.09245197066792507,1.949999999999998,1.2736325608342534e-08,0.21908268424948207,0.13350750068902037,0.3034716539215234,0.5490791914198059,0.12025482802621566,
6.45,0.0,0.0,0.0372929008451741,0.09058075223868085,1.9666666666666646,1.1462693047508281e-08,0.21882708778452434,0.1312823756775367,0.30863554281041233,0.5417581355342085,0.12068155662969994,
6.466666666666667,0.0,0.0,0.0,0.08867895555363704,1.9833333333333312,1.0316423742757453e-08,0.2185717895154424,0.1290943360829111,0.3138008205881901,0.5345346937270857,0.12105505256076275,
6.483333333333333,0.0,0.0,0.0,0.08675012556307037,1.9999999999999978,9.284781368481707e-09,0.21831678909434105,0.12694276381486258,0.31896748725485674,0.5274075644773912,0.12137544861434192,
6.5,0.0,0.0,0.21985731938852515,0.08479779334292595,2.0166666666666644,8.356303231633537e-09,0.218062086173731,0.12482705108461487,0.3241355428104123,0.5203754636176927,0.12164296254619635,
6.516666666666667,0.0,0.0,0.12693549796909318,0.08282546562329757,2.033333333333331,7.520672908470184e-09,0.21780768040652831,0.12274660023320462,0.32930498725485674,0.5134371241027902,0.12185789519897709,
6.533333333333333,0.0,0.0,0.2934562752590487,0.08083661464136721,2.0499999999999976,6.768605617623166e-09,0.21755357144605403,0.12070082356265122,0.3344758205881901,0.5065912957814197,0.1220206284065361,
6.55,0.0,0.0,0.01952602796592587,0.07883466835791222,2.066666666666664,6.091745055860849e-09,0.21729975894603362,0.11868914316994036,0.33964804281041233,0.4998367451710008,0.12213162268875165,
6.566666666666666,0.0,0.0,0.10797363917876153,0.07682300107365521,2.083333333333331,5.482570550274764e-09,0.21704624256059657,0.1167109907837747,0.3448216539215234,0.49317225523538744,0.12219141474985913,
6.583333333333333,0.0,0.0,0.1633363094629884,0.0748049244787423,2.0999999999999974,4.934313495247288e-09,0.21679302194427588,0.11476580760404512,0.3499966539215234,0.4865966251655823,0.12220061479390028,
6.6,0.0,0.0,0.12472433079561354,0.07278367916551605,2.116666666666664,4.440882145722559e-09,0.21654009675200755,0.1128530441439777,0.3551730428104123,0.4801086701633745,0.12215990367144261,
6.616666666666666,0.0,0.0,0.1763180720386109,0.07076242663152177,2.1333333333333306,3.996793931150303e-09,0.2162874666391302,0.11097216007491141,0.36035082058819007,0.47370722122786285,0.12207002987217219,
6.633333333333333,0.0,0.0,0.14801617383151816,0.06874424179637924,2.1499999999999972,3.597114538035273e-09,0.21603513126138454,0.10912262407366288,0.36552998725485675,0.46739112494482465,0.12193180637832544,
6.6499999999999995,0.0,0.0,0.08729959602446932,0.0667321060527851,2.166666666666664,3.2374030842317457e-09,0.21578309027491294,0.10730391367243516,0.3707105428104123,0.4611592432788937,0.1217461073942004,
6.666666666666667,0.0,0.0,0.0,0.06472890086851515,2.1833333333333305,2.9136627758085712e-09,0.21553134333625887,0.1055155151112279,0.37589248725485674,0.4550104533685084,0.12151386496717459,
6.683333333333334,0.0,0.0,0.06081721216655325,0.0627374019528896,2.199999999999997,2.622296498227714e-09,0.21527989010236656,0.10375692319270743,0.38107582058819006,0.448943647323595,0.12123606551575689,
6.7,0.0,0.0,0.27475955735596724,0.06076027399777205,2.2166666666666637,2.3600668484049426e-09,0.21502873023058047,0.10202764113949564,0.3862605428104123,0.44295773202594707,0.12091374628021567,
6.716666666666667,0.0,0.0,0.19866388552770403,0.05880006599982454,2.2333333333333303,2.1240601635644483e-09,0.2147778633786448,0.10032718045383737,0.3914466539215234,0.4370516289322678,0.12054799171125812,
6.733333333333333,0.0,0.0,0.2478710601876227,0.05685920716744368,2.249999999999997,1.9116541472080034e-09,0.21452728920470304,0.09865506077960674,0.3966341539215234,0.4312242738798375,0.12013992981208754,
6.75,0.0,0.0,0.0910860680743376,0.05494000341259371,2.2666666666666635,1.7204887324872031e-09,0.21427700736729755,0.0970108097666133,0.4018230428104123,0.425474616894773,0.11969072844894134,
6.766666666666667,0.0,0.0,0.12294988098328424,0.05304463442463884,2.28333333333333,1.5484398592384827e-09,0.21402701752536904,0.09539396293716974,0.40701332058819006,0.4198016220028427,0.11920159164491395,
6.783333333333333,0.0,0.0,0.06841932268826707,0.05117515132028259,2.2999999999999967,1.3935958733146346e-09,0.2137773193382561,0.09380406355488358,0.4122049872548567,0.41420426704280483,0.1186737558715022,
6.8,0.0,0.0,0.170191518393505,0.049333474860862515,2.3166666666666633,1.254236285983171e-09,0.2135279124656948,0.09224066249563552,0.41739804281041226,0.4086815434822341,0.1181084863518784,
6.816666666666666,0.0,0.0,0.1441190310192205,0.04752139422553765,2.33333333333333,1.128812657384854e-09,0.21327879656781815,0.09070331812070827,0.4225924872548567,0.40323245623580434,0.11750707338940408,
6.833333333333333,0.0,0.0,0.1756325059016347,0.04574056632635913,2.3499999999999965,1.0159313916463686e-09,0.2130299713051557,0.0891915961520298,0.42778832058819005,0.39785602348599364,0.11687082873434962,
6.85,0.0,0.0,0.2805957144843748,0.04399251564884089,2.366666666666663,9.143382524817317e-10,0.212781436338633,0.08770506954949597,0.4329855428104123,0.3925512765061804,0.11620108200118708,
6.866666666666666,0.0,0.0,0.07285525620318477,0.04227863459945967,2.3833333333333298,8.229044272335586e-10,0.21253319132957127,0.0862433183903377,0.4381841539215234,0.38731725948609796,0.11549917714818096,
6.883333333333333,0.0,0.0,0.1989226261940814,0.04060018433951726,2.3999999999999964,7.406139845102027e-10,0.21228523593968676,0.08480592975049875,0.44338415392152336,0.38215302935961665,0.11476646903031885,
6.8999999999999995,0.0,0.0,0.027755471529730805,0.03895829608300202,2.416666666666663,6.665525860591824e-10,0.21203756983109046,0.08339249758799043,0.44858554281041224,0.37705765563482174,0.11400432003590799,
6.916666666666667,0.0,0.0,0.2283994290155951,0.0373539728344937,2.4333333333333296,5.998973274532642e-10,0.2117901926662875,0.0820026226281906,0.45378832058819,0.37203022022635746,0.11321409681641878,
6.933333333333334,0.0,0.0,0.10479941779709681,0.03578809154177056,2.449999999999996,5.399075947079378e-10,0.21154310410817684,0.08063591225105408,0.4589924872548567,0.36706981729000604,0.1123971671183886,
6.95,0.0,0.0,0.13442129511808698,0.034261405636598276,2.466666666666663,4.859168352371441e-10,0.21129630382005063,0.07929198038020319,0.46419804281041227,0.36217555305947263,0.111554896725414,
6.966666666666667,0.0,0.0,0.1511563202388169,0.03277454793621339,2.4833333333333294,4.3732515171342966e-10,0.2110497914655939,0.07797044737386646,0.4694049872548567,0.35734654568534635,0.11068864651746205,
6.983333333333333,0.0,0.0,0.2720006699875285,0.03132803387724715,2.499999999999996,3.935926365420867e-10,0.21080356670888406,0.07667093991763535,0.47461332058819,0.3525819250762084,0.10979976965392732,
7.0,0.0,0.0,0.13775018250299506,0.02992226505327554,2.5166666666666626,3.54233372887878e-10,0.21055762921439036,0.07539309091900809,0.4798230428104122,0.34788083274185894,0.10888960888605533,
7.016666666666667,0.0,0.0,0.10044416131084732,0.028557533026818106,2.533333333333329,3.188100355990902e-10,0.21031197864697357,0.07413653940369129,0.4850341539215233,0.34324242163863417,0.10795949400354989,
7.033333333333333,0.0,0.0,0.0455086530736291,0.02723402338643513,2.549999999999996,2.869290320391812e-10,0.21006661467188542,0.07290093041362977,0.49024665392152333,0.3386658560167857,0.1070107394193876,
7.05,0.0,0.0,0.16235158297869856,0.025951820019586486,2.5666666666666624,2.5823612883526306e-10,0.2098215369547682,0.07168591490673594,0.49546054281041224,0.33415031126989525,0.1060446418960791,
7.066666666666666,0.0,0.0,0.0718631590726686,0.024710909572103857,2.583333333333329,2.3241251595173676e-10,0.2095767451616543,0.07049114965829034,0.50067582058819,0.32969497378629664,0.10506247841585097,
7.083333333333333,0.0,0.0,0.09998965544335855,0.023511186065484076,2.5999999999999956,2.091712643565631e-10,0.20933223895896572,0.0693162971639855,0.5058924872548567,0.32529904080247934,0.10406550419647574,
7.1,0.0,0.0,0.1382219849154238,0.022352455643724126,2.6166666666666623,1.882541379209068e-10,0.2090880180135136,0.06816102554458575,0.5111105428104122,0.32096172025844627,0.10305495085375532,
7.116666666666666,0.0,0.0,0.19401299686370926,0.021234441422077366,2.633333333333329,1.6942872412881613e-10,0.20884408199249782,0.06702500845217599,0.5163299872548567,0.31668223065500034,0.10203202471096764,
7.133333333333333,0.0,0.0,0.08304005192499407,0.02015678841090406,2.6499999999999955,1.524858517159345e-10,0.20860043056350658,0.06590792497797306,0.52155082058819,0.3124598009129337,0.10099790525492164,
7.1499999999999995,0.0,0.0,0.1939083219938638,0.019119068488705867,2.666666666666662,1.3723726654434106e-10,0.20835706339451582,0.0648094595616735,0.5267730428104123,0.30829367023409454,0.0999537437376322,
7.166666666666667,0.0,0.0,0.28194100160090907,0.018120785399461062,2.6833333333333287,1.2351353988990696e-10,0.20811398015388888,0.06372930190231227,0.5319966539215234,0.3041830879643066,0.09890066192202944,
7.183333333333334,0.0,0.0,0.021069310315365325,0.017161379750502883,2.6999999999999953,1.1116218590091626e-10,0.207871180510376,0.06266714687060707,0.5372216539215234,0.30012731345811583,0.09783975096955513,
7.2,0.0,0.0,0.24930587061762022,0.016240233988393506,2.716666666666662,1.0004596731082464e-10,0.2076286641331139,0.061622694422763614,0.5424480428104124,0.2961256159453409,0.09677207046697599,
7.216666666666667,0.0,0.0,0.3126376139263457,0.015356677331531966,2.7333333333333285,9.004137057974218e-11,0.20738643069162527,0.06059564951571755,0.5476758205881902,0.29217727439940305,0.09569864758926033,
7.233333333333333,0.0,0.0,0.09303940689050302,0.014509990639577277,2.749999999999995,8.103723352176796e-11,0.20714447985581838,0.05958572202378893,0.5529049872548568,0.288281577407411,0.09462047639492102,
7.25,0.0,0.0,0.18949834712540192,0.013699411201162427,2.7666666666666617,7.293351016959116e-11,0.2069028112959866,0.05859262665672578,0.5581355428104123,0.28443782304197884,0.09353851724982583,
7.266666666666667,0.0,0.0,0.030446304677143918,0.012924137422803853,2.7833333333333283,6.564015915263205e-11,0.20666142468280793,0.057616082879113684,0.5633674872548567,0.28064531873475246,0.09245369637511498,
7.283333333333333,0.0,0.0,0.16760923567813013,0.012183333403365512,2.799999999999995,5.907614323736884e-11,0.20642031968734464,0.056655814831128457,0.5686008205881901,0.27690338115162244,0.09136690551454614,
7.3,0.0,0.0,0.1143479902939071,0.011476133379904637,2.8166666666666615,5.316852891363196e-11,0.20617949598104274,0.05571155125060965,0.5738355428104123,0.2732113360696008,0.0902790017163081,
7.316666666666666,0.0,0.0,0.16480697870381095,0.010801646032197016,2.833333333333328,4.785167602226876e-11,0.20593895323573153,0.05478302539643282,0.5790716539215234,0.26956851825533945,0.08919080722410633,
7.333333333333333,0.0,0.0,0.0668929824492565,0.010158958634703601,2.8499999999999948,4.306650842004189e-11,0.20569869112362318,0.05386997497315894,0.5843091539215234,0.26597427134526824,0.0881031094721243,
7.35,0.0,0.0,0.07443335013229735,0.00954714104618733,2.8666666666666614,3.87598575780377e-11,0.20545870931731228,0.052972142056939626,0.5895480428104123,0.26242794772733136,0.0870166611783048,
7.366666666666666,0.0,0.0,0.10426331435757814,0.008965249528610962,2.883333333333328,3.488387182023393e-11,0.20521900748977542,0.0520892730226573,0.5947883205881901,0.2589289084243003,0.08593218053027227,
7.383333333333333,0.0,0.0,0.08291455635684403,0.008412330388335176,2.8999999999999946,3.1395484638210536e-11,0.2049795853143707,0.05122111847227968,0.6000299872548568,0.25547652297864293,0.08485035145813094,
7.3999999999999995,0.0,0.0,0.09012358757155178,0.007887423433983671,2.916666666666661,2.825593617438948e-11,0.20474044246483725,0.05036743316440835,0.6052730428104124,0.2520701693389277,0.08377182398832082,
7.416666666666667,0.0,0.0,0.12321846257172948,0.007389565246642238,2.933333333333328,2.5430342556950532e-11,0.20450157861529494,0.049527975945001544,0.6105174872548569,0.24870923374774198,0.08269721467269457,
7.433333333333334,0.0,0.0,0.05032539940385107,0.006917792259305725,2.9499999999999944,2.2887308301255478e-11,0.20426299344024376,0.04870250967925152,0.6157633205881902,0.24539311063110542,0.08162710708698956,
7.45,0.0,0.0,0.12730049658782908,0.006471143643674736,2.966666666666661,2.059857747112993e-11,0.20402468661456347,0.04789080118459733,0.6210105428104123,0.24212120248935734,0.08056205239291021,
7.466666666666667,0.0,0.0,0.17734739783206632,0.006048664003530435,2.9833333333333276,1.853871972401694e-11,0.20378665781351316,0.04709262116485404,0.6262591539215234,0.23889291978949925,0.07950256995810351,
7.483333333333333,0.0,0.0,0.0,0.005649405874974139,2.9999999999999942,1.6684847751615244e-11,0.20354890671273074,0.046307744145439804,0.6315091539215234,0.2357076808589726,0.07844914802840319,
7.5,0.0,0.0,0.1543008702569563,0.005272432034808891,3.016666666666661,1.501636297645372e-11,0.20331143298823254,0.045535948409682475,0.6367605428104123,0.23256491178085295,0.07740224444683431,
7.516666666666667,0.0,0.0,0.07861494681691564,0.004916817619258416,3.0333333333333274,1.3514726678808349e-11,0.20307423631641294,0.04477701593618777,0.64201332058819,0.22946404629044156,0.07636228741400604,
7.533333333333333,0.0,0.0,0.04846033955863312,0.004581652056064295,3.049999999999994,1.2163254010927514e-11,0.20283731637404379,0.044030732337251306,0.6472674872548567,0.22640452567323568,0.07532967628467653,
7.55,0.0,0.0,0.03020054187929834,0.0042660408137737355,3.0666666666666607,1.0946928609834763e-11,0.20260067283827407,0.043296886798297116,0.6525230428104123,0.2233857986642592,0.07430478239544555,
7.566666666666666,0.0,0.0,0.06947939782059304,0.003969106972727602,3.0833333333333273,9.852235748851287e-12,0.20236430538662942,0.0425752720183255,0.6577799872548568,0.22040732134873575,0.07328794991871729,
7.583333333333333,0.0,0.0,0.0776187473743931,0.003689992622881862,3.099999999999994,8.867012173966159e-12,0.20212821369701167,0.04186568415135341,0.6630383205881901,0.21746855706408594,0.072279496738275,
7.6,0.0,0.0,0.1646673908847136,0.0034278600941460495,3.1166666666666605,7.980310956569542e-12,0.2018923974476985,0.041167922748830854,0.6682980428104124,0.21456897630323146,0.07127971534201923,
7.616666666666666,0.0,0.0,0.035857653699166936,0.003181893025400993,3.133333333333327,7.182279860912588e-12,0.20165685631734284,0.04048179070301701,0.6735591539215235,0.21170805661918837,0.07028887372763944,
7.633333333333333,0.0,0.0,0.2202546145040124,0.0029512972787668636,3.1499999999999937,6.464051874821329e-12,0.20142158998497262,0.03980709419130006,0.6788216539215235,0.20888528253093253,0.06930721631721448,
7.6499999999999995,0.0,0.0,0.07135575902491191,0.002735301706033487,3.1666666666666603,5.817646687339196e-12,0.20118659812999015,0.03914364262144506,0.6840855428104123,0.2061001454305201,0.06833496487696733,
7.666666666666667,0.0,0.0,0.19168210801339702,0.002533158774440522,3.183333333333327,5.235882018605276e-12,0.20095188043217183,0.03849124857775431,0.6893508205881901,0.2033521434914465,0.06737231943863342,
7.683333333333334,0.0,0.0,0.22420738334852114,0.002344145059208304,3.1999999999999935,4.712293816744749e-12,0.20071743657166763,0.03784972776812507,0.6946174872548567,0.20064078157822723,0.06641945921913692,
7.7,0.0,0.0,0.039566339614367174,0.002167561610373751,3.21666666666666,4.241064435070274e-12,0.20048326622900067,0.037218898971989656,0.6998855428104123,0.19796557115718422,0.06547654353550532,
7.716666666666667,0.0,0.0,0.22352893011220898,0.0020027342015836863,3.2333333333333267,3.816957991563247e-12,0.20024936908506683,0.03659858398912316,0.7051549872548567,0.19532603020842176,0.06454371271218674,
7.733333333333333,0.0,0.0,0.3135156086273467,0.0018490134685426526,3.2499999999999933,3.4352621924069223e-12,0.20001574482113424,0.035988607589304444,0.71042582058819,0.19272168313897614,0.0636210889781668,
7.75,0.0,0.0,0.10425645203269926,0.0017057749448084365,3.26666666666666,3.0917359731662303e-12,0.1997823931188429,0.035388797462816035,0.7156980428104123,0.19015206069712312,0.06270877735151022,
7.766666666666667,0.0,0.0,0.18731470232183445,0.0015724190025792012,3.2833333333333266,2.7825623758496074e-12,0.19954931366020426,0.034798984171769104,0.7209716539215234,0.18761669988782814,0.06180686650917607,
7.783333333333333,0.0,0.0,0.13123814647198923,0.0014483707060251572,3.299999999999993,2.5043061382646465e-12,0.19931650612760068,0.03421900110223962,0.7262466539215234,0.18511514388932376,0.060915429640174296,
7.8,0.0,0.0,0.14891765526135095,0.0013330795845890766,3.3166666666666598,2.253875524438182e-12,0.19908397020378515,0.03364868441720229,0.7315230428104124,0.18264694197079945,0.060034525280342185,
7.816666666666666,0.0,0.0,0.12800400572522402,0.0012260193335172122,3.3333333333333264,2.0284879719943637e-12,0.19885170557188073,0.033087873010248924,0.7368008205881902,0.18021164941118878,0.05916419812722491,
7.833333333333333,0.0,0.0,0.1035748847252675,0.0011266874486892068,3.349999999999993,1.8256391747949273e-12,0.1986197119153802,0.03253640846007811,0.7420799872548568,0.17780882741903958,0.05830447983374051,
7.85,0.0,0.0,0.20242070198991055,0.0010346048025959439,3.3666666666666596,1.6430752573154347e-12,0.19838798891814557,0.03199413498574347,0.7473605428104123,0.1754380430534524,0.05745538977949833,
7.866666666666666,0.0,0.0,0.21563845214018185,0.0009493151680716312,3.383333333333326,1.4787677315838912e-12,0.19815653626440774,0.03146089940264775,0.7526424872548567,0.17309886914607303,0.05661693581881962,
7.883333333333333,0.0,0.0,0.14555017791433347,0.0008703846961241264,3.399999999999993,1.3308909584255021e-12,0.19792535363876593,0.030936551079270288,0.75792582058819,0.1707908842241254,0.05578911500467939,
7.8999999999999995,0.0,0.0,0.2672040352290161,0.0007974013539289699,3.4166666666666594,1.197801862582952e-12,0.19769444072618736,0.030420941894615784,0.7632105428104122,0.16851367243447038,0.054971914287949696,
7.916666666666667,0.0,0.0,0.2336359582677024,0.0007299743287609411,3.433333333333326,1.0780216763246567e-12,0.1974637972120068,0.029913926196372186,0.7684966539215233,0.16626682346867744,0.05416531119147619,
7.933333333333334,0.0,0.0,0.2031589905031645,0.0006677334033352632,3.4499999999999926,9.70219508692191e-13,0.19723342278192613,0.029415360759765984,0.7737841539215233,0.16404993248909508,0.05336927445866118,
7.95,0.0,0.0,0.08975258079722762,0.0006103283077215229,3.4666666666666592,8.731975578229718e-13,0.19700331712201388,0.02892510474710322,0.7790730428104122,0.16186260005590714,0.052583764676358904,
7.966666666666667,0.0,0.0,0.2997098871008764,0.0005574280526799452,3.483333333333326,7.858778020406747e-13,0.19677347991870486,0.028443019667984834,0.78436332058819,0.15970443205516172,0.051808734872010764,
7.983333333333333,0.0,0.0,0.25354579143167,0.0005087202489538582,3.4999999999999925,7.072900218366072e-13,0.19654391085879971,0.027968969340185088,0.7896549872548567,0.15757503962775957,0.0510441310850611,
8.0,0.0,0.0,0.0,0.0004639104167367365,3.516666666666659,6.365610196529464e-13,0.19631460962946445,0.027502819851182005,0.7949480428104123,0.15547403909938945,0.05028989291279732,
8.016666666666666,0.0,0.0,0.05950510414716936,0.00042272128921889317,3.5333333333333257,5.729049176876518e-13,0.1960855759182301,0.02704443952032897,0.8002424872548568,0.15340105191139758,0.04954595403085237,
8.033333333333333,0.0,0.0,0.11013409126054646,0.00038489211380972663,3.5499999999999923,5.156144259188867e-13,0.19585680941299216,0.02659369886165682,0.8055383205881901,0.15135570455257893,0.04881224268869215,
8.05,0.0,0.0,0.2236291269552365,0.0003501779543281114,3.566666666666659,4.64052983326998e-13,0.19562830980201035,0.026150470547295874,0.8108355428104123,0.14933762849187787,0.0480886821804871,
8.066666666666666,0.0,0.0,0.24827773601868652,0.0003183489971573918,3.5833333333333255,4.1764768499429824e-13,0.195400076773908,0.02571462937150761,0.8161341539215233,0.14734646011198616,0.04737519129183479,
8.083333333333334,0.0,0.0,0.12576337952598202,0.00028918986407411106,3.599999999999992,3.7588291649486844e-13,0.19517211001767176,0.025286052215315814,0.8214341539215233,0.14538184064382634,0.046671684722860096,
8.1,1.0,1.0,0.16870998067234694,0.00026249893418194665,0.0,1.440000000000068,0.19896385384320456,0.07402174960455003,0.8152733977671118,0.4394434161019087,0.04597807348827143,gaze_shift
8.116666666666667,0.0,1.0,0.23951757918845926,0.0002380876771152961,0.0,1.296000000000061,0.20273223736698556,0.12032066212432253,0.8091588472838585,0.4335841705538832,0.04529426529499632,
8.133333333333333,0.0,1.0,0.12297322944129452,0.00021577999942171033,0.0,1.166400000000055,0.20647740450794044,0.16430462901810639,0.8030901559292295,0.42780304827983145,0.04462016489805714,
8.15,0.0,1.0,0.2831325197179307,0.00019541160578894496,0.0,1.0497600000000495,0.21019949829833443,0.20608939756720107,0.7970669797597603,0.42209900763610037,0.04395567443537884,
8.166666666666666,0.0,1.0,0.27465380663709166,0.0001768293765519638,0.0,0.9447840000000446,0.21389866088923476,0.24578492768884103,0.791088977411562,0.416471020867619,0.043300693742245745,
8.183333333333334,0.0,1.0,0.3329022508800807,0.00015989076269748055,0.0,0.8503056000000402,0.21757503355593968,0.28349568130439895,0.7851558100809753,0.4109180739227174,0.042655120646143484,
8.2,0.0,1.0,0.2823105597955977,0.00014446319937938486,0.0,0.7652750400000362,0.2212287567033738,0.319320897239179,0.779267141505368,0.4054391662704145,0.04201885124273605,
8.216666666666667,0.0,1.0,0.22575910225294288,0.00013042353876724553,0.0,0.6887475360000326,0.22485996987145043,0.3533548523772201,0.7734226379440777,0.4000333107201423,0.04139178015373715,
8.233333333333333,0.0,1.0,0.27816916540372927,0.0001176575028724785,0.0,0.6198727824000293,0.22846881174040073,0.38568710975835907,0.7676219681594971,0.39469953324387375,0.040773800767439326,
8.25,0.0,1.0,0.2951200975366308,0.00010605915683220599,0.0,0.5578855041600264,0.23205542013607008,0.4164027542704411,0.7618648033983009,0.3894368728006221,0.04016480546266473,
8.266666666666666,0.0,1.0,0.3240295238213068,9.553040297948815e-05,0.0,0.5020969537440237,0.23561993203518178,0.44558261655691905,0.7561508173728136,0.38424438116328047,0.039564685816898135,
8.283333333333333,0.0,1.0,0.41462702279804936,8.598049588989108e-05,0.0,0.45188725836962135,0.23916248357056838,0.4733034857290731,0.7504796862425176,0.37912112274777005,0.038973332799355956,
8.3,0.0,1.0,0.5457440738921473,7.732557846823257e-05,0.0,0.4066985325326592,0.2426832100363707,0.49963831144261944,0.7448510885956987,0.37406617444446644,0.0383906369497354,
8.316666666666666,0.0,1.0,0.5308255591624694,6.948823902515563e-05,0.0,0.3660286792793933,0.24618224589320495,0.5246563958704885,0.739264705431231,0.36907862545187353,0.03781648854337536,
8.333333333333334,0.0,1.0,0.2637067822590802,6.239708919070226e-05,0.0,0.329425811351454,0.2496597247732979,0.5484235760769641,0.7337202201404968,0.36415757711251523,0.03725077774354606,
8.35,0.0,1.0,0.45062981646848976,5.598636242068547e-05,0.0,0.29648323021630857,0.2531157794855904,0.571002397273116,0.728217318489443,0.359302142751015,0.03669339474156748,
8.366666666666667,0.0,1.0,0.3329525347855891,5.019553277086921e-05,0.0,0.26683490719467773,0.25655054202080957,0.5924522774094602,0.7227556886007722,0.35451144751433483,0.03614422988543845,
8.383333333333333,0.0,1.0,0.785697029569614,4.496895354334659e-05,0.0,0.24015141647520996,0.2599641435565097,0.6128296635389872,0.7173350209362664,0.3497846282141437,0.03560317379763788,
8.4,0.0,1.0,0.5963683704592293,4.025551534830128e-05,0.0,0.21613627482768896,0.263356714462082,0.6321881803620378,0.7119550082792444,0.34512083317128844,0.035070117482738764,
8.416666666666666,0.0,1.0,0.6948468922152434,3.600832307218597e-05,0.0,0.19452264734492006,0.2667283843037335,0.6505787713439359,0.7066153457171501,0.3405192220623379,0.034544952425453336,
8.433333333333334,0.0,1.0,1.0,3.2184391199474516e-05,0.0,0.17507038261042807,0.2700792818494356,0.6680498327767391,0.7013157306242715,0.33597896576817343,0.03402757067970482,
8.45,0.0,1.0,0.9428729004813052,2.8744356899143002e-05,0.0,0.15756334434938526,0.2734095350738415,0.6846473411379022,0.6960558626445895,0.3314992462245978,0.03351786494929789,
8.466666666666667,0.0,1.0,0.6293062680961932,2.5652210258170955e-05,0.0,0.14180700991444672,0.2767192711631741,0.7004149740810071,0.6908354436747551,0.46521258960826983,0.03301572866073603,micro_nod_ready
8.483333333333333,0.0,1.0,1.0,2.2875041022200956e-05,0.0,0.12762630892300206,0.28000861652008296,0.7153942253769567,0.6856541778471945,0.45900975508015956,0.03252105602871016,
8.5,0.0,1.0,0.7875735200832864,2.0382801187369245e-05,0.0,0.11486367803070185,0.28327769676847214,0.7296245141081089,0.6805117715133405,0.4528896250124241,0.03203374211475875,
8.516666666666666,0.0,1.0,0.6529152494113298,1.8148082776792676e-05,0.0,0.10337731022763166,0.28652663675829776,0.7431432884027035,0.6754079332269904,0.4468510966789251,0.031553682879575745,
8.533333333333333,0.0,1.0,0.6926240836465544,1.6145910129640725e-05,0.0,0.0930395792048685,0.289755560570336,0.7559861239825684,0.670342373727788,0.44089308205653943,0.031080775229419055,
8.55,0.0,1.0,0.8086562883492772,1.4353546029722821e-05,0.0,0.08373562128438164,0.2929645915209223,0.76818681778344,0.6653148059248296,0.4350145076291189,0.03061491705704875,
8.566666666666666,0.0,1.0,0.7524722543721137,1.2750311003514972e-05,0.0,0.07536205915594348,0.29615385216666046,0.779777476894268,0.6603249448803934,0.429214314194064,0.030156007277601482,
8.583333333333334,0.0,1.0,0.4641017777539886,1.1317415124144683e-05,0.0,0.06782585324034912,0.2993234643091037,0.7907886030495546,0.6553725077937904,0.4234914566714765,0.02970394585978489,
8.6,0.0,1.0,1.0,1.003780166756732e-05,0.0,0.06104326791631421,0.30247354899940604,0.8012491728970769,0.650457213985337,0.41784490391585677,0.02925863385275418,
8.616666666666667,0.0,1.0,0.6161550812081896,8.896001979605354e-06,0.0,0.05493894112468279,0.30560422654294556,0.811186714252223,0.645578784880447,0.412273638530312,0.028819973409011615,
8.633333333333333,0.0,1.0,0.6136193159919922,7.878000927313905e-06,0.0,0.04944504701221451,0.30871561650391893,0.8206273785396119,0.6407369439938436,0.4067766566832412,0.028387867803649276,
8.65,0.0,1.0,0.6480612297135695,6.971112324890714e-06,0.0,0.04450054231099306,0.3118078377099077,0.8295960096126312,0.6359314169138898,0.40135296792746467,0.02796222145023554,
8.666666666666666,0.0,1.0,0.5768467550494762,6.163863742771147e-06,0.0,0.040050488079893753,0.3148810082564166,0.8381162091319997,0.6311619312870356,0.39600159502176513,0.02754293991362667,
8.683333333333334,0.0,1.0,0.4601869402148884,5.445890128295099e-06,0.0,0.03604543927190438,0.3179352455113835,0.8462103986753997,0.6264282168023828,0.39072157375480826,0.02712992991996668,
8.7,0.0,1.0,0.32435515736224263,4.807835687154145e-06,0.0,0.03244089534471394,0.3209706661196622,0.8538998787416298,0.6217300051763649,0.3855119527714108,0.026723099364120977,
8.716666666666667,0.0,1.0,0.435466880790173,4.241263496437057e-06,0.0,0.02919680581024255,0.3239873860074767,0.8612048848045483,0.6170670301375422,0.3803717934011253,0.02632235731477276,
8.733333333333333,0.0,1.0,0.45164354345394764,3.7385723422817718e-06,0.0,0.026277125229218296,0.32698552038684897,0.8681446405643208,0.6124390274115106,0.3753001694891103,0.025927614017395097,
8.75,0.0,1.0,0.2870595258215654,3.292920297679033e-06,0.0,0.023649412706296467,0.329965183759999,0.8747374085361048,0.6078457347059243,0.3702961672292555,0.0255387808952965,
8.766666666666666,0.0,1.0,0.4848714322454134,2.8981545786883547e-06,0.0,0.02128447143566682,0.33292648992371765,0.8810005381092996,0.6032868916956299,0.3653588849995321,0.025155770548923553,
8.783333333333333,0.0,1.0,0.27667578312720376,2.54874724003469e-06,0.0,0.01915602429210014,0.3358695519737126,0.8869505112038346,0.5987622400079127,0.36048743319953835,0.024778496753590486,
8.8,0.0,1.0,0.2628566396297574,2.2397362936224563e-06,0.0,0.017240421862890126,0.3387944823089279,0.8926029856436429,0.5942715232078534,0.3556809340902112,0.02440687445579286,
8.816666666666666,0.0,1.0,0.2873898973845189,1.9666718557883414e-06,0.0,0.015516379676601114,0.3417013926358363,0.8979728363614607,0.5898144867837944,0.350938521635675,0.024040819768250416,
8.833333333333334,0.0,1.0,0.22512101577276053,1.7255669510155891e-06,0.0,0.013964741708941002,0.3445903939727057,0.9030741945433877,0.585390878132916,0.3462593413471993,0.02368024996381283,
8.85,0.0,1.0,0.1728909663704902,1.5128526212458226e-06,0.0,0.012568267538046903,0.3474615966538388,0.9079204848162182,0.5810004465469192,0.34164255012923667,0.023325083468351434,
8.866666666666667,0.0,1.0,0.14651701011280271,1.325337010773148e-06,0.0,0.011311440784242214,0.35031511033378726,0.9125244605754074,0.5766429431978173,0.3370873161275135,0.022975239852750053,
8.883333333333333,0.0,1.0,0.22957769530681787,1.1601681169226341e-06,0.0,0.010180296705817993,0.3531510439915392,0.916898237546637,0.5723181211238336,0.3325928185791467,0.02263063982409868,
8.9,0.0,0.0,0.18093165321322408,1.0147999162441292e-06,0.016666666666666666,0.009162267035236194,0.3527390344402157,0.9016166002541931,0.5773195100127225,0.32815824766475804,0.022291205216185134,
8.916666666666666,0.0,0.0,0.17476751302780807,8.869615947539834e-07,0.03333333333333333,0.008246040331712575,0.3523275055667021,0.8865896569166232,0.5823222877905003,0.32378280436256124,0.021956858979371628,
8.933333333333334,0.0,0.0,0.11371706314165941,7.746296287959202e-07,0.05,0.007421436298541318,0.3519164568102076,0.8718131626346795,0.587326454457167,0.31946570030439375,0.02162752516993566,
8.95,0.0,0.0,0.07782697850458095,6.760024803484659e-07,0.06666666666666667,0.006679292668687187,0.3515058876105957,0.8572829432574348,0.5923320100127226,0.3152061576336685,0.021303128938947705,
8.966666666666667,0.0,0.0,0.22347916456640732,5.894776870633306e-07,0.08333333333333333,0.006011363401818468,0.3510957974083833,0.8429948942031442,0.5973389544571671,0.3110034088652196,0.020983596520751532,
8.983333333333333,0.0,0.0,0.03526684032756769,5.136311429724754e-07,0.09999999999999999,0.005410227061636621,0.3506861856447402,0.8289449792997585,0.6023472877905004,0.30685669674701666,0.020668855221107157,
9.0,0.0,0.0,0.13398993107515378,4.4719838064944047e-07,0.11666666666666665,0.0048692043554729595,0.350277051761488,0.8151292296447625,0.6073570100127226,0.3027652741237231,0.020358833405050673,
9.016666666666666,0.0,0.0,0.04497548646668445,3.8905767966032705e-07,0.13333333333333333,0.004382283919925663,0.3498683952010996,0.8015437424840165,0.6123681211238337,0.2987284038020735,0.020053460484520277,
9.033333333333333,0.0,0.0,0.11856375440907432,3.3821483940097654e-07,0.15,0.003944055527933097,0.3494602154066983,0.7881846801092829,0.6173806211238336,0.29474535841804583,0.019752666905792894,
9.05,0.0,0.0,0.1388776031838299,2.9378946690578136e-07,0.16666666666666666,0.003549649975139787,0.34905251182205715,0.7750482687741281,0.6223945100127225,0.2908154203058052,0.019456384136771622,
9.066666666666666,0.0,0.0,0.24937308421364196,2.550026419478588e-07,0.18333333333333332,0.003194684977625808,0.3486452838915981,0.7621307976278927,0.6274097877905003,0.2869378813683945,0.019164544654160107,
9.083333333333334,0.0,0.0,0.0,2.211658327525372e-07,0.19999999999999998,0.002875216479863227,0.3482385310603912,0.7494286176674279,0.6324264544571669,0.28311204295014925,0.018877081930556337,
9.1,0.0,0.0,0.26057220551506455,1.916709459401183e-07,0.21666666666666665,0.0025876948318769044,0.3478322527741541,0.736938140706304,0.6374445100127225,0.27933721571081394,0.018593930421495035,
9.116666666666667,0.0,0.0,0.08055195486049714,1.6598140392554873e-07,0.2333333333333333,0.0023289253486892137,0.3474264484792509,0.724655838361199,0.642463954457167,0.2756127195013364,0.01831502555246468,
9.133333333333333,0.0,0.0,0.1750232225490167,1.436241519603037e-07,0.24999999999999997,0.0020960328138202922,0.3470211176226918,0.712578241055179,0.6474847877905003,0.2719378832413186,0.018040303705922453,
9.15,0.0,0.0,0.21595137885380347,1.2418250533312437e-07,0.26666666666666666,0.001886429532438263,0.346616259652132,0.7007019370375926,0.6525070100127226,0.26831204479810106,0.01776970220832781,
9.166666666666666,0.0,0.0,0.09040019834123281,1.0728975498159184e-07,0.2833333333333333,0.0016977865791944367,0.34621187401587117,0.6890235714202995,0.6575306211238338,0.26473455086745973,0.01750315931721311,
9.183333333333334,0.0,0.0,0.14460963166780866,9.262345693471077e-08,0.3,0.001528007921274993,0.34580796016285265,0.6775398452299611,0.6625556211238337,0.2612047568558936,0.017240614208307543,
9.2,0.0,0.0,0.1911573276631818,7.99003376382882e-08,0.31666666666666665,0.0013752071291474937,0.34540451754266266,0.6662475144761284,0.6675820100127225,0.2577220267644817,0.01698200696272874,
9.216666666666667,0.0,0.0,0.14188400887402916,6.887175333889709e-08,0.3333333333333333,0.0012376864162327444,0.34500154560552954,0.6551433892348596,0.6726097877905003,0.2542857330742886,0.016727278554254734,
9.233333333333333,0.0,0.0,0.09293547788608668,5.931964734848485e-08,0.35,0.00111391777460947,0.3445990438023231,0.6442243327476119,0.6776389544571669,0.2508952566332981,0.01647637083668723,
9.25,0.0,0.0,0.16702211068234374,5.105295420842194e-08,0.36666666666666664,0.001002525997148523,0.34419701158455374,0.6334872605351517,0.6826695100127225,0.2475499865448541,0.01622922653131592,
9.266666666666666,0.0,0.0,0.16077931181698088,4.390440454745346e-08,0.3833333333333333,0.0009022733974336707,0.34379544840437176,0.6229291395262325,0.6877014544571669,0.2442493200575894,0.015985789214492143,
9.283333333333333,0.0,0.0,0.032168635002443796,3.772768880942101e-08,0.39999999999999997,0.0008120460576903036,0.34339435371456667,0.6125469872007954,0.6927347877905002,0.24099266245682155,0.015746003305319098,
9.3,0.0,0.0,0.2608652474210205,3.239494204035583e-08,0.41666666666666663,0.0007308414519212732,0.34299372696856634,0.6023378707474488,0.6977695100127225,0.23777942695739726,0.015509814053464759,
9.316666666666666,0.0,0.0,0.170330932006315,2.7794515595573104e-08,0.4333333333333333,0.0006577573067291459,0.34259356762043636,0.5922989062349914,0.7028056211238336,0.2346090345979653,0.015277167527102734,
9.333333333333334,0.0,0.0,0.0,2.382900498014496e-08,0.44999999999999996,0.0005919815760562312,0.3421938751248792,0.5824272577977415,0.7078431211238336,0.2314809141366591,0.01504801060098544,
9.35,0.0,0.0,0.08596375604855981,2.041350609352092e-08,0.4666666666666666,0.0005327834184506081,0.3417946489372335,0.5727201368344458,0.7128820100127226,0.22839450194817032,0.014822290944653246,
9.366666666666667,0.0,0.0,0.29007670977785793,1.7474074933095775e-08,0.4833333333333333,0.00047950507660554734,0.3413958885134734,0.5631748012205383,0.7179222877905004,0.22534924192219472,0.014599957010782543,
9.383333333333333,0.0,0.0,0.27957493769262287,1.4946368343043392e-08,0.49999999999999994,0.0004315545689449926,0.3409975933102077,0.5537885545335294,0.7229639544571671,0.22234458536323212,0.014380958023675125,
9.4,0.0,0.0,0.1742473606051056,1.2774445693291184e-08,0.5166666666666666,0.00038839911205049333,0.3405997627846791,0.5445587452913039,0.7280070100127226,0.21937999089172236,0.014165243967890723,
9.416666666666666,0.0,0.0,0.017875143383386694,1.090971345773244e-08,0.5333333333333333,0.000349559200845444,0.3402023963947637,0.5354827662031155,0.733051454457167,0.2164549243464994,0.013952765577024058,
9.433333333333334,0.0,0.0,0.13370155344591597,9.309996547949707e-09,0.55,0.0003146032807608996,0.3398054935989698,0.5265580534330636,0.7380972877905003,0.21356885868854608,0.013743474322627361,
9.45,0.0,0.0,0.23753081697403253,7.93872196523727e-09,0.5666666666666668,0.00028314295268480963,0.33940905385643766,0.5177820858758458,0.7431445100127225,0.21072127390603212,0.013537322403278979,
9.466666666666667,0.0,0.0,0.1843389669283124,6.764201874718442e-09,0.5833333333333335,0.00025482865741632864,0.33901307662693847,0.5091523844445818,0.7481931211238336,0.20791165692061836,0.013334262733798266,
9.483333333333333,0.0,0.0,0.1262465940878123,5.759004595112567e-09,0.6000000000000002,0.0002293457916746958,0.33861756137087373,0.5006665113705054,0.7532431211238336,0.20513950149501012,0.01313424893460678,
9.5,0.0,0.0,0.09402874993220983,4.899403249370986e-09,0.6166666666666669,0.0002064112125072262,0.33822250754927435,0.49232206951433033,0.7582945100127225,0.20240430814174332,0.012937235321235483,
9.516666666666666,0.0,0.0,0.21905309568891282,4.16489294726651e-09,0.6333333333333336,0.00018577009125650358,0.3378279146238002,0.4841167016890915,0.7633472877905003,0.19970558403318675,0.012743176893977439,
9.533333333333333,0.0,0.0,0.13607669231241482,3.5377683823965222e-09,0.6500000000000004,0.00016719308213085322,0.3374337820567391,0.4760480899942733,0.768401454457167,0.19704284291274426,0.012552029327685324,
9.55,0.0,0.0,0.17900977271189683,3.0027546334619084e-09,0.6666666666666671,0.0001504737739177679,0.3370401093110062,0.4681139551610354,0.7734570100127226,0.194415605007241,0.012363748961712877,
9.566666666666666,0.0,0.0,0.19254207399141077,2.5466847727486654e-09,0.6833333333333338,0.00013542639652599112,0.33664689585014335,0.46031205590835145,0.7785139544571671,0.19182339694047779,0.012178292789999295,
9.583333333333334,0.0,0.0,0.28441462526149225,2.1582186123891758e-09,0.7000000000000005,0.000121883756873392,0.3362541411383182,0.4526401883098789,0.7835722877905005,0.18926575164793807,0.01199561845129544,
9.6,0.0,0.0,0.1679445055739154,1.8275975693655154e-09,0.7166666666666672,0.0001096953811860528,0.3358618446403235,0.44509618517138094,0.7886320100127227,0.18674220829263224,0.011815684219530598,
9.616666666666667,0.0,0.0,0.17400565308263302,1.5464312108399628e-09,0.733333333333334,9.872584306744752e-05,0.33547000582157643,0.4376779154185246,0.7936931211238337,0.1842523121820638,0.011638448994318507,
9.633333333333333,0.0,0.0,0.010279170537958321,1.3075115591087943e-09,0.7500000000000007,8.885325876070276e-05,0.33507862414811795,0.4303832834948825,0.7987556211238337,0.18179561468630295,0.011463872291601201,
9.65,0.0,0.0,0.2422953756635431,1.10465169653293e-09,0.7666666666666674,7.996793288463249e-05,0.33468769908661183,0.4232102287699678,0.8038195100127226,0.17937167315715224,0.011291914234429231,
9.666666666666666,0.0,0.0,0.22445062082167447,9.325456209160318e-10,0.7833333333333341,7.197113959616924e-05,0.33429723010434415,0.41615672495713496,0.8088847877905003,0.17698005084839022,0.01112253554387673,
9.683333333333334,0.0,0.0,0.15218741920819517,7.866466661688624e-10,0.8000000000000008,6.477402563655232e-05,0.3339072166692224,0.4092207795411827,0.813951454457167,0.17462031683707835,0.010955697530089752,
9.7,0.0,0.0,0.0,6.630621264440078e-10,0.8166666666666675,5.829662307289708e-05,0.333517658249775,0.4024004332154963,0.8190195100127226,0.1722920459459173,0.01079136208346631,
9.716666666666667,0.0,0.0,0.10821996614746729,5.584620085282118e-10,0.8333333333333343,5.2466960765607373e-05,0.33312855431515026,0.39569375932857137,0.824088954457167,0.1699948186666384,0.010629491665966443,
9.733333333333333,0.0,0.0,0.15936498656303,4.700000910231862e-10,0.850000000000001,4.722026468904664e-05,0.3327399043351159,0.38909886333976185,0.8291597877905004,0.16772822108441657,0.010470049302550698,
9.75,0.0,0.0,0.32119650970786545,3.9524569323673e-10,0.8666666666666677,4.2498238220141976e-05,0.3323517077800583,0.38261388228409915,0.8342320100127226,0.16549184480329102,0.010312998572745364,
9.766666666666666,0.0,0.0,0.20056136128160387,3.32124754914505e-10,0.8833333333333344,3.824841439812778e-05,0.33196396412098156,0.3762369842460308,0.8393056211238338,0.16328528687258048,0.010158303602332755,
9.783333333333333,0.0,0.0,0.21681847268250454,2.788690028233077e-10,0.9000000000000011,3.4423572958315e-05,0.3315766728295071,0.36996636784193027,0.8443806211238338,0.16110814971427942,0.010005929055164913,
9.8,0.0,0.0,0.21893930167695114,2.3397213432206683e-10,0.9166666666666679,3.09812156624835e-05,0.33118983337787267,0.3638002617112314,0.8494570100127227,0.15896004105142236,0.009855840125099003,
9.816666666666666,0.0,0.0,0.2601473102582807,1.9615208373650454e-10,0.9333333333333346,2.7883094096235148e-05,0.3308034452389318,0.35773692401604423,0.8545347877905004,0.1568405738374034,0.009708002528052763,
9.833333333333334,0.0,0.0,0.062347025172698564,1.6431855666288176e-10,0.9500000000000013,2.5094784686611634e-05,0.33041750788615304,0.3517746419491102,0.859613954457167,0.15474936618623802,0.009562382494178316,
9.85,0.0,0.0,0.08497952477771362,1.375451221236545e-10,0.966666666666668,2.2585306217950473e-05,0.3300320207936192,0.34591173124995833,0.8646945100127226,0.15268604130375485,0.00941894676015269,
9.866666666666667,0.0,0.0,0.05852440521760088,1.150452444469026e-10,0.9833333333333347,2.0326775596155427e-05,0.32964698343602666,0.3401465357291257,0.869776454457167,0.1506502274197048,0.00927766256158339,
9.883333333333333,0.0,0.0,0.13022665368914876,9.615171732934557e-11,1.0000000000000013,1.8294098036539883e-05,0.3292623952886846,0.3344774268003069,0.8748597877905003,0.1486415577207754,0.009138497625527375,
9.9,0.0,0.0,0.12459347343406452,8.029903309551712e-11,1.016666666666668,1.6464688232885894e-05,0.3288782558275145,0.3289028030203018,0.8799445100127226,0.1466596702844984,0.009001420163121828,
9.916666666666666,0.0,0.0,0.1610890392342735,6.700828186678203e-11,1.0333333333333345,1.4818219409597305e-05,0.32849456452904907,0.3234210896366301,0.8850306211238337,0.1447042080140384,0.008866398862325079,
9.933333333333334,0.0,0.0,0.07070063026972358,5.587422925479327e-11,1.0500000000000012,1.3336397468637575e-05,0.3281113208704318,0.31803073814268623,0.8901181211238337,0.14277481857385124,0.008733402880766107,
9.95,0.0,0.0,0.16018571649772806,4.6554268230950945e-11,1.0666666666666678,1.2002757721773817e-05,0.3277285243294163,0.31273022584030813,0.8952070100127226,0.1408711543261999,0.008602401838701014,
9.966666666666667,0.0,0.0,0.08431842161843764,3.875898182607414e-11,1.0833333333333344,1.0802481949596435e-05,0.3273461743843653,0.30751805540963634,0.9002972877905004,0.13899287226851723,0.008473365812074939,
9.983333333333333,0.0,0.0,0.3220721505982903,3.224408901940589e-11,1.100000000000001,9.722233754636791e-06,0.3269642705142502,0.3023927544861424,0.9053889544571672,0.13713963397160367,0.008346265325687824,
10.0,0.0,0.0,0.1102268748813108,2.6803577234461043e-11,1.1166666666666676,8.750010379173111e-06,0.32658281219865026,0.29735287524470666,0.9104820100127227,0.13531110551864894,0.008221071346462544,
10.016666666666666,0.0,0.0,0.35,2.22638518475927e-11,1.1333333333333342,7.8750093412558e-06,0.32620179891775186,0.29239699399062824,0.9155764544571671,0.13350695744506696,0.008097755276813853,
10.033333333333333,0.0,0.0,0.28349513530549253,1.847875654200231e-11,1.1500000000000008,7.0875084071302195e-06,0.3258212301523478,0.2875237107574511,0.9206722877905004,0.13172686467913275,0.007976288948116684,
10.05,0.0,0.0,0.05661514953931278,1.5325338654206908e-11,1.1666666666666674,6.378757566417198e-06,0.32544110538383675,0.28273164891149355,0.9257695100127226,0.129970506483411,0.00785664461427232,
10.066666666666666,0.0,0.0,0.22922838338170898,1.2700251256748921e-11,1.183333333333334,5.740881809775478e-06,0.3250614240942223,0.27801945476296863,0.9308681211238337,0.1282375663969655,0.007738794945370979,
10.083333333333334,0.0,0.0,0.20115680867996888,1.051669894806131e-11,1.2000000000000006,5.16679362879793e-06,0.32468218576611235,0.2733857971835858,0.9359681211238337,0.12652773217833932,0.007622713021449388,
10.1,0.0,0.0,0.029497827294222387,8.701847483311237e-12,1.2166666666666672,4.650114265918137e-06,0.32430338988271856,0.26882936723052603,0.9410695100127225,0.1248406957492948,0.00750837232634193,
10.116666666666667,0.0,0.0,0.2012000483074135,7.1946287468949745e-12,1.2333333333333338,4.1851028393263235e-06,0.3239250359278554,0.2643488777766839,0.9461722877905003,0.1231761531393042,0.007395746741623969,
10.133333333333333,0.0,0.0,0.14516523034767642,5.943882373087162e-12,1.2500000000000004,3.766592555393691e-06,0.32354712338593955,0.2599430631470725,0.951276454457167,0.12153380443078014,0.007284810540645978,
10.15,0.0,0.0,0.1803162698929294,4.906783771859428e-12,1.266666666666667,3.389933299854322e-06,0.3231696517419893,0.25561067876128796,0.9563820100127226,0.1199133537050364,0.007175538382657117,
10.166666666666666,0.0,0.0,0.08403637568374682,4.047515592050943e-12,1.2833333333333337,3.0509399698688897e-06,0.32279262048162366,0.25135050078193316,0.9614889544571671,0.11831450898896925,0.007067905307016931,
10.183333333333334,0.0,0.0,0.14740379170947882,3.3361459109832785e-12,1.3000000000000003,2.7458459728820005e-06,0.32241602909106176,0.24716132576890093,0.24164932194762512,0.610070315535783,0.0069618867274938295,response_ready
10.2,0.0,0.0,0.18539884078442104,2.747681815388414e-12,1.3166666666666669,2.4712613755938003e-06,0.32203987705712217,0.24304197033941924,0.24675904416984734,0.6019360446619725,0.006857458426649084,
10.216666666666667,0.0,0.0,0.1377540140472301,2.2612716525727408e-12,1.3333333333333335,2.22413523803442e-06,0.3216641638672222,0.23899127083376226,0.25187015528095846,0.5939102307331462,0.006754596550305032,
10.233333333333333,0.0,0.0,0.10357150793717498,1.859533187060155e-12,1.35,2.0017217142309783e-06,0.3212888890093771,0.2350080829865329,0.2569826552809585,0.5859914276567042,0.006653277602096248,
10.25,0.0,0.0,0.13958670593358372,1.527988286892488e-12,1.3666666666666667,1.8015495428078805e-06,0.32091405197219947,0.23109128160342401,0.26209654416984735,0.5781782086212814,0.006553478438102431,
10.266666666666666,0.0,0.0,0.07372908115521655,1.2545876638137004e-12,1.3833333333333333,1.6213945885270924e-06,0.32053965224489855,0.22723976024336695,0.2672118219476251,0.5704691658396643,0.006455176261561789,
10.283333333333333,0.0,0.0,0.17963443010959929,1.0293116707724553e-12,1.4,1.4592551296743832e-06,0.3201656893172795,0.2234524309059775,0.27232848861429176,0.5628629102951355,0.006358348617663709,
10.3,0.0,0.0,0.0,8.438352775322807e-13,1.4166666666666665,1.3133296167069448e-06,0.3197921626797427,0.2197282237242112,0.2774465441698473,0.5553580714912003,0.006262973388419533,
10.316666666666666,0.0,0.0,0.27294158734368523,6.912471516983554e-13,1.4333333333333331,1.1819966550362502e-06,0.319419071823283,0.216066086662141,0.2825659886142918,0.547953297204651,0.006169028787610263,
10.333333333333334,0.0,0.0,0.1572586552323809,5.658143122792017e-13,1.4499999999999997,1.0637969895326252e-06,0.31904641623948915,0.212464985217772,0.2876868219476251,0.5406472532419223,0.006076493355810042,
10.35,0.0,0.0,0.19012527198154927,4.627851340836861e-13,1.4666666666666663,9.574172905793627e-07,0.3186741954205431,0.20892390213080914,0.2928090441698473,0.5334386231986967,0.005985345955484288,
10.366666666666667,0.0,0.0,0.22060473995566257,3.7822459666525474e-13,1.483333333333333,8.616755615214264e-07,0.3183024088592191,0.20544183709529565,0.2979326552809584,0.5263261082227141,0.005895565766161338,
10.383333333333333,0.0,0.0,0.052582437984593444,3.0887661947094956e-13,1.4999999999999996,7.755080053692838e-07,0.3179310560488834,0.20201780647704073,0.3030576552809584,0.5193084267797445,0.005807132279676524,
10.4,0.0,0.0,0.3346087171476137,2.5204912969063346e-13,1.5166666666666662,6.979572048323554e-07,0.317560136483493,0.19865084303575672,0.3081840441698473,0.5123843144226813,0.005720025295487582,
10.416666666666666,0.0,0.0,0.06238030977990526,2.0551819197506678e-13,1.5333333333333328,6.281614843491198e-07,0.3171896496575956,0.19533999565182744,0.3133118219476251,0.5055525235637122,0.00563422491606033,
10.433333333333334,0.0,0.0,0.18952693003074167,1.6744810768163694e-13,1.5499999999999994,5.653453359142078e-07,0.3168195950663284,0.19208432905763032,0.31844098861429176,0.49881182324952933,0.005549711542323549,
10.45,0.0,0.0,0.17814814958982805,1.363248810410253e-13,1.566666666666666,5.08810802322787e-07,0.3164499722054177,0.18888292357333647,0.32357154416984735,0.4921609989395356,0.005466465869192052,
10.466666666666667,0.0,0.0,0.2572679777007847,1.1090086383449505e-13,1.5833333333333326,4.579297220905083e-07,0.31608078057117805,0.1857348748471142,0.32870348861429177,0.48559885228700844,0.005384468881156902,
10.483333333333333,0.0,0.0,0.15125437599244507,9.01487401453854e-14,1.5999999999999992,4.121367498814575e-07,0.31571201966051166,0.1826392935996623,0.3338368219476251,0.47912420092318164,0.005303701847941768,
10.5,0.0,0.0,0.03893359528763363,7.322330817390118e-14,1.6166666666666658,3.7092307489331173e-07,0.3153436889709077,0.17959530537300125,0.3389715441698473,0.4727358782442059,0.005224146320224445,
10.516666666666666,0.0,0.0,0.1779066210349292,5.942976524577727e-14,1.6333333333333324,3.3383076740398055e-07,0.3149757880004416,0.17660205028345122,0.34410765528095844,0.4664327332009498,0.005145784125422542,
10.533333333333333,0.0,0.0,0.0,4.8197412053527044e-14,1.649999999999999,3.004476906635825e-07,0.31460831624777447,0.17365868277872704,0.34924515528095845,0.4602136300916038,0.00506859736354239,
10.55,0.0,0.0,0.13568016383938994,3.905786885415805e-14,1.6666666666666656,2.7040292159722424e-07,0.31424127321215206,0.17076437139908157,0.35438404416984737,0.4540774483570491,0.004992568403090216,
10.566666666666666,0.0,0.0,0.11484204493546196,3.162704492651168e-14,1.6833333333333322,2.433626294375018e-07,0.31387465839340456,0.1679182985424302,0.3595243219476251,0.4480230823789551,0.004917679877044642,
10.583333333333334,0.0,0.0,0.27669189609046646,2.5590227417649912e-14,1.6999999999999988,2.1902636649375162e-07,0.3135084712919456,0.1651196602333897,0.3646659886142918,0.44204944128056906,0.004843914678889603,
10.6,0.0,0.0,0.1291321147621987,2.0689760479279316e-14,1.7166666666666655,1.9712372984437648e-07,0.31314271140877165,0.16236766589616652,0.36980904416984733,0.4361554487301615,0.004771255958706768,
10.616666666666667,0.0,0.0,0.11542039780630448,1.671487345135353e-14,1.733333333333332,1.774113568599388e-07,0.3127773782454614,0.1596615381312304,0.3749534886142918,0.43034004274709264,0.004699687119326578,
10.633333333333333,0.0,0.0,0.09076228925092188,1.3493290452747316e-14,1.7499999999999987,1.5967022117394495e-07,0.31241247130417504,0.1570005124957099,0.38009932194762514,0.42460217551046475,0.004629191812537012,
10.65,0.0,0.0,0.08278709461397542,1.088431534292693e-14,1.7666666666666653,1.4370319905655047e-07,0.3120479900876535,0.15438383728744806,0.3852465441698474,0.4189408131703252,0.004559753935349225,
10.666666666666666,0.0,0.0,0.10693727427931762,8.773137532069053e-15,1.7833333333333319,1.2933287915089542e-07,0.3116839340992179,0.15181077333265727,0.3903951552809585,0.41335493566138753,0.004491357626319203,
10.683333333333334,0.0,0.0,0.1992374142787515,7.066147152952625e-15,1.7999999999999985,1.1639959123580588e-07,0.3113203028427688,0.14928059377711297,0.39554515528095846,0.4078435365192357,0.004423987261924589,
10.7,0.0,0.0,0.04547423461919464,5.687084028449617e-15,1.816666666666665,1.047596321122253e-07,0.3109570958227856,0.14679258388082775,0.40069654416984735,0.4024056226989792,0.00435762745299586,
10.716666666666667,0.0,0.0,0.1343107421429801,4.5738748226964404e-15,1.8333333333333317,9.428366890100276e-08,0.3105943125443257,0.1443460408161473,0.40584932194762513,0.3970402143963262,0.004292263041201035,
10.733333333333333,0.0,0.0,0.03370600500962094,3.676037720724068e-15,1.8499999999999983,8.485530201090249e-08,0.310231952513024,0.1419402734692115,0.4110034886142918,0.3917463448710419,0.00422787909558311,
10.75,0.0,0.0,0.13754499155606376,2.9525547559936403e-15,1.866666666666665,7.636977180981223e-08,0.3098700152350921,0.13957460224472465,0.4161590441698474,0.3865230602727613,0.004164460909149436,
10.766666666666666,0.0,0.0,0.16393157174406994,2.370129184090775e-15,1.8833333333333315,6.8732794628831e-08,0.30950850021731785,0.13724835887397924,0.4213159886142918,0.38136941946912445,0.0041019939955122525,
10.783333333333333,0.0,0.0,0.0518775044355133,1.901759660399864e-15,1.8999999999999981,6.18595151659479e-08,0.30914740696706433,0.13496088622607957,0.42647432194762513,0.3762844938762028,0.004040464085579616,
10.8,0.0,0.0,0.1047501911630626,1.5255749042087827e-15,1.9166666666666647,5.5673563649353115e-08,0.30878673499226944,0.13271153812231157,0.43163404416984735,0.37126736729118676,0.00397985712429596,
10.816666666666666,0.0,0.0,0.15893432535195273,1.2238824277118587e-15,1.9333333333333313,5.0106207284417804e-08,0.3084264838014451,0.13049967915360638,0.43679515528095847,0.3663171357273043,0.00392015926743155,
10.833333333333334,0.0,0.0,0.21225758679393364,9.82393116549716e-16,1.949999999999998,4.5095586555976025e-08,0.30806665290367674,0.12832468450104628,0.4419576552809585,0.36143290725094024,0.003861356878420101,
10.85,0.0,0.0,0.22664875579884278,7.895902544186598e-16,1.9666666666666646,4.058602790037842e-08,0.30770724180862247,0.12618593975936218,0.4471215441698474,0.3566138018209277,0.003803436525243819,
10.866666666666667,0.0,0.0,0.14134111374774605,6.362172271779061e-16,1.9833333333333312,3.652742511034058e-08,0.3073482500265124,0.12408284076337281,0.45228682194762515,0.351858951129982,0.0037463849773651772,
10.883333333333333,0.0,0.0,0.07006829029329623,5.148628222603122e-16,1.9999999999999978,3.287468259930652e-08,0.3069896770681481,0.1220147934173166,0.4574534886142918,0.3471674984482489,0.0036901892027047124,
10.9,0.0,0.0,0.0198365728500986,4.1962692509866677e-16,2.0166666666666644,2.9587214339375868e-08,0.30663152244490194,0.11998121352702798,0.46262154416984735,0.3425385984689389,0.003634836364664152,
10.916666666666666,0.0,0.0,0.21258898351596722,3.45852646750527e-16,2.033333333333331,2.662849290543828e-08,0.3062737856687162,0.11798152663491085,0.4677909886142918,0.33797141715601975,0.003580313819194198,
10.933333333333334,0.0,0.0,0.2619168131372724,2.8991361453782277e-16,2.0499999999999976,2.3965643614894452e-08,0.3059164662521027,0.11601516785766233,0.47296182194762515,0.3334651315939395,0.0035266091119062924,
10.95,0.0,0.0,0.179356798392819,2.490474203983788e-16,2.066666666666664,2.156907925340501e-08,0.3055595637081419,0.1140815817267013,0.4781340441698474,0.3290189298393536,0.003473709975227704,
10.966666666666667,0.0,0.0,0.2755202930826747,2.212281346792212e-16,2.083333333333331,1.941217132806451e-08,0.3052030775504824,0.11218022203125627,0.4833076552809585,0.3246320107748289,0.003421604325599294,
10.983333333333333,0.0,0.0,0.11358802061232333,2.0507242888858926e-16,2.0999999999999974,1.7470954195258058e-08,0.3048470072933402,0.11031055166406867,0.48848265528095847,0.4584369172978312,0.00337028026071531,micro_nod_ready
11.0,0.0,0.0,0.11852309923723683,1.9977527224754657e-16,2.116666666666664,1.5723858775732252e-08,0.30449135245149794,0.10847204246966752,0.49365904416984735,0.45232442506719345,0.003319726056804585,
11.016666666666666,0.0,0.0,0.27589719937496043,2.0507242888858857e-16,2.1333333333333306,1.4151472898159026e-08,0.30413611254030454,0.10666417509517306,0.49883682194762513,0.4462934327329642,0.0032699301659525216,
11.033333333333333,0.0,0.0,0.06897699429515367,2.212281346792212e-16,2.1499999999999972,1.2736325608343123e-08,0.3037812870756742,0.10488643884358685,0.5040159886142918,0.440342853629858,0.0032208812134632394,
11.05,0.0,0.0,0.19844986609430623,2.490474203983788e-16,2.166666666666664,1.146269304750881e-08,0.30342687557408593,0.10313833152952707,0.5091965441698473,0.43447161558145986,0.003172567995261297,
11.066666666666666,0.0,0.0,0.18090701812981813,2.8991361453782277e-16,2.1833333333333305,1.031642374275793e-08,0.30307287755258283,0.10141935933736829,0.5143784886142917,0.4286786607070404,0.0031249794753323845,
11.083333333333334,0.0,0.0,0.1622323993004994,3.45852646750527e-16,2.199999999999997,9.284781368482136e-09,0.3027192925287715,0.09972903668174549,0.519561821947625,0.4229629452309465,0.0030781047832024074,
11.1,0.0,0.0,0.28891158154109847,4.1962692509866677e-16,2.2166666666666637,8.356303231633922e-09,0.30236612002082125,0.09806688607038307,0.5247465441698472,0.4173234392945339,0.0030319332114543815,
11.116666666666667,0.0,0.0,0.07936367271187279,5.148628222603122e-16,2.2333333333333303,7.52067290847053e-09,0.3020133595474636,0.09643243796921001,0.5299326552809583,0.4117591267706068,0.0029864542132825786,
11.133333333333333,0.0,0.0,0.11553555373999572,6.362172271779061e-16,2.249999999999997,6.768605617623477e-09,0.30166101062799155,0.09482523066972318,0.5351201552809584,0.40626900508033204,0.0029416574000833556,
11.15,0.0,0.0,0.0,7.895902544186598e-16,2.2666666666666635,6.091745055861129e-09,0.3013090727822589,0.09324481015856112,0.5403090441698473,0.4008520850125943,0.002897532539082125,
11.166666666666666,0.0,0.0,0.06574220545161938,9.82393116549716e-16,2.28333333333333,5.482570550275016e-09,0.3009575455306796,0.09169072998925176,0.5454993219476251,0.3955073905457597,0.002854069550995917,
11.183333333333334,0.0,0.0,0.1086843758483583,1.2238824277118587e-15,2.2999999999999967,4.934313495247514e-09,0.30060642839422713,0.09016255115609757,0.5506909886142918,0.3902339586718162,0.002811258507731009,
11.2,0.0,0.0,0.1187478876004941,1.5255749042087827e-15,2.3166666666666633,4.440882145722763e-09,0.30025572089443386,0.08865984197016262,0.5558840441698474,0.38503083922285863,0.0027690896301150814,
11.216666666666667,0.0,0.0,0.13357308101270146,1.901759660399864e-15,2.33333333333333,3.996793931150487e-09,0.29990542255339037,0.08718217793732658,0.5610784886142918,0.3798970946998872,0.002727553285663402,
11.233333333333333,0.0,0.0,0.17392235460627178,2.3701291840907083e-15,2.3499999999999965,3.597114538035438e-09,0.29955553289374476,0.08572914163837113,0.5662743219476251,0.3748318001038887,0.0026866399863785095,
11.25,0.0,0.0,0.09625575400015854,2.9525547559936403e-15,2.366666666666663,3.237403084231894e-09,0.29920605143870205,0.08430032261106495,0.5714715441698472,0.3698340427691702,0.0026463403865829046,
11.266666666666666,0.0,0.0,0.0,3.676037720723964e-15,2.3833333333333298,2.913662775808705e-09,0.2988569777120236,0.08289531723421387,0.5766701552809583,0.3649029221989146,0.0026066452807842516,
11.283333333333333,0.0,0.0,0.1621458101099624,4.5738748226964404e-15,2.3999999999999964,2.6222964982278342e-09,0.29850831123802624,0.08151372861364363,0.5818701552809583,0.3600375499029291,0.002567545601572601,
11.3,0.0,0.0,0.18375137869380714,5.687084028449617e-15,2.416666666666663,2.360066848405051e-09,0.29816005154158187,0.0801551664700829,0.5870715441698472,0.35523704923755667,0.002529032417549152,
11.316666666666666,0.0,0.0,0.056570096880744505,7.066147152952625e-15,2.4333333333333296,2.124060163564546e-09,0.2978121981481167,0.07881924702891485,0.592274321947625,0.35050055524772256,0.0024910969312860885,
11.333333333333334,0.0,0.0,0.0866560550335043,8.773137532069053e-15,2.449999999999996,1.9116541472080915e-09,0.2974647505836106,0.07750559291176627,0.5974784886142916,0.3458272145110863,0.0024537304773170135,
11.35,0.0,0.0,0.29144025062239554,1.088431534292693e-14,2.466666666666663,1.7204887324872823e-09,0.2971177083745964,0.0762138330299035,0.6026840441698472,0.3412161849842718,0.002416924520157526,
11.366666666666667,0.0,0.0,0.2324615329210795,1.3493290452747316e-14,2.4833333333333294,1.548439859238554e-09,0.29677107104815936,0.07494360247940511,0.6078909886142917,0.3366666358511482,0.0023806706523554952,
11.383333333333333,0.0,0.0,0.23740500927327035,1.671487345135353e-14,2.499999999999996,1.3935958733146987e-09,0.2964248381319365,0.0736945424380817,0.6130993219476251,0.3321777473731329,0.0023449605925705747,
11.4,0.0,0.0,0.20375092782194962,2.0689760479279316e-14,2.5166666666666626,1.2542362859832287e-09,0.2960790091541159,0.07246630006411367,0.6183090441698473,0.3277487107414911,0.0023097861836825257,
11.416666666666666,0.0,0.0,0.16169204109964624,2.5590227417649912e-14,2.533333333333329,1.128812657384906e-09,0.2957335836434361,0.07125852839637845,0.6235201552809584,0.32337872793160455,0.002275139390927918,
11.433333333333334,0.0,0.0,0.10888112047691621,3.162704492651168e-14,2.549999999999996,1.0159313916464153e-09,0.29538856112918543,0.0700708862564388,0.6287326552809583,0.31906701155918316,0.002241012300064778,
11.45,0.0,0.0,0.19591438271444817,3.905786885415805e-14,2.5666666666666624,9.143382524817738e-10,0.29504394114120136,0.06890303815216482,0.6339465441698472,0.314812784738394,0.002207397115564768,
11.466666666666667,0.0,0.0,0.1339415917416578,4.8197412053527044e-14,2.583333333333329,8.229044272335964e-10,0.29469972320987,0.06775465418296207,0.6391618219476249,0.3106152809418821,0.0021742861588324833,
11.483333333333333,0.0,0.0,0.11448766390346925,5.9429765245776e-14,2.5999999999999956,7.406139845102368e-10,0.2943559068661251,0.06662540994657937,0.6443784886142916,0.306473743862657,0.0021416718664514596,
11.5,0.0,0.0,0.14899812789173478,7.322330817390118e-14,2.6166666666666623,6.66552586059213e-10,0.294012491641448,0.06551498644746971,0.6495965441698471,0.3023874272778216,0.002109546788456491,
11.516666666666666,0.0,0.0,0.14342229007261229,9.014874014538348e-14,2.633333333333329,5.998973274532917e-10,0.2936694770678663,0.06442307000667855,0.6548159886142916,0.2983555949141173,0.0020779035866318636,
11.533333333333333,0.0,0.0,0.22141841030963538,1.1090086383449505e-13,2.6499999999999955,5.399075947079625e-10,0.29332686267795377,0.0633493521732339,0.6600368219476249,0.2943775203152624,0.0020467350328351166,
11.55,0.0,0.0,0.07272260873828518,1.363248810410253e-13,2.666666666666662,4.859168352371663e-10,0.2929846480048295,0.06229352963701333,0.6652590441698472,0.2904524867110589,0.002016034007345947,
11.566666666666666,0.0,0.0,0.35,1.6744810768163694e-13,2.6833333333333287,4.3732515171344967e-10,0.2926428325821572,0.061255304143063107,0.6704826552809583,0.28657978688824476,0.0019857934972398812,
11.583333333333334,0.0,0.0,0.06883658870113361,2.0551819197506678e-13,2.6999999999999953,3.935926365421047e-10,0.29230141594414466,0.06023438240734539,0.6757076552809583,0.28275872306306815,0.0019560065947863436,
11.6,0.0,0.0,0.11553141693575245,2.5204912969063346e-13,2.716666666666662,3.542333728878942e-10,0.29196039762554316,0.05923047603388963,0.6809340441698473,0.2789886067555606,0.0019266664958707553,
11.616666666666667,0.0,0.0,0.22580620761138784,3.0887661947094956e-13,2.7333333333333285,3.188100355991048e-10,0.29161977716164666,0.058243301433324804,0.6861618219476251,0.27526875866548645,0.0018977664984403,
11.633333333333333,0.0,0.0,0.0825630838945268,3.7822459666525474e-13,2.749999999999995,2.869290320391943e-10,0.2912795540882914,0.05727257974276939,0.6913909886142917,0.2715985085499466,0.0018693000009730092,
11.65,0.0,0.0,0.11113540985272888,4.627851340836861e-13,2.7666666666666617,2.582361288352749e-10,0.2909397279418551,0.05631803674705657,0.6966215441698472,0.267977195102614,0.00184126050096981,
11.666666666666666,0.0,0.0,0.1521638708278142,5.658143122792017e-13,2.7833333333333283,2.324125159517474e-10,0.29060029825925626,0.05537940280127229,0.7018534886142916,0.2644041658345791,0.001813641593469196,
11.683333333333334,0.0,0.0,0.0,6.912471516983554e-13,2.799999999999995,2.0917126435657266e-10,0.2902612645779538,0.05445641275458442,0.707086821947625,0.2608787769567847,0.00178643696958418,
11.7,0.0,0.0,0.10909055877161616,8.438352775322807e-13,2.8166666666666615,1.882541379209154e-10,0.2899226264359462,0.053548805875341346,0.7123215441698472,0.2574003932640276,0.0017596404150611968,
11.716666666666667,0.0,0.0,0.07226899881850489,1.0293116707724553e-12,2.833333333333328,1.6942872412882386e-10,0.2895843833717709,0.05265632577741899,0.7175576552809583,0.2539683880205072,0.0017332458088606258,
11.733333333333333,0.0,0.0,0.130049485015225,1.2545876638136782e-12,2.8499999999999948,1.5248585171594146e-10,0.2892465349245038,0.051778720347795334,0.7227951552809583,0.25058214284690045,0.0017072471217586106,
11.75,0.0,0.0,0.19011376553371725,1.527988286892488e-12,2.8666666666666614,1.3723726654434732e-10,0.28890908063375853,0.05091574167533208,0.7280340441698472,0.24724104760894178,0.0016816384149698582,
11.766666666666666,0.0,0.0,0.2014459837676891,1.8595331870601153e-12,2.883333333333328,1.2351353988991257e-10,0.2885720200396858,0.050067145980743216,0.733274321947625,0.2439445003074892,0.0016564138387911015,
11.783333333333333,0.0,0.0,0.27092027865638546,2.2612716525727408e-12,2.8999999999999946,1.1116218590092132e-10,0.28823535268297285,0.04923269354773083,0.7385159886142917,0.24069190697005602,0.0016315676312649188,
11.8,0.0,0.0,0.2661680552261395,2.747681815388414e-12,2.916666666666661,1.0004596731082918e-10,0.2878990781048427,0.04841214865526865,0.7437590441698473,0.2374826815437886,0.0016070941168636066,
11.816666666666666,0.0,0.0,0.23325656833020864,3.3361459109832785e-12,2.933333333333328,9.004137057974627e-11,0.28756319584705375,0.04760527951101417,0.7490034886142918,0.23431624578987142,0.0015829877051928049,
11.833333333333334,0.0,0.0,0.14687790431378278,4.047515592050943e-12,2.9499999999999944,8.103723352177163e-11,0.28722770545189885,0.0468118581858306,0.7542493219476251,0.23119202917933981,0.001559242889714583,
11.85,0.0,0.0,0.2340945205654463,4.906783771859428e-12,2.966666666666661,7.293351016959447e-11,0.286892606462205,0.04603166054940009,0.7594965441698472,0.22810946879028196,0.0015358542464896938,
11.866666666666667,0.0,0.0,0.06993263796020016,5.943882373087162e-12,2.9833333333333276,6.564015915263502e-11,0.2865578984213324,0.04526446620691009,0.7647451552809583,0.22506800920641154,0.0015128164329387165,
11.883333333333333,0.0,0.0,0.14233986459370251,7.1946287468949745e-12,2.9999999999999942,5.907614323737152e-11,0.2862235808731742,0.044510058436794925,0.7699951552809583,0.2220671024169927,0.0014901241866218035,
11.9,0.0,0.0,0.2660974353891531,8.701847483311237e-12,3.016666666666661,5.316852891363436e-11,0.2858896533621555,0.04376822412951501,0.7752465441698472,0.21910620771809947,0.0014677723240367594,
11.916666666666666,0.0,0.0,0.2138855777459731,1.051669894806131e-11,3.0333333333333274,4.7851676022270926e-11,0.285556115433233,0.04303875372735643,0.780499321947625,0.21618479161519147,0.0014457557394351819,
11.933333333333334,0.0,0.0,0.037567876413126366,1.2700251256748921e-11,3.049999999999994,4.3066508420043834e-11,0.2852229666318942,0.04232144116523382,0.7857534886142916,0.21330232772698893,0.0014240694036563978,
11.95,0.0,0.0,0.10248160877972165,1.5325338654206908e-11,3.0666666666666607,3.875985757803945e-11,0.28489020650415703,0.04161608381247992,0.7910090441698472,0.21045829669062907,0.0014027083629789383,
11.966666666666667,0.0,0.0,0.22320568395668622,1.847875654200231e-11,3.0833333333333273,3.4883871820235506e-11,0.28455783459656886,0.040922482415605255,0.7962659886142917,0.20765218606808736,0.0013816677379892936,
11.983333333333333,0.0,0.0,0.20001465468487095,2.2263851847592224e-11,3.099999999999994,3.139548463821196e-11,0.2842258504562062,0.04024044104201183,0.801524321947625,0.2048834902538462,0.0013609427224677015,
12.0,0.0,0.0,0.23726034055869027,2.6803577234461043e-11,3.1166666666666605,2.825593617439076e-11,0.28389425363067394,0.03956976702464497,0.8067840441698473,0.20215171038379492,0.001340528582290724,
12.016666666666666,0.0,0.0,0.007963448647213461,3.224408901940509e-11,3.133333333333327,2.5430342556951686e-11,0.2835630436681048,0.03891027090756756,0.8120451552809584,0.19945635424534433,0.0013204206543503737,
12.033333333333333,0.0,0.0,0.04839536630444058,3.875898182607414e-11,3.1499999999999937,2.2887308301256518e-11,0.2832322201171587,0.038261766392441436,0.8173076552809584,0.19679693618873975,0.0013006143454895578,
12.05,0.0,0.0,0.13038374911870332,4.6554268230950945e-11,3.1666666666666603,2.0598577471130868e-11,0.282901782527022,0.03762407028590074,0.8225715441698472,0.19417297703955655,0.0012811051314536135,
12.066666666666666,0.0,0.0,0.07204487366866295,5.587422925479327e-11,3.183333333333327,1.853871972401778e-11,0.2825717304474072,0.0369970024478024,0.827836821947625,0.19158400401236247,0.0012618885558577121,
12.083333333333334,0.0,0.0,0.14824607129769118,6.700828186678203e-11,3.1999999999999935,1.6684847751616e-11,0.2822420634285519,0.03638038574033903,0.8331034886142916,0.18902955062553098,0.0012429602291699254,
12.1,0.0,0.0,0.1518707531842704,8.029903309551712e-11,3.21666666666666,1.50163629764544e-11,0.2819127810212186,0.035774045978000046,0.8383715441698472,0.18650915661719056,0.0012243158277097403,
12.116666666666667,0.0,0.0,0.1789095332948888,9.615171732934557e-11,3.2333333333333267,1.351472667880896e-11,0.28158388277669383,0.03517781187836671,0.8436409886142916,0.18402236786229467,0.00120595109266183,
12.133333333333333,0.0,0.0,0.14053440384035382,1.150452444469026e-10,3.2499999999999933,1.2163254010928063e-11,0.2812553682467877,0.034591515013727266,0.8489118219476249,0.18156873629079742,0.0011878618291048919,
12.15,0.0,0.0,0.19649501223374108,1.375451221236545e-10,3.26666666666666,1.0946928609835258e-11,0.2809272369838331,0.034014989763498475,0.8541840441698472,0.17914781980692013,0.0011700439050553672,
12.166666666666666,0.0,0.0,0.21409638042921894,1.6431855666288176e-10,3.2833333333333266,9.852235748851731e-12,0.2805994885406853,0.03344807326744017,0.8594576552809583,0.17675918220949452,0.0011524932505258812,
12.183333333333334,0.0,0.0,0.16374638733664776,1.9615208373650454e-10,3.299999999999993,8.867012173966558e-12,0.28027212247072114,0.0328906053796495,0.8647326552809583,0.17440239311336792,0.0011352058565982381,
12.2,0.0,0.0,0.052921547318179774,2.3397213432206683e-10,3.3166666666666598,7.980310956569903e-12,0.2799451383278386,0.03234242862332201,0.8700090441698473,0.17207702787185633,0.0011181777745108284,
12.216666666666667,0.0,0.0,0.2555511002581943,2.788690028233077e-10,3.3333333333333264,7.182279860912912e-12,0.27961853566645617,0.031803388146266647,0.8752868219476251,0.16978266750023158,0.0011014051147603151,
12.233333333333333,0.0,0.0,0.16906497412956994,3.3212475491449907e-10,3.349999999999993,6.464051874821621e-12,0.27929231404151195,0.0312733316771622,0.8805659886142917,0.16751889860022848,0.0010848840462174825,
12.25,0.0,0.0,0.18572649310016504,3.9524569323673e-10,3.3666666666666596,5.8176466873394596e-12,0.2789664730084635,0.030752109482542832,0.8858465441698472,0.16528531328555876,0.0010686107952571455,
12.266666666666666,0.0,0.0,0.16544213250367962,4.700000910231779e-10,3.383333333333326,5.235882018605514e-12,0.27864101212328696,0.030239574324500453,0.8911284886142916,0.16308150910841798,0.0010525816449020405,
12.283333333333333,0.0,0.0,0.021803296933724875,5.584620085282118e-10,3.399999999999993,4.712293816744963e-12,0.2783159309424765,0.029735581419092112,0.8964118219476249,0.1609070889869724,0.001036792933980637,
12.3,0.0,0.0,0.19826427603639038,6.630621264440078e-10,3.4166666666666594,4.241064435070467e-12,0.2779912290230436,0.029239988395440578,0.9016965441698471,0.15876166113381276,0.0010212410562988321,
12.316666666666666,0.0,0.0,0.09878006669240888,7.866466661688624e-10,3.433333333333326,3.8169579915634205e-12,0.2776669059225167,0.028752655255516568,0.9069826552809582,0.15664483898536194,0.0010059224598255238,
12.333333333333334,0.0,0.0,0.053270212443753656,9.325456209160318e-10,3.4499999999999926,3.4352621924070786e-12,0.2773429611989404,0.02827344433459129,0.9122701552809582,0.15455624113222377,0.0009908336458920768,
12.35,0.0,0.0,0.2551820214401727,1.10465169653293e-09,3.4666666666666592,3.091735973166371e-12,0.277019394410875,0.0278022202623481,0.9175590441698471,0.15249549125046077,0.0009759711684057437,
12.366666666666667,0.0,0.0,0.12694168021636482,1.3075115591087943e-09,3.483333333333326,2.7825623758497338e-12,0.2766962051173956,0.0273388499246423,0.9228493219476249,0.15046221803378795,0.0009613316330771297,
12.383333333333333,0.0,0.0,0.17480744941283827,1.5464312108399628e-09,3.4999999999999925,2.5043061382647604e-12,0.276373392878092,0.02688320242589826,0.9281409886142916,0.1484560551266708,0.0009469116966618414,
12.4,0.0,0.0,0.22337414792833682,1.8275975693655154e-09,3.516666666666659,2.2538755244382845e-12,0.27605095725306755,0.02643514905213329,0.9334340441698472,0.14647664105831518,0.0009327080662165039,
12.416666666666666,0.0,0.0,0.2819242287746892,2.1582186123891758e-09,3.5333333333333257,2.0284879719944562e-12,0.27572889780293897,0.025994563234597735,0.9387284886142917,0.14452361917753764,0.0009187174983693897,
12.433333333333334,0.0,0.0,0.005453731294761871,2.5466847727486654e-09,3.5499999999999923,1.8256391747950105e-12,0.27540721408883556,0.025561320514021105,0.944024321947625,0.1425966375885038,0.0009049367986059614,
12.45,0.0,0.0,0.0915822804703941,3.0027546334619084e-09,3.566666666666659,1.6430752573155094e-12,0.2750859056723986,0.02513529850545409,0.9493215441698472,0.14069534908732376,0.0008913628205697048,
12.466666666666667,0.0,0.0,0.20593902175606738,3.5377683823965222e-09,3.5833333333333255,1.4787677315839585e-12,0.2747649721157808,0.024716376863696522,0.9546201552809582,0.13881941109949278,0.0008779924653787056,
12.483333333333333,0.0,0.0,0.09759296259058867,4.1648929472664354e-09,3.599999999999992,1.3308909584255627e-12,0.27444441298164574,0.02430443724930158,0.9599201552809582,0.1369684856181662,0.0008648226809585139,
12.5,0.0,0.0,0.0,4.899403249370986e-09,3.6166666666666587,1.1978018625830063e-12,0.27412422783316714,0.023899363295146556,0.9652215441698471,0.13514223914325732,0.0008518504613919412,
12.516666666666666,0.0,0.0,0.16300866880158096,5.759004595112465e-09,3.6333333333333253,1.0780216763247058e-12,0.27380441623402846,0.02350104057356078,0.9705243219476248,0.13334034262134722,0.0008390728462865502,
12.533333333333333,0.0,0.0,0.16954887305261726,6.764201874718442e-09,3.649999999999992,9.702195086922352e-13,0.27348497774842206,0.023109356564001433,0.9758284886142915,0.13156247138639593,0.0008264869201607232,
12.55,0.0,0.0,0.21537620595240825,7.93872196523727e-09,3.6666666666666585,8.731975578230117e-13,0.2731659119410489,0.022724200621268075,0.9811340441698471,0.12980830510124397,0.0008140898118493408,
12.566666666666666,0.0,0.0,0.1699137351457979,9.309996547949707e-09,3.683333333333325,7.858778020407105e-13,0.2728472183771177,0.02234546394424694,0.9864409886142915,0.12807752769989406,0.0008018786939302658,
12.583333333333334,0.0,0.0,0.1158718875931809,1.090971345773244e-08,3.6999999999999917,7.072900218366395e-13,0.27252889662234436,0.021973039545176157,0.9917493219476249,0.12636982733056212,0.0007898507821730058,
12.6,0.0,0.0,0.1686396457175842,1.2774445693291184e-08,3.7166666666666583,6.365610196529755e-13,0.2722109462429516,0.02160682221942322,0.9970590441698471,0.12468489629948797,0.0007780033350111359,
12.616666666666667,0.0,0.0,0.14861169869318636,1.4946368343043392e-08,3.733333333333325,5.72904917687678e-13,0.27189336680566817,0.021246708515766165,1.0,0.12302243101549479,0.0007663336530402894,
12.633333333333333,0.0,0.0,0.1106971976956404,1.7474074933095775e-08,3.7499999999999916,5.156144259189102e-13,0.2715761578777282,0.02089259670717006,1.0,0.12138213193528818,0.0007548390785437803,
12.65,0.0,0.0,0.17204888702334842,2.041350609352092e-08,3.766666666666658,4.640529833270191e-13,0.27125931902687084,0.02054438676205056,1.0,0.11976370350948434,0.0007435169950482112,
12.666666666666666,0.0,0.0,0.18006541410364846,2.382900498014496e-08,3.7833333333333248,4.176476849943172e-13,0.2709428498213395,0.020201980316016385,1.0,0.11816685412935789,0.0007323648269117357,
12.683333333333334,0.0,0.0,0.0697631365249383,2.7794515595573104e-08,3.7999999999999914,3.758829164948855e-13,0.2706267498298813,0.01986528064408278,1.0,0.11659129607429979,0.0007213800389480062,
12.7,0.0,0.0,0.23412415557541716,3.239494204035583e-08,3.816666666666658,3.3829462484539695e-13,0.2703110186217464,0.019534192633348067,1.0,0.11503674545997579,0.0007105601360892338,
12.716666666666667,0.0,0.0,0.21813141726340585,3.772768880942101e-08,3.8333333333333246,3.0446516236085725e-13,0.26999565576668766,0.0192086227561256,1.0,0.11350292218717611,0.0006999026630922321,
12.733333333333333,0.0,0.0,0.2148188498614304,4.39044045474526e-08,3.849999999999991,2.740186461247715e-13,0.26968066083495984,0.018888479043523507,1.0,0.1119895498913471,0.0006894052042918106,
12.75,0.0,0.0,0.0,5.105295420842194e-08,3.866666666666658,2.466167815122944e-13,0.26936603339731907,0.018573671059464784,1.0,0.1104963558927958,0.0006790653834064308,
12.766666666666666,0.0,0.0,0.1608454839944011,5.9319647348483696e-08,3.8833333333333244,2.2195510336106494e-13,0.2690517730250222,0.01826410987514037,1.0,0.10902307114755852,0.0006688808634016504,
12.783333333333333,0.0,0.0,0.14138643945810864,6.887175333889709e-08,3.899999999999991,1.9975959302495844e-13,0.26873787928982634,0.01795970804388803,1.0,0.10756943019892441,0.0006588493464175516,
12.8,0.0,0.0,0.07069482407744138,7.99003376382882e-08,3.9166666666666576,1.7978363372246258e-13,0.2684243517639882,0.017660379576489894,1.0,0.10613517112960542,0.0006489685737671027,
12.816666666666666,0.0,0.0,0.1981097256900353,9.262345693471077e-08,3.9333333333333242,1.6180527035021633e-13,0.26811119002026357,0.01736603991688173,1.0,0.10472003551454402,0.0006392363260132232,
12.833333333333334,0.0,0.0,0.03011687859507016,1.0728975498159184e-07,3.949999999999991,1.456247433151947e-13,0.2677983936319066,0.017076605918267034,1.0,0.1033237683743501,0.0006296504231332413,
12.85,0.0,0.0,0.2504657031742604,1.2418250533312437e-07,3.9666666666666575,1.310622689836752e-13,0.2674859621726694,0.01679199581962925,1.0,0.10194611812935876,0.0006202087247804365,
12.866666666666667,0.0,0.0,0.18234890052737035,1.436241519603037e-07,3.983333333333324,1.179560420853077e-13,0.2671738952168013,0.01651212922263543,1.0,0.10058683655430065,0.000610909130653472,
12.883333333333333,0.0,0.0,0.11051366060687476,1.6598140392554873e-07,3.9999999999999907,1.0616043787677693e-13,0.26686219233904834,0.01623692706892484,1.0,0.09924567873357663,0.0006017495809857416,
12.9,0.0,0.0,0.26591949107611057,1.916709459401183e-07,4.016666666666658,9.554439408909923e-14,0.26655085311465276,0.01596631161777609,1.0,0.09792240301712894,0.0005927280571679992,
12.916666666666666,0.0,0.0,0.1883619259186281,2.211658327525372e-07,4.033333333333324,8.598995468018931e-14,0.2662398771193523,0.01570020642414649,1.0,0.09661677097690055,0.0005838425825191107,
12.933333333333334,0.0,0.0,0.17810760434089373,2.550026419478588e-07,4.049999999999991,7.739095921217038e-14,0.26592926392937977,0.015438536317077383,1.0,0.09532854736387521,0.000575091223221382,
12.95,0.0,0.0,0.04624604513889209,2.9378946690578136e-07,4.0666666666666575,6.965186329095334e-14,0.26561901312146213,0.015181227378459426,1.0,0.0940575000656902,0.0005664720894386839,
12.966666666666667,0.0,0.0,0.19354326297471888,3.3821483940097654e-07,4.083333333333324,6.268667696185801e-14,0.26530912427282044,0.014928206922151768,1.0,0.09280340006481434,0.000557983336637524,
12.983333333333333,0.0,0.0,0.2645272808564643,3.890576796603222e-07,4.099999999999991,5.641800926567221e-14,0.2649995969611688,0.014679403473449239,1.0,0.09156602139728348,0.0005496231671333229,
13.0,0.0,0.0,0.23983574789325773,4.4719838064944047e-07,4.116666666666657,5.077620833910499e-14,0.2646904307647141,0.01443474674889175,1.0,0.09034514111198637,0.0005413898318864465,
13.016666666666666,0.0,0.0,0.04703369758615775,5.13631142972469e-07,4.133333333333324,4.569858750519449e-14,0.26438162526215525,0.014194167636410222,1.0,0.08914053923049321,0.0005332816325750455,
13.033333333333333,0.0,0.0,0.2628999779681594,5.894776870633306e-07,4.149999999999991,4.1128728754675037e-14,0.26407318003268276,0.013957598175803386,1.0,0.08795199870741997,0.0005252969239744637,
13.049999999999999,0.0,0.0,0.2799888355176722,6.760024803484564e-07,4.166666666666657,3.7015855879207534e-14,0.26376509465597797,0.013724971539539995,1.0,0.08677930539132105,0.0005174341166759253,
13.066666666666666,0.0,0.0,0.21891188525936578,7.746296287959202e-07,4.183333333333324,3.331427029128678e-14,0.26345736871221265,0.013496222013880996,1.0,0.08562224798610343,0.0005096916801803956,
13.083333333333334,0.0,0.0,0.11966592596344419,8.869615947539834e-07,4.19999999999999,2.998284326215811e-14,0.2631500017820484,0.013271284980316312,1.0,0.0844806180129554,0.0005020681464069604,
13.1,0.0,0.0,0.02945248452475885,1.0147999162441292e-06,4.216666666666657,2.6984558935942297e-14,0.262842993446636,0.01305009689731104,1.0,0.08335420977278266,0.0004945621136587935,
13.116666666666667,0.0,0.0,0.07707126176877027,1.1601681169226341e-06,4.233333333333324,2.4286103042348068e-14,0.2625363432876149,0.012832595282355856,1.0,0.08224282030914555,0.0004871722510937908,
13.133333333333333,0.0,0.0,0.10350156904314814,1.325337010773148e-06,4.24999999999999,2.185749273811326e-14,0.26223005088711265,0.012618718694316591,1.0,0.08114624937169028,0.00047989730375127426,
13.15,0.0,0.0,0.17201256587609637,1.5128526212458226e-06,4.266666666666657,1.9671743464301934e-14,0.26192411582774433,0.012408406716077982,1.0,0.08006429938006775,0.00047273609819080333,
13.166666666666666,0.0,0.0,0.19429678645326012,1.7255669510155891e-06,4.2833333333333234,1.7704569117871742e-14,0.26161853769261195,0.012201599937476682,1.0,0.07899677538833351,0.00046568754880411007,
13.183333333333334,0.0,0.0,0.08984295317608691,1.9666718557883414e-06,4.29999999999999,1.593411220608457e-14,0.2613133160653039,0.011998239938518738,1.0,0.07794348504982239,0.0004587506648664972,
13.2,0.0,0.0,0.01754098642420132,2.2397362936224563e-06,4.316666666666657,1.434070098547611e-14,0.26100845052989435,0.011798269272876758,1.0,0.07690423858249143,0.0004519245583997302,
13.216666666666667,0.0,0.0,0.11594517793241979,2.54874724003469e-06,4.333333333333323,1.2906630886928499e-14,0.2607039406709428,0.011601631451662145,1.0,0.07587884873472488,0.00044520845292452004,
13.233333333333333,0.0,0.0,0.04192364875068509,2.8981545786883183e-06,4.34999999999999,1.1615967798235648e-14,0.2603997860734934,0.011408270927467776,1.0,0.0748671307515952,0.0004386016931871525,
13.25,0.0,0.0,0.25614129178238976,3.292920297679033e-06,4.3666666666666565,1.0454371018412084e-14,0.26009598632307435,0.011218133078676647,1.0,0.07386890234157394,0.00043210375595167553,
13.266666666666666,0.0,0.0,0.04929730330217104,3.738572342281732e-06,4.383333333333323,9.408933916570876e-15,0.25979254100569743,0.011031164194032037,1.0,0.07288398364368628,0.0004257142619563291,
13.283333333333333,0.0,0.0,0.18693207558800995,4.241263496437057e-06,4.39999999999999,8.468040524913788e-15,0.2594894497078574,0.010847311457464835,1.0,0.0719121971951038,0.0004194329891405839,
13.299999999999999,0.0,0.0,0.2145411749720927,4.807835687154085e-06,4.416666666666656,7.621236472422409e-15,0.2591867120165316,0.010666522933173755,1.0,0.07095336789916909,0.0004132598872572713,
13.316666666666666,1.0,1.0,0.10890472771817787,5.445890128295099e-06,0.0,1.4400000000000013,0.2625840725482497,0.060133196786515075,0.9925,0.36600732299384686,0.0004071950939928215,gaze_shift
13.333333333333334,0.0,1.0,0.3213377495621906,6.163863742771147e-06,0.0,1.2960000000000012,0.2659605025079587,0.10712653694718932,0.9850562500000001,0.3611272253539289,0.00040123895272759495,
13.35,0.0,1.0,0.2517415170209324,6.971112324890714e-06,0.0,1.166400000000001,0.2693161308454243,0.15177021009982986,0.977668328125,0.3563121956825432,0.0003953920320776815,
13.366666666666667,0.0,1.0,0.2198754020812868,7.878000927313905e-06,0.0,1.049760000000001,0.27265108571597413,0.19418169959483836,0.9703358156640626,0.35156136640677593,0.00038965514736935135,
13.383333333333333,0.0,1.0,0.23055529561749213,8.896001979605354e-06,0.0,0.9447840000000008,0.27596549448539226,0.23447261461509644,0.9630582970465821,0.34687388152135223,0.00038402938420755887,
13.4,0.0,1.0,0.36175632053152806,1.003780166756732e-05,0.0,0.8503056000000008,0.2792594837347835,0.2727489838843416,0.9558353598187327,0.3422488964344009,0.00037851612431050933,
13.416666666666666,0.0,1.0,0.47269391634733715,1.1317415124144683e-05,0.0,0.7652750400000007,0.28253317926540744,0.30911153469012453,0.9486665946200922,0.33768557781527553,0.0003731170737932838,
13.433333333333334,0.0,1.0,0.20768656635958907,1.2750311003514972e-05,0.0,0.6887475360000006,0.2857867061034831,0.3436559579556183,0.9415515951604415,0.33318310344440516,0.00036783429409484607,
13.45,0.0,1.0,0.45583583402528827,1.4353546029722821e-05,0.0,0.6198727824000005,0.2890201885049639,0.3764731600578374,0.9344899581967382,0.3287406620651464,0.0003626702357544053,
13.466666666666667,0.0,1.0,0.3379118292008982,1.6145910129640725e-05,0.0,0.5578855041600005,0.29223374996028295,0.4076495020549455,0.9274812835102626,0.3243574532376111,0.0003576277752550316,
13.483333333333333,0.0,1.0,0.30271815124037144,1.8148082776792385e-05,0.0,0.5020969537440004,0.29542751319906935,0.4372670269521982,0.9205251738839356,0.32003268719444294,0.00035271025516458467,
13.5,0.0,1.0,0.526493408364683,2.0382801187369245e-05,0.0,0.4518872583696004,0.29860160019483545,0.4654036756045883,0.9136212350798061,0.4538989180318504,0.00034792152781635486,micro_nod_ready
13.516666666666666,0.0,1.0,0.5454894328476156,2.287504102220063e-05,0.0,0.4066985325326404,0.3017561321696351,0.4921334918243589,0.9067690758167075,0.4478469324580924,0.00034326600278428127,
13.533333333333333,0.0,1.0,0.6273070386816157,2.5652210258170955e-05,0.0,0.3660286792793763,0.3048912295986933,0.517526817233141,0.8999683077480822,0.4418756400253178,0.0003387486984201245,
13.549999999999999,0.0,1.0,0.6736614197656483,2.8744356899142545e-05,0.0,0.32942581135143867,0.30800701221500737,0.5416504763714839,0.8932185454399716,0.43598396482498025,0.000334375297732464,
13.566666666666666,0.0,1.0,0.5957157277453157,3.2184391199474516e-05,0.0,0.2964832302162948,0.31110359901391943,0.5645679525529097,0.8865194063491718,0.43017084529398053,0.0003301522088997641,
13.583333333333334,0.0,1.0,1.0,3.600832307218597e-05,0.0,0.2668349071946653,0.3141811082576612,0.5863395549252642,0.879870510801553,0.4244352340233941,0.00032608663072192023,
13.6,0.0,1.0,0.7306512867414653,4.025551534830128e-05,0.0,0.24015141647519878,0.3172396574798705,0.607022577179001,0.8732714819705414,0.4187760975697489,0.00032218662332654334,
13.616666666666667,0.0,1.0,0.7665784444745707,4.496895354334659e-05,0.0,0.2161362748276789,0.3202793634900799,0.626671448320051,0.8667219458557623,0.41319241626881886,0.0003184611844576501,
13.633333333333333,0.0,1.0,0.8410398060830865,5.019553277086921e-05,0.0,0.194522647344911,0.32330034237817806,0.6453378759040485,0.8602215312618441,0.4076831840519013,0.00031492033168526796,
13.65,0.0,1.0,1.0,5.598636242068547e-05,0.0,0.1750703826104199,0.3263027095188432,0.6630709821088461,0.8537698697773802,0.4022474082645426,0.0003115751908845983,
13.666666666666666,0.0,1.0,0.8746157903320981,6.239708919070226e-05,0.0,0.1575633443493779,0.3292865795759492,0.6799174330034038,0.8473665957540499,0.396884109487682,0.00030843809134265037,
13.683333333333334,0.0,1.0,0.8996736571654209,6.948823902515563e-05,0.0,0.14180700991444012,0.33225206650694505,0.6959215613532336,0.8410113462858946,0.39159232136117955,0.00030552266785850506,
13.7,0.0,1.0,0.7924467650054273,7.732557846823257e-05,0.0,0.12762630892299612,0.33519928356720685,0.7111254832855719,0.8347037611887503,0.38637109040969714,0.00030284397021040774,
13.716666666666667,0.0,1.0,0.9887065579510695,8.598049588989108e-05,0.0,0.1148636780306965,0.3381283433143632,0.7255692091212933,0.8284434829798347,0.38121947587090116,0.00030041858036854017,
13.733333333333333,0.0,1.0,0.8495315045631836,9.553040297948705e-05,0.0,0.10337731022762685,0.34103935761259396,0.7392907486652286,0.822230156857486,0.3761365495259558,0.0002982647378363819,
13.75,0.0,1.0,0.8925090009084307,0.00010605915683220599,0.0,0.09303957920486416,0.3439324376369024,0.7523262112319672,0.8160634306810549,0.3711213955322764,0.00029640247350582924,
13.766666666666666,0.0,1.0,0.8300529380994794,0.00011765750287247714,0.0,0.08373562128437775,0.34680769387736105,0.7647099006703688,0.809942954950947,0.36617311025851274,0.0002948537524114765,
13.783333333333333,0.0,1.0,0.8173012243759811,0.00013042353876724553,0.0,0.07536205915593998,0.3496652361433316,0.7764744056368503,0.8038683827888149,0.3612908021217326,0.0002936426257674478,
13.799999999999999,0.0,1.0,0.8254523064544184,0.00014446319937938334,0.0,0.06782585324034598,0.35250517356765854,0.7876506853550078,0.7978393699178988,0.35647359142677615,0.0002927953926656534,
13.816666666666666,0.0,1.0,0.616078731285217,0.00015989076269748055,0.0,0.061043267916311386,0.3553276146108371,0.7982681510872575,0.7918555746435146,0.35172061020775247,0.000292340771807094,
13.833333333333334,0.0,1.0,0.6637072562229221,0.0001768293765519638,0.0,0.05493894112468024,0.35813266706515556,0.8083547435328946,0.7859166578336882,0.3470310020716491,0.0002923100836275797,
13.85,0.0,1.0,0.7069331976144089,0.00019541160578894496,0.0,0.049445047012212216,0.36092043805881163,0.8179370063562499,0.7800222828999356,0.34240392204402714,0.00029273744316571875,
13.866666666666667,0.0,1.0,0.8840273126038886,0.00021577999942171033,0.0,0.044500542310990994,0.3636910340600043,0.8270401560384374,0.774172115778186,0.33783853641677347,0.00029365996400399256,
13.883333333333333,0.0,1.0,0.5194825645271521,0.0002380876771152961,0.0,0.040050488079891894,0.3664445608809996,0.8356881482365155,0.7683658249098496,0.33333402259788314,0.00029511797359289685,
13.9,0.0,1.0,0.7697330533167481,0.00026249893418194665,0.0,0.03604543927190271,0.36918112368217193,0.8439037408246897,0.7626030812230258,0.32888956896324467,0.0002971552402432338,
13.916666666666666,0.0,1.0,0.5340726133003526,0.00028918986407411106,0.0,0.032440895344712437,0.37190082697602,0.8517085537834552,0.7568835581138531,0.3245043747104014,0.00029981921204241027,
13.933333333333334,0.0,1.0,0.8231127139833324,0.0003183489971573918,0.0,0.029196805810241193,0.37460377463115857,0.8591231260942824,0.7512069314279992,0.3201776497142627,0.00030316126791677485,
13.95,0.0,1.0,0.835814583471502,0.0003501779543281114,0.0,0.026277125229217074,0.3772900698762851,0.8661669697895683,0.7455728794422892,0.3159086143847392,0.000307236981023353,
13.966666666666667,0.0,1.0,0.7347204836111676,0.00038489211380972663,0.0,0.023649412706295368,0.37995981530412226,0.8728586213000898,0.739981082846472,0.31169649952627604,0.00031210639461056724,
13.983333333333333,0.0,1.0,0.615959377901031,0.00042272128921888943,0.0,0.02128447143566583,0.3826131128753361,0.8792156902350854,0.7344312247251235,0.307540546199259,0.00031783431043842385,
14.0,0.0,1.0,0.7278822383223459,0.0004639104167367365,0.0,0.019156024292099248,0.38525006392242994,0.8852549057233311,0.728922990539685,0.3034400055832689,0.0003244905897939896,
14.016666666666666,0.0,1.0,0.6733007145352827,0.0005087202489538561,0.0,0.017240421862889325,0.3878707691536145,0.8909921604371646,0.7234560681106373,0.29939413884215865,0.0003321504670775685,
14.033333333333333,0.0,1.0,0.9050964589819863,0.0005574280526799452,0.0,0.015516379676600392,0.3904753286566539,0.8964425524153063,0.7180301475998075,0.2954022169909299,0.0003408948758686486,
14.049999999999999,0.0,1.0,0.8828911878849564,0.0006103283077215202,0.0,0.013964741708940354,0.39306384190268834,0.9016204247945411,0.712644921492809,0.29146352076438414,0.0003508107873082613,
14.066666666666666,0.0,1.0,0.909348048963306,0.0006677334033352632,0.0,0.012568267538046319,0.3956364077500329,0.906539403554814,0.707300084581613,0.2875773404875257,0.00036199156055576824,
14.083333333333334,0.0,1.0,1.0,0.0007299743287609442,0.0,0.011311440784241686,0.3981931244479529,0.9112124333770732,0.7019953339472509,0.28374297594769204,0.0003745373049931699,
14.1,0.0,1.0,0.707493012782413,0.0007974013539289664,0.0,0.010180296705817517,0.40073408964041646,0.9156518117082196,0.6967303689426465,0.2799597362683895,0.00038855525375877317,
14.116666666666667,0.0,1.0,0.9044362538021226,0.0008703846961241264,0.0,0.009162267035235766,0.40325940036982344,0.9198692211228087,0.6915048911755767,0.27622693978481094,0.00040416014809444814,
14.133333333333333,0.0,1.0,0.8962572627875462,0.0009493151680716269,0.0,0.008246040331712189,0.40576915308071165,0.9238757600666683,0.6863186044917599,0.27254391392101346,0.00042147463188679525,
14.15,0.0,1.0,0.985518934010176,0.0010346048025959439,0.0,0.00742143629854097,0.40826344362344025,0.9276819720633349,0.6811712149580716,0.26890999506873325,0.00044062965567241843,
14.166666666666666,0.0,1.0,0.575244934615657,0.001126687448689203,0.0,0.006679292668686873,0.4107423672578502,0.9312978734601681,0.6760624308458861,0.2653245284678168,0.0004617648892613038,
14.183333333333334,0.0,1.0,0.7023046031649212,0.0012260193335172122,0.0,0.006011363401818186,0.41320601865690243,0.9347329797871597,0.670991962614542,0.2617868680882459,0.00048502914201024557,
14.2,0.0,1.0,0.7548420081743904,0.0013330795845890708,0.0,0.005410227061636367,0.4156544919102937,0.9379963307978018,0.6659595228949329,0.258296376513736,0.0005105807896505977,
14.216666666666667,0.0,1.0,0.606238633818223,0.0014483707060251572,0.0,0.0048692043554727305,0.4180878805280497,0.9410965142579116,0.6609648264732209,0.2548524248268862,0.0005385882064417082,
14.233333333333333,0.0,1.0,0.6194928829930673,0.0015724190025791956,0.0,0.004382283919925458,0.42050627744409647,0.944041688545016,0.6560075902746717,0.25145439249586105,0.0005692302012835954,
14.25,0.0,1.0,0.6865302893893894,0.0017057749448084365,0.0,0.003944055527932912,0.42290977501980964,0.9468396041177652,0.6510875333476117,0.2481016672625829,0.0006026964562802492,
14.266666666666666,0.0,1.0,0.8255646132450151,0.0018490134685426444,0.0,0.0035496499751396207,0.42529846504754176,0.949497623911877,0.6462043768475046,0.24479364503241513,0.0006391879660989081,
14.283333333333333,0.0,1.0,0.687471093764798,0.0020027342015836863,0.0,0.0031946849776256585,0.427672438754128,0.9520227427162832,0.6413578440211484,0.24152972976531625,0.0006789174763214226,
14.299999999999999,0.0,1.0,0.4984513779694691,0.0021675616103737413,0.0,0.0028752164798630927,0.43003178680437026,0.9544216055804691,0.6365476601909897,0.23830933336844537,0.0007221099188320547,
14.316666666666666,0.0,1.0,0.49298500934732636,0.002344145059208304,0.0,0.0025876948318767834,0.4323765993044997,0.9567005253014456,0.6317735527395573,0.23513187559019944,0.0007690028421325784,
14.333333333333334,0.0,1.0,0.8786350428027528,0.002533158774440534,0.0,0.002328925348689105,0.4347069658056179,0.9588654990363733,0.6270352510940106,0.23199678391566345,0.0008198468343211878,
14.35,0.0,1.0,0.7447092694179746,0.002735301706033474,0.0,0.0020960328138201942,0.43702297530711715,0.9609222240845546,0.6223324867108055,0.2289034934634546,0.0008749059363174443,
14.366666666666667,0.0,1.0,0.5666557779415662,0.0029512972787668636,0.0,0.001886429532438175,0.4393247162600792,0.9628761128803269,0.6176649930604745,0.22585144688394188,0.0009344580427623167,
14.383333333333333,0.0,1.0,0.6973382413517248,0.003181893025400977,0.0,0.0016977865791943576,0.44161227657065355,0.9647323072363105,0.613032505612521,0.22284009425882265,0.000998795287871381,
14.4,0.0,1.0,0.7731116152822878,0.0034278600941460495,0.0,0.0015280079212749219,0.4438857436034145,0.966495691874495,0.6084347618204271,0.21986889300203835,0.0010682244133716568,
14.416666666666666,0.0,1.0,0.766982477690594,0.0036899926228818455,0.0,0.0013752071291474298,0.4461452041846978,0.9681709072807703,0.6038715011067739,0.21693730776201117,0.0011430671155095472,
14.433333333333334,0.0,1.0,0.5515754294018621,0.003969106972727602,0.0,0.0012376864162326868,0.44839074460591655,0.9697623619167317,0.5993424648484731,0.21404481032518435,0.0012236603679803212,
14.45,0.0,1.0,0.5809901615841436,0.004266040813773716,0.0,0.0011139177746094181,0.4506224506268569,0.9712742438208951,0.5948473963621096,0.21119087952084856,0.001310356717499794,
14.466666666666667,0.0,1.0,0.6479550494424248,0.004581652056064295,0.0,0.0010025259971484764,0.45284040747895327,0.9727105316298503,0.5903860408893937,0.20837500112723725,0.0014035245486178805,
14.483333333333333,0.0,1.0,0.4764472329531186,0.004916817619258393,0.0,0.0009022733974336287,0.45504469986854335,0.9740750050483578,0.5859581455827233,0.2055966677788741,0.00150354831426285,
14.5,0.0,1.0,0.5507201866423653,0.005272432034808891,0.0,0.0008120460576902658,0.4572354119801032,0.9753712547959399,0.5815634594908529,0.20285537887515576,0.001610828728406076,
14.516666666666666,0.0,1.0,0.6863417700692491,0.005649405874974113,0.0,0.0007308414519212392,0.45941262747946243,0.9766026920561429,0.5772017335446714,0.2001506404901537,0.0017257829171512223,
14.533333333333333,0.0,1.0,0.43269315766984096,0.006048664003530435,0.0,0.0006577573067291153,0.4615764295169994,0.9777725574533358,0.5728727205430864,0.1974819652836183,0.0018488445244808909,
14.549999999999999,0.0,1.0,0.5587379822015343,0.00647114364367471,0.0,0.0005919815760562038,0.4637269007308168,0.978883929580669,0.5685761751390133,0.19484887241317006,0.0019804637688391673,
14.566666666666666,0.0,1.0,0.29073729431048295,0.006917792259305725,0.0,0.0005327834184505834,0.4658641232498977,0.9799397331016356,0.5643118538254707,0.1922508874476611,0.0021211074466919834,
14.583333333333334,0.0,1.0,0.3476019411485338,0.007389565246642265,0.0,0.00047950507660552506,0.46798817869724224,0.9809427464465539,0.5600795149217797,0.1896875422816923,0.0022712588791901694,
14.6,0.0,1.0,0.432085212277339,0.007887423433983647,0.0,0.0004315545689449726,0.470099148192985,0.9818956091242261,0.5558789185598663,0.18715837505126973,0.0024314177980641638,
14.616666666666667,0.0,1.0,0.3100168519158876,0.008412330388335176,0.0,0.00038839911205047534,0.47219711235749273,0.9828008286680148,0.5517098266706673,0.18466293005058612,0.002602100166905955,
14.633333333333333,0.0,1.0,0.37735041866079255,0.00896524952861094,0.0,0.0003495592008454278,0.47428215131444357,0.983660787234614,0.5475720029706372,0.18220075764991164,0.00278383793404441,
14.65,0.0,1.0,0.1374565950647437,0.00954714104618733,0.0,0.000314603280760885,0.47635434469388716,0.9844777478728833,0.5434652129483575,0.17977141421457948,0.0029771787132961067,
14.666666666666666,0.0,1.0,0.18009229795328252,0.010158958634703574,0.0,0.0002831429526847965,0.4784137716352856,0.9852538604792391,0.5393892238512448,0.17737446202505175,0.0031826853889762403,
14.683333333333334,0.0,1.0,0.12110798553381064,0.010801646032197016,0.0,0.0002548286574163169,0.48046051079053587,0.9859911674552772,0.5353438046723604,0.17500946919805105,0.003400935641684448,
14.7,0.0,0.0,0.13897468882838074,0.011476133379904602,0.016666666666666666,0.0002293457916746852,0.4798999735279469,0.9695579813310226,0.5403451935612493,0.1726760096087437,0.0036325213915393323,
14.716666666666667,0.0,0.0,0.1122736153134905,0.012183333403365512,0.03333333333333333,0.00020641121250721667,0.4793400902254976,0.9533986816421722,0.5453479713390271,0.17037366281396046,0.003878048155724118,
14.733333333333333,0.0,0.0,0.10652957090311208,0.012924137422803818,0.05,0.00018577009125649501,0.4787808601202345,0.9375087036148027,0.5503521380056938,0.16810201397644098,0.0041381343174248,
14.75,0.0,0.0,0.1435820186684806,0.013699411201162427,0.06666666666666667,0.00016719308213084552,0.47822228245009424,0.921883558554556,0.5553576935612494,0.16586065379008844,0.004413410303492053,
14.766666666666666,0.0,0.0,0.22505727111159207,0.014509990639577239,0.08333333333333333,0.00015047377391776097,0.4776643564539025,0.9065188325786466,0.5603646380056939,0.1636491784062206,0.0047045176684392615,
14.783333333333333,0.0,0.0,0.14776622335257117,0.015356677331531966,0.09999999999999999,0.00013542639652598486,0.4771070813713729,0.8914101853690025,0.5653729713390272,0.16146718936080431,0.005012108082701647,
14.799999999999999,0.0,0.0,0.13966950003124312,0.016240233988393464,0.11666666666666665,0.00012188375687338638,0.47655045644310634,0.8765533489461859,0.5703826935612494,0.15931429350266024,0.005336842223425311,
14.816666666666666,0.0,0.0,0.11116520487537915,0.017161379750502883,0.13333333333333333,0.00010969538118604775,0.4759944809105894,0.8619441264637494,0.5753938046723605,0.15719010292262478,0.005679388566430064,
14.833333333333334,0.0,0.0,0.0771377168052405,0.018120785399461114,0.15,9.872584306744297e-05,0.4754391540161937,0.847578391022687,0.5804063046723604,0.15509423488365645,0.0060404220783953425,
14.85,0.0,0.0,0.017258832065273427,0.019119068488705815,0.16666666666666666,8.885325876069867e-05,0.4748844750031748,0.8334520845056421,0.5854201935612493,0.15302631175187437,0.006420622808753793,
14.866666666666667,0.0,0.0,0.048872898688502225,0.02015678841090406,0.18333333333333332,7.99679328846288e-05,0.47433044311567113,0.8195612164305481,0.5904354713390271,0.15098596092851604,0.0068206743812409985,
14.883333333333333,0.0,0.0,0.1352768892748954,0.021234441422077307,0.19999999999999998,7.197113959616592e-05,0.47377705759870287,0.8059018628233723,0.5954521380056937,0.1489728147828025,0.0072412623855410375,
14.9,0.0,0.0,0.0,0.022352455643724126,0.21666666666666665,6.477402563654932e-05,0.473224317698171,0.7924701651096494,0.6004701935612493,0.14698651058569848,0.0076830726699846285,
14.916666666666666,0.0,0.0,0.1844888759179143,0.023511186065484014,0.2333333333333333,5.829662307289439e-05,0.4726722226608565,0.7792623290244886,0.6054896380056938,0.14502669044455582,0.008146789536797403,
14.933333333333334,0.0,0.0,0.0976801807204915,0.024710909572103857,0.24999999999999997,5.2466960765604954e-05,0.47212077173441885,0.766274623540747,0.6105104713390271,0.14309300123862842,0.008633093841958499,
14.95,0.0,0.0,0.05578061890685057,0.025951820019586413,0.26666666666666666,4.722026468904446e-05,0.4715699641673954,0.7535033798150679,0.6155326935612494,0.1411850945554467,0.009142661002311437,
14.966666666666667,0.0,0.0,0.087100218917336,0.02723402338643513,0.2833333333333333,4.249823822014001e-05,0.47101979920920006,0.7409449901514834,0.6205563046723606,0.13930262662804074,0.009676158913167731,
14.983333333333333,0.0,0.0,0.18367105932055322,0.02855753302681803,0.3,3.824841439812601e-05,0.47047027611012265,0.728595906982292,0.6255813046723605,0.1374452582730002,0.01023424578025561,
15.0,0.0,0.0,0.16037889404292918,0.02992226505327554,0.31666666666666665,3.442357295831341e-05,0.4699213941213275,0.7164526418659205,0.6306076935612493,0.1356126548293602,0.010817567870488685,
15.016666666666666,0.0,0.0,0.1521748487862012,0.03132803387724706,0.3333333333333333,3.098121566248207e-05,0.4693731524948526,0.7045117645014884,0.6356354713390271,0.13380448609830206,0.011426757186658563,
15.033333333333333,0.0,0.0,0.27317332219129187,0.03277454793621339,0.35,2.788309409623386e-05,0.46882555048360863,0.692769901759797,0.6406646380056937,0.13202042628365804,0.01206242907178794,
15.049999999999999,0.0,0.0,0.3207181184710304,0.03426140563659819,0.36666666666666664,2.5094784686610476e-05,0.4682785873413778,0.6812237367304671,0.6456951935612493,0.13026015393320928,0.012725179749512351,
15.066666666666666,0.0,0.0,0.03068767086891054,0.03578809154177056,0.3833333333333333,2.258530621794943e-05,0.46773226232281284,0.6698700077849593,0.6507271380056937,0.1285233518807665,0.013415583807485766,
15.083333333333334,0.0,0.0,0.20566405657419748,0.03735397283449379,0.39999999999999997,2.0326775596154485e-05,0.4671865746834362,0.65870550765521,0.655760471339027,0.12680970718902293,0.014134191631422889,
15.1,0.0,0.0,0.07434338585765024,0.03895829608300192,0.41666666666666663,1.8294098036539036e-05,0.46664152367963885,0.6477270825276231,0.6607951935612493,0.12511891109316928,0.014881526797995467,
15.116666666666667,0.0,0.0,0.026020308486337018,0.04060018433951726,0.4333333333333333,1.646468823288513e-05,0.46609710856867925,0.6369316311521628,0.6658313046723604,0.12345065894526035,0.015658083435386147,
15.133333333333333,0.0,0.0,0.0953573779457972,0.04227863459945958,0.44999999999999996,1.4818219409596619e-05,0.4655533286086825,0.6263161039662934,0.6708688046723604,0.12180465015932354,0.016464323560867047,
15.15,0.0,0.0,0.2204888758917936,0.04399251564884089,0.4666666666666666,1.3336397468636957e-05,0.465010183058639,0.6158775022335219,0.6759076935612494,0.12018058815719923,0.01730067440530675,
15.166666666666666,0.0,0.0,0.11497073163863117,0.045740566326359026,0.4833333333333333,1.2002757721773261e-05,0.46446767117840393,0.6056128771962965,0.1702369928347568,0.6119115136484365,0.01816752573501374,response_ready
15.183333333333334,0.0,0.0,0.1026363290015091,0.04752139422553765,0.49999999999999994,1.0802481949595935e-05,0.4639257922286958,0.595519329243025,0.17527865950142346,0.6037526934664574,0.019065227181792398,
15.2,0.0,0.0,0.2552183337590502,0.049333474860862404,0.5166666666666666,9.722233754636342e-06,0.46338454547109564,0.5855940070889746,0.18032171505697903,0.5957026575535713,0.01999408559251425,
15.216666666666667,0.0,0.0,0.1841957502433866,0.05117515132028259,0.5333333333333333,8.750010379172708e-06,0.46284393016804604,0.575834106970825,0.18536615950142346,0.5877599554528571,0.020954362409888495,
15.233333333333333,0.0,0.0,0.13794355658675794,0.05304463442463873,0.55,7.875009341255437e-06,0.46230394558285,0.5662368718546447,0.1904119928347568,0.579923156046819,0.021946271096446895,
15.25,0.0,0.0,0.29117703069170275,0.05494000341259371,0.5666666666666668,7.087508407129893e-06,0.46176459097967,0.5567995906570673,0.19545921505697902,0.5721908472995281,0.022969974614035313,
15.266666666666666,0.0,0.0,0.18556697843568443,0.05685920716744357,0.5833333333333335,6.378757566416904e-06,0.461225865623527,0.5475195974794496,0.20050782616809013,0.564561636002201,0.02402558297132308,
15.283333333333333,0.0,0.0,0.0887744501900981,0.05880006599982454,0.6000000000000002,5.740881809775214e-06,0.46068776878029954,0.5383942708547921,0.20555782616809012,0.5570341475221716,0.025113150851998917,
15.299999999999999,0.0,0.0,0.060470931617702034,0.060760273997771945,0.6166666666666669,5.166793628797692e-06,0.46015029971672256,0.5294210330072122,0.21060921505697902,0.5496070255552093,0.026232675336414067,
15.316666666666666,0.0,0.0,0.11470683923972927,0.0627374019528896,0.6333333333333336,4.650114265917923e-06,0.45961345770038636,0.5205973491237587,0.2156619928347568,0.5422789318811398,0.027384093729457763,
15.333333333333334,0.0,0.0,0.16274727770491296,0.06472890086851525,0.6500000000000004,4.18510283932613e-06,0.45907724199973593,0.5119207266383626,0.22071615950142345,0.5350485461227247,0.028567281507403085,
15.35,0.0,0.0,0.22531873683580278,0.066732106052785,0.6666666666666671,3.7665925553935174e-06,0.4585416518840696,0.5033887145277233,0.22577171505697902,0.5279145655077551,0.029782050396341866,
15.366666666666667,0.0,0.0,0.21799896898809998,0.06874424179637924,0.6833333333333338,3.3899332998541655e-06,0.45800668662353816,0.49499890261892787,0.23082865950142345,0.5208757046343183,0.03102814659463258,
15.383333333333333,0.0,0.0,0.1595811155538624,0.07076242663152169,0.7000000000000005,3.050939969868749e-06,0.45747234548914406,0.4867489209086124,0.23588699283475678,0.5139306952391941,0.032305249151514316,
15.4,0.0,0.0,0.05624945553806743,0.07278367916551605,0.7166666666666672,2.7458459728818743e-06,0.4569386277527401,0.47863643889346885,0.240946715056979,0.5070782859693381,0.03361296851369243,
15.416666666666666,0.0,0.0,0.2254116048023947,0.07480492447874221,0.733333333333334,2.471261375593687e-06,0.45640553268702855,0.47065916491191107,0.2460078261680901,0.5003172421564136,0.03495084525127607,
15.433333333333334,0.0,0.0,0.15800723304906453,0.07682300107365521,0.7500000000000007,2.224135238034318e-06,0.45587305956556035,0.46281484549671253,0.2510703261680901,0.4936463455943281,0.03631834897394569,
15.45,0.0,0.0,0.06251589067799462,0.07883466835791213,0.7666666666666674,2.0017217142308864e-06,0.45534120766273384,0.455101264738434,0.256134215056979,0.487064394319737,0.03771487744765009,
15.466666666666667,0.0,0.0,0.05076511711841186,0.08083661464136721,0.7833333333333341,1.8015495428077977e-06,0.454809976253794,0.4475162436594601,0.26119949283475674,0.4805702023954739,0.03913975592147901,
15.483333333333333,0.0,0.0,0.1676561989804306,0.08282546562329747,0.8000000000000008,1.6213945885270179e-06,0.4542793646148312,0.44005763959846905,0.2662661595014234,0.4741625996968676,0.04059223667363052,
15.5,0.0,0.0,0.1774402281943696,0.08479779334292595,0.8166666666666675,1.459255129674316e-06,0.4537493720227806,0.43272334560516124,0.27133421505697897,0.46784043170090933,0.042071498784595616,
15.516666666666666,0.0,0.0,0.21479810620979609,0.08675012556307027,0.8333333333333343,1.3133296167068844e-06,0.4532199977554207,0.4255112898450752,0.2764036595014234,0.4616025592782305,0.04357664814481729,
15.533333333333333,0.0,0.0,0.05092564180086029,0.08867895555363704,0.850000000000001,1.181996655036196e-06,0.4526912410913727,0.41841943501432394,0.2814744928347568,0.45544785848785413,0.045106717703153346,
15.549999999999999,0.0,0.0,0.3033197014785571,0.09058075223868076,0.8666666666666677,1.0637969895325763e-06,0.45216310131009946,0.4114457777640852,0.286546715056979,0.44937522037468275,0.046660667961483555,
15.566666666666666,0.0,0.0,0.0023541444139648093,0.09245197066792507,0.8833333333333344,9.574172905793186e-07,0.4516355776919043,0.40458834813468375,0.2916203261680901,0.443383550769687,0.04823738771975895,
15.583333333333334,0.0,0.0,0.14532882982885484,0.09428906277097633,0.9000000000000011,8.616755615213868e-07,0.45110866951793044,0.3978452089991057,0.2966953261680901,0.43747177009275784,0.049835695074697865,
15.6,0.0,0.0,0.25636676207591236,0.09608848835001692,0.9166666666666679,7.755080053692481e-07,0.4505823760701595,0.39121445551578726,0.301771715056979,0.43163881315818775,0.05145433867419656,
15.616666666666667,0.0,0.0,0.23216616078618096,0.09784672626452823,0.9333333333333346,6.979572048323233e-07,0.45005669663141096,0.38469421459052416,0.30684949283475677,0.42588362898274523,0.05309199922834762,
15.633333333333333,0.0,0.0,0.07096798288636622,0.09956028575960547,0.9500000000000013,6.28161484349091e-07,0.449531630485341,0.37828264434734876,0.31192865950142346,0.4202051805963086,0.05474729127675269,
15.65,0.0,0.0,0.19706524540944315,0.10122571788770816,0.966666666666668,5.653453359141818e-07,0.44900717691644143,0.3719779336082263,0.317009215056979,0.4146024448550245,0.05641876521058621,
15.666666666666666,0.0,0.0,0.24696547100181804,0.1028396269722334,0.9833333333333347,5.088108023227636e-07,0.4484833352100389,0.36577830138142253,0.3220911595014234,0.4090744122569575,0.05810490954661866,
15.683333333333334,0.0,0.0,0.20708912191245177,0.1043986820601593,1.0000000000000013,4.579297220904873e-07,0.44796010465229386,0.3596819963583988,0.32717449283475675,0.40362008676019806,0.059804153449150806,
15.7,0.0,0.0,0.06820503589392303,0.10589962831015139,1.016666666666668,4.121367498814385e-07,0.4474374845301995,0.3536872964190922,0.332259215056979,0.3982384856033954,0.06151486949455102,
15.716666666666667,0.0,0.0,0.2817183821350663,0.10733929826201133,1.0333333333333345,3.709230748932947e-07,0.44691547413158095,0.34779250814544066,0.3373453261680901,0.3929286391286835,0.06323537667183478,
15.733333333333333,0.0,0.0,0.015809120132365156,0.10871462293314109,1.0500000000000012,3.338307674039652e-07,0.44639407274509413,0.34199596634301666,0.3424328261680901,0.38768959060696767,0.06496394361148586,
15.75,0.0,0.0,0.15019161643241788,0.11002264268784347,1.0666666666666678,3.004476906635687e-07,0.44587327966022483,0.33629603357063304,0.347521715056979,0.38252039606554145,0.06669879203350172,
15.766666666666666,0.0,0.0,0.060159465581682184,0.11126051782574813,1.0833333333333344,2.704029215972118e-07,0.4453530941672879,0.33069109967778915,0.35261199283475675,0.3774201241180009,0.06843810040445825,
15.783333333333333,0.0,0.0,0.11161877918842944,0.11242553883647714,1.100000000000001,2.433626294374906e-07,0.44483351555742606,0.325179581349826,0.3577036595014234,0.3723878557964276,0.07018000779223962,
15.799999999999999,0.0,0.0,0.11915665250797997,0.11351513626881178,1.1166666666666676,2.1902636649374154e-07,0.44431454312260904,0.31975992166066225,0.36279671505697897,0.36742268438580855,0.07192261790597552,
15.816666666666666,0.0,0.0,0.18577964237651234,0.11452689016411992,1.1333333333333342,1.9712372984436737e-07,0.44379617615563266,0.31443058963298454,0.3678911595014234,0.36252371526066446,0.07366400330767735,
15.833333333333334,0.0,0.0,0.04346804707807661,0.115458539005615,1.1500000000000008,1.7741135685993063e-07,0.44327841395011774,0.3091900798057681,0.3729869928347568,0.3576900657238556,0.07540220978107545,
15.85,0.0,0.0,0.16283011084740384,0.11630798813716127,1.1666666666666674,1.5967022117393756e-07,0.4427612558005093,0.30403691180900533,0.378084215056979,0.3529208648475375,0.07713526084223692,
15.866666666666667,0.0,0.0,0.2496955009273852,0.11707331760778153,1.183333333333334,1.437031990565438e-07,0.44224470100207536,0.2989696299455219,0.3831828261680901,0.348215253316237,0.07886116237569499,
15.883333333333333,0.0,0.0,0.15141554626567913,0.11775278940076231,1.2000000000000006,1.293328791508894e-07,0.4417287488509063,0.2939868027797632,0.38828282616809007,0.3435723832720205,0.08057790737905333,
15.9,0.0,0.0,0.1887632796598897,0.11834485400926996,1.2166666666666672,1.1639959123580047e-07,0.44121339864391357,0.2890870227334338,0.39338421505697896,0.3389914181617269,0.08228348079834581,
15.916666666666666,0.0,0.0,0.17954609857188866,0.11884815632365946,1.2333333333333338,1.0475963211222043e-07,0.440698649678829,0.28426890568787655,0.39848699283475675,0.3344715325862372,0.08397586443584074,
15.933333333333334,0.0,0.0,0.08466338831158203,0.11926154079917294,1.2500000000000004,9.428366890099838e-08,0.44018450125420366,0.2795310905930786,0.40359115950142344,0.330011912151754,0.08565304191148276,
15.95,0.0,0.0,0.11485015290627354,0.11958405587644427,1.266666666666667,8.485530201089855e-08,0.4396709526694071,0.27487223908319397,0.40869671505697897,0.32561175332306397,0.08731300365876797,
15.966666666666667,0.0,0.0,0.14855794499965647,0.11981495763114355,1.2833333333333337,7.636977180980869e-08,0.4391580032246261,0.2702910350984741,0.4138036595014234,0.32127026327875646,0.08895375193555337,
15.983333333333333,0.0,0.0,0.18312330919930636,0.11995371263316804,1.3000000000000003,6.873279462882781e-08,0.43864565222086405,0.2657861845134995,0.4189119928347567,0.31698665976837304,0.09057330583011183,
16.0,0.0,0.0,0.3084656398590358,0.12,1.3166666666666669,6.185951516594503e-08,0.4381338989599397,0.26135641477160787,0.42402171505697894,0.3127601709714614,0.09216970624266016,
16.016666666666666,0.0,0.0,0.27625136272356476,0.11995371263316805,1.3333333333333335,5.567356364935053e-08,0.4376227427444864,0.2570004745254144,0.42913282616809006,0.4467233686918419,0.09374102082261201,micro_nod_ready
16.03333333333333,0.0,0.0,0.10694414448323059,0.11981495763114357,1.35,5.0106207284415474e-08,0.43711218287795117,0.2527171332833242,0.4342453261680901,0.44076705710928404,0.09528534884193975,
16.05,0.0,0.0,0.10961341468767079,0.11958405587644427,1.3666666666666667,4.509558655597393e-08,0.4366022186645936,0.24850518106193545,0.43935921505697895,0.43489016301449357,0.0968008259852681,
16.066666666666666,0.0,0.0,0.06260183806551319,0.11926154079917294,1.3833333333333333,4.058602790037654e-08,0.4360928494094849,0.24436342804423652,0.4444744928347567,0.42909162750763363,0.09828562903766871,
16.083333333333332,0.0,0.0,0.0,0.11884815632365951,1.4,3.6527425110338886e-08,0.43558407441850716,0.24029070424349924,0.44959115950142337,0.4233704058075318,0.0997379804515738,
16.1,0.0,0.0,0.2500946494165961,0.11834485400926989,1.4166666666666665,3.2874682599305e-08,0.43507589299835225,0.23628585917277425,0.4547092150569789,0.4177254670634314,0.10115615277477845,
16.116666666666667,0.0,0.0,0.18720768367751575,0.11775278940076231,1.4333333333333331,2.9587214339374498e-08,0.43456830445652084,0.2323477615198947,0.4598286595014234,0.4121557941692523,0.10253847292215054,
16.133333333333333,0.0,0.0,0.0,0.11707331760778153,1.4499999999999997,2.6628492905437047e-08,0.43406130810132154,0.22847529882789644,0.46494949283475673,0.4066603835803289,0.10388332627440991,
16.15,0.0,0.0,0.14550421796204724,0.11630798813716135,1.4666666666666663,2.3965643614893344e-08,0.43355490324187,0.22466737718076482,0.470071715056979,0.4012382451325912,0.10518916058817136,
16.166666666666668,0.0,0.0,0.33487413185589326,0.11545853900561491,1.483333333333333,2.156907925340401e-08,0.4330490891880878,0.22092292089441873,0.47519532616809007,0.39588840186415664,0.10645448970236207,
16.183333333333334,0.0,0.0,0.1841178947450067,0.11452689016411992,1.4999999999999996,1.941217132806361e-08,0.4325438652507017,0.21724087221284508,0.48032032616809006,0.3906098898393012,0.1076778970271181,
16.2,0.0,0.0,0.18566379709198438,0.11351513626881189,1.5166666666666662,1.7470954195257247e-08,0.43203923074124256,0.21362019100929766,0.48544671505697895,0.3854017579747772,0.10885803880233082,
16.216666666666665,0.0,0.0,0.1614984842320079,0.11242553883647727,1.5333333333333328,1.5723858775731524e-08,0.43153518497204446,0.21005985449247602,0.49057449283475674,0.3802630678684468,0.10999364711414411,
16.233333333333334,0.0,0.0,0.08316838904110097,0.11126051782574813,1.5499999999999994,1.415147289815837e-08,0.4310317272562437,0.20655885691760142,0.4957036595014234,0.37519289363020086,0.111083532658891,
16.25,0.0,0.0,0.05049183529913258,0.11002264268784347,1.566666666666666,1.2736325608342534e-08,0.4305288569077781,0.20311620930230806,0.500834215056979,0.3701903217151315,0.11212658724519578,
16.266666666666666,0.0,0.0,0.07803350941007917,0.10871462293314121,1.5833333333333326,1.1462693047508281e-08,0.43002657324138566,0.19973093914726958,0.5059661595014234,0.36525445075892976,0.11312178602624645,
16.28333333333333,0.0,0.0,0.15728733379591237,0.10733929826201148,1.5999999999999992,1.0316423742757453e-08,0.42952487557260405,0.19640209016148175,0.5110994928347568,0.36038439141547735,0.11406818945555479,
16.3,0.0,0.0,0.12603060793630255,0.10589962831015139,1.6166666666666658,9.284781368481707e-09,0.42902376321776936,0.19312872199212372,0.516234215056979,0.3555792661966043,0.11496494496085895,
16.316666666666666,0.0,0.0,0.20198909684014626,0.1043986820601593,1.6333333333333324,8.356303231633537e-09,0.4285232354940153,0.18990990995892165,0.5213703261680901,0.3508382093139829,0.11581128833217749,
16.333333333333332,0.0,0.0,0.2881291059122749,0.10283962697223357,1.649999999999999,7.520672908470184e-09,0.4280232917192723,0.18674474479293962,0.5265078261680901,0.3461603665231298,0.11660654482138609,
16.35,0.0,0.0,0.19423568462702642,0.101225717887708,1.6666666666666656,6.768605617623166e-09,0.42752393121226645,0.18363233237972396,0.531646715056979,0.3415448949694881,0.1173501299520501,
16.366666666666667,0.0,0.0,0.21419972353122246,0.09956028575960547,1.6833333333333322,6.091745055860849e-09,0.42702515329251883,0.18057179350672856,0.5367869928347568,0.33699096303656156,0.11804155003959964,
16.383333333333333,0.0,0.0,0.1179907057845659,0.09784672626452823,1.6999999999999988,5.482570550274764e-09,0.42652695728034423,0.17756226361494976,0.5419286595014235,0.3324977501960741,0.11868040242326965,
16.4,0.0,0.0,0.04181077348163181,0.09608848835001711,1.7166666666666655,4.934313495247288e-09,0.4260293424968505,0.1746028925547006,0.5470717150569792,0.3280644468601264,0.11926637541253977,
16.416666666666668,0.0,0.0,0.3220558499485672,0.09428906277097614,1.733333333333332,4.440882145722559e-09,0.4255323082639375,0.1716928443454556,0.5522161595014236,0.3236902542353247,0.11979924795208698,
16.433333333333334,0.0,0.0,0.20570506428566396,0.09245197066792507,1.7499999999999987,3.996793931150303e-09,0.42503585390429627,0.168831296939698,0.5573619928347568,0.3193743841788537,0.12027888901050332,
16.45,0.0,0.0,0.24288846357769633,0.09058075223868096,1.7666666666666653,3.597114538035273e-09,0.4245399787414079,0.16601744199070304,0.562509215056979,0.315116059056469,0.12070525669922329,
16.466666666666665,0.0,0.0,0.11668834713700343,0.08867895555363724,1.7833333333333319,3.2374030842317457e-09,0.42404468209954294,0.1632504846241913,0.5676578261680901,0.31091451160238276,0.12107839712924326,
16.483333333333334,0.0,0.0,0.009740224621217486,0.08675012556307027,1.7999999999999985,2.9136627758085712e-09,0.42354996330376016,0.16052964321378813,0.5728078261680901,0.30676898478101766,0.12139844301429521,
16.5,0.0,0.0,0.2541688589126009,0.08479779334292595,1.816666666666665,2.622296498227714e-09,0.4230558216799058,0.157854149160225,0.577959215056979,0.3026787316506041,0.12166561203015035,
16.516666666666666,0.0,0.0,0.0,0.08282546562329768,1.8333333333333317,2.3600668484049426e-09,0.42256225655461255,0.15522324667422124,0.5831119928347568,0.29864301522859604,0.12188020494067181,
16.53333333333333,0.0,0.0,0.13374442249111193,0.08083661464136742,1.8499999999999983,2.1240601635644483e-09,0.4220692672552988,0.15263619256298422,0.5882661595014235,0.29466110835888143,0.12204260350210541,
16.55,0.0,0.0,0.10387030038222528,0.07883466835791213,1.866666666666665,1.9116541472080034e-09,0.4215768531101676,0.15009225602026782,0.593421715056979,0.290732293580763,0.12215326815788742,
16.566666666666666,0.0,0.0,0.16522001798389183,0.07682300107365521,1.8833333333333315,1.7204887324872031e-09,0.42108501344820576,0.14759071841993002,0.5985786595014235,0.2868558629996862,0.12221273553695787,
16.583333333333332,0.0,0.0,0.21296409438532465,0.07480492447874242,1.8999999999999981,1.5484398592384827e-09,0.42059374759918283,0.14513087311293119,0.6037369928347569,0.28303111815969034,0.12222161576919253,
16.6,0.0,0.0,0.21382143338838672,0.07278367916551584,1.9166666666666647,1.3935958733146346e-09,0.42010305489365046,0.14271202522771567,0.6088967150569792,0.2792573699175611,0.12218058963210547,
16.616666666666667,0.0,0.0,0.0,0.07076242663152169,1.9333333333333313,1.254236285983171e-09,0.4196129346629412,0.1403334914739204,0.6140578261680902,0.2755339383186603,0.12209040554342511,
16.633333333333333,0.0,0.0,0.2274790203441232,0.06874424179637924,1.949999999999998,1.128812657384854e-09,0.4191233862391678,0.13799459994935506,0.6192203261680902,0.2718601524744115,0.12195187641450957,
16.65,0.0,0.0,0.0,0.0667321060527852,1.9666666666666646,1.0159313916463686e-09,0.4186344089552221,0.13569468995019915,0.624384215056979,0.26823535044141933,0.12176587637984176,
16.666666666666668,0.0,0.0,0.20183971370081819,0.06472890086851504,1.9833333333333312,9.143382524817317e-10,0.4181460021447743,0.13343311178436248,0.6295494928347568,0.26465887910220043,0.12153333741803131,
16.683333333333334,0.0,0.0,0.1114805540254834,0.0627374019528896,1.9999999999999978,8.229044272335586e-10,0.4176581651422721,0.13120922658795645,0.6347161595014235,0.2611300940475044,0.12125524587985075,
16.7,0.0,0.0,0.054896365943684175,0.060760273997772146,2.0166666666666644,7.406139845102027e-10,0.41717089728293943,0.12902240614482383,0.639884215056979,0.25764835946020437,0.12093263893884812,
16.716666666666665,0.0,0.0,0.10406232645897259,0.05880006599982475,2.033333333333331,6.665525860591824e-10,0.416684197902776,0.12687203270907677,0.6450536595014235,0.25421304800073496,0.12056660098001108,
16.733333333333334,0.0,0.0,0.039877272478372694,0.05685920716744357,2.0499999999999976,5.998973274532642e-10,0.4161980663385561,0.12475749883059216,0.6502244928347568,0.2508235406940585,0.1201582599418092,
16.75,0.0,0.0,0.14612338195790306,0.05494000341259371,2.066666666666664,5.399075947079378e-10,0.41571250192782777,0.12267820718341563,0.655396715056979,0.24747922681813772,0.11970878362671718,
16.766666666666666,0.0,0.0,0.22352738871033925,0.05304463442463893,2.083333333333331,4.859168352371441e-10,0.41522750400891195,0.12063357039702537,0.6605703261680902,0.24417950379389589,0.11921937599502315,
16.78333333333333,0.0,0.0,0.21222119823540267,0.05117515132028278,2.0999999999999974,4.3732515171342966e-10,0.41474307192090154,0.11862301089040828,0.6657453261680902,0.24092377707664395,0.11869127345635977,
16.8,0.0,0.0,0.1507966442016586,0.049333474860862404,2.116666666666664,3.935926365420867e-10,0.4142592050036605,0.11664596070890147,0.6709217150569792,0.23771146004895535,0.11812574117296311,
16.816666666666666,0.0,0.0,0.23659133862929577,0.04752139422553765,2.1333333333333306,3.54233372887878e-10,0.4137759025978229,0.11470186136375311,0.6760994928347569,0.23454197391496928,0.11752406938817253,
16.833333333333332,0.0,0.0,0.18829606674518137,0.045740566326359214,2.1499999999999972,3.188100355990902e-10,0.4132931640447921,0.11279016367435722,0.6812786595014235,0.23141474759610303,0.11688756979313654,
16.85,0.0,0.0,0.32252225373618804,0.0439925156488407,2.166666666666664,2.869290320391812e-10,0.4128109886867398,0.11091032761311793,0.686459215056979,0.228329217628155,0.1162175719440922,
16.866666666666667,0.0,0.0,0.1894882376439203,0.04227863459945958,2.1833333333333305,2.5823612883526306e-10,0.4123293758666053,0.10906182215289931,0.6916411595014235,0.2252848280597796,0.11551541974194252,
16.883333333333333,0.0,0.0,0.09907223841697466,0.04060018433951726,2.199999999999997,2.3241251595173676e-10,0.41184832492809426,0.10724412511701766,0.6968244928347568,0.22228103035231586,0.11478246798517398,
16.9,0.0,0.0,0.12388595861697263,0.038958296083002095,2.2166666666666637,2.091712643565631e-10,0.41136783521567816,0.10545672303173403,0.702009215056979,0.21931728328095165,0.1140200790064403,
16.916666666666668,0.0,0.0,0.08575049334604455,0.03735397283449361,2.2333333333333303,1.882541379209068e-10,0.4108879060745932,0.10369911098120513,0.7071953261680901,0.21639305283720564,0.1132296194023931,
16.933333333333334,0.0,0.0,0.12374654823399922,0.03578809154177056,2.249999999999997,1.6942872412881613e-10,0.4104085368508395,0.1019707924648517,0.7123828261680901,0.21350781213270956,0.1124124568655733,
16.95,0.0,0.0,0.13568434004728208,0.03426140563659836,2.2666666666666635,1.524858517159345e-10,0.4099297268911802,0.10027127925710418,0.717571715056979,0.21066104130427343,0.11156995712639094,
16.966666666666665,0.0,0.0,0.2031591902259596,0.032774547936213545,2.28333333333333,1.3723726654434106e-10,0.4094514755431405,0.09860009126948577,0.7227619928347568,0.20785222742021645,0.11070348101242433,
16.983333333333334,0.0,0.0,0.2108704156158301,0.03132803387724706,2.2999999999999967,1.2351353988990696e-10,0.40897378215500685,0.09695675641499434,0.7279536595014235,0.2050808643879469,0.10981438163146517,
17.0,0.0,0.0,0.15172384628302904,0.02992226505327554,2.3166666666666633,1.1116218590091626e-10,0.40849664607582603,0.09534081047474444,0.7331467150569791,0.20234645286277428,0.10890400168393011,
17.016666666666666,0.0,0.0,0.18194668953400833,0.028557533026818183,2.33333333333333,1.0004596731082464e-10,0.40802006665540425,0.09375179696683203,0.7383411595014235,0.19964850015793728,0.10797367090945656,
17.03333333333333,0.0,0.0,0.08747000572527665,0.027234023386435265,2.3499999999999965,9.004137057974218e-11,0.40754404324430626,0.09218926701738483,0.7435369928347568,0.19698652015583146,0.10702470367170569,
17.05,0.0,0.0,0.1027803976250933,0.025951820019586413,2.366666666666663,8.103723352176796e-11,0.4070685751938546,0.09065277923376175,0.748734215056979,0.19436003322042036,0.10605839668461242,
17.066666666666666,0.0,0.0,0.0,0.024710909572103857,2.3833333333333298,7.293351016959116e-11,0.40659366185612844,0.08914189957986572,0.7539328261680901,0.19176856611081475,0.1050760268825563,
17.083333333333332,0.0,0.0,0.08414250354868945,0.023511186065484146,2.3999999999999964,6.564015915263205e-11,0.40611930258396295,0.08765620125353463,0.7591328261680901,0.1892116518960039,0.1040788494361805,
17.1,0.0,0.0,0.10681539552863736,0.022352455643724012,2.416666666666663,5.907614323736884e-11,0.40564549673094835,0.08619526456597572,0.764334215056979,0.18668882987072383,0.10306809591486449,
17.116666666666667,0.0,0.0,0.35,0.021234441422077307,2.4333333333333296,5.316852891363196e-11,0.4051722436514289,0.08475867682320945,0.7695369928347567,0.18419964547244752,0.10204497259616017,
17.133333333333333,0.0,0.0,0.03718326602974227,0.02015678841090406,2.449999999999996,4.785167602226876e-11,0.40469954270050223,0.08334603220948929,0.7747411595014234,0.18174365019948155,0.10101065892183628,
17.15,0.0,0.0,0.15257150320180216,0.01911906848870593,2.466666666666663,4.306650842004189e-11,0.4042273932340183,0.08195693167266446,0.779946715056979,0.17932040153015513,0.09996630609954311,
17.166666666666668,0.0,0.0,0.1201877433950786,0.018120785399461013,2.4833333333333294,3.87598575780377e-11,0.40375579460857863,0.08059098281145338,0.7851536595014235,0.1769294628430864,0.09891303584851169,
17.183333333333334,0.0,0.0,0.01882157115117067,0.017161379750502883,2.499999999999996,3.488387182023393e-11,0.4032847461815353,0.07924779976459582,0.7903619928347568,0.1745704033385119,0.09785193928714014,
17.2,0.0,0.0,0.16846062520003316,0.016240233988393558,2.5166666666666626,3.1395484638210536e-11,0.4028142473109902,0.07792700310185256,0.7955717150569791,0.17224279796066508,0.09678407595979724,
17.216666666666665,0.0,0.0,0.1482082058340176,0.015356677331532061,2.533333333333329,2.825593617438948e-11,0.402344297355794,0.07662821971682168,0.8007828261680903,0.16994622732118955,0.09571047299968927,
17.233333333333334,0.0,0.0,0.028369261369681056,0.014509990639577239,2.549999999999996,2.5430342556950532e-11,0.4018748956755456,0.07535108272154133,0.8059953261680902,0.16768027762357368,0.09463212442419353,
17.25,0.0,0.0,0.0,0.013699411201162427,2.5666666666666624,2.2887308301255478e-11,0.4014060416305908,0.07409523134284897,0.8112092150569791,0.1654445405885927,0.09354999055865924,
17.266666666666666,0.0,0.0,0.14248450050014325,0.012924137422803888,2.583333333333329,2.059857747112993e-11,0.40093773458202175,0.07286031082046815,0.8164244928347568,0.1632386133807448,0.09246499758431591,
17.28333333333333,0.0,0.0,0.030803229313883906,0.012183333403365594,2.5999999999999956,1.853871972401694e-11,0.40046997389167605,0.07164597230679368,0.8216411595014235,0.1610620985356682,0.09137803720560904,
17.3,0.0,0.0,0.20208715665387111,0.011476133379904602,2.6166666666666623,1.6684847751615244e-11,0.40000275892213577,0.07045187276834712,0.826859215056979,0.15891460388852593,0.09028996643200506,
17.316666666666666,0.0,0.0,0.12490755814437746,0.010801646032197016,2.633333333333329,1.501636297645372e-11,0.3995360890367266,0.06927767488887467,0.8320786595014235,0.15679574250334558,0.08920160746906783,
17.333333333333332,0.0,0.0,0.19087176621920912,0.010158958634703633,2.6499999999999955,1.3514726678808349e-11,0.3990699635995171,0.06812304697406009,0.8372994928347568,0.15470513260330096,0.08811374771341138,
17.35,0.0,0.0,0.12284519793206225,0.009547141046187263,2.666666666666662,1.2163254010927514e-11,0.3986043819753176,0.06698766285782576,0.842521715056979,0.15264239750192363,0.08702713984597257,
17.366666666666667,0.0,0.0,0.27335857835279914,0.00896524952861094,2.6833333333333287,1.0946928609834763e-11,0.3981393435296797,0.06587120181019533,0.8477453261680902,0.15060716553523132,0.08594250201792503,
17.383333333333333,0.0,0.0,0.20428413265942114,0.008412330388335176,2.6999999999999953,9.852235748851287e-12,0.3976748476288951,0.06477334844669208,0.8529703261680902,0.14859906999476158,0.08486051812346891,
17.4,0.0,0.0,0.27244543530334125,0.007887423433983696,2.716666666666662,8.867012173966159e-12,0.39721089363999473,0.06369379263924721,0.8581967150569791,0.1466177490614981,0.08378183815367873,
17.416666666666668,0.0,0.0,0.15809873893933013,0.007389565246642208,2.7333333333333285,7.980310956569542e-12,0.3967474809307481,0.06263222942859309,0.863424492834757,0.14466284574067814,0.08270707862557211,
17.433333333333334,0.0,0.0,0.06543888354086616,0.006917792259305725,2.749999999999995,7.182279860912588e-12,0.3962846088696622,0.06158835893811654,0.8686536595014236,0.1427340077974691,0.08163682308057393,
17.45,0.0,0.0,0.033427360362415906,0.006471143643674759,2.7666666666666617,6.464051874821329e-12,0.3958222768259809,0.06056188628914793,0.8738842150569791,0.14083088769350283,0.08057162264659082,
17.466666666666665,0.0,0.0,0.10807825197293491,0.006048664003530472,2.7833333333333283,5.817646687339196e-12,0.39536048416968395,0.05955252151766213,0.8791161595014235,0.1389531425242561,0.0795119966579789,
17.483333333333334,0.0,0.0,0.17282513568893587,0.005649405874974113,2.799999999999995,5.235882018605276e-12,0.394899230271486,0.05855997949236776,0.8843494928347568,0.13710043395726604,0.07845843332778045,
17.5,0.0,0.0,0.09803680022873237,0.005272432034808891,2.8166666666666615,4.712293816744749e-12,0.3944385145028359,0.057583979834161636,0.889584215056979,0.13527242817116916,0.07741139046672092,
17.516666666666666,0.0,0.0,0.3493620362151718,0.0049168176192584305,2.833333333333328,4.241064435070274e-12,0.39397833623591594,0.05662424683692561,0.8948203261680902,0.13346879579555357,0.07637129624359434,
17.53333333333333,0.0,0.0,0.14442469264945076,0.004581652056064325,2.8499999999999948,3.816957991563247e-12,0.3935186948436407,0.055680509389643515,0.9000578261680902,0.13168921185161286,0.07533854998182102,
17.55,1.0,1.0,0.18731618814695428,0.004266040813773716,0.0,1.4400000000006872,0.39608845841782486,0.10289648392016135,0.8933073924718294,0.42593335569359136,0.07431352298713287,gaze_shift
17.566666666666666,0.0,1.0,0.1857625627234893,0.003969106972727602,0.0,1.2960000000006184,0.39864239010692243,0.14775165972415327,0.8866075870282907,0.4202542442843435,0.0732965594015293,
17.583333333333332,0.0,1.0,0.12115355791301544,0.003689992622881875,0.0,1.1664000000005565,0.40118058744853874,0.19036407673794561,0.8799580301255785,0.41465085436055227,0.07228797707884482,
17.6,0.0,1.0,0.3111304971870606,0.003427860094146021,0.0,1.049760000000501,0.40370314737936625,0.23084587290104833,0.8733583448996367,0.40912217630241154,0.0712880684774805,
17.616666666666667,0.0,1.0,0.303398688570506,0.003181893025400977,0.0,0.9447840000004508,0.40621016623888656,0.2693035792559959,0.8668081573128894,0.40366721395171273,0.07029710156606878,
17.633333333333333,0.0,1.0,0.3407489051108873,0.0029512972787668636,0.0,0.8503056000004057,0.40870173977304985,0.3058384002931961,0.8603070961330427,0.39828498443235655,0.06931532073806738,
17.65,0.0,1.0,0.27984333062826916,0.002735301706033498,0.0,0.7652750400003651,0.41117796313793137,0.3405464802785363,0.8538547929120449,0.39297451797325844,0.06834294773150744,
17.666666666666668,0.0,1.0,0.4246827058424789,0.002533158774440512,0.0,0.6887475360003286,0.4136389309033658,0.37351915626460946,0.8474508819652046,0.387734857733615,0.06738018255035542,
17.683333333333334,0.0,1.0,0.3894422505293698,0.002344145059208304,0.0,0.6198727824002958,0.41608473705655863,0.404843198451379,0.8410950003504656,0.38256505963050014,0.06642720438418309,
17.7,0.0,1.0,0.6528240944971161,0.0021675616103737604,0.0,0.5578855041602662,0.41851547500567604,0.43460103852881005,0.8347867878478371,0.37746419216876015,0.0654841725230758,
17.716666666666665,0.0,1.0,0.3358280443963385,0.0020027342015837045,0.0,0.5020969537442396,0.4209312375834119,0.4628709866023695,0.8285258869389783,0.3724313362731767,0.06455122726494367,
17.733333333333334,0.0,1.0,0.5869317896145688,0.0018490134685426444,0.0,0.4518872583698156,0.4233321170505334,0.48972743727225104,0.822311942786936,0.3674655851228677,0.06362849081263237,
17.75,0.0,1.0,0.630463273532266,0.0017057749448084365,0.0,0.406698532532834,0.4257182050994046,0.5152410654086385,0.816144603216034,0.3625660439878961,0.0627160681584588,
17.766666666666666,0.0,1.0,0.633151744381325,0.0015724190025792097,0.0,0.36602867927955063,0.42808959285748804,0.5394790121382065,0.8100235186919137,0.3577318300680575,0.06181404795402043,
17.78333333333333,0.0,1.0,0.4426860756441404,0.0014483707060251713,0.0,0.32942581135159554,0.4304463708908252,0.5625050615312962,0.8039483423017243,0.3529620723338167,0.06092250336334599,
17.8,0.0,1.0,0.838829942676359,0.0013330795845890708,0.0,0.29648323021643597,0.43278862920749533,0.5843798084547314,0.7979187297344613,0.34825591136936584,0.060041492897666304,
17.816666666666666,0.0,1.0,0.5808136881657822,0.0012260193335172122,0.0,0.26683490719479236,0.43511645726105286,0.6051608180319948,0.7919343392614528,0.3436124992177743,0.059171061230289174,
17.833333333333332,0.0,1.0,0.5299438033233861,0.001126687448689214,0.0,0.24015141647531313,0.43742994395394375,0.6249027771303951,0.7859948317169919,0.339030999228204,0.058311239990258806,
17.85,0.0,1.0,0.5837945340046229,0.0010346048025959354,0.0,0.2161362748277818,0.4397291776409008,0.6436576382738753,0.7800998704791144,0.3345105859051613,0.05746204853366885,
17.866666666666667,0.0,1.0,0.6407058515139334,0.0009493151680716269,0.0,0.19452264734500363,0.44201424613231816,0.6614747563601816,0.774249121450521,0.33005044475975914,0.05662349469167758,
17.883333333333333,0.0,1.0,0.7394423529480226,0.0008703846961241264,0.0,0.17507038261050328,0.44428523669760467,0.6784010185421725,0.7684422530396421,0.32564977216296237,0.05579557549444447,
17.9,0.0,1.0,0.3500635953581571,0.0007974013539289742,0.0,0.15756334434945296,0.44654223606851684,0.6944809676150638,0.7626789361418448,0.3213077752007895,0.054978277870368304,
17.916666666666668,0.0,1.0,0.6096508299048942,0.0007299743287609385,0.0,0.14180700991450768,0.4487853304424714,0.7097569192343106,0.756958844120781,0.31702367153144567,0.054171579320158515,
17.933333333333334,0.0,1.0,0.7537643249125177,0.0006677334033352632,0.0,0.1276263089230569,0.45101460548583705,0.724269073272595,0.7512816527898751,0.3127966892443597,0.05337544856541327,
17.95,0.0,1.0,0.6563769206098213,0.0006103283077215256,0.0,0.11486367803075122,0.45323014633720643,0.7380556196089653,0.745647040393951,0.3086260667211016,0.05258984617150972,
17.966666666666665,0.0,1.0,0.49343069959365593,0.0005574280526799507,0.0,0.1033773102276761,0.4554320376106473,0.751152838628517,0.7400546875909964,0.3045110524981536,0.051814725144734314,
17.983333333333334,0.0,1.0,0.6811947208817024,0.0005087202489538561,0.0,0.09303957920490849,0.4576203633989344,0.7635951966970912,0.7345042774340639,0.3004509051315115,0.05105003150369379,
18.0,0.0,1.0,0.4596088280663109,0.0004639104167367365,0.0,0.08373562128441764,0.4597952072767608,0.7754154368622367,0.7289954953533084,0.29644489306309135,0.05029570482515053,
18.016666666666666,0.0,1.0,0.7926862066895092,0.00042272128921889317,0.0,0.07536205915597588,0.4619566523039299,0.7866446650191249,0.7235280291381586,0.2924922944889168,0.04955167876452028,
18.03333333333333,0.0,1.0,0.9376747849954432,0.0003848921138097307,0.0,0.06782585324037829,0.4641047810285274,0.7973124317681687,0.7181015689196224,0.28859239722906455,0.048817881551355045,
18.05,0.0,1.0,0.6805222383537047,0.0003501779543281114,0.0,0.06104326791634046,0.46623967549007417,0.8074468101797603,0.7127158071527252,0.2847444985993437,0.04809423646021005,
18.066666666666666,0.0,1.0,0.6500769816792998,0.0003183489971573918,0.0,0.05493894112470642,0.46836141722265906,0.8170744696707722,0.7073704385990798,0.2809479052846858,0.0473806622573619,
18.083333333333332,0.0,1.0,0.7840955567297686,0.0002891898640741139,0.0,0.049445047012235774,0.4704700872580531,0.8262207461872336,0.7020651603095867,0.2772019332142233,0.046677073623904296,
18.1,0.0,1.0,0.6820866145646883,0.00026249893418194367,0.0,0.0445005423110122,0.47256576612880413,0.834909708877872,0.6967996716072647,0.27350590743803366,0.045983381555799965,
18.116666666666667,0.0,1.0,0.857853023391804,0.0002380876771152961,0.0,0.040050488079910976,0.47464853387131223,0.8431642234339783,0.6915736740702103,0.26985916200552656,0.045299493741511924,
18.133333333333333,0.0,1.0,0.7193579738929234,0.00021577999942171033,0.0,0.03604543927191988,0.47671847002888673,0.8510060122622795,0.6863868715146837,0.26626103984545285,0.044625314917875004,
18.15,0.0,1.0,0.6019644877095667,0.00019541160578894685,0.0,0.032440895344727896,0.47877565365478375,0.8584557116491655,0.6812389699783236,0.26271089264751346,0.04396074720489943,
18.166666666666668,0.0,1.0,0.5937822184071824,0.00017682937655196193,0.0,0.029196805810255105,0.4808201633152256,0.8655329260667072,0.6761296777034861,0.25920808074554663,0.04330569042022353,
18.183333333333334,0.0,1.0,0.7347932873611382,0.00015989076269748055,0.0,0.026277125229229596,0.482852077092401,0.8722562797633718,0.67105870512071,0.2557519730022727,0.0426600423739516,
18.2,0.0,1.0,0.39946372802584856,0.00014446319937938486,0.0,0.023649412706306636,0.4848714725874476,0.8786434657752032,0.6660257648323047,0.25234194669557575,0.042023699144627044,
18.216666666666665,0.0,1.0,0.39426411444086606,0.0001304235387672468,0.0,0.021284471435675974,0.48687842692341515,0.8847112924864431,0.6610305715960624,0.2489773874063014,0.04139655533709978,
18.233333333333334,0.0,1.0,0.41846257213860494,0.00011765750287247714,0.0,0.019156024292108376,0.4888730167482111,0.8904757278621209,0.6560728423090919,0.24565768890755071,0.040778504323051516,
18.25,0.0,1.0,0.18270399479065041,0.00010605915683220599,0.0,0.017240421862897537,0.49085531823752815,0.8959519414690149,0.6511522959917737,0.24238225305545003,0.04016943846494274,
18.266666666666666,0.0,1.0,0.5625252874032863,9.553040297948815e-05,0.0,0.015516379676607784,0.49282540709775313,0.9011543443955642,0.6462686537718354,0.23915048968137737,0.03956924932414197,
18.28333333333333,0.0,1.0,0.3795906913922297,8.598049588989191e-05,0.0,0.013964741708947005,0.4947833585688584,0.906096627175786,0.6414216388685466,0.23596181648562567,0.038977827853991134,
18.3,0.0,1.0,0.33304781857702037,7.732557846823257e-05,0.0,0.012568267538052303,0.4967292474272754,0.9107917958169967,0.6366109765770326,0.232815658932484,0.03839506457855105,
18.316666666666666,0.0,1.0,0.2128839102172534,6.948823902515563e-05,0.0,0.011311440784247073,0.49866314798875055,0.9152522060261468,0.6318363942527049,0.22971145014671754,0.037820849757758776,
18.333333333333332,0.0,1.0,0.3895700517923017,6.239708919070298e-05,0.0,0.010180296705822366,0.5005851341111832,0.9194895957248395,0.6270976212958096,0.22664863081142797,0.03725507353971372,
18.35,0.0,1.0,0.29754677669540486,5.5986362420684774e-05,0.0,0.009162267035240129,0.5024952791974466,0.9235151159385975,0.622394389136091,0.22362664906727558,0.03669762610079262,
18.366666666666667,0.0,1.0,0.106396172035621,5.019553277086921e-05,0.0,0.008246040331716116,0.504393656198191,0.9273393601416676,0.6177264312175703,0.22064496041304524,0.03614839777427521,
18.383333333333333,0.0,1.0,0.17741925333733327,4.496895354334659e-05,0.0,0.007421436298544504,0.50628033761463,0.9309723921345843,0.6130934829834386,0.21770302760753796,0.03560727916814209,
18.4,0.0,1.0,0.1431585889203003,4.025551534830178e-05,0.0,0.006679292668690054,0.5081553955013092,0.934423772527855,0.6084952818610628,0.2148003205727708,0.03507416127268541,
18.416666666666668,0.0,1.0,0.11240260795891063,3.6008323072185464e-05,0.0,0.006011363401821048,0.5100189014688582,0.9377025839014623,0.6039315672471048,0.21193631629846718,0.03454893555855078,
18.433333333333334,0.0,1.0,0.33770624187833254,3.2184391199474516e-05,0.0,0.005410227061638943,0.5118709266867254,0.9408174547063892,0.5994020804927516,0.20911049874782095,0.0340314940658058,
18.45,0.0,0.0,0.23423443804725133,2.8744356899143002e-05,0.016666666666666666,0.004869204355475049,0.5112737439389242,0.9251371637946161,0.6044034693816405,0.20632235876451668,0.033521729484607354,
18.466666666666665,0.0,0.0,0.1401133027849052,2.5652210258171226e-05,0.03333333333333333,0.004382283919927544,0.5106772579043288,0.9097182110647059,0.6094062471594183,0.2035713939809898,0.03301953522801585,
18.483333333333334,0.0,0.0,0.15467938851728832,2.287504102220063e-05,0.05,0.00394405552793479,0.5100814677701071,0.8945562408802941,0.614410413826085,0.20085710872790993,0.03252480549748079,
18.5,0.0,0.0,0.28324180734830307,2.0382801187369245e-05,0.06666666666666667,0.003549649975141311,0.5094863727243754,0.8796469701989559,0.6194159693816406,0.19817901394487114,0.03203743534149782,
18.516666666666666,0.0,0.0,0.06332201365547074,1.8148082776792676e-05,0.08333333333333333,0.0031946849776271794,0.508891971956197,0.8649861873623066,0.6244229138260851,0.19553662709227285,0.031557320707913734,
18.53333333333333,0.0,0.0,0.214936515454705,1.6145910129640898e-05,0.09999999999999999,0.0028752164798644614,0.5082982646555814,0.8505697509062682,0.6294312471594183,0.3310628053977092,0.031084358490331972,micro_nod_ready
18.55,0.0,0.0,0.1013938567360908,1.4353546029722821e-05,0.11666666666666665,0.002587694831878015,0.5077052500134832,0.8363935883911637,0.6344409693816405,0.32664863465907307,0.030618446569047972,
18.566666666666666,0.0,0.0,0.22309767593647803,1.2750311003514972e-05,0.13333333333333333,0.0023289253486902133,0.5071129272218008,0.822453695251311,0.6394520804927516,0.32229331953028545,0.030159483846920715,
18.583333333333332,0.0,0.0,0.17258117946949159,1.1317415124144844e-05,0.15,0.002096032813821192,0.5065212954733753,0.8087461336637891,0.6444645804927516,0.31799607526988166,0.029707370280564336,
18.6,0.0,0.0,0.09281760095871897,1.0037801667567196e-05,0.16666666666666666,0.0018864295324390729,0.5059303539619897,0.7952670314360593,0.6494784693816404,0.3137561275996166,0.029262006907221933,
18.616666666666667,0.0,0.0,0.24218337154102904,8.896001979605354e-06,0.18333333333333332,0.0016977865791951655,0.5053401018823674,0.7820125809121249,0.6544937471594182,0.309572712564955,0.028823295867662354,
18.633333333333333,0.0,0.0,0.19936685666189974,7.878000927313905e-06,0.19999999999999998,0.001528007921275649,0.5047505384301714,0.7689790378969228,0.6595104138260849,0.30544507639742224,0.028391140425420253,
18.65,0.0,0.0,0.3063621971494275,6.971112324890813e-06,0.21666666666666665,0.001375207129148084,0.5041616628020028,0.7561627205986408,0.6645284693816405,0.30137247537879,0.02796544498267995,
18.666666666666668,0.0,0.0,0.12107991672396289,6.1638637427710816e-06,0.2333333333333333,0.0012376864162332757,0.5035734741954004,0.7435600085886634,0.6695479138260849,0.2973541757070728,0.027546115093084415,
18.683333333333334,0.0,0.0,0.16605701172184706,5.445890128295099e-06,0.24999999999999997,0.001113917774609948,0.5029859718088391,0.7311673417788523,0.6745687471594183,0.2933894533643118,0.027133057471732558,
18.7,0.0,0.0,0.0976410667508123,4.807835687154145e-06,0.26666666666666666,0.0010025259971489532,0.5023991548417288,0.7189812194158715,0.6795909693816405,0.289477593986121,0.026726180002610365,
18.716666666666665,0.0,0.0,0.2553500726190354,4.241263496437125e-06,0.2833333333333333,0.000902273397434058,0.5018130224944135,0.7069981990922736,0.6846145804927517,0.2856178927329727,0.026325391743684808,
18.733333333333334,0.0,0.0,0.09198821905091198,3.738572342281732e-06,0.3,0.0008120460576906522,0.50122757396817,0.695214895774069,0.6896395804927516,0.28180965416319975,0.025930602929873463,
18.75,0.0,0.0,0.15317556140125804,3.292920297679033e-06,0.31666666666666665,0.000730841451921587,0.5006428084652071,0.6836279808445012,0.6946659693816405,0.27805219210769044,0.02554172497408769,
18.766666666666666,0.0,0.0,0.2622779046879775,2.8981545786883547e-06,0.3333333333333333,0.0006577573067294283,0.5000587251886645,0.6722341811637594,0.6996937471594182,0.27434482954625455,0.025158670466532876,
18.78333333333333,0.0,0.0,0.19818814686410596,2.5487472400347352e-06,0.35,0.0005919815760564855,0.499475323342611,0.6610302781443634,0.7047229138260849,0.2706868984856378,0.02478135317243567,
18.8,0.0,0.0,0.1783455548895662,2.2397362936224563e-06,0.36666666666666664,0.0005327834184508369,0.4988926021320446,0.6500131068419573,0.7097534693816404,0.26707773983916266,0.024409688028355365,
18.816666666666666,0.0,0.0,0.17632380645297044,1.9666718557883414e-06,0.3833333333333333,0.00047950507660575323,0.49831056076289054,0.639179555061258,0.7147854138260848,0.26351670330797383,0.024043591137224485,
18.833333333333332,0.0,0.0,0.18232441681319175,1.7255669510156137e-06,0.39999999999999997,0.0004315545689451779,0.4977291984420005,0.6285265624769037,0.7198187471594182,0.26000314726386753,0.023682979762252285,
18.85,0.0,0.0,0.20774654163183803,1.512852621245804e-06,0.41666666666666663,0.00038839911205066014,0.49714851437715146,0.6180511197689553,0.7248534693816404,0.25653643863368264,0.0233277723198143,
18.866666666666667,0.0,0.0,0.12899720326010033,1.325337010773148e-06,0.4333333333333333,0.0003495592008455941,0.4965685077770448,0.607750267772806,0.7298895804927515,0.2531159527852335,0.022977888371440977,
18.883333333333333,0.0,0.0,0.0,1.1601681169226341e-06,0.44999999999999996,0.0003146032807610347,0.4959891778513049,0.5976210966432592,0.7349270804927516,0.24974107341476373,0.02263324861500924,
18.9,0.0,0.0,0.26438462751018665,1.0147999162441436e-06,0.4666666666666666,0.0002831429526849312,0.4954105238104784,0.5876607450325383,0.7399659693816405,0.2464111924359002,0.02229377487523204,
18.916666666666668,0.0,0.0,0.06630891001818236,8.869615947539724e-07,0.4833333333333333,0.0002548286574164381,0.49483254486603284,0.577866399281996,0.7450062471594183,0.2431257098700882,0.02195939009353283,
18.933333333333334,0.0,0.0,0.3061811763241262,7.746296287959202e-07,0.49999999999999994,0.0002293457916747943,0.49425524023035583,0.5682352926272961,0.7500479138260849,0.23988403373848702,0.021630018317384446,
18.95,0.0,0.0,0.17751068350775906,6.760024803484659e-07,0.5166666666666666,0.00020641121250731485,0.49367860911675376,0.5587647044168411,0.7550909693816404,0.2366855799553072,0.02130558468918476,
18.966666666666665,0.0,0.0,0.35,5.894776870633379e-07,0.5333333333333333,0.00018577009125658335,0.49310265073945087,0.5494519593432271,0.7601354138260848,0.23352977222256976,0.020986015434735033,
18.983333333333334,0.0,0.0,0.2513483880024597,5.13631142972469e-07,0.55,0.00016719308213092502,0.4925273643135882,0.5402944266875066,0.7651812471594182,0.23041604192626883,0.020671237851380905,
19.0,0.0,0.0,0.1888189169890402,4.4719838064944047e-07,0.5666666666666668,0.00015047377391783252,0.49195274905522235,0.5312895195760482,0.7702284693816404,0.2273438280339186,0.020361180295870317,
19.016666666666666,0.0,0.0,0.2299597157268624,3.8905767966032705e-07,0.5833333333333335,0.00013542639652604926,0.49137880418132457,0.5224346942497807,0.7752770804927515,0.22431257699346635,0.020055772171977626,
19.03333333333333,0.0,0.0,0.03809783780213413,3.382148394009808e-07,0.6000000000000002,0.00012188375687344433,0.4908055289097797,0.5137274493456178,0.7803270804927515,0.22132174263355348,0.019754943917938382,
19.05,0.0,0.0,0.16814618446075397,2.9378946690578136e-07,0.6166666666666669,0.0001096953811860999,0.49023292245938493,0.5051653251898575,0.7853784693816404,0.2183707860651061,0.01945862699373493,
19.066666666666666,0.0,0.0,0.12328588232445226,2.550026419478588e-07,0.6333333333333336,9.87258430674899e-05,0.489660984049849,0.49674590310335986,0.7904312471594181,0.21545917558423802,0.019166753868268965,
19.083333333333332,0.0,0.0,0.15470045182641506,2.2116583275253995e-07,0.6500000000000004,8.88532587607409e-05,0.4890897129017908,0.4884668047183039,0.7954854138260848,0.21258638657644818,0.018879258006453563,
19.1,0.0,0.0,0.0,1.916709459401149e-07,0.6666666666666671,7.99679328846668e-05,0.4885191082367387,0.4803256913063322,0.8005409693816404,0.20975190142209554,0.0185960738562538,
19.116666666666667,0.0,0.0,0.0,1.6598140392554873e-07,0.6833333333333338,7.197113959620012e-05,0.48794916927712917,0.4723202631178933,0.8055979138260849,0.20695520940313428,0.018317136835702064,
19.133333333333333,0.0,0.0,0.21205483681156667,1.436241519603037e-07,0.7000000000000005,6.477402563658011e-05,0.48737989524630587,0.4644482587325951,0.8106562471594183,0.2041958066110925,0.018042383319911277,
19.15,0.0,0.0,0.15606816026136747,1.2418250533312615e-07,0.7166666666666672,5.82966230729221e-05,0.48681128536851853,0.4567074544203852,0.8157159693816405,0.20147319585627793,0.017771750628106802,
19.166666666666668,0.0,0.0,0.11510292716178146,1.0728975498158994e-07,0.733333333333334,5.246696076562989e-05,0.4862433388689219,0.44909566351337876,0.8207770804927516,0.19878688657819424,0.017505177010695417,
19.183333333333334,0.0,0.0,0.14386511231140933,9.262345693471077e-08,0.7500000000000007,4.72202646890669e-05,0.48567605497357486,0.4416107357881558,0.20645989512318788,0.6894697280904849,0.017242601636387613,response_ready
19.2,0.0,0.0,0.09734507928652335,7.99003376382882e-08,0.7666666666666674,4.249823822016021e-05,0.48510943290943903,0.4342505568583532,0.21152378401207678,0.6802767983826118,0.01698396457938761,
19.216666666666665,0.0,0.0,0.11136206559374132,6.887175333889807e-08,0.7833333333333341,3.824841439814419e-05,0.484543471904378,0.4270130475773806,0.21658906178985454,0.6712064410708436,0.016729206806663722,
19.233333333333334,0.0,0.0,0.20778125361645122,5.9319647348483696e-08,0.8000000000000008,3.4423572958329767e-05,0.48397817118715625,0.41989616345109093,0.2216557284565212,0.6622570218565657,0.01647827016531008,
19.25,0.0,0.0,0.13141395523688462,5.105295420842194e-08,0.8166666666666675,3.098121566249679e-05,0.4834135299874379,0.4128978940602394,0.22672378401207677,0.6534269282318115,0.01623109737000943,
19.266666666666666,0.0,0.0,0.2087455805901726,4.390440454745346e-08,0.8333333333333343,2.7883094096247115e-05,0.4828495475357859,0.4060162624925688,0.2317932284565212,0.6447145691887206,0.01598763199060525,
19.28333333333333,0.0,0.0,0.09188328424776285,3.772768880942161e-08,0.850000000000001,2.5094784686622402e-05,0.4822862230636608,0.3992493247843593,0.23686406178985453,0.636118374932871,0.015747818439790506,
19.3,0.0,0.0,0.00017678284329061822,3.239494204035583e-08,0.8666666666666677,2.2585306217960163e-05,0.48172355580341986,0.39259516937128663,0.24193628401207676,0.6276367966004328,0.015511601960919096,
19.316666666666666,0.0,0.0,0.09560186707535806,2.7794515595573104e-08,0.8833333333333344,2.0326775596164145e-05,0.48116154498831587,0.38605191654843185,0.24700989512318786,0.6192683059790937,0.015278928615945256,
19.333333333333332,0.0,0.0,0.13822849777444055,2.3829004980145425e-08,0.9000000000000011,1.829409803654773e-05,0.4806001898524962,0.37961771793929133,0.2520848951231879,0.6110113952327058,0.015049745273495323,
19.35,0.0,0.0,0.056953179904302556,2.041350609352059e-08,0.9166666666666679,1.6464688232892958e-05,0.4800394896310016,0.3732907559736365,0.2571612840120768,0.602864576629603,0.01482399959707548,
19.366666666666667,0.0,0.0,0.1175036514814457,1.7474074933095775e-08,0.9333333333333346,1.4818219409603661e-05,0.47947944355976546,0.36706924337407587,0.26223906178985457,0.5948263822745417,0.014601640033418444,
19.383333333333333,0.0,0.0,0.10772813706790502,1.4946368343043392e-08,0.9500000000000013,1.3336397468643296e-05,0.4789200508756124,0.3609514226511746,0.26731822845652126,0.5868953638442145,0.014382615800971487,
19.4,0.0,0.0,0.22645139212816182,1.277444569329141e-08,0.966666666666668,1.2002757721778965e-05,0.47836131081625755,0.35493556560698836,0.2723987840120768,0.5790700923262916,0.01416687687852764,
19.416666666666668,0.0,0.0,0.21925248589793117,1.0909713457732286e-08,0.9833333333333347,1.080248194960107e-05,0.4778032226203052,0.34901997284687186,0.2774807284565212,0.5713491577619411,0.01395437399400142,
19.433333333333334,0.0,0.0,0.24023535657807876,9.309996547949707e-09,1.0000000000000013,9.722233754640963e-06,0.4772457855272482,0.343202973299424,0.28256406178985455,0.5637311689917819,0.013745058613350063,
19.45,0.0,0.0,0.08557184256812496,7.93872196523727e-09,1.016666666666668,8.750010379176867e-06,0.47668899877746645,0.3374829237444336,0.2876487840120768,0.5562147534052247,0.01353888292964084,
19.466666666666665,0.0,0.0,0.17729546336368873,6.764201874718562e-09,1.0333333333333345,7.875009341259181e-06,0.47613286161222607,0.33185820834869306,0.2927348951231879,0.5487985566931551,0.0133357998522647,
19.483333333333334,0.0,0.0,0.2560664287819535,5.759004595112465e-09,1.0500000000000012,7.087508407133263e-06,0.4755773732736785,0.3263272382095482,0.2978223951231879,0.5414812426039131,0.013135762996296218,
19.5,0.0,0.0,0.16382819420233646,4.899403249370986e-09,1.0666666666666678,6.378757566419936e-06,0.4750225330048592,0.3208884509060557,0.3029112840120768,0.5342614927025275,0.01293872667199958,
19.516666666666666,0.0,0.0,0.1431664517032288,4.16489294726651e-09,1.0833333333333344,5.740881809777943e-06,0.47446834004968685,0.31554031005762145,0.30800156178985455,0.5271380061331605,0.012744645874480076,
19.53333333333333,0.0,0.0,0.08533488259594522,3.5377683823965975e-09,1.100000000000001,5.166793628800148e-06,0.47391479365296224,0.31028130488999445,0.3130932284565212,0.5201094993847184,0.012553476273480422,
19.55,0.0,0.0,0.21830164542194982,3.0027546334619084e-09,1.1166666666666676,4.650114265920134e-06,0.47336189306036713,0.30510994980849454,0.31818628401207677,0.5131747060595888,0.012365174203321049,
19.566666666666666,0.0,0.0,0.16361443203946452,2.5466847727486654e-09,1.1333333333333342,4.18510283932812e-06,0.4728096375184634,0.30002478397835297,0.3232807284565212,0.5063323766454609,0.012179696652983345,
19.583333333333332,0.0,0.0,0.23205453732138392,2.1582186123892142e-09,1.1500000000000008,3.766592555395308e-06,0.4722580262746918,0.2950243709120471,0.3283765617898546,0.4995812782901881,0.011997001256334728,
19.6,0.0,0.0,0.13645331592489574,1.8275975693654829e-09,1.1666666666666674,3.389933299855777e-06,0.47170705857737133,0.290107298063513,0.3334737840120768,0.49292019457965225,0.011817046282494298,
19.616666666666667,0.0,0.0,0.3202314087933883,1.5464312108399628e-09,1.183333333333334,3.0509399698701992e-06,0.4711567336756977,0.2852721764291211,0.3385723951231879,0.4863479253185902,0.011639790626337751,
19.633333333333333,0.0,0.0,0.14683437793819515,1.3075115591087943e-09,1.2000000000000006,2.745845972883179e-06,0.47060705081974274,0.28051764015530245,0.34367239512318787,0.47986328631434233,0.011465193799140157,
19.65,0.0,0.0,0.047010608617730376,1.1046516965329457e-09,1.2166666666666672,2.471261375594861e-06,0.47005800926045305,0.2758423461527141,0.34877378401207676,0.47346510916348444,0.011293215919355103,
19.666666666666668,0.0,0.0,0.1659424125289018,9.325456209160185e-10,1.2333333333333338,2.2241352380353752e-06,0.46950960824964916,0.27124497371683554,0.35387656178985455,0.46715224104130465,0.011123817703528712,
19.683333333333334,0.0,0.0,0.18906691896301087,7.866466661688622e-10,1.2500000000000004,2.0017217142318376e-06,0.4689618470400246,0.2667242241548883,0.35898072845652124,0.46092354449408723,0.010956960457346955,
19.7,0.0,0.0,0.2555857090188142,6.630621264440077e-10,1.266666666666667,1.8015495428086538e-06,0.4684147248851446,0.2622788204189735,0.36408628401207677,0.45477789723416606,0.010792606066814656,
19.716666666666665,0.0,0.0,0.10945083487434587,5.584620085282215e-10,1.2833333333333337,1.6213945885277885e-06,0.46786824103944524,0.2579075067453239,0.3691932284565212,0.4487141919377105,0.010630716989564564,
19.733333333333334,0.0,0.0,0.1039311117898026,4.700000910231777e-10,1.3000000000000003,1.4592551296750096e-06,0.46732239475823256,0.25360904829956854,0.3743015617898545,0.4427313360452077,0.010471256246294847,
19.75,0.0,0.0,0.12658374257832286,3.952456932367297e-10,1.3166666666666669,1.3133296167075087e-06,0.4667771852976813,0.24938223082790906,0.37941128401207674,0.4368282515646049,0.01031418741233335,
19.766666666666666,0.0,0.0,0.11630583031998756,3.321247549145046e-10,1.3333333333333335,1.1819966550367577e-06,0.466232611914834,0.24522586031411056,0.38452239512318787,0.43100387487707686,0.010159474609326922,
19.78333333333333,0.0,0.0,0.0,2.788690028233121e-10,1.35,1.063796989533082e-06,0.46568867386760004,0.2411387626422087,0.3896348951231879,0.4252571565453825,0.010007082497054167,
19.8,0.0,0.0,0.20847163692311216,2.3397213432206605e-10,1.3666666666666667,9.574172905797737e-07,0.4651453704147545,0.23711978326483857,0.39474878401207675,0.4195870611247774,0.00985697626535992,
19.816666666666666,0.0,0.0,0.25273223251773463,1.961520837365035e-10,1.3833333333333333,8.616755615217963e-07,0.4646027008159373,0.23316778687709125,0.3998640617898545,0.41399256697644704,0.009709121626209766,
19.833333333333332,0.0,0.0,0.0857192302316224,1.6431855666288329e-10,1.4,7.755080053696168e-07,0.46406066433165205,0.2292816570958064,0.40498072845652117,0.40847266608342775,0.009563484805862964,
19.85,0.0,0.0,0.06712863465998106,1.3754512212364923e-10,1.4166666666666665,6.979572048326551e-07,0.4635192602232651,0.22546029614420962,0.4100987840120767,0.40302636386898205,0.009420032537162068,
19.866666666666667,0.0,0.0,0.13716306434796233,1.1504524444690016e-10,1.4333333333333331,6.281614843493896e-07,0.46297848775300465,0.22170262454180611,0.4152182284565212,0.39765267901739565,0.009278732051937627,
19.883333333333333,0.0,0.0,0.08135008808187426,9.615171732934232e-11,1.4499999999999997,5.653453359144506e-07,0.46243834618395946,0.21800758079944269,0.42033906178985453,0.3923506432971637,0.009139551073526299,
19.9,0.0,0.0,0.21467075018590245,8.029903309551424e-11,1.4666666666666663,5.088108023230055e-07,0.46189883478007815,0.21437412111945198,0.4254612840120767,0.38711930138653483,0.009002457809400769,
19.916666666666668,0.0,0.0,0.09764111876156398,6.70082818667749e-11,1.483333333333333,4.5792972209070497e-07,0.46135995280616804,0.21080121910079444,0.4305848951231878,0.381957710701381,0.008867420943909837,
19.933333333333334,0.0,0.0,0.2000923443479007,5.58742292547857e-11,1.4999999999999996,4.1213674988163445e-07,0.4608216995278942,0.20728786544911454,0.4357098951231878,0.3768649412253626,0.008734409631127094,
19.95,0.0,0.0,0.04648260595943128,4.655426823094092e-11,1.5166666666666662,3.70923074893471e-07,0.4602840742117783,0.2038330676916293,0.4408362840120767,0.3718400753423578,0.008603393487806586,
19.966666666666665,0.0,0.0,0.032380612120334135,3.875898182606157e-11,1.5333333333333328,3.338307674041239e-07,0.4597470761251979,0.2004358498967688,0.4459640617898545,0.36688220767112634,0.008474342586443927,
19.983333333333334,0.0,0.0,0.020805447666737475,3.224408901938756e-11,1.5499999999999994,3.004476906637115e-07,0.45921070453638513,0.19709525239848932,0.45109322845652117,0.36199044490217797,0.00834722744844128,
20.0,0.0,0.0,0.03191712976882763,2.6803577234437898e-11,1.566666666666666,2.704029215973404e-07,0.458674958714426,0.19381033152518118,0.45622378401207675,0.3571639056368156,0.008222019037374698,
20.016666666666666,0.0,0.0,0.18516458283918946,2.2263851847562155e-11,1.5833333333333326,2.433626294376064e-07,0.45813983792925916,0.19058015933309483,0.4613557284565212,0.3524017202283247,0.008098688752362325,
20.03333333333333,0.0,0.0,0.21972637318227559,1.8478756541962362e-11,1.5999999999999992,2.1902636649384575e-07,0.45760534145167503,0.1874038233442099,0.4664890617898545,0.3477030306252804,0.007977208421531929,
20.05,0.0,0.0,0.1617716362171887,1.5325338654153836e-11,1.6166666666666658,1.9712372984446118e-07,0.45707146855331476,0.18428042628847308,0.4716237840120767,0.3430669902169433,0.007857550295586336,
20.066666666666666,0.0,0.0,0.16749521830649397,1.2700251256679046e-11,1.6333333333333324,1.7741135686001504e-07,0.4565382185066692,0.18120908585033185,0.47675989512318784,0.3384927636807174,0.007739687041465285,
20.083333333333332,0.0,0.0,0.0,1.0516698947969644e-11,1.649999999999999,1.5967022117401356e-07,0.4560055905850781,0.178188934419493,0.48189739512318785,0.33397952683164117,0.007623591736102279,
20.1,0.0,0.0,0.24198056184808406,8.701847483190233e-12,1.6666666666666656,1.437031990566122e-07,0.45547358406272886,0.17521911884583477,0.48703628401207677,0.32952646647388595,0.007509237860275028,
20.116666666666667,0.0,0.0,0.047535550295992796,7.194628746736226e-12,1.6833333333333322,1.2933287915095098e-07,0.4549421982146557,0.17229880019840418,0.4921765617898545,0.32513278025423414,0.00739659929254807,
20.133333333333333,0.0,0.0,0.2576973915889399,5.9438823728787935e-12,1.6999999999999988,1.1639959123585588e-07,0.4544114323167386,0.16942715352843077,0.4973182284565212,0.320797676517511,0.007285650303306217,
20.15,0.0,0.0,0.3498984724217886,4.906783771586262e-12,1.7166666666666655,1.047596321122703e-07,0.4538812856457024,0.16660336763629024,0.5024612840120768,0.3165203741639442,0.0071763655488774536,
20.166666666666668,0.0,0.0,0.15505374578208048,4.047515591692698e-12,1.733333333333332,9.428366890104326e-08,0.45335175747911577,0.16382664484235207,0.5076057284565212,0.31230010250842494,0.007068720065743962,
20.183333333333334,0.0,0.0,0.2014437848608662,3.3361459105142553e-12,1.7499999999999987,8.485530201093894e-08,0.4528228470953901,0.1610962007616462,0.5127515617898545,0.3081361011416459,0.006962689264839956,
20.2,0.0,0.0,0.20119120834622234,2.747681814774683e-12,1.7666666666666653,7.636977180984504e-08,0.4522945537737788,0.15841126408228545,0.5178987840120767,0.3040276197930906,0.006858248925935019,
20.216666666666665,0.0,0.0,0.04122342962903025,2.261271651770331e-12,1.7833333333333319,6.873279462886053e-08,0.45176687679437605,0.1557710763475807,0.5230473951231878,0.2999739181958494,0.0067553751921016775,
20.233333333333334,0.0,0.0,0.056507259744884616,1.859533186011684e-12,1.7999999999999985,6.185951516597448e-08,0.4512398154381159,0.1531748917417877,0.5281973951231878,0.29597426595323806,0.0066540445642659434,
20.25,0.0,0.0,0.09293249495076558,1.5279882855237563e-12,1.816666666666665,5.567356364937703e-08,0.45071336898677145,0.15062197687942458,0.5333487840120766,0.2920279424071949,0.006554233895839581,
20.266666666666666,0.0,0.0,0.1625478195603309,1.2545876620281933e-12,1.8333333333333317,5.010620728443933e-08,0.45018753672295353,0.14811161059810082,0.5385015617898544,0.2881342365084323,0.006455920387432881,
20.28333333333333,0.0,0.0,0.21945601542642826,1.029311668445088e-12,1.8499999999999983,4.5095586555995394e-08,0.4496623179301101,0.14564308375479915,0.5436557284565211,0.2842924466883199,0.006359081581646735,
20.3,0.0,0.0,0.1595303016699081,8.438352745008842e-13,1.866666666666665,4.058602790039585e-08,0.44913771189252494,0.1432156990255525,0.5488112840120767,0.2805018807324756,0.006263695357942814,
20.316666666666666,0.0,0.0,0.24104287405966185,6.912471477530494e-13,1.8833333333333315,3.652742511035627e-08,0.448613717895317,0.14082877070845998,0.5539682284565212,0.2767618556560426,0.006169739927590694,
20.333333333333332,0.0,0.0,0.1079515568136219,5.658143071484302e-13,1.8999999999999981,3.287468259932064e-08,0.44809033522443914,0.13848162452998564,0.5591265617898545,0.2730716975806287,0.006077193828690766,
20.35,0.0,0.0,0.03322117342151573,4.627851274163587e-13,1.9166666666666647,2.958721433938858e-08,0.4475675631666773,0.13617359745448587,0.5642862840120768,0.269430741612887,0.005986035921271801,
20.366666666666667,0.0,0.0,0.15245244449660764,3.782245880079267e-13,1.9333333333333313,2.6628492905449723e-08,0.4470454010096495,0.1339040374969111,0.5694473951231879,0.26583833172471516,0.005896245382462038,
20.383333333333333,0.0,0.0,0.1454650710749838,3.0887660823832106e-13,1.949999999999998,2.396564361490475e-08,0.4465238480418049,0.13167230353862924,0.5746098951231878,0.2622938206350523,0.005807801701732714,
20.4,0.0,0.0,0.03284865939727166,2.5204911512787386e-13,1.9666666666666646,2.1569079253414273e-08,0.4460029035524228,0.12947776514631876,0.5797737840120767,0.2587965696932516,0.0057206846762129305,
20.416666666666668,0.0,0.0,0.23497975608539526,2.0551817310944051e-13,1.9833333333333312,1.9412171328072848e-08,0.44548256683161164,0.1273198023938801,0.5849390617898544,0.25534594876400823,0.005634874406074798,
20.433333333333334,0.0,0.0,0.07125417522644058,1.67448083260643e-13,1.9999999999999978,1.7470954195265562e-08,0.4449628371703081,0.12519780568731545,0.5901057284565211,0.25194133611382147,0.005550351289987799,
20.45,0.0,0.0,0.09040137112828228,1.3632484945314803e-13,2.0166666666666644,1.5723858775739005e-08,0.4444437138602761,0.12311117559252686,0.5952737840120766,0.2485821182989705,0.005467096020641339,
20.466666666666665,0.0,0.0,0.168518605417967,1.1090082300796935e-13,2.033333333333331,1.4151472898165104e-08,0.44392519619410575,0.12105932266598475,0.6004432284565211,0.24526769005498422,0.005385089580334449,
20.483333333333334,0.0,0.0,0.06143617158887513,9.014868741883496e-14,2.0499999999999976,1.2736325608348594e-08,0.44340728346521263,0.11904166728821834,0.6056140617898544,0.24199745418758442,0.0053043132366316515,
20.5,0.0,0.0,0.20133919496275277,7.322324013126388e-14,2.066666666666664,1.1462693047513734e-08,0.44288997496783655,0.11705763950008137,0.6107862840120767,0.2387708214650833,0.0052247485380839806,
20.516666666666666,0.0,0.0,0.18231751064766955,5.942967750573698e-14,2.083333333333331,1.031642374276236e-08,0.44237326999704074,0.11510667884174668,0.6159598951231878,0.2355872105122155,0.005146377310014184,
20.53333333333333,0.0,0.0,0.18783880866627856,4.819729900122426e-14,2.0999999999999974,9.284781368486124e-09,0.4418571678487109,0.11318823419438423,0.6211348951231879,0.23244604770538596,0.005069181650365158,
20.55,0.0,0.0,0.15021037143273286,3.9057723299569625e-14,2.116666666666664,8.356303231637512e-09,0.44134166781955403,0.11130176362447783,0.6263112840120768,0.22934676706931414,0.004993143925610643,
20.566666666666666,0.0,0.0,0.111277530258515,3.1626857669848387e-14,2.1333333333333306,7.52067290847376e-09,0.4408267692070979,0.10944673423073653,0.6314890617898545,0.22628881017505661,0.004918246766727263,
20.583333333333332,0.0,0.0,0.0878664396111665,2.5589986696884423e-14,2.1499999999999972,6.768605617626384e-09,0.44031247130968965,0.10762262199355759,0.6366682284565212,0.2232716260393892,0.004844473065226985,
20.6,0.0,0.0,0.1759883585022773,2.06894512684257e-14,2.166666666666664,6.091745055863746e-09,0.439798773426495,0.1058289116269983,0.6418487840120767,0.22029467102553066,0.004771805969249089,
20.616666666666667,0.0,0.0,0.2635096658872633,1.6714476569906418e-14,2.1833333333333305,5.482570550277372e-09,0.4392856748574974,0.10406509643321499,0.6470307284565211,0.21735740874519024,0.004700228879710764,
20.633333333333333,0.0,0.0,0.21577920699237213,1.3492781436362216e-14,2.199999999999997,4.9343134952496345e-09,0.438773174903497,0.10233067815932807,0.6522140617898544,0.21445930996192103,0.004629725446515435,
20.65,0.0,0.0,0.18172283053855798,1.0883663012519065e-14,2.2166666666666637,4.440882145724671e-09,0.43826127286610955,0.10062516685667261,0.6573987840120766,0.21159985249576208,0.004560279564817972,
20.666666666666668,0.0,0.0,0.23394354658621716,8.772302182253895e-15,2.2333333333333303,3.996793931152204e-09,0.4377499680477658,0.09894808074239474,0.6625848951231877,0.2087785211291519,0.004491875371345919,
20.683333333333334,0.0,0.0,0.2612115883653777,7.0650782604416686e-15,2.249999999999997,3.5971145380369835e-09,0.4372392597517101,0.09729894606335482,0.6677723951231878,0.20599480751409655,0.004424497240775904,
20.7,0.0,0.0,0.04842593655996737,5.685717355545796e-15,2.2666666666666635,3.237403084233285e-09,0.43672914728199974,0.0956772969622989,0.6729612840120767,0.20324821008057525,0.004358129782164406,
20.716666666666665,0.0,0.0,0.1485816498021118,4.5721287592120674e-15,2.28333333333333,2.9136627758099563e-09,0.43621962994350405,0.09408267534626058,0.6781515617898545,0.20053823394616757,0.004292757835432053,
20.733333333333334,0.0,0.0,0.2527761798496366,3.6738086678397224e-15,2.2999999999999967,2.622296498228961e-09,0.4357107070419033,0.09251463075715624,0.6833432284565212,0.19786439082688534,0.0042283664679006626,
20.75,0.0,0.0,0.09884591865259472,2.949711305896832e-15,2.3166666666666633,2.3600668484060647e-09,0.4352023778836877,0.09097272024453697,0.6885362840120768,0.19522619894919355,0.004164940970882225,
20.766666666666666,0.0,0.0,0.1140409572456894,2.3665047872316303e-15,2.33333333333333,2.1240601635654583e-09,0.43469464177615674,0.08945650824046135,0.6937307284565212,0.1926231829632043,0.0041024668563190494,
20.78333333333333,0.0,0.0,0.20333965306263782,1.897143394927397e-15,2.3499999999999965,1.9116541472089125e-09,0.4341874980274179,0.08796556643645366,0.6989265617898545,0.19005487385702824,0.004040929853474311,
20.8,0.0,0.0,0.1346272099159304,1.5196998658912794e-15,2.366666666666663,1.7204887324880212e-09,0.4336809459463859,0.08649947366251276,0.7041237840120766,0.18752080887226785,0.003980315905672233,
20.816666666666666,0.0,0.0,0.2523690971658329,1.2164111388668429e-15,2.3833333333333298,1.5484398592392191e-09,0.4331749848427818,0.08505781576813755,0.7093223951231877,0.18502053142063762,0.00392061116708718,
20.833333333333332,0.0,0.0,0.12743756295478506,9.72899203575023e-16,2.3999999999999964,1.3935958733152971e-09,0.4326696140271319,0.08364018550533525,0.7145223951231877,0.1825535910016958,0.003861801999580896,
20.85,0.0,0.0,0.20237629315679395,7.775354585019951e-16,2.416666666666663,1.2542362859837675e-09,0.4321648328107669,0.08224618241357966,0.7197237840120766,0.1801195431216732,0.003803874969587202,
20.866666666666667,0.0,0.0,0.35,6.209225831191405e-16,2.4333333333333296,1.1288126573853907e-09,0.431660640505821,0.08087541270668666,0.7249265617898544,0.1777179492133842,0.003746816845043409,
20.883333333333333,0.0,0.0,0.24797926025788028,4.954725555517829e-16,2.449999999999996,1.0159313916468517e-09,0.43115703642523084,0.07952748916157522,0.730130728456521,0.17534837655720575,0.0036906145923677703,
20.9,0.0,0.0,0.04196693563466648,3.9506326454070754e-16,2.466666666666663,9.143382524821665e-10,0.4306540198827347,0.0782020310088823,0.7353362840120766,0.17301039820310968,0.0036352553734822638,
20.916666666666668,0.0,0.0,0.06777997601126785,3.1475931303161236e-16,2.4833333333333294,8.229044272339498e-10,0.4301515901928715,0.07689866382540093,0.7405432284565211,0.17070359289373488,0.0035807265428800376,
20.933333333333334,0.0,0.0,0.07055836451634465,2.5058520486948974e-16,2.499999999999996,7.406139845105548e-10,0.4296497466709798,0.07561701942831092,0.7457515617898545,0.16842754498848508,0.003527015644736843,
20.95,0.0,0.0,0.14932234084686952,1.9934124152396915e-16,2.5166666666666626,6.665525860594993e-10,0.429148488633197,0.07435673577117241,0.7509612840120767,0.16618184438863862,0.003474110410065795,
20.966666666666665,0.0,0.0,0.03808872710561792,1.5845421204043485e-16,2.533333333333329,5.998973274535494e-10,0.42864781539645824,0.07311745684165287,0.7561723951231878,0.16396608646345676,0.003421998753914812,
20.983333333333334,0.0,0.0,0.19917164913167273,1.2585640251751212e-16,2.549999999999996,5.399075947081944e-10,0.42814772627849573,0.07189883256095865,0.7613848951231877,0.16177987197727733,0.0033706687726060927,
21.0,0.0,0.0,0.2949661066619363,9.988763612377328e-17,2.5666666666666624,4.85916835237375e-10,0.42764822059783747,0.07070051868494268,0.7665987840120766,0.1596228070175803,0.003320108741017004,
21.016666666666666,0.0,0.0,0.2817643269839255,7.921602637107646e-17,2.583333333333329,4.373251517136375e-10,0.42714929767380666,0.0695221767068603,0.7718140617898543,0.15749450292401257,0.003270307109901751,
21.03333333333333,0.0,0.0,0.09056154479028843,6.277392263879307e-17,2.5999999999999956,3.9359263654227374e-10,0.42665095682652054,0.06836347376174597,0.777030728456521,0.15539457621835906,0.0032212525032532264,
21.05,0.0,0.0,0.12996746807905438,4.970617887440963e-17,2.6166666666666623,3.5423337288804635e-10,0.4261531973768896,0.06722408253238353,0.7822487840120765,0.29145598186878097,0.003172933715704429,micro_nod_ready
21.066666666666666,0.0,0.0,0.1281053228987011,3.932840966833302e-17,2.633333333333329,3.188100355992417e-10,0.42565601864661656,0.0661036811568438,0.787468228456521,0.2875699021105306,0.0031253397099688636,
21.083333333333332,0.0,0.0,0.08474950390948881,3.109333371891058e-17,2.6499999999999955,2.869290320393175e-10,0.4251594199581955,0.06500195313756307,0.7926890617898543,0.28373563674905683,0.0030784596143193315,
21.1,0.0,0.0,0.2920504369023793,2.456366055796975e-17,2.666666666666662,2.5823612883538575e-10,0.4246634006349109,0.06391858725193703,0.7979112840120766,0.2799524949257361,0.003032282720104542,
21.116666666666667,0.0,0.0,0.09597559973455266,1.9390266708529272e-17,2.6833333333333287,2.3241251595184719e-10,0.42416796000083684,0.06285327746440474,0.8031348951231877,0.27621979499339294,0.002986798479302974,
21.133333333333333,0.0,0.0,0.06072907096441145,1.5294644058765603e-17,2.6999999999999953,2.0917126435666246e-10,0.42367309738083586,0.06180572283999799,0.8083598951231877,0.272536864393481,0.00294199650211343,
21.15,0.0,0.0,0.1818270213179074,1.2054795916653889e-17,2.716666666666662,1.8825413792099623e-10,0.42317881210055824,0.060775627459331356,0.8135862840120767,0.26890303953490124,0.002897866554581729,
21.166666666666668,0.0,0.0,0.17955325574041556,9.493912974720325e-18,2.7333333333333285,1.694287241288966e-10,0.42268510348644095,0.05976270033500917,0.8188140617898545,0.2653176656744359,0.0028543985562630033,
21.183333333333334,0.0,0.0,0.27731888869747245,7.471288845015834e-18,2.749999999999995,1.5248585171600694e-10,0.42219197086570676,0.05876665532942568,0.8240432284565211,0.26178009679877673,0.002811582577919058,
21.2,0.0,0.0,0.27801438467590966,5.875038317503336e-18,2.7666666666666617,1.3723726654440625e-10,0.4216994135663634,0.05778721107393525,0.8292737840120766,0.25828969550812636,0.0027694088392502723,
21.216666666666665,0.0,0.0,0.13673046176049042,4.616265472508074e-18,2.7833333333333283,1.2351353988996561e-10,0.42120743091720264,0.05682409088936966,0.834505728456521,0.2548458329013513,0.002727867706661518,
21.233333333333334,0.0,0.0,0.0,3.624396859144739e-18,2.799999999999995,1.1116218590096905e-10,0.42071602224779925,0.05587702270788017,0.8397390617898544,0.25144788846266664,0.002686949691061595,
21.25,0.0,0.0,0.20701713022798474,2.843450096808211e-18,2.8166666666666615,1.0004596731087214e-10,0.4202251868885101,0.05494573899608217,0.8449737840120766,0.2480952499498311,0.0026466454456956713,
21.266666666666666,0.0,0.0,0.21764639347233772,2.229052884241506e-18,2.833333333333328,9.004137057978492e-11,0.41973492417047353,0.0540299766794808,0.8502098951231877,0.24478731328383335,0.0026069457640102364,
21.28333333333333,0.0,0.0,0.29860039367323377,1.7460634844704133e-18,2.8499999999999948,8.103723352180643e-11,0.419245233425608,0.05312947706815612,0.8554473951231877,0.2415234824400489,0.002567841577550083,
21.3,0.0,0.0,0.022055770965747984,1.3666729038218505e-18,2.8666666666666614,7.293351016962579e-11,0.41875611398661144,0.05224398578368685,0.8606862840120766,0.23830316934084825,0.0025293239538868315,
21.316666666666666,0.0,0.0,0.05530543022526664,1.0688925109564386e-18,2.883333333333328,6.564015915266321e-11,0.4182675651869604,0.05137325268729207,0.8659265617898544,0.23512579374963694,0.002491384094578529,
21.333333333333332,0.0,0.0,0.27836608451003164,8.353498149406893e-19,2.8999999999999946,5.907614323739689e-11,0.41777958636090895,0.05051703180917054,0.8711682284565211,0.23199078316630845,0.0024540133331598514,
21.35,0.0,0.0,0.28398280042449353,6.523304080976067e-19,2.916666666666661,5.31685289136572e-11,0.4172921768434879,0.0496750812790177,0.8764112840120767,0.228897572724091,0.0024172031331624534,
21.366666666666667,0.0,0.0,0.25697609942617455,5.090163850998424e-19,2.933333333333328,4.7851676022291477e-11,0.41680533597050384,0.04884716325770074,0.8816557284565212,0.2258456050877698,0.0023809450861650167,
21.383333333333333,0.0,0.0,0.14844077214274123,3.9688144711163356e-19,2.9499999999999944,4.306650842006233e-11,0.4163190630785383,0.048033043870072394,0.8869015617898545,0.2228343303532662,0.0023452309098725413,
21.4,0.0,0.0,0.255874745406753,3.092108530986021e-19,2.966666666666661,3.87598575780561e-11,0.41583335750494665,0.04723249313890452,0.8921487840120766,0.21986320594855596,0.002310052446224453,
21.416666666666668,0.0,0.0,0.1044827691024921,2.407207659443152e-19,2.9833333333333276,3.488387182025049e-11,0.41534821858785753,0.04644528491992278,0.8973973951231877,0.21693169653590855,0.0022754016595310862,
21.433333333333334,0.0,0.0,0.04765084992682886,1.8725666329763766e-19,2.9999999999999942,3.1395484638225445e-11,0.4148636456661717,0.04567119683792407,0.9026473951231877,0.21403927391542976,0.00224127063463812,
21.45,1.0,1.0,0.14441582525254607,1.4555458842851474e-19,0.0,1.4400000000056512,0.41730190655583,0.09338763699602787,0.8958775396597638,0.5071854169298907,0.002207651575118548,gaze_shift
21.466666666666665,0.0,1.0,0.17359033147902053,1.13052303806651e-19,0.0,1.296000000005086,0.4197251457265239,0.1387182551462265,0.8891584581123155,0.5004229447041588,0.0021745368014917696,
21.483333333333334,0.0,1.0,0.26875907868842536,8.774004029095313e-20,0.0,1.1664000000045773,0.4221334557245604,0.18178234238891516,0.8824897696764732,0.49375063877477005,0.002141918749469393,
21.5,0.0,1.0,0.3351092778031537,6.80426372990861e-20,0.0,1.0497600000041196,0.42452692852608404,0.2226932252694694,0.8758710964038996,0.4871672969244398,0.002109789968227352,
21.516666666666666,0.0,1.0,0.09666989934093856,5.2726548520262527e-20,0.0,0.9447840000037077,0.4269056555405896,0.2615585640059959,0.8693020631808703,0.48067173296544724,0.002078143118703942,
21.53333333333333,0.0,1.0,0.30443721146892055,4.08265276916594e-20,0.0,0.8503056000033369,0.42926972761441334,0.2984806358056961,0.8627822977070138,0.4742627765259079,0.002046970971923383,
21.55,0.0,1.0,0.32806968631743066,3.158787728210672e-20,0.0,0.7652750400030032,0.43161923503420224,0.3335566040154113,0.8563114304742111,0.4679392728388958,0.0020162664073445323,
21.566666666666666,0.0,1.0,0.2782034475565699,2.442099394056943e-20,0.0,0.6887475360027029,0.4339542675303623,0.36687877381464074,0.8498890947456545,0.46170008253437717,0.0019860224112343643,
21.583333333333332,0.0,1.0,0.4036407908812547,1.8865621885413825e-20,0.0,0.6198727824024326,0.43627491428048565,0.3985348351239087,0.8435149265350621,0.4555440814339188,0.001956232075065849,
21.6,0.0,1.0,0.48040270218868397,1.4562764017509243e-20,0.0,0.5578855041621893,0.4385812639127559,0.42860809336771327,0.8371885645860492,0.4494701603481332,0.0019268885939398611,
21.616666666666667,0.0,1.0,0.6189768669233151,1.1232628471652866e-20,0.0,0.5020969537459704,0.44087340450933343,0.4571776886993276,0.8309096503516538,0.4434772248768247,0.0018979852650307632,
21.633333333333333,0.0,1.0,0.3577215418734168,8.65732802419168e-21,0.0,0.4518872583713734,0.4431514236097189,0.48431880426436125,0.8246778279740163,0.4375641952118004,0.0018695154860553017,
21.65,0.0,1.0,0.5741136641559413,6.667319206823239e-21,0.0,0.40669853253423605,0.44541540821409664,0.5101028640511431,0.8184927442642113,0.4317300059423097,0.001841472753764472,
21.666666666666668,0.0,1.0,0.3890518300440616,5.130781488786939e-21,0.0,0.36602867928081245,0.4476654447866576,0.5345977208485859,0.8123540486822297,0.4259736058630789,0.001813850662458005,
21.683333333333334,0.0,1.0,0.7440499728158937,3.945305941865843e-21,0.0,0.3294258113527312,0.4499016192589011,0.5578678348061566,0.806261393317113,0.4202939577849045,0.0017866429025211348,
21.7,0.0,1.0,0.7416485298654807,3.031396537110831e-21,0.0,0.2964832302174581,0.45212401703291694,0.5799744430658488,0.8002144328672346,0.41469003834777246,0.0017598432589833177,
21.716666666666665,0.0,1.0,0.7503668104002861,2.327392926169449e-21,0.0,0.2668349071957123,0.45433272298464666,0.6009757209125564,0.7942128246207303,0.40916083783646884,0.001733445610098568,
21.733333333333334,0.0,1.0,0.8911675764630566,1.7855070366125242e-21,0.0,0.24015141647614108,0.4565278214671254,0.6209269348669285,0.7882562284360748,0.40370535999864926,0.0017074439259470895,
21.75,0.0,1.0,0.7428909558598001,1.3687316769446627e-21,0.0,0.216136274828527,0.4587093963137034,0.6398805881235821,0.7823443067228042,0.39832262186533396,0.0016818322670578833,
21.766666666666666,0.0,1.0,0.5806638173131664,1.04843127334312e-21,0.0,0.1945226473456743,0.4608775308412474,0.657886558717403,0.7764767244223831,0.3930116535737962,0.001656604783052015,
21.78333333333333,0.0,1.0,0.9084991050812737,8.024657616506261e-22,0.0,0.17507038261110686,0.4630323078533229,0.6749922307815328,0.7706531489892152,0.38777149819281226,0.0016317557113062348,
21.8,0.0,1.0,0.7099860378959175,6.137308478164366e-22,0.0,0.15756334434999617,0.46517380964335653,0.6912426192424561,0.7648732503717961,0.3826012115502414,0.0016072793756366412,
21.816666666666666,0.0,1.0,0.7953752898333314,4.690231616682999e-22,0.0,0.14180700991499656,0.4673021179977787,0.7066804882803333,0.7591367009940077,0.37749986206290487,0.0015831701850020916,
21.833333333333332,0.0,1.0,0.47069969739016687,3.5815871513500124e-22,0.0,0.1276263089234969,0.4694173141991474,0.7213464638663166,0.7534431757365526,0.3724665305687328,0.0015594226322270602,
21.85,0.0,1.0,0.7614493686855721,2.7328868635836017e-22,0.0,0.11486367803114722,0.4715194790292521,0.7352791406730008,0.7477923519185284,0.3675003101611497,0.0015360312927436542,
21.866666666666667,0.0,1.0,0.6012920790393608,2.0836879443143193e-22,0.0,0.1033773102280325,0.4736086927721994,0.7485151836393508,0.7421839092791395,0.36260030602566773,0.0015129908233524993,
21.883333333333333,0.0,1.0,0.36400066587670193,1.5874812379897016e-22,0.0,0.09303957920522925,0.4756850352174787,0.7610894244573833,0.7366175299595459,0.35776563527865884,0.0014902959610022118,
21.9,0.0,1.0,0.5562013234143781,1.2085076936802824e-22,0.0,0.08373562128470632,0.47774858566300965,0.7730349532345141,0.7310928984848493,0.3529954268082767,0.0014679415215871786,
21.916666666666668,0.0,1.0,0.8585862072250698,9.192954999840174e-23,0.0,0.0753620591562357,0.4797994229181708,0.7843832055727884,0.7256097017462129,0.3482888211174997,0.001445922398763371,
21.933333333333334,0.0,1.0,0.5838007075195595,6.987563137844666e-23,0.0,0.06782585324061213,0.4818376253068091,0.795164045294149,0.7201676289831163,0.3436449701692664,0.0014242335627819205,
21.95,0.0,1.0,0.7402051961913815,5.307148650771412e-23,0.0,0.06104326791655092,0.4838632706702314,0.8054058430294415,0.7147663717657429,0.33906303723367615,0.0014028700593401917,
21.966666666666665,0.0,1.0,0.702690997710304,4.027742109456286e-23,0.0,0.05493894112489582,0.4858764363701772,0.8151355508779694,0.7094056239774998,0.3345421967372271,0.001381827008450089,
21.983333333333334,0.0,1.0,0.7058839512229955,3.0544073427321526e-23,0.0,0.04944504701240624,0.48787719929177326,0.824378773334071,0.7040850817976686,0.3300816341140641,0.0013610996033233376,
22.0,0.0,1.0,0.5103779655517536,2.3144998175567014e-23,0.0,0.04450054231116562,0.48986563584646986,0.8331598346673674,0.698804443684186,0.3256805456592099,0.0013406831092734875,
22.016666666666666,0.0,1.0,0.642501468597714,1.7524766612181644e-23,0.0,0.04005048808004906,0.491841821974959,0.8415018429339991,0.6935634103565547,0.32133813838375375,0.0013205728626343853,
22.03333333333333,0.0,1.0,0.9436476381874555,1.3259044591316365e-23,0.0,0.03604543927204416,0.493805833150075,0.8494267507872991,0.6883616847788805,0.3170536298719704,0.0013007642696948696,
22.05,0.0,1.0,0.7952832162159071,1.0023909007629773e-23,0.0,0.03244089534483974,0.49575774437967624,0.8569554132479341,0.6831989721430389,0.3128262481403441,0.0012812528056494465,
22.066666666666666,0.0,1.0,0.820360119346448,7.572284043864205e-24,0.0,0.029196805810355764,0.49769763020951047,0.8641076425855374,0.6780749798519662,0.30865523149847285,0.001262034013564705,
22.083333333333332,0.0,1.0,0.8614418412193496,5.715859873818207e-24,0.0,0.026277125229320186,0.49962556472606134,0.8709022604562605,0.6729894175030764,0.30453982841182653,0.0012431035033612344,
22.1,0.0,1.0,0.6198451188967442,4.311229542445179e-24,0.0,0.02364941270638817,0.5015416215593782,0.8773571474334475,0.6679419968718033,0.3004792973663355,0.0012244569508108158,
22.116666666666667,0.0,1.0,0.9063603982717104,3.249268617428346e-24,0.0,0.021284471435749353,0.5034458738858878,0.8834892900617751,0.6629324318952649,0.2964729067347844,0.0012060900965486536,
22.133333333333333,0.0,1.0,0.6959379672270495,2.4470057038402376e-24,0.0,0.019156024292174417,0.5053383944311891,0.8893148255586864,0.6579604386560504,0.29251993464498727,0.0011879987451004239,
22.15,0.0,1.0,0.6643257266495715,1.8414046841324268e-24,0.0,0.017240421862956976,0.507219255472831,0.894849084280752,0.65302573536613,0.2886196688497208,0.0011701787639239174,
22.166666666666668,0.0,1.0,0.8170897286926024,1.3846129899680638e-24,0.0,0.015516379676661278,0.5090885288430721,0.9001066300667144,0.648128042350884,0.2847714065983912,0.0011526260824650586,
22.183333333333334,0.0,1.0,0.6534742220747647,1.0403331946730044e-24,0.0,0.01396474170899515,0.5109462859316247,0.9051012985633787,0.6432670820332523,0.28097445451041264,0.0011353366912280826,
22.2,0.0,1.0,0.6316081400482803,7.810546218561536e-25,0.0,0.012568267538095635,0.5127925976883809,0.9098462336352098,0.6384425789180029,0.2772281284502738,0.0011183066408596615,
22.216666666666665,0.0,1.0,0.6490740097917804,5.859428423946303e-25,0.0,0.01131144078428607,0.5146275346261224,0.9143539219534493,0.6336542595761179,0.2735317534042701,0.0011015320412467665,
22.233333333333334,0.0,1.0,0.580087158997815,4.392320239440503e-25,0.0,0.010180296705857465,0.5164511668232133,0.9186362258557769,0.628901852629297,0.26988466335887984,0.0010850090606280651,
22.25,0.0,1.0,0.7919978166744285,3.2900131654598912e-25,0.0,0.009162267035271718,0.5182635639262767,0.922704414562988,0.6241850887345772,0.26628620118076146,0.0010687339247186442,
22.266666666666666,0.0,1.0,0.4642862363638016,2.4624429150944056e-25,0.0,0.008246040331744546,0.5200647951528542,0.9265691938348386,0.6195037005690679,0.2627357184983513,0.0010527029158478645,
22.28333333333333,0.0,1.0,0.563575298772301,1.8416182206284761e-25,0.0,0.007421436298570091,0.52185492929405,0.9302407341430967,0.6148574228147999,0.25923257558504,0.0010369123721101466,
22.3,0.0,1.0,0.5140589990493747,1.376251898670686e-25,0.0,0.006679292668713082,0.5236340347171576,0.9337286974359419,0.6102459921436889,0.25577614124390613,0.0010213586865284944,
22.316666666666666,0.0,1.0,0.5039795890553118,1.0276876922011475e-25,0.0,0.006011363401841774,0.525402179368271,0.9370422625641448,0.6056691472026112,0.2523657926939874,0.001006038306230567,
22.333333333333332,0.0,1.0,0.5004720148386931,7.668126624660597e-26,0.0,0.005410227061657597,0.5271594307748797,0.9401901494359376,0.6011266285985917,0.24900091545806757,0.0009909477316371086,
22.35,0.0,1.0,0.331979055128836,5.71718561765839e-26,0.0,0.004869204355491837,0.5289058560484474,0.9431806419641408,0.5966181788841023,0.24568090325196001,0.0009760835156625519,
22.366666666666667,0.0,1.0,0.47461726861840975,4.259319371092024e-26,0.0,0.004382283919942653,0.5306415218869756,0.9460216098659338,0.5921435425424715,0.2424051578752672,0.0009614422629276137,
22.383333333333333,0.0,1.0,0.46635867597990205,3.17075739932778e-26,0.0,0.003944055527948388,0.5323664945775503,0.9487205293726371,0.5877024659734029,0.23917308910359697,0.0009470206289836995,
22.4,0.0,1.0,0.46381495908588466,2.3585805889964592e-26,0.0,0.0035496499751535493,0.5340808399988737,0.9512845029040052,0.5832946974786024,0.2359841145822157,0.000932815319548944,
22.416666666666668,0.0,1.0,0.44033779686141916,1.7530864040838778e-26,0.0,0.0031946849776381945,0.5357846236237805,0.953720277758805,0.5789199872475129,0.23283765972111947,0.0009188230897557098,
22.433333333333334,0.0,1.0,0.4252361834895966,1.3020294860777712e-26,0.0,0.002875216479874375,0.5374779105217383,0.9560342638708648,0.5745780873431566,0.22973315759150453,0.0009050407434093742,
22.45,0.0,1.0,0.21128514857967476,9.662804960323488e-27,0.0,0.0025876948318869376,0.5391607653613323,0.9582325506773215,0.570268751688083,0.2266700488236178,0.0008914651322582336,
22.466666666666665,0.0,1.0,0.28905569842498524,7.165566055773867e-27,0.0,0.002328925348698244,0.5408332524127354,0.9603209231434554,0.5659917360504224,0.40124778150596957,0.00087809315527436,posture_settle
22.483333333333334,0.0,1.0,0.2202999678160137,5.3096108299532324e-27,0.0,0.0020960328138284194,0.5424954355501626,0.9623048769862826,0.5617467980300442,0.39589781108588995,0.0008649217579452446,
22.5,0.0,1.0,0.21004638655727725,3.9313324691216916e-27,0.0,0.0018864295324455774,0.5441473782543106,0.9641896331369685,0.5575336970448189,0.39061917360474474,0.0008519479315760659,
22.516666666666666,0.0,1.0,0.2731121731536963,2.9085849478217834e-27,0.0,0.0016977865792010198,0.5457891436147823,0.9659801514801201,0.5533521943169828,0.3854109179566815,0.0008391687126024249,
22.53333333333333,0.0,1.0,0.16363951874246635,2.150248372058763e-27,0.0,0.001528007921280918,0.5474207943324955,0.967681143906114,0.5492020528596054,0.38027210571725906,0.0008265811819133886,
22.55,0.0,0.0,0.11107004587923536,1.5884019041887402e-27,0.016666666666666666,0.001375207129152826,0.5467821367391076,0.9515531248410122,0.5542034417484943,0.3752018109743623,0.0008141824641846877,
22.566666666666666,0.0,0.0,0.15783767328986223,1.1724573857171882e-27,0.03333333333333333,0.0012376864162375436,0.5461442242462453,0.935693906093662,0.5592062195262721,0.3701991201613708,0.0008019697272219175,
22.583333333333332,0.0,0.0,0.18660564709593633,8.647660489494268e-28,0.05,0.0011139177746137892,0.5455070559846247,0.9200990076587676,0.5642103861929388,0.3652631318925525,0.0007899401813135888,
22.6,0.0,0.0,0.07969731773638998,6.373310699614643e-28,0.06666666666666667,0.0010025259971524103,0.544870631085976,0.9047640241977881,0.5692159417484944,0.3603929568006518,0.0007780910785938849,
22.616666666666667,0.0,0.0,0.09609386463036208,4.693495948636295e-28,0.08333333333333333,0.0009022733974371693,0.5442349486830423,0.8896846237944916,0.5742228861929389,0.35558771737664313,0.0007664197124149767,
22.633333333333333,0.0,0.0,0.18673647043515598,3.453764330985608e-28,0.09999999999999999,0.0008120460576934524,0.5436000079095787,0.8748565467312501,0.5792312195262722,0.3508465478116212,0.000754923416728752,
22.65,0.0,0.0,0.27487590592335814,2.539532931142047e-28,0.11666666666666665,0.0007308414519241072,0.5429658079003509,0.8602756042857292,0.5842409417484944,0.3461685938407996,0.0007435995654778207,
22.666666666666668,0.0,0.0,0.14656781793288162,1.8658636068779413e-28,0.13333333333333333,0.0006577573067316964,0.5423323477911338,0.8459376775476337,0.5892520528596055,0.341553012589589,0.0007324455719956534,
22.683333333333334,0.0,0.0,0.21687187396400445,1.3698431279351741e-28,0.15,0.0005919815760585267,0.5416996267187109,0.8318387162551731,0.5942645528596054,0.33699897242172777,0.0007214588884157186,
22.7,0.0,0.0,0.0872685327476645,1.0049088545527651e-28,0.16666666666666666,0.0005327834184526741,0.5410676438208724,0.8179747376509202,0.5992784417484943,0.33250565278943806,0.0007106370050894828,
22.716666666666665,0.0,0.0,0.1472270179849352,7.366266158481735e-29,0.18333333333333332,0.0004795050766074067,0.5404363982364147,0.8043418253567383,0.6042937195262721,0.3280722440855789,0.0006999774500131406,
22.733333333333334,0.0,0.0,0.15220781048509716,5.395516646958304e-29,0.19999999999999998,0.00043155456894666605,0.5398058891051388,0.7909361282674593,0.6093103861929388,0.32369794749777114,0.0006894777882629435,
22.75,0.0,0.0,0.04337543800152523,3.9489675327298943e-29,0.21666666666666665,0.00038839911205199945,0.5391761155678495,0.7777538594630017,0.6143284417484943,0.3193819748644675,0.0006791356214389993,
22.766666666666666,0.0,0.0,0.14482145456543644,2.8880119480490176e-29,0.2333333333333333,0.0003495592008467995,0.5385470767663537,0.7647912951386183,0.6193478861929388,0.3151235485329413,0.0006689485871174143,
22.78333333333333,0.0,0.0,0.1312268511052301,2.1104705893539023e-29,0.24999999999999997,0.00031460328076211955,0.5379187718434596,0.7520447735529747,0.6243687195262722,0.31092190121916874,0.0006589143583106531,
22.8,0.0,0.0,0.0,1.5410776407210996e-29,0.26666666666666666,0.0002831429526859076,0.5372911999429756,0.7395106939937585,0.6293909417484944,0.30677627586957984,0.0006490306429359933,
22.816666666666666,0.0,0.0,0.13860651851469374,1.1244357127151758e-29,0.2833333333333333,0.00025482865741731684,0.5366643602097088,0.7271855157605291,0.6344145528596056,0.3026859255246521,0.0006392951832919533,
22.833333333333332,0.0,0.0,0.16897274599152168,8.198032544573174e-30,0.3,0.00022934579167558516,0.5360382517894641,0.7150657571645204,0.6394395528596055,0.29865011318432344,0.0006297057555425741,
22.85,0.0,0.0,0.16445486783090457,5.9724090067561566e-30,0.31666666666666665,0.00020641121250802665,0.535412873829043,0.7031479945451117,0.6444659417484944,0.29466811167519913,0.0006202601692094355,
22.866666666666667,0.0,0.0,0.17045803531654127,4.34764766702908e-30,0.3333333333333333,0.00018577009125722398,0.5347882254762425,0.6914288613026931,0.6494937195262721,0.2907392035195298,0.0006109562666712939,
22.883333333333333,0.0,0.0,0.055835235722596965,3.162452694233417e-30,0.35,0.00016719308213150157,0.5341643058798535,0.6799050469476482,0.6545228861929387,0.2868626808059361,0.0006017919226712245,
22.9,0.0,0.0,0.0856600206151995,2.29857474236061e-30,0.36666666666666664,0.00015047377391835142,0.5335411141896603,0.6685732961651873,0.6595534417484943,0.2830378450618569,0.0005927650438311561,
22.916666666666668,0.0,0.0,0.12886454855684304,1.6693911960636436e-30,0.3833333333333333,0.00013542639652651628,0.5329186495564391,0.6574304078957676,0.6645853861929387,0.27926400712769883,0.0005838735681736888,
22.933333333333334,0.0,0.0,0.07479603007509464,1.2114974480765437e-30,0.39999999999999997,0.00012188375687386465,0.5322969111319565,0.6464732344308382,0.669618719526272,0.2755404870326629,0.0005751154646510835,
22.95,0.0,0.0,0.10653838168884147,8.785202667198739e-31,0.41666666666666663,0.00010969538118647817,0.5316758980689693,0.6356986805236575,0.6746534417484943,0.2718666138722274,0.0005664887326813173,
22.966666666666665,0.0,0.0,0.24116415704591002,6.365696988613246e-31,0.4333333333333333,9.872584306783035e-05,0.5310556095212222,0.6251037025149299,0.6796895528596054,0.26824172568726434,0.0005579914016910976,
22.983333333333334,0.0,0.0,0.07332312821930718,4.608982250435516e-31,0.44999999999999996,8.885325876104732e-05,0.5304360446434474,0.6146853074730143,0.6847270528596054,0.26466516934476747,0.0005496215306657311,
23.0,0.0,0.0,0.11642981882552196,3.334486821980437e-31,0.4666666666666666,7.99679328849426e-05,0.5298172025913633,0.604440552348464,0.6897659417484944,0.26113630042017055,0.0005413772077057452,
23.016666666666666,0.0,0.0,0.28971026039327363,2.410559587460142e-31,0.4833333333333333,7.197113959644834e-05,0.5291990825216734,0.5943665431426564,0.6948062195262722,0.25765448308123495,0.000533256549590159,
23.03333333333333,0.0,0.0,0.1332505077795307,1.7412921159894098e-31,0.49999999999999994,6.47740256368035e-05,0.5285816835920647,0.5844604340902787,0.6998478861929389,0.25421908997348514,0.0005252577013463067,
23.05,0.0,0.0,0.06426646438523993,1.2568698029212692e-31,0.5166666666666666,5.829662307312315e-05,0.5279650049612072,0.5747194268554408,0.7048909417484944,0.250829502107172,0.0005173788358261121,
23.066666666666666,0.0,0.0,0.16481505447493142,9.065126041039784e-32,0.5333333333333333,5.246696076581084e-05,0.5273490457887525,0.5651407697411834,0.7099353861929388,0.247485108745743,0.0005096181532887204,
23.083333333333332,0.0,0.0,0.1589041353771519,6.533145008707454e-32,0.55,4.7220264689229754e-05,0.5267338052353323,0.5557217569121637,0.7149812195262721,0.24418530729579976,0.0005019738809893896,
23.1,0.0,0.0,0.15586102411355898,4.7047401861728765e-32,0.5666666666666668,4.249823822030678e-05,0.5261192824625578,0.5464597276302944,0.7200284417484943,0.24092950319852244,0.0004944442727745487,
23.116666666666667,0.0,0.0,0.013161646452463843,3.3854303901096814e-32,0.5833333333333335,3.82484143982761e-05,0.5255054766330182,0.5373520655031228,0.7250770528596054,0.23771710982254213,0.0004870276086829305,
23.133333333333333,0.0,0.0,0.16797950090081318,2.4342043157873654e-32,0.6000000000000002,3.4423572958448494e-05,0.5248923869102796,0.5283961977447373,0.7301270528596054,0.23454754835824157,0.00047972219455268654,
23.15,0.0,0.0,0.17593162973825516,1.7489003471814526e-32,0.6166666666666669,3.098121566260364e-05,0.5242800124588843,0.5195895944489917,0.7351784417484943,0.231420247713465,0.0004725263616343962,
23.166666666666668,0.0,0.0,0.3098862097223395,1.2555615169693248e-32,0.6333333333333336,2.7883094096343277e-05,0.523668352444349,0.5109297678748418,0.7402312195262721,0.2283346444106188,0.00046543846620988026,
23.183333333333334,0.0,0.0,0.2008895859918162,9.006910026518047e-33,0.6500000000000004,2.509478468670895e-05,0.5230574060331639,0.5024142717435944,0.7452853861929388,0.22529018248514388,0.00045845688921673203,
23.2,0.0,0.0,0.11290115448195227,6.456223392025366e-33,0.6666666666666671,2.2585306218038053e-05,0.5224471723927918,0.49404070054786786,0.1875852354371236,0.7156196467186753,0.00045158003587848105,response_ready
23.216666666666665,0.0,0.0,0.17288460618269055,4.624301797200838e-33,0.6833333333333338,2.032677559623425e-05,0.5218376506916669,0.48580668887207007,0.19264217988156804,0.706078051429093,0.0004448063353403038,
23.233333333333334,0.0,0.0,0.20148373443577183,3.3096242260135605e-33,0.7000000000000005,1.8294098036610823e-05,0.5212288400991932,0.4777099107242022,0.19770051321490137,0.6966636774100384,0.0004381342403101993,
23.25,0.0,0.0,0.13713503005576264,2.3668792383840544e-33,0.7166666666666672,1.646468823294974e-05,0.5206207397857442,0.4697480788787988,0.2027602354371236,0.6873748283779045,0.0004315622267055463,
23.266666666666666,0.0,0.0,0.1457306219144496,1.69136916842346e-33,0.733333333333334,1.4818219409654766e-05,0.5200133489226608,0.46191894423081886,0.2078213465482347,0.6782098306661991,0.00042508879330496307,
23.28333333333333,0.0,0.0,0.25794274575018283,1.207718212143663e-33,0.7500000000000007,1.333639746868929e-05,0.5194066666822511,0.4542202951603052,0.2128838465482347,0.6691670329239832,0.0004187124614053886,
23.3,0.0,0.0,0.18866805272914505,8.617032231525965e-34,0.7666666666666674,1.2002757721820362e-05,0.5188006922377885,0.4466499569076335,0.2179477354371236,0.66024480581833,0.0004124317744843078,
23.316666666666666,0.0,0.0,0.19118238135540852,6.143483774736808e-34,0.7833333333333341,1.0802481949638326e-05,0.518195424763511,0.43920579095917295,0.22301301321490136,0.6514415417407523,0.00040624529786704316,
23.333333333333332,0.0,0.0,0.07427419801903255,4.376597521392007e-34,0.8000000000000008,9.722233754674494e-06,0.5175908634346202,0.43188569444318675,0.22807967988156802,0.6427556545175422,0.0004001516183990375,
23.35,0.0,0.0,0.1851670293801992,3.1154687597772238e-34,0.8166666666666675,8.750010379207045e-06,0.5169870074272799,0.4246875995358003,0.23314773543712358,0.634185579123975,0.00039414934412305194,
23.366666666666667,0.0,0.0,0.0010362910156618277,2.216027204814536e-34,0.8333333333333343,7.87500934128634e-06,0.5163838559186147,0.41760947287687034,0.23821717988156801,0.625729771402322,0.00038823710396120617,
23.383333333333333,0.0,0.0,0.2495222184887808,1.5750403014388408e-34,0.850000000000001,7.087508407157706e-06,0.5157814080867097,0.41064931499558915,0.24328801321490134,0.6173867077836244,0.0003824135474017881,
23.4,0.0,0.0,0.1158095190767891,1.1185957120078843e-34,0.8666666666666677,6.378757566441935e-06,0.5151796631106085,0.40380515974566267,0.24836023543712357,0.609154885013176,0.00037667734419076125,
23.416666666666668,0.0,0.0,0.20312912207831477,7.938154106758365e-35,0.8833333333333344,5.7408818097977415e-06,0.5145786201703128,0.39707507374990164,0.2534338465482347,0.6010328198796671,0.0003710271840278998,
23.433333333333334,0.0,0.0,0.2638005551473438,5.628994154243341e-35,0.9000000000000011,5.1667936288179674e-06,0.5139782784467807,0.3904571558540699,0.2585088465482347,0.5930190489479381,0.0003654617762674813,
23.45,0.0,0.0,0.06761673731425784,3.988475840400173e-35,0.9166666666666679,4.650114265936171e-06,0.5133786371219261,0.38394953658983544,0.2635852354371236,0.5851121282952989,0.0003599798496234691,
23.466666666666665,0.0,0.0,0.2455808602170398,2.82389165516273e-35,0.9333333333333346,4.1851028393425535e-06,0.5127796953786172,0.37755037764667154,0.2686630132149014,0.5773106332513616,0.00035458015187911704,
23.483333333333334,0.0,0.0,0.17212835854620576,1.9978091164389809e-35,0.9500000000000013,3.766592555408298e-06,0.5121814524006755,0.37125787135256033,0.27374217988156807,0.5696131581413434,0.0003492614496009303,
23.5,0.0,0.0,0.2456671449715953,1.4122931327060066e-35,0.966666666666668,3.389933299867468e-06,0.5115839073728747,0.365070240163351,0.2788227354371236,0.5620183160327922,0.0003440225278569163,
23.516666666666666,0.0,0.0,0.12602115613100043,9.976095555738028e-36,0.9833333333333347,3.0509399698807215e-06,0.5109870594809397,0.35898573616062845,0.28390467988156803,0.5545247384856883,0.0003388621899390626,
23.53333333333333,0.0,0.0,0.10027536013789823,7.041436215626037e-36,1.0000000000000013,2.7458459728926494e-06,0.5103909079115453,0.35300264055795133,0.28898801321490136,0.5471310753058791,0.0003337792570899766,
23.55,0.0,0.0,0.2575701467682109,4.96622961135063e-36,1.016666666666668,2.4712613756033845e-06,0.5097954518523151,0.34711926321531883,0.2940727354371236,0.5398359943018007,0.00032877256823362694,
23.566666666666666,0.0,0.0,0.18866384385190835,3.499912902516656e-36,1.0333333333333345,2.224135238043046e-06,0.5092006904918207,0.3413339421617302,0.2991588465482347,0.5326381810444434,0.00032384097971012253,
23.583333333333332,0.0,0.0,0.15945777227188498,2.464634791091662e-36,1.0500000000000012,2.0017217142387413e-06,0.5086066230195803,0.33564504312570137,0.30424634654823474,0.5255363386305175,0.0003189833650144707,
23.6,0.0,0.0,0.06502714686518966,1.734254415544901e-36,1.0666666666666678,1.8015495428148673e-06,0.5080132486260575,0.3300509590736063,0.3093352354371236,0.5185291874487773,0.00031419861453925365,
23.616666666666667,0.0,0.0,0.2601454833700558,1.2193768322916656e-36,1.0833333333333344,1.6213945885333806e-06,0.5074205665026604,0.32455010975571286,0.31442551321490136,0.5116154649494603,0.00030948563532116484,
23.633333333333333,0.0,0.0,0.1293631956938312,8.566984200712374e-37,1.100000000000001,1.4592551296800424e-06,0.5068285758417407,0.3191409412597843,0.319517179881568,0.5047939254168008,0.00030484335079134737,
23.65,0.0,0.0,0.1384564546209026,6.014269553600581e-37,1.1166666666666676,1.3133296167120382e-06,0.506237275836592,0.31382192557212124,0.3246102354371236,0.4980633397445768,0.00030027070052947714,
23.666666666666668,0.0,0.0,0.10111172629705578,4.218933771930089e-37,1.1333333333333342,1.1819966550408343e-06,0.5056466656814492,0.3085915601459192,0.32970467988156804,0.4914224952146491,0.000295766640021535,
23.683333333333334,0.0,0.0,0.1566357787899641,2.9572457975318655e-37,1.1500000000000008,1.0637969895367509e-06,0.5050567445714875,0.3034483674768206,0.3348005132149014,0.48487019527845376,0.00029133014042121195,
23.7,0.0,0.0,0.20262580424780044,2.071271525782043e-37,1.1666666666666674,9.574172905830759e-07,0.5044675117028208,0.29839089468554025,0.3398977354371236,0.4784052593414077,0.0002869601883148938,
23.716666666666665,0.0,0.0,0.1507473204508728,1.4496112229919162e-37,1.183333333333334,8.616755615247683e-07,0.5038789662725008,0.2934177131074479,0.3449963465482347,0.47202652255018895,0.0002826557854901704,
23.733333333333334,0.0,0.0,0.14856405865055541,1.0137501855875845e-37,1.2000000000000006,7.755080053722915e-07,0.5032911074785162,0.28852741788899045,0.3500963465482347,0.6038661689161865,0.00027841594870781783,micro_nod_ready
23.75,0.0,0.0,0.11180287364776444,7.083946082210485e-38,1.2166666666666672,6.979572048350624e-07,0.5027039345197913,0.2837186275908406,0.3551977354371236,0.595814619997304,0.0002742397094772006,
23.766666666666666,0.0,0.0,0.27297714986475163,4.94634544475924e-38,1.2333333333333338,6.281614843515562e-07,0.502117446596185,0.27898998379765994,0.36030051321490136,0.5878704250640067,0.00027012611383504256,
23.78333333333333,0.0,0.0,0.28327149377683597,3.4511078871927273e-38,1.2500000000000004,5.653453359164005e-07,0.5015316429084894,0.27434015073436563,0.36540467988156805,0.5800321527298199,0.00026607422212751694,
23.8,0.0,0.0,0.13193151998511832,2.406010538353916e-38,1.266666666666667,5.088108023247605e-07,0.5009465226584295,0.26976781488879287,0.3705102354371236,0.5722983906934223,0.0002620831087956042,
23.816666666666666,0.0,0.0,0.08540266954981691,1.6761057286552943e-38,1.2833333333333337,4.579297220922845e-07,0.5003620850486614,0.2652716846406463,0.375617179881568,0.5646677454841766,0.00025815186216367013,
23.833333333333332,0.0,0.0,0.17549926959693027,1.1667295349494164e-38,1.3000000000000003,4.1213674988305604e-07,0.4997783292827713,0.26085048989663556,0.38072551321490133,0.5571388422110543,0.0002542795842312151,
23.85,0.0,0.0,0.02705376676534481,8.11528674084547e-39,1.3166666666666669,3.709230748947504e-07,0.49919525456527475,0.2565029817316916,0.38583523543712356,0.5497103243149069,0.0002504653904677469,
23.866666666666667,0.0,0.0,0.17392205286025603,5.640303107988584e-39,1.3333333333333335,3.3383076740527535e-07,0.49861286010161526,0.25222793203616345,0.3909463465482347,0.5423808533240414,0.0002467084096107307,
23.883333333333333,0.0,0.0,0.17577006981394316,3.9171113172381173e-39,1.35,3.004476906647478e-07,0.4980311450981634,0.24802413316889405,0.3960588465482347,0.5351491086130542,0.00024300778346656972,
23.9,0.0,0.0,0.16718544059650808,2.718280564491348e-39,1.3666666666666667,2.70402921598273e-07,0.4974501087622155,0.24389039761607914,0.40117273543712356,0.5280137871648801,0.00023936266671457118,
23.916666666666668,0.0,0.0,0.2798339010497634,1.8848966499840763e-39,1.3833333333333333,2.4336262943844573e-07,0.49686975030199293,0.23982555765581115,0.4062880132149013,0.5209736033360151,0.0002357722267138526,
23.933333333333334,0.0,0.0,0.29888140364548826,1.306007591538674e-39,1.4,2.1902636649460117e-07,0.4962900689266406,0.2358284650282143,0.411404679881568,0.5140272886248682,0.00023223564331314482,
23.95,0.0,0.0,0.18961655342330164,9.042088564014585e-40,1.4166666666666665,1.9712372984514105e-07,0.4957110638462262,0.2318979906110774,0.41652273543712354,0.5071735914432033,0.00022875210866344766,
23.966666666666665,0.0,0.0,0.1260264646807598,6.2554233628486685e-40,1.4333333333333331,1.7741135686062695e-07,0.49513273427173893,0.2280330241008928,0.421642179881568,0.5004112768906273,0.00022532082703349593,
23.983333333333334,0.0,0.0,0.23543453037384182,4.324237665665992e-40,1.4499999999999997,1.5967022117456426e-07,0.4945550794150886,0.22423247369921126,0.42676301321490134,0.49373912653208557,0.0002219410146279935,
24.0,0.0,0.0,0.24417387462081572,2.986945503993015e-40,1.4666666666666663,1.4370319905710784e-07,0.4939780984891043,0.2204952658042244,0.43188523543712354,0.4871559381783244,0.0002186118994085736,
24.016666666666666,0.0,0.0,0.060044451919241834,2.061626267997001e-40,1.483333333333333,1.2933287915139705e-07,0.49340179070753365,0.21682034470748734,0.43700884654823463,0.4806605256692801,0.00021533272091744498,
24.03333333333333,0.0,0.0,0.09673879099847502,1.4218620907110475e-40,1.4999999999999996,1.1639959123625735e-07,0.49282615528504153,0.2132066722956959,0.4421338465482346,0.47425171866035637,0.0002121027301036833,
24.05,0.0,0.0,0.1337991993954313,9.798732634795516e-41,1.5166666666666662,1.0475963211263162e-07,0.49225119143720897,0.2096532277574343,0.4472602354371235,0.4679283624115516,0.00020892118915212806,
24.066666666666666,0.0,0.0,0.023218185947656483,6.747567480527706e-41,1.5333333333333328,9.428366890136846e-08,0.49167689838053225,0.2061590072948104,0.4523880132149013,0.4616893175793976,0.00020578737131484614,
24.083333333333332,0.0,0.0,0.06641979703651463,4.642901407168723e-41,1.5499999999999994,8.485530201123162e-08,0.49110327533242165,0.2027230238398969,0.457517179881568,0.4555334600116723,0.00020270056074512345,
24.1,0.0,0.0,0.28297634020648865,3.1922476991326474e-41,1.566666666666666,7.636977181010846e-08,0.4905303215112005,0.19934430677589862,0.46264773543712356,0.44945968054484997,0.0001996600523339466,
24.116666666666667,0.0,0.0,0.05484954548901036,2.1931513324206646e-41,1.5833333333333326,6.873279462909761e-08,0.4899580361361041,0.19602190166296699,0.467779679881568,0.44346688480425195,0.0001966651515489374,
24.133333333333333,0.0,0.0,0.22062012049162982,1.505585812542484e-41,1.5999999999999992,6.185951516618785e-08,0.48938641842727865,0.1927548699685842,0.4729130132149013,0.43755399300686193,0.00019371517427570334,
24.15,0.0,0.0,0.09071231476547292,1.0327788213965252e-41,1.6166666666666658,5.567356364956907e-08,0.48881546760578015,0.18954228880244114,0.47804773543712353,0.4317199397667704,0.0001908094466615678,
24.166666666666668,0.0,0.0,0.2323315719250205,7.079034511989886e-42,1.6333333333333324,5.010620728461216e-08,0.4882451828935734,0.1863832506557338,0.48318384654823465,0.4259636739032135,0.00018794730496164428,
24.183333333333334,0.0,0.0,0.1795873838968728,4.848480262082531e-42,1.649999999999999,4.5095586556150943e-08,0.48767556351353086,0.1832768631448049,0.48832134654823467,0.42028415825117066,0.00018512809538721961,
24.2,0.0,0.0,0.22503127393204442,3.3181967263777293e-42,1.6666666666666656,4.058602790053585e-08,0.48710660868943173,0.18022224875905815,0.4934602354371236,0.4146803694744884,0.00018235117395641132,
24.216666666666665,0.0,0.0,0.04496525894615881,2.269151671301642e-42,1.6833333333333322,3.6527425110482266e-08,0.4865383176459607,0.17721854461307385,0.49860051321490134,0.4091512978814952,0.00017961590634706516,
24.233333333333334,0.0,0.0,0.17705838135434826,1.5505644276629626e-42,1.6999999999999988,3.287468259943404e-08,0.4859706896087071,0.17426490220285595,0.503742179881568,0.4036959472430752,0.00017692166775185917,
24.25,0.0,0.0,0.10954378492330465,1.0587197228993612e-42,1.7166666666666655,2.9587214339490634e-08,0.4854037238041636,0.1713604871661417,0.5088852354371236,0.39831333461316754,0.00017426784273558127,
24.266666666666666,0.0,0.0,0.21448616868706682,7.223323861744772e-43,1.733333333333332,2.6628492905541573e-08,0.48483741945972536,0.16850447904670598,0.514029679881568,0.3930024901516586,0.00017165382509454755,
24.28333333333333,0.0,0.0,0.21056592934033308,4.9244537943761395e-43,1.7499999999999987,2.3965643614987414e-08,0.484271775803689,0.1656960710625942,0.5191755132149013,0.3877624569496365,0.00016907901771812933,
24.3,0.0,0.0,0.16771293672411902,3.354624719164869e-43,1.7666666666666653,2.1569079253488673e-08,0.48370679206525136,0.16293446987821764,0.5243227354371235,0.3825922908569747,0.0001665428324523574,
24.316666666666666,0.0,0.0,0.14424303197432356,2.283466870347766e-43,1.7833333333333319,1.9412171328139806e-08,0.48314246747450856,0.16021889538024733,0.5294713465482346,0.3774910603122151,0.00016404468996557202,
24.333333333333332,0.0,0.0,0.15330662464406905,1.5531392085035574e-43,1.7999999999999985,1.7470954195325827e-08,0.48257880126245495,0.1575485804572432,0.5346213465482346,0.3724578461747189,0.00016158401961608845,
24.35,0.0,0.0,0.17393611041178267,1.0555795018628384e-43,1.816666666666665,1.5723858775793245e-08,0.4820157926609821,0.15492277078295583,0.5397727354371235,0.36749174155905595,0.00015916025932184713,
24.366666666666667,0.0,0.0,0.11406073115131399,7.168634021628775e-44,1.8333333333333317,1.4151472898213921e-08,0.4814534409028776,0.15234072460323989,0.5449255132149012,0.36259185167160185,0.00015677285543201942,
24.383333333333333,0.0,0.0,0.11974392657384272,4.864595863332186e-44,1.8499999999999983,1.2736325608392528e-08,0.48089174522182426,0.14980171252651922,0.5500796798815679,0.3577572936493138,0.00015442126260053912,
24.4,0.0,0.0,0.10344697278605651,3.2985420094923516e-44,1.866666666666665,1.1462693047553276e-08,0.4803307048523988,0.1473050173177439,0.5552352354371235,0.3529871964006563,0.00015210494366153104,
24.416666666666668,0.0,0.0,0.07118148988512409,2.234920963113068e-44,1.8833333333333315,1.0316423742797948e-08,0.479770319030071,0.1448499336957815,0.560392179881568,0.34828070044864756,0.00014982336950660808,
24.433333333333334,0.0,0.0,0.23601481005651126,1.5130985495554223e-44,1.8999999999999981,9.284781368518154e-09,0.47921058699120256,0.14243576813418515,0.5655505132149014,0.34363695777599895,0.00014757601896400895,
24.45,0.0,0.0,0.0501112677035916,1.0236162153297418e-44,1.9166666666666647,8.35630323166634e-09,0.4786515079730462,0.14006183866528207,0.5707102354371236,0.339055131672319,0.00014536237867954883,
24.466666666666665,0.0,0.0,0.256110931954608,6.919456689507209e-45,1.9333333333333313,7.520672908499706e-09,0.4780930812137443,0.13772747468752738,0.5758713465482347,0.3345343965833547,0.0001431819429993556,
24.483333333333334,0.0,0.0,0.20959771128604793,4.6738172793487835e-45,1.949999999999998,6.768605617649736e-09,0.47753530595232824,0.1354320167760686,0.5810338465482346,0.3300739379622433,0.00014103421385436527,
24.5,0.0,0.0,0.019489312070652964,3.154542338345919e-45,1.9666666666666646,6.091745055884762e-09,0.4769781814287172,0.13317481649646745,0.5861977354371235,0.3256729521227468,0.00013891870064654978,
24.516666666666666,0.0,0.0,0.009780812880136602,2.1274819670815833e-45,1.9833333333333312,5.482570550296286e-09,0.476421706883717,0.13095523622152633,0.5913630132149013,0.3213306460944435,0.00013683492013685154,
24.53333333333333,0.0,0.0,0.1556356432440607,1.4337066869732e-45,1.9999999999999978,4.934313495266658e-09,0.4758658815590193,0.12877264895116755,0.5965296798815679,0.31704623747985095,0.00013478239633479876,
24.55,0.0,0.0,0.06993062690477696,9.654274218887749e-46,2.0166666666666644,4.440882145739992e-09,0.4753107046972005,0.12662643813531477,0.6016977354371235,0.3128189543134529,0.00013276066038977677,
24.566666666666666,0.0,0.0,0.164638805416103,6.495967538686632e-46,2.033333333333331,3.996793931165993e-09,0.47475617554172045,0.1245159974997262,0.6068671798815679,0.3086480349226069,0.00013076925048393013,
24.583333333333332,0.0,0.0,0.22834801958363438,4.367500445296121e-46,2.0499999999999976,3.5971145380493937e-09,0.47420229333692177,0.12244073087473076,0.6120380132149013,0.3045327277903055,0.00012880771172667119,
24.6,0.0,0.0,0.18176763647207003,2.934181442946535e-46,2.066666666666664,3.2374030842444545e-09,0.4736490573280287,0.12040005202681858,0.6172102354371235,0.30047229141976806,0.0001268755960507711,
24.616666666666667,0.0,0.0,0.1367155818839674,1.96972624011829e-46,2.083333333333331,2.913662775820009e-09,0.473096466761146,0.11839338449303827,0.6223838465482346,0.2964659942008378,0.00012497246211000954,
24.633333333333333,0.0,0.0,0.1393467220520622,1.3212642100258748e-46,2.0999999999999974,2.622296498238008e-09,0.472544520883258,0.1164201614181543,0.6275588465482347,0.29251311427815996,0.0001230978751783594,
24.65,0.0,0.0,0.26946520460254536,8.85601550000495e-47,2.116666666666664,2.3600668484142074e-09,0.4719932189422275,0.1144798253945184,0.6327352354371236,0.2886129394211178,0.00012125140705068402,
24.666666666666668,0.0,0.0,0.12546442318261156,5.931328274172543e-47,2.1333333333333306,2.1240601635727867e-09,0.4714425601867949,0.11257182830460975,0.6379130132149013,0.2847647668955029,0.00011943263594492376,
24.683333333333334,0.0,0.0,0.2904718575514963,3.9694510470212885e-47,2.1499999999999972,1.911654147215508e-09,0.470892543866577,0.11069563116619958,0.643092179881568,0.2809679033368962,0.0001176411464057499,
24.7,0.0,0.0,0.3148550180361753,2.654445640321195e-47,2.166666666666664,1.7204887324939572e-09,0.470343169232066,0.10885070398009626,0.6482727354371235,0.2772216646257376,0.00011587652920966365,
24.716666666666665,0.0,0.0,0.12586471181841152,1.7737079711033709e-47,2.1833333333333305,1.5484398592445615e-09,0.4697944355346286,0.10703652558042799,0.6534546798815679,0.2735253757640611,0.0001141383812715187,
24.733333333333334,0.0,0.0,0.17815710091914683,1.1842824563155176e-47,2.199999999999997,1.3935958733201053e-09,0.46924634202650484,0.10525258348742086,0.6586380132149012,0.2698783707538736,0.00011242630555244592,
24.75,0.0,0.0,0.2899454613970986,7.901205730638429e-48,2.2166666666666637,1.2542362859880948e-09,0.4686988879608073,0.10349837376263052,0.6638227354371234,0.2662799924771553,0.00011073991096915924,
24.766666666666666,0.0,0.0,0.10071165910383698,5.26740049892153e-48,2.2333333333333303,1.1288126573892854e-09,0.46815207259151964,0.10177340086658668,0.6690088465482346,0.26272959257745987,0.00010907881230462184,
24.78333333333333,0.0,0.0,0.1895052057070378,3.50884518737309e-48,2.249999999999997,1.0159313916503569e-09,0.4676058951734962,0.10007717751881023,0.6741963465482346,0.25922653134309376,0.00010744263012005251,
24.8,0.0,0.0,0.23865944926466803,2.335591952777132e-48,2.2666666666666635,9.143382524853212e-10,0.46706035496246046,0.09840922456016339,0.6793852354371235,0.2557701775918525,0.00010583099066825172,
24.816666666666666,0.0,0.0,0.0746099341079418,1.5534405210895776e-48,2.28333333333333,8.22904427236789e-10,0.46651545121500426,0.096769070817494,0.6845755132149013,0.25235990855729445,0.00010424352580822794,
24.833333333333332,0.0,0.0,0.18554042186102326,1.0324218441682943e-48,2.2999999999999967,7.406139845131101e-10,0.46597118318858677,0.09515625297053577,0.689767179881568,0.24899510977653053,0.00010267987292110452,
24.85,0.0,0.0,0.16680378654095912,6.85621829311679e-49,2.3166666666666633,6.665525860617991e-10,0.4654275501415334,0.09357031542102684,0.6949602354371236,0.2456751749795101,0.00010113967482728796,
24.866666666666667,0.0,0.0,0.11532399299887428,4.549639485268605e-49,2.33333333333333,5.998973274556192e-10,0.46488455133303497,0.09201081016400972,0.700154679881568,0.2423995059797833,9.962257970487864e-05,
24.883333333333333,0.0,0.0,0.2781358766991866,3.0167146234305494e-49,2.3499999999999965,5.399075947100573e-10,0.4643421860231464,0.09047729666127623,0.7053505132149013,0.23916751256671953,9.812824100930546e-05,
24.9,0.0,0.0,0.14631125207615933,1.9987402989969732e-49,2.366666666666663,4.859168352390516e-10,0.4638004534727861,0.08896934171692163,0.7105477354371235,0.23597861239916326,9.665631739416587e-05,
24.916666666666668,0.0,0.0,0.33640059568314973,1.3232545789254305e-49,2.3833333333333298,4.3732515171514637e-10,0.4632593529437345,0.08748651935497294,0.7157463465482345,0.23283223090050775,9.520647263325339e-05,
24.933333333333334,0.0,0.0,0.21354060099746774,8.753774166292983e-50,2.3999999999999964,3.9359263654363176e-10,0.46271888369863345,0.08602841069905673,0.7209463465482345,0.22972780115516764,9.377837554375459e-05,
24.95,0.0,0.0,0.10206533491369296,5.786449501284307e-50,2.416666666666663,3.542333728892686e-10,0.46217904500098506,0.08459460385407246,0.7261477354371234,0.22666476380643208,9.237169991059827e-05,
24.966666666666665,0.0,0.0,0.17823923166127012,3.8220282490450093e-50,2.4333333333333296,3.1881003560034175e-10,0.4616398361151506,0.08318469378983792,0.7313505132149012,0.22364256695567966,9.09861244119393e-05,
24.983333333333334,0.0,0.0,0.09741302735203247,2.522554245568613e-50,2.449999999999996,2.8692903204030755e-10,0.46110125630634957,0.08179828222667396,0.7365546798815679,0.22066066606293727,8.962133254576022e-05,
