time,speech_onset,user_speaking,speech_energy,approach_velocity,silence_duration,orient,settle,fidget_inhibit,ttp,recovery,freeze_val,events
0.0,0.0,0.0,0.0,0.0,0.016666666666666666,0.0,0.0,0.0,0.0050013888888888886,0.0,0.0,
0.016666666666666666,0.0,0.0,0.0,0.0,0.03333333333333333,0.0,0.0,0.0,0.010004166666666666,0.0,0.0,
0.03333333333333333,0.0,0.0,0.0,0.0,0.05,0.0,0.0,0.0,0.015008333333333332,0.0,0.0,
0.05,0.0,0.0,0.0,0.0,0.06666666666666667,0.0,0.0,0.0,0.020013888888888887,0.0,0.0,
0.06666666666666667,0.0,0.0,0.0,0.0,0.08333333333333333,0.0,0.0,0.0,0.025020833333333332,0.0,0.0,
0.08333333333333333,0.0,0.0,0.0,0.0,0.09999999999999999,0.0,0.0,0.0,0.030029166666666666,0.0,0.0,
0.1,0.0,0.0,0.0,0.0,0.11666666666666665,0.0,0.0,0.0,0.03503888888888889,0.0,0.0,
0.11666666666666667,0.0,0.0,0.0,0.0,0.13333333333333333,0.0,0.0,0.0,0.04005,0.0,0.0,
0.13333333333333333,0.0,0.0,0.0,0.0,0.15,0.0,0.0,0.0,0.045062500000000005,0.0,0.0,
0.15,0.0,0.0,0.0,0.0,0.16666666666666666,0.0,0.0,0.0,0.05007638888888889,0.0,0.0,
0.16666666666666666,0.0,0.0,0.0,0.0,0.18333333333333332,0.0,0.0,0.0,0.05509166666666667,0.0,0.0,
0.18333333333333332,0.0,0.0,0.0,0.0,0.19999999999999998,0.0,0.0,0.0,0.06010833333333334,0.0,0.0,
0.2,0.0,0.0,0.0,0.0,0.21666666666666665,0.0,0.0,0.0,0.0651263888888889,0.0,0.0,
0.21666666666666667,0.0,0.0,0.0,0.0,0.2333333333333333,0.0,0.0,0.0,0.07014583333333334,0.0,0.0,
0.23333333333333334,0.0,0.0,0.0,0.0,0.24999999999999997,0.0,0.0,0.0,0.07516666666666667,0.0,0.0,
0.25,0.0,0.0,0.0,0.0,0.26666666666666666,0.0,0.0,0.0,0.08018888888888889,0.0,0.0,
0.26666666666666666,0.0,0.0,0.0,0.0,0.2833333333333333,0.0,0.0,0.0,0.0852125,0.0,0.0,
0.2833333333333333,0.0,0.0,0.0,0.0,0.3,0.0,0.0,0.0,0.0902375,0.0,0.0,
0.3,0.0,0.0,0.0,0.0,0.31666666666666665,0.0,0.0,0.0,0.09526388888888888,0.0,0.0,
0.31666666666666665,0.0,0.0,0.0,0.0,0.3333333333333333,0.0,0.0,0.0,0.10029166666666667,0.0,0.0,
0.3333333333333333,0.0,0.0,0.0,0.0,0.35,0.0,0.0,0.0,0.10532083333333334,0.0,0.0,
0.35,0.0,0.0,0.0,0.0,0.36666666666666664,0.0,0.0,0.0,0.11035138888888889,0.0,0.0,
0.36666666666666664,0.0,0.0,0.0,0.0,0.3833333333333333,0.0,0.0,0.0,0.11538333333333334,0.0,0.0,
0.3833333333333333,0.0,0.0,0.0,0.0,0.39999999999999997,0.0,0.0,0.0,0.12041666666666667,0.0,0.0,
0.4,0.0,0.0,0.0,0.0,0.41666666666666663,0.0,0.0,0.0,0.1254513888888889,0.0,0.0,
0.4166666666666667,0.0,0.0,0.0,0.0,0.4333333333333333,0.0,0.0,0.0,0.1304875,0.0,0.0,
0.43333333333333335,0.0,0.0,0.0,0.0,0.44999999999999996,0.0,0.0,0.0,0.135525,0.0,0.0,
0.45,0.0,0.0,0.0,0.0,0.4666666666666666,0.0,0.0,0.0,0.1405638888888889,0.0,0.0,
0.4666666666666667,0.0,0.0,0.0,0.0,0.4833333333333333,0.0,0.0,0.0,0.14560416666666667,0.0,0.0,
0.48333333333333334,0.0,0.0,0.0,0.0,0.49999999999999994,0.0,0.0,0.0,0.15064583333333334,0.0,0.0,
0.5,0.0,0.0,0.0,0.0,0.5166666666666666,0.0,0.0,0.0,0.1556888888888889,0.0,0.0,
0.5166666666666666,0.0,0.0,0.0,0.0,0.5333333333333333,0.0,0.0,0.0,0.16073333333333334,0.0,0.0,
0.5333333333333333,0.0,0.0,0.0,0.0,0.55,0.0,0.0,0.0,0.16577916666666667,0.0,0.0,
0.55,0.0,0.0,0.0,0.0,0.5666666666666668,0.0,0.0,0.0,0.1708263888888889,0.0,0.0,
0.5666666666666667,0.0,0.0,0.0,0.0,0.5833333333333335,0.0,0.0,0.0,0.175875,0.0,0.0,
0.5833333333333334,0.0,0.0,0.0,0.0,0.6000000000000002,0.0,0.0,0.0,0.180925,0.0,0.0,
0.6,0.0,0.0,0.0,0.0,0.6166666666666669,0.0,0.0,0.0,0.1859763888888889,0.0,0.0,
0.6166666666666667,0.0,0.0,0.0,0.0,0.6333333333333336,0.0,0.0,0.0,0.19102916666666667,0.0,0.0,
0.6333333333333333,0.0,0.0,0.0,0.0,0.6500000000000004,0.0,0.0,0.0,0.19608333333333333,0.0,0.0,
0.65,0.0,0.0,0.0,0.0,0.6666666666666671,0.0,0.0,0.0,0.2011388888888889,0.0,0.0,
0.6666666666666666,0.0,0.0,0.0,0.0,0.6833333333333338,0.0,0.0,0.0,0.20619583333333333,0.0,0.0,
0.6833333333333333,0.0,0.0,0.0,0.0,0.7000000000000005,0.0,0.0,0.0,0.21125416666666666,0.0,0.0,
0.7,0.0,0.0,0.0,0.0,0.7166666666666672,0.0,0.0,0.0,0.2163138888888889,0.0,0.0,
0.7166666666666667,0.0,0.0,0.0,0.0,0.733333333333334,0.0,0.0,0.0,0.221375,0.0,0.0,
0.7333333333333333,0.0,0.0,0.0,0.0,0.7500000000000007,0.0,0.0,0.0,0.22643749999999999,0.0,0.0,
0.75,0.0,0.0,0.0,0.0,0.7666666666666674,0.0,0.0,0.0,0.23150138888888888,0.0,0.0,
0.7666666666666666,0.0,0.0,0.0,0.0,0.7833333333333341,0.0,0.0,0.0,0.23656666666666665,0.0,0.0,
0.7833333333333333,0.0,0.0,0.0,0.0,0.8000000000000008,0.0,0.0,0.0,0.2416333333333333,0.0,0.0,
0.8,0.0,0.0,0.0,0.0,0.8166666666666675,0.0,0.0,0.0,0.24670138888888887,0.0,0.0,
0.8166666666666667,0.0,0.0,0.0,0.0,0.8333333333333343,0.0,0.0,0.0,0.25177083333333333,0.0,0.0,
0.8333333333333334,0.0,0.0,0.0,0.0,0.850000000000001,0.0,0.0,0.0,0.2568416666666667,0.0,0.0,
0.85,0.0,0.0,0.0,0.0,0.8666666666666677,0.0,0.0,0.0,0.2619138888888889,0.0,0.0,
0.8666666666666667,0.0,0.0,0.0,0.0,0.8833333333333344,0.0,0.0,0.0,0.2669875,0.0,0.0,
0.8833333333333333,0.0,0.0,0.0,0.0,0.9000000000000011,0.0,0.0,0.0,0.2720625,0.0,0.0,
0.9,0.0,0.0,0.0,0.0,0.9166666666666679,0.0,0.0,0.0,0.2771388888888889,0.0,0.0,
0.9166666666666666,0.0,0.0,0.0,0.0,0.9333333333333346,0.0,0.0,0.0,0.28221666666666667,0.13813333333333336,0.0,micro_nod_ready
0.9333333333333333,0.0,0.0,0.0,0.0,0.9500000000000013,0.0,0.0,0.0,0.28729583333333336,0.13629155555555558,0.0,
0.95,0.0,0.0,0.0,0.0,0.966666666666668,0.0,0.0,0.0,0.2923763888888889,0.13447433481481483,0.0,
0.9666666666666667,0.0,0.0,0.0,0.0,0.9833333333333347,0.0,0.0,0.0,0.2974583333333333,0.13268134368395063,0.0,
0.9833333333333333,0.0,0.0,0.0,0.0,1.0000000000000013,0.0,0.0,0.0,0.30254166666666665,0.13091225910149795,0.0,
1.0,0.0,0.0,0.0,0.0,1.016666666666668,0.0,0.0,0.0,0.3076263888888889,0.12916676231347798,0.0,
1.0166666666666666,0.0,0.0,0.0,0.0,1.0333333333333345,0.0,0.0,0.0,0.3127125,0.12744453881596493,0.0,
1.0333333333333332,0.0,0.0,0.0,0.0,1.0500000000000012,0.0,0.0,0.0,0.3178,0.12574527829841872,0.0,
1.05,0.0,0.0,0.0,0.0,1.0666666666666678,0.0,0.0,0.0,0.3228888888888889,0.12406867458777314,0.0,
1.0666666666666667,0.0,0.0,0.0,0.0,1.0833333333333344,0.0,0.0,0.0,0.32797916666666665,0.1224144255932695,0.0,
1.0833333333333333,0.0,0.0,0.0,0.0,1.100000000000001,0.0,0.0,0.0,0.3330708333333333,0.1207822332520259,0.0,
1.1,0.0,0.0,0.0,0.0,1.1166666666666676,0.0,0.0,0.0,0.3381638888888889,0.11917180347533222,0.0,
1.1166666666666667,0.0,0.0,0.0,0.0,1.1333333333333342,0.0,0.0,0.0,0.34325833333333333,0.11758284609566112,0.0,
1.1333333333333333,0.0,0.0,0.0,0.0,1.1500000000000008,0.0,0.0,0.0,0.3483541666666667,0.11601507481438564,0.0,
1.15,0.0,0.0,0.0,0.0,1.1666666666666674,0.0,0.0,0.0,0.3534513888888889,0.11446820715019383,0.0,
1.1666666666666667,0.0,0.0,0.0,0.0,1.183333333333334,0.0,0.0,0.0,0.35855,0.11294196438819125,0.0,
1.1833333333333333,0.0,0.0,0.0,0.0,1.2000000000000006,0.0,0.0,0.0,0.36365,0.11143607152968203,0.0,
1.2,0.0,0.0,0.0,0.0,1.2166666666666672,0.0,0.0,0.0,0.36875138888888886,0.1099502572426196,0.0,
1.2166666666666666,0.0,0.0,0.0,0.0,1.2333333333333338,0.0,0.0,0.0,0.37385416666666665,0.108484253812718,0.0,
1.2333333333333334,0.0,0.0,0.0,0.0,1.2500000000000004,0.0,0.0,0.0,0.37895833333333334,0.1070377970952151,0.0,
1.25,0.0,0.0,0.0,0.0,1.266666666666667,0.0,0.0,0.0,0.38406388888888887,0.1056106264672789,0.0,
1.2666666666666666,0.0,0.0,0.0,0.0,1.2833333333333337,0.0,0.0,0.0,0.3891708333333333,0.10420248478104852,0.0,
1.2833333333333332,0.0,0.0,0.0,0.0,1.3000000000000003,0.0,0.0,0.0,0.3942791666666666,0.10281311831730121,0.0,
1.3,0.0,0.0,0.0,0.0,1.3166666666666669,0.0,0.0,0.0,0.39938888888888885,0.10144227673973719,0.0,
1.3166666666666667,0.0,0.0,0.0,0.0,1.3333333333333335,0.0,0.0,0.0,0.40449999999999997,0.10008971304987402,0.0,
1.3333333333333333,0.0,0.0,0.0,0.0,1.35,0.0,0.0,0.0,0.4096125,0.09875518354254237,0.0,
1.35,0.0,0.0,0.0,0.0,1.3666666666666667,0.0,0.0,0.0,0.41472638888888885,0.09743844776197513,0.0,
1.3666666666666667,0.0,0.0,0.0,0.0,1.3833333333333333,0.0,0.0,0.0,0.4198416666666666,0.09613926845848213,0.0,
1.3833333333333333,0.0,0.0,0.0,0.0,1.4,0.0,0.0,0.0,0.42495833333333327,0.09485741154570236,0.0,
1.4,0.0,0.0,0.0,0.0,1.4166666666666665,0.0,0.0,0.0,0.4300763888888888,0.09359264605842633,0.0,
1.4166666666666667,0.0,0.0,0.0,0.0,1.4333333333333331,0.0,0.0,0.0,0.4351958333333333,0.09234474411098065,0.0,
1.4333333333333333,0.0,0.0,0.0,0.0,1.4499999999999997,0.0,0.0,0.0,0.44031666666666663,0.09111348085616758,0.0,
1.45,0.0,0.0,0.0,0.0,1.4666666666666663,0.0,0.0,0.0,0.44543888888888883,0.089898634444752,0.0,
1.4666666666666666,0.0,0.0,0.0,0.0,1.483333333333333,0.0,0.0,0.0,0.4505624999999999,0.08869998598548864,0.0,
1.4833333333333334,0.0,0.0,0.0,0.0,1.4999999999999996,0.0,0.0,0.0,0.4556874999999999,0.08751731950568213,0.0,
1.5,1.0,1.0,0.0,0.0,0.0,1.4400000000000002,0.004994166666666667,0.05,0.4522698437499999,0.38235042191227303,0.0,gaze_shift
1.5166666666666666,0.0,1.0,0.027259866910744543,0.0,0.0,1.2960000000000003,0.009957565104861111,0.0975,0.4488778199218749,0.3772524162867761,0.0,
1.5333333333333332,0.0,1.0,0.05709220382383633,0.0,0.0,1.1664000000000003,0.014890384872510912,0.142625,0.44551123627246086,0.37222238406961905,0.0,
1.55,0.0,1.0,0.047718872660760456,0.0,0.0,1.0497600000000002,0.01979281435970885,0.18549375,0.4421699020004174,0.3672594189486908,0.0,
1.5666666666666667,0.0,1.0,0.18132553020589068,0.0,0.0,0.9447840000000002,0.02466504079590774,0.2262190625,0.43885362773541425,0.3623626266960416,0.0,
1.5833333333333333,0.0,1.0,0.21150500003728184,0.0,0.0,0.8503056000000002,0.029507250257070954,0.26490810937500003,0.43556222552739865,0.35753112500676104,0.0,
1.6,0.0,1.0,0.20364975319195386,0.0,0.0,0.7652750400000002,0.03431962767277885,0.30166270390625005,0.43229550883594314,0.3527640433400042,0.0,
1.6166666666666667,0.0,1.0,0.298953936912389,0.0,0.0,0.6887475360000002,0.039102356833291475,0.3365795687109375,0.42905329251967356,0.3480605227621375,0.0,
1.6333333333333333,0.0,1.0,0.32610901350031896,0.0,0.0,0.6198727824000001,0.04385562039656771,0.36975059027539064,0.425835392825776,0.34341971579197567,0.0,
1.65,0.0,1.0,0.32712596887388395,0.0,0.0,0.55788550416,0.04857959989524119,0.4012630607616211,0.42264162737958266,0.33884078624808267,0.0,
1.6666666666666667,0.0,1.0,0.47439479695198256,0.0,0.0,0.5020969537440001,0.053274475743553255,0.43119990772354005,0.4194718151742358,0.33432290909810825,0.0,
1.6833333333333333,0.0,1.0,0.43347687596266077,0.0,0.0,0.4518872583696001,0.05794042724424318,0.45963991233736307,0.4163257765604291,0.32986527031013346,0.0,
1.7,0.0,1.0,0.47369408767536286,0.0,0.0,0.4066985325326401,0.06257763259539594,0.4866579167204949,0.4132033332362259,0.32546706670599834,0.0,
1.7166666666666666,0.0,1.0,0.4705530353231059,0.0,0.0,0.3660286792793761,0.0671862688972478,0.5123250208844702,0.4101043082369542,0.32112750581658506,0.0,
1.7333333333333334,0.0,1.0,0.6153758402768252,0.0,0.0,0.3294258113514385,0.07176651215895001,0.5367087698402466,0.4070285259251771,0.3168458057390306,0.0,
1.75,0.0,1.0,0.590672426593807,0.0,0.0,0.29648323021629464,0.07631853730529074,0.5598733313482342,0.40397581198073823,0.3126211949958435,0.0,
1.7666666666666666,0.0,1.0,0.6803863517117883,0.0,0.0,0.2668349071946652,0.08084251818337573,0.5818796647808225,0.4009459933908827,0.30845291239589895,0.0,
1.7833333333333332,0.0,1.0,0.5695185304965659,0.0,0.0,0.24015141647519866,0.08533862756926765,0.6027856815417814,0.3979388984404511,0.30434020689728697,0.0,
1.8,0.0,1.0,0.6652193416534246,0.0,0.0,0.2161362748276788,0.08980703717458466,0.6226463974646923,0.39495435670214774,0.3002823374719898,0.0,
1.8166666666666667,0.0,1.0,0.5170452102781731,0.0,0.0,0.19452264734491093,0.09424791765305823,0.6415140775914577,0.39199219902688165,0.29627857297236326,0.0,
1.8333333333333333,0.0,1.0,0.7009757966844173,0.0,0.0,0.17507038261041982,0.09866143860705068,0.6594383737118849,0.38905225753418005,0.2923281919993984,0.0,
1.8499999999999999,0.0,1.0,0.6018535323190278,0.0,0.0,0.15756334434937785,0.1030477685940324,0.6764664550262907,0.38613436560267367,0.28843048277273975,0.0,
1.8666666666666667,0.0,1.0,0.6030659805977955,0.0,0.0,0.14180700991444006,0.10740707513301934,0.6926431322749761,0.38323835786065363,0.2845847430024365,0.0,
1.8833333333333333,0.0,1.0,0.6026678869275247,0.0,0.0,0.12762630892299606,0.11173952471097066,0.7080109756612273,0.3803640701766987,0.28079027976240406,0.0,
1.9,0.0,1.0,0.4287090999815999,0.0,0.0,0.11486367803069646,0.11604528278914716,0.7226104268781659,0.3775113396503735,0.277046409365572,0.0,
1.9166666666666667,0.0,1.0,0.6473891369083824,0.0,0.0,0.1033773102276268,0.12032451380943036,0.7364799055342576,0.37468000460299566,0.27335245724069773,0.0,
1.9333333333333333,0.0,1.0,0.8102017978226403,0.0,0.0,0.09303957920486412,0.12457738120060277,0.7496559102575447,0.3718699045684732,0.26970775781082174,0.0,
1.95,0.0,1.0,0.3826762214930821,0.0,0.0,0.08373562128437771,0.1288040473845894,0.7621731147446675,0.36908088028420966,0.2661116543733441,0.0,
1.9666666666666666,0.0,1.0,0.39247062394146187,0.0,0.0,0.07536205915593994,0.13300467378266084,0.7740644590074341,0.3663127736820781,0.2625634989816995,0.0,
1.9833333333333334,0.0,1.0,0.4435383258260297,0.0,0.0,0.06782585324034594,0.13717942082159817,0.7853612360570624,0.3635654278794625,0.2590626523286102,0.0,
2.0,0.0,1.0,0.7509750672144799,0.0,0.0,0.06104326791631135,0.14132844793981977,0.7960931742542093,0.36083868717036655,0.2556084836308954,0.0,
2.0166666666666666,0.0,1.0,0.69132778340714,0.0,0.0,0.054938941124680216,0.14545191359347054,0.8062885155414988,0.3581323970165888,0.2522003705158168,0.0,
2.033333333333333,0.0,1.0,0.8294010928887157,0.0,0.0,0.049445047012212195,0.14954997526247343,0.8159740897644239,0.3554464040389644,0.24883769890893923,0.0,
2.05,0.0,1.0,0.8074023827955544,0.0,0.0,0.04450054231099097,0.15362278945654387,0.8251753852762027,0.35278055600867214,0.2455198629234867,0.0,
2.0666666666666664,0.0,1.0,0.7618711578634774,0.0,0.0,0.04005048807989188,0.15767051172116703,0.8339166160123925,0.3501347018386071,0.24224626475117356,0.0,
2.0833333333333335,0.0,1.0,0.7806771600589513,0.0,0.0,0.03604543927190269,0.1616932966435382,0.8422207852117729,0.34750869157481756,0.23901631455449124,0.0,
2.1,0.0,1.0,0.7296287402732238,0.0,0.0,0.03244089534471242,0.1656912978584668,0.8501097459511843,0.3449023763880064,0.23582943036043136,0.0,
2.1166666666666667,0.0,1.0,0.850807807974288,0.0,0.0,0.02919680581024118,0.16966466805424377,0.8576042586536251,0.34231560856509635,0.23268503795562562,0.0,
2.1333333333333333,0.0,1.0,0.6010366249647535,0.0,0.0,0.02627712522921706,0.17361355897847291,0.8647240457209439,0.33974824150085814,0.22958257078288394,0.0,
2.15,0.0,1.0,0.670087618977257,0.0,0.0,0.023649412706295354,0.17753812144386638,0.8714878434348967,0.3372001296896017,0.22652146983911214,0.0,
2.1666666666666665,0.0,1.0,0.7291526623718483,0.0,0.0,0.02128447143566582,0.1814385053340043,0.8779134512631519,0.3346711287169297,0.22350118357459064,0.0,
2.183333333333333,0.0,1.0,0.8920524075241727,0.0,0.0,0.019156024292099238,0.18531485960905905,0.8840177786999943,0.33216109525155274,0.2205211677935961,0.0,
2.2,0.0,1.0,0.5582643061135519,0.0,0.0,0.017240421862889314,0.18916733231148425,0.8898168897649946,0.3296698870371661,0.21758088555634814,0.0,
2.216666666666667,0.0,1.0,0.4946308403933145,0.0,0.0,0.015516379676600384,0.1929960705716686,0.8953260452767449,0.32719736288438733,0.2146798070822635,0.0,
2.2333333333333334,0.0,1.0,0.5324055361795157,0.0,0.0,0.013964741708940345,0.19680122061355496,0.9005597430129076,0.32474338266275443,0.2118174096545,0.0,
2.25,0.0,1.0,0.6956019860179249,0.0,0.0,0.01256826753804631,0.20058292776022493,0.9055317558622623,0.3223078072927838,0.20899317752577332,0.0,
2.2666666666666666,0.0,1.0,0.535196798794537,0.0,0.0,0.01131144078424168,0.20434133643944882,0.9102551680691492,0.31989049873808795,0.20620660182542966,0.0,
2.283333333333333,0.0,1.0,0.7123290596795282,0.0,0.0,0.01018029670581751,0.20807659018920144,0.9147424096656918,0.3174913199975523,0.20345718046775726,0.0,
2.3,0.0,1.0,0.3252964578872771,0.0,0.0,0.009162267035235759,0.21178883166314413,0.9190052891824072,0.3151101350975707,0.2007444180615205,0.0,
2.3166666666666664,0.0,1.0,0.6888301943991505,0.0,0.0,0.008246040331712183,0.21547820263607279,0.9230550247232868,0.3127468090843389,0.1980678258207002,0.0,
2.3333333333333335,0.0,1.0,0.6875814084131009,0.0,0.0,0.0074214362985409645,0.2191448440093324,0.9269022734871225,0.31040120801620635,0.1954269214764242,0.0,
2.35,0.0,1.0,0.40904943910516717,0.0,0.0,0.006679292668686868,0.22278889581619823,0.9305571598127664,0.3080731989560848,0.19282122919007189,0.0,
2.3666666666666667,0.0,1.0,0.6184298263843145,0.0,0.0,0.006011363401818181,0.22641049722722392,0.9340293018221281,0.30576264996391417,0.1902502794675376,0.0,
2.3833333333333333,0.0,1.0,0.770009011713092,0.0,0.0,0.005410227061636363,0.23000978655555654,0.9373278367310217,0.3034694300891848,0.18771360907463708,0.0,
2.4,0.0,1.0,0.6605502850771426,0.0,0.0,0.004869204355472726,0.23358690126221884,0.9404614448944706,0.3011934093635159,0.18521076095364192,0.0,
2.4166666666666665,0.0,1.0,0.7958460751684651,0.0,0.0,0.004382283919925453,0.2371419779613592,0.9434383726497471,0.29893445879328956,0.1827412841409267,0.0,
2.433333333333333,0.0,1.0,0.9849864295980567,0.0,0.0,0.003944055527932908,0.2406751524254689,0.9462664540172597,0.2966924503523399,0.18030473368571434,0.0,
2.45,0.0,1.0,0.7535825486697345,0.0,0.0,0.003549649975139617,0.24418655959056768,0.9489531313163967,0.29446725697469733,0.17790067056990483,0.0,
2.466666666666667,0.0,1.0,0.7029566627052912,0.0,0.0,0.003194684977625655,0.24767633356135677,0.9515054747505769,0.2922587525473871,0.17552866162897277,0.0,
2.4833333333333334,0.0,1.0,0.6540663234505631,0.0,0.0,0.0028752164798630897,0.2511446076163409,0.953930201013048,0.2900668119032817,0.1731882794739198,0.0,
2.5,0.0,1.0,0.8277677521853383,0.0,0.0,0.0025876948318767808,0.2545915142129179,0.9562336909623956,0.2878913108140071,0.17087910241426754,0.0,
2.5166666666666666,0.0,1.0,0.7229849746659802,0.0,0.0,0.0023289253486891027,0.2580171849924378,0.9584220064142759,0.28573212598290204,0.1686007143820773,0.0,
2.533333333333333,0.0,1.0,0.715152975883156,0.0,0.0,0.0020960328138201925,0.2614217507852302,0.9605009060935621,0.2835891350380303,0.16635270485698295,0.0,
2.55,0.0,1.0,0.7080795047088512,0.0,0.0,0.0018864295324381732,0.2648053416156009,0.962475860788884,0.28146221652524506,0.1641346687922232,0.0,
2.5666666666666664,0.0,1.0,0.77798435831026,0.0,0.0,0.0016977865791943558,0.2681680867067974,0.9643520677494398,0.2793512499013057,0.1619462065416602,0.0,
2.5833333333333335,0.0,1.0,0.5479211510504626,0.0,0.0,0.0015280079212749201,0.27151011448594464,0.9661344643619678,0.27725611552704593,0.1597869237877714,0.0,
2.6,0.0,1.0,0.46641482111953303,0.0,0.0,0.0013752071291474282,0.2748315525889492,0.9678277411438694,0.2751766946605931,0.15765643147060113,0.0,
2.6166666666666667,0.0,1.0,0.33205289183187564,0.0,0.0,0.0012376864162326855,0.2781325278653741,0.9694363540866759,0.2731128694506386,0.15555434571765978,0.0,
2.6333333333333333,0.0,1.0,0.7438405079268096,0.0,0.0,0.0011139177746094168,0.28141316638328356,0.9709645363823421,0.27106452292975886,0.15348028777475764,0.0,
2.65,0.0,1.0,0.5881445250313373,0.0,0.0,0.001002525997148475,0.28467359343405724,0.972416309563225,0.26903153900778565,0.15143388393776086,0.0,
2.6666666666666665,0.0,1.0,0.744611789196238,0.0,0.0,0.0009022733974336276,0.2879139335371756,0.9737954940850637,0.26701380246522727,0.1494147654852574,0.0,
2.683333333333333,0.0,1.0,0.5523326615978454,0.0,0.0,0.0008120460576902648,0.2911343104449753,0.9751057193808106,0.2650111989467381,0.14742256861212064,0.0,
2.7,0.0,1.0,0.46094134537609877,0.0,0.0,0.0007308414519212383,0.29433484714737557,0.9763504334117701,0.26302361495463755,0.14545693436395904,0.0,
2.716666666666667,0.0,1.0,0.6107589332270519,0.0,0.0,0.0006577573067291145,0.2975156658765751,0.9775329117411816,0.2610509378424778,0.14351750857243958,0.0,
2.7333333333333334,0.0,1.0,0.5542068500690926,0.0,0.0,0.0005919815760562031,0.30067688811172044,0.9786562661541225,0.2590930558086592,0.14160394179147373,0.0,
2.75,0.0,1.0,0.42878692244450967,0.0,0.0,0.0005327834184505828,0.3038186345835455,0.9797234528464164,0.25714985789009426,0.13971588923425407,0.0,
2.7666666666666666,0.0,1.0,0.493792010225907,0.0,0.0,0.0004795050766055245,0.3069410252789821,0.9807372802040956,0.25522123395591856,0.13785301071113068,0.0,
2.783333333333333,0.0,1.0,0.8361316135878981,0.0,0.0,0.0004315545689449721,0.3100441794457425,0.9817004161938908,0.2533070747012492,0.1360149705683156,0.0,
2.8,0.0,1.0,0.6925220714388228,0.0,0.0,0.0003883991120504749,0.3131282155968738,0.9826153953841963,0.2514072716409898,0.13420143762740472,0.0,
2.8166666666666664,0.0,1.0,0.7258482887138727,0.0,0.0,0.0003495592008454274,0.3161932515152841,0.9834846256149865,0.24952171710368237,0.13241208512570599,0.0,
2.8333333333333335,0.0,1.0,0.6668137938014788,0.0,0.0,0.0003146032807608847,0.3192394042582404,0.9843103943342372,0.24765030422540477,0.13064659065736323,0.0,
2.85,0.0,1.0,0.6379443304667239,0.0,0.0,0.00028314295268479624,0.3222667901618394,0.9850948746175253,0.24579292694371424,0.12890463611526504,0.0,
2.8666666666666667,0.0,1.0,0.8436012382469559,0.0,0.0,0.0002548286574163166,0.3252755248454507,0.985840130886649,0.24394947999163638,0.12718590763372817,0.0,
2.8833333333333333,0.0,1.0,0.7340374083080639,0.0,0.0,0.00022934579167468495,0.328265723216132,0.9865481243423165,0.2421198588916991,0.12549009553194512,0.0,
2.9,0.0,1.0,0.6589070265902484,0.0,0.0,0.00020641121250721645,0.33123749947301795,0.9872207181252007,0.24030395995001136,0.12381689425818586,0.0,
2.9166666666666665,0.0,1.0,0.7304971603069613,0.0,0.0,0.0001857700912564948,0.3341909671116813,0.9878596822189407,0.23850168025038626,0.12216600233474338,0.0,
2.933333333333333,0.0,1.0,0.6279298183717619,0.0,0.0,0.0001671930821308453,0.3371262389284674,0.9884666981079937,0.23671291764850835,0.12053712230361346,0.0,
2.95,0.0,1.0,0.7435161787495879,0.0,0.0,0.00015047377391776078,0.3400434270248023,0.989043363202594,0.23493757076614455,0.11892996067289861,0.0,
2.966666666666667,0.0,1.0,0.835507315608285,0.0,0.0,0.0001354263965259847,0.34294264281147363,0.9895911950424643,0.23317553898539847,0.11734422786392663,0.0,
2.9833333333333334,0.0,1.0,0.5755516845730625,0.0,0.0,0.00012188375687338623,0.34582399701288596,0.9901116352903411,0.231426722443008,0.11577963815907427,0.0,
3.0,0.0,1.0,0.8214252806204947,0.0,0.0,0.00010969538118604761,0.3486875996712891,0.990606053525824,0.22969102202468544,0.11423590965028661,0.0,
3.0166666666666666,0.0,1.0,0.5440037016503734,0.0,0.0,9.872584306744284e-05,0.35153356015098086,0.9910757508495328,0.2279683393595003,0.11271276418828279,0.0,
3.033333333333333,0.0,1.0,0.618409459526873,0.0,0.0,8.885325876069856e-05,0.354361987142484,0.9915219633070562,0.22625857681430406,0.11120992733243902,0.0,
3.05,0.0,1.0,0.47892293884484327,0.0,0.0,7.99679328846287e-05,0.35717298866669706,0.9919458651417035,0.22456163748819677,0.10972712830133984,0.0,
3.0666666666666664,0.0,1.0,0.5367292396590363,0.0,0.0,7.197113959616584e-05,0.35996667207901967,0.9923485718846183,0.2228774252070353,0.10826409992398864,0.0,
3.0833333333333335,0.0,1.0,0.5590959468703882,0.0,0.0,6.477402563654925e-05,0.3627431440734529,0.9927311432903874,0.22120584451798253,0.10682057859166878,0.0,
3.1,0.0,1.0,0.49783780645918874,0.0,0.0,5.829662307289433e-05,0.36550251068667367,0.993094586125868,0.21954680068409765,0.10539630421044653,0.0,
3.1166666666666667,0.0,1.0,0.4690608699023925,0.0,0.0,5.24669607656049e-05,0.3682448773020848,0.9934398568195746,0.21790019967896693,0.10399102015430725,0.0,
3.1333333333333333,0.0,1.0,0.48205111674191675,0.0,0.0,4.722026468904441e-05,0.3709703486538396,0.9937678639785958,0.21626594818137468,0.10260447321891648,0.0,
3.15,0.0,1.0,0.48075012797124167,0.0,0.0,4.249823822013997e-05,0.37367902883084136,0.9940794707796661,0.21464395357001437,0.1012364135759976,0.0,
3.1666666666666665,0.0,1.0,0.4115904008490681,0.0,0.0,3.824841439812597e-05,0.37637102128071936,0.9943754972406827,0.21303412391823925,0.09988659472831762,0.0,
3.183333333333333,0.0,1.0,0.5925617421604524,0.0,0.0,3.4423572958313375e-05,0.3790464288137791,0.9946567223786487,0.21143636798885246,0.09855477346527339,0.0,
3.2,0.0,1.0,0.6981389851532163,0.0,0.0,3.0981215662482034e-05,0.38170535360692887,0.9949238862597163,0.20985059522893607,0.09724070981906974,0.0,
3.216666666666667,0.0,1.0,0.784890135521382,0.0,0.0,2.788309409623383e-05,0.38434789720758217,0.9951776919467304,0.20827671576471904,0.09594416702148215,0.0,
3.2333333333333334,0.0,1.0,0.7776523274255326,0.0,0.0,2.509478468661045e-05,0.3869741605375358,0.9954188073493939,0.20671464039648366,0.09466491146119571,0.0,
3.25,0.0,1.0,1.0,0.0,0.0,2.2585306217949402e-05,0.38958424389682417,0.9956478669819242,0.20516428059351002,0.0934027126417131,0.0,
3.2666666666666666,0.0,1.0,0.7748443365877847,0.0,0.0,2.032677559615446e-05,0.3921782469675498,0.995865473632828,0.2036255484890587,0.09215734313982359,0.0,
3.283333333333333,0.0,1.0,0.6918325153570647,0.0,0.0,1.8294098036539015e-05,0.39475626881769055,0.9960721999511866,0.20209835687539077,0.09092857856462594,0.0,
3.3,0.0,1.0,0.9745961564419281,0.0,0.0,1.6464688232885114e-05,0.39731840790488293,0.9962685899536272,0.20058261919882533,0.0897161975170976,0.0,
3.3166666666666664,0.0,1.0,0.6209264113976171,0.0,0.0,1.4818219409596604e-05,0.3998647620801823,0.9964551604559458,0.19907824955483414,0.08851998155020296,0.0,
3.3333333333333335,0.0,1.0,0.8528198535211099,0.0,0.0,1.3336397468636943e-05,0.4023954285918,0.9966324024331485,0.1975851626831729,0.08733971512953359,0.0,
3.35,0.0,1.0,0.6060933057516926,0.0,0.0,1.200275772177325e-05,0.40491050408881735,0.9968007823114912,0.19610327396304908,0.08617518559447314,0.0,
3.3666666666666667,0.0,1.0,0.7424933989121805,0.0,0.0,1.0802481949595925e-05,0.4074100846248768,0.9969607431959167,0.19463249940832622,0.08502618311988017,0.0,
3.3833333333333333,0.0,1.0,0.43967429424170823,0.0,0.0,9.722233754636332e-06,0.4098942656618504,0.9971127060361208,0.19317275566276376,0.08389250067828176,0.0,
3.4,0.0,1.0,0.7579128449180734,0.0,0.0,8.7500103791727e-06,0.41236314207348534,0.9972570707343148,0.19172395999529304,0.08277393400257134,0.0,
3.4166666666666665,0.0,1.0,0.6051283816571605,0.0,0.0,7.87500934125543e-06,0.4148168081490276,0.997394217197599,0.19028603029532834,0.08167028154920372,0.0,
3.433333333333333,0.0,1.0,0.4838782233930952,0.0,0.0,7.0875084071298874e-06,0.4172553575968228,0.997524506337719,0.18885888506811338,0.080581344461881,0.0,
3.4499999999999997,0.0,1.0,0.780699606532805,0.0,0.0,6.378757566416899e-06,0.41967888354789507,0.9976482810208331,0.18744244343010252,0.0795069265357226,0.0,
3.466666666666667,0.0,1.0,0.6552400216734906,0.0,0.0,5.740881809775209e-06,0.42208747855950374,0.9977658669697915,0.18603662510437674,0.07844683418191296,0.0,
3.4833333333333334,0.0,1.0,0.5589043576646182,0.0,0.0,5.166793628797688e-06,0.42448123461867837,0.9978775736213019,0.18464135041609392,0.0774008763928208,0.0,
3.5,0.0,1.0,0.46054679334518467,0.0,0.0,4.650114265917919e-06,0.4268602431457318,0.9979836949402369,0.18325654028797322,0.07636886470758318,0.0,
3.5166666666666666,0.0,1.0,0.5482039065516828,0.0,0.0,4.185102839326127e-06,0.42922459499775145,0.998084510193225,0.18188211623581343,0.07535061317814874,0.0,
3.533333333333333,0.0,1.0,0.5437260080669326,0.0,0.0,3.7665925553935144e-06,0.4315743804720695,0.9981802846835637,0.18051800036404483,0.07434593833577342,0.0,
3.55,0.0,1.0,0.6662625011062759,0.0,0.0,3.389933299854163e-06,0.43390968930971113,0.9982712704493855,0.1791641153613145,0.07335465915796312,0.0,
3.5666666666666664,0.0,1.0,0.6957690217391747,0.0,0.0,3.0509399698687466e-06,0.43623061069882224,0.9983577069269162,0.17782038449610463,0.07237659703585694,0.0,
3.5833333333333335,0.0,1.0,0.5439873299182203,0.0,0.0,2.7458459728818718e-06,0.43853723327807526,0.9984398215805703,0.17648673161238385,0.07141157574204551,0.0,
3.6,0.0,1.0,0.5840755327091536,0.0,0.0,2.4712613755936847e-06,0.44082964514005457,0.9985178305015419,0.17516308112529097,0.07045942139881824,0.0,
3.6166666666666667,0.0,1.0,0.6120340651768187,0.0,0.0,2.2241352380343164e-06,0.4431079338346209,0.9985919389764648,0.17384935801685128,0.06951996244683399,0.0,
3.6333333333333333,0.0,1.0,0.5380819304490517,0.0,0.0,2.0017217142308847e-06,0.4453721863722548,0.9986623420276416,0.1725454878317249,0.06859302961420954,0.0,
3.65,0.0,1.0,0.6497216921717085,0.0,0.0,1.8015495428077962e-06,0.44762248922737974,0.9987292249262595,0.17125139667298697,0.06767845588602009,0.0,
3.6666666666666665,0.0,1.0,0.7255135725536765,0.0,0.0,1.6213945885270166e-06,0.4498589283416647,0.9987927636799465,0.16996701119793958,0.06677607647420648,0.0,
3.683333333333333,0.0,1.0,0.8295068159815838,0.0,0.0,1.459255129674315e-06,0.45208158912730645,0.9988531254959492,0.16869225861395504,0.06588572878788373,0.0,
3.6999999999999997,0.0,1.0,0.9084455387240135,0.0,0.0,1.3133296167068836e-06,0.4542905564702913,0.9989104692211517,0.16742706667435037,0.06500725240404528,0.0,
3.716666666666667,0.0,1.0,0.6495910773217871,0.0,0.0,1.1819966550361951e-06,0.45648591473363725,0.9989649457600941,0.16617136367429275,0.06414048903865802,0.0,
3.7333333333333334,0.0,1.0,0.8027197242042002,0.0,0.0,1.0637969895325756e-06,0.45866774776061575,0.9990166984720894,0.16492507844673554,0.06328528251814258,0.0,
3.75,0.0,1.0,0.6673758590339898,0.0,0.0,9.57417290579318e-07,0.4608361388779539,0.9990658635484849,0.16368814035838503,0.062441478751234014,0.0,
3.7666666666666666,0.0,1.0,0.949022533157847,0.0,0.0,8.616755615213862e-07,0.46299117089901665,0.9991125703710607,0.16246047930569713,0.06160892570121756,0.0,
3.783333333333333,0.0,1.0,0.6700350791551684,0.0,0.0,7.755080053692476e-07,0.4651329261269696,0.9991569418525077,0.1612420257109044,0.060787473358534655,0.0,
3.8,0.0,1.0,0.7102552364490343,0.0,0.0,6.979572048323229e-07,0.4672614863579224,0.9991990947598823,0.1600327105180726,0.05997697371375419,0.0,
3.8166666666666664,0.0,1.0,0.5117786371132085,0.0,0.0,6.281614843490906e-07,0.4693769328840523,0.9992391400218882,0.15883246518918706,0.059177280730904135,0.0,
3.8333333333333335,0.0,1.0,0.5027172642840669,0.0,0.0,5.653453359141815e-07,0.4714793464967091,0.9992771830207938,0.15764122170026815,0.05838825032115875,0.0,
3.85,0.0,1.0,0.6034927579858219,0.0,0.0,5.088108023227634e-07,0.47356880748950064,0.9993133238697541,0.15645891253751615,0.05760974031687663,0.0,
3.8666666666666667,0.0,1.0,0.517310925562021,0.0,0.0,4.5792972209048707e-07,0.4756453956613591,0.9993476576762664,0.15528547069348478,0.05684161044598494,0.0,
3.8833333333333333,0.0,1.0,0.5958020484795583,0.0,0.0,4.1213674988143836e-07,0.47770919031958875,0.9993802747924531,0.15412082966328364,0.056083722306705136,0.0,
3.9,0.0,1.0,0.362581105685711,0.0,0.0,3.709230748932945e-07,0.4797602702828948,0.9994112610528304,0.152964923440809,0.055335939342615735,0.0,
3.9166666666666665,0.0,1.0,0.6328480137889657,0.0,0.0,3.3383076740396504e-07,0.4817987138843936,0.9994406980001889,0.15181768651500294,0.05459812681804752,0.0,
3.933333333333333,0.0,1.0,0.45545981668798774,0.0,0.0,3.0044769066356853e-07,0.48382459897460417,0.9994686631001795,0.15067905386614042,0.053870151793806886,0.0,
3.9499999999999997,0.0,1.0,0.7859801294453002,0.0,0.0,2.704029215972117e-07,0.4858380029244215,0.9994952299451705,0.14954896096214437,0.053151883103222795,0.0,
3.966666666666667,0.0,1.0,0.5653839309518434,0.0,0.0,2.4336262943749054e-07,0.4878390026280713,0.999520468447912,0.14842734375492828,0.05244319132851316,0.0,
3.9833333333333334,0.0,1.0,0.755789899916063,0.0,0.0,2.1902636649374148e-07,0.4898276745060468,0.9995444450255164,0.14731413867676632,0.05174394877746632,0.0,
4.0,0.0,1.0,0.4826020012564375,0.0,0.0,1.9712372984436734e-07,0.4918040945080275,0.9995672227742406,0.14620928263669059,0.051054029460433435,0.0,
4.016666666666667,0.0,1.0,0.7273554538520389,0.0,0.0,1.774113568599306e-07,0.49376833811577925,0.9995888616355285,0.14511271301691542,0.05037330906762766,0.0,
4.033333333333333,0.0,1.0,0.593436441904649,0.0,0.0,1.5967022117393753e-07,0.4957204803460376,0.9996094185537521,0.14402436766928856,0.049701664946725954,0.0,
4.05,0.0,1.0,0.6622839898763425,0.0,0.0,1.437031990565438e-07,0.4976605957533724,0.9996289476260645,0.14294418491176888,0.04903897608076961,0.0,
4.066666666666666,0.0,1.0,0.7395541062413938,0.0,0.0,1.293328791508894e-07,0.49958875843303513,0.9996475002447612,0.14187210352493063,0.04838512306635935,0.0,
4.083333333333333,0.0,1.0,0.7085435865967521,0.0,0.0,1.1639959123580047e-07,0.5015050420237889,0.9996651252325232,0.14080806274849364,0.04773998809214123,0.0,
4.1,0.0,1.0,0.7817106750175778,0.0,0.0,1.0475963211222043e-07,0.5034095197107206,0.999681868970897,0.13975200227787993,0.04710345491757935,0.0,
4.116666666666666,0.0,1.0,0.8363112340856518,0.0,0.0,9.428366890099838e-08,0.505302264228036,0.9996977755223521,0.13870386226079584,0.046475408852011624,0.0,
4.133333333333333,0.0,1.0,0.8149363970692269,0.0,0.0,8.485530201089855e-08,0.5071833478618377,0.9997128867462345,0.13766358329383988,0.045855736733984805,0.0,
4.15,0.0,1.0,0.7102129001714397,0.0,0.0,7.636977180980869e-08,0.5090528424528856,0.9997272424089227,0.1366311064191361,0.222844326910865,0.0,posture_settle
4.166666666666667,0.0,1.0,0.5363883388018782,0.0,0.0,6.873279462882781e-08,0.5109108193993405,0.9997408802884766,0.13560637312099258,0.21987306921872013,0.0,
4.183333333333334,0.0,1.0,0.5793243717291919,0.0,0.0,6.185951516594503e-08,0.512757349659491,0.9997538362740528,0.13458932532258513,0.21694142829580387,0.0,
4.2,0.0,1.0,0.6265092549826679,0.0,0.0,5.567356364935053e-08,0.5145925037544639,0.9997661444603502,0.13357990538266576,0.21404887591852648,0.0,
4.216666666666667,0.0,1.0,0.34897125773431503,0.0,0.0,5.0106207284415474e-08,0.5164163517709165,0.9997778372373327,0.13257805609229575,0.21119489090627946,0.0,
4.233333333333333,0.0,1.0,0.6135552628502161,0.0,0.0,4.509558655597393e-08,0.5182289633637145,0.999788945375466,0.13158372067160354,0.20837895902752906,0.0,
4.25,0.0,1.0,0.45877728233488524,0.0,0.0,4.058602790037654e-08,0.5200304077585912,0.9997994981066928,0.13059684276656652,0.20560057290716202,0.0,
4.266666666666667,0.0,1.0,0.41474155628012366,0.0,0.0,3.6527425110338886e-08,0.5218207537547919,0.9998095232013582,0.12961736644581728,0.20285923193506653,0.0,
4.283333333333333,0.0,1.0,0.48187573968989295,0.0,0.0,3.2874682599305e-08,0.5236000697277009,0.9998190470412903,0.12864523619747364,0.2001544421759323,0.0,
4.3,0.0,1.0,0.42009950716662087,0.0,0.0,2.9587214339374498e-08,0.5253684236314535,0.9998280946892258,0.1276803969259926,0.19748571628025322,0.0,
4.316666666666666,0.0,1.0,0.35440015925709745,0.0,0.0,2.6628492905437047e-08,0.5271258830015308,0.9998366899547646,0.12672279394904765,0.19485257339651652,0.0,
4.333333333333333,0.0,1.0,0.24624301619641184,0.0,0.0,2.3965643614893344e-08,0.528872514957339,0.9998448554570264,0.12577237299442978,0.19225453908456297,0.0,
4.35,0.0,1.0,0.3082699555178575,0.0,0.0,2.156907925340401e-08,0.5306083862047727,0.999852612684175,0.12482908019697156,0.18969114523010214,0.0,
4.366666666666666,0.0,1.0,0.28512946872302586,0.0,0.0,1.941217132806361e-08,0.5323335630387628,0.9998599820499663,0.12389286209549427,0.18716192996036743,0.0,
4.383333333333333,0.0,1.0,0.2014231704479868,0.0,0.0,1.7470954195257247e-08,0.5340481113458081,0.999866982947468,0.12296366562977806,0.18466643756089587,0.0,
4.4,0.0,1.0,0.25839914047448276,0.0,0.0,1.5723858775731524e-08,0.5357520966064918,0.9998736338000946,0.12204143813755473,0.18220421839341727,0.0,
4.416666666666667,0.0,1.0,0.2046745462152887,0.0,0.0,1.415147289815837e-08,0.5374455838979819,0.99987995211009,0.12112612735152307,0.17977482881483836,0.0,
4.433333333333334,0.0,1.0,0.10303223911512252,0.0,0.0,1.2736325608342534e-08,0.5391286378965171,0.9998859545045855,0.12021768139638665,0.17737783109730718,0.0,
4.45,0.0,1.0,0.12255743534651461,0.0,0.0,1.1462693047508281e-08,0.5408013228798764,0.9998916567793562,0.11931604878591376,0.17501279334934308,0.0,
4.466666666666667,0.0,1.0,0.06498208678906851,0.0,0.0,1.0316423742757453e-08,0.5424637027298339,0.9998970739403884,0.11842117842001941,0.1726792894380185,0.0,
4.483333333333333,0.0,1.0,0.049052800023318195,0.0,0.0,9.284781368481707e-09,0.5441158409345992,0.9999022202433689,0.11753301958186926,0.17037689891217825,0.0,
4.5,0.0,0.0,0.0,0.0,0.016666666666666666,8.356303231633537e-09,0.5434810391201755,0.9832371832393128,0.12253440847075815,0.16810520692668254,0.0,
4.516666666666667,0.0,0.0,0.0,0.0,0.03333333333333333,7.520672908470184e-09,0.5428469779078686,0.9668498968519909,0.12753718624853594,0.1658638041676601,0.0,
4.533333333333333,0.0,0.0,0.0,0.0,0.05,6.768605617623166e-09,0.5422136564336427,0.9507357319044577,0.1325413529152026,0.16365228677875798,0.0,
4.55,0.0,0.0,0.0,0.0,0.06666666666666667,6.091745055860849e-09,0.5415810738344702,0.9348901363727168,0.13754690847075818,0.16147025628837455,0.0,
4.566666666666666,0.0,0.0,0.0,0.0,0.08333333333333333,5.482570550274764e-09,0.54094922924833,0.9193086340998382,0.14255385291520262,0.15931731953786288,0.0,
4.583333333333333,0.0,0.0,0.0,0.0,0.09999999999999999,4.934313495247288e-09,0.5403181218142069,0.9039868235315076,0.14756218624853595,0.15719308861069137,0.0,
4.6,0.0,0.0,0.0,0.0,0.11666666666666665,4.440882145722559e-09,0.5396877506720903,0.8889203764726491,0.1525719084707582,0.1550971807625488,0.0,
4.616666666666666,0.0,0.0,0.0,0.0,0.13333333333333333,3.996793931150303e-09,0.5390581149629728,0.8741050368647716,0.1575830195818693,0.15302921835238148,0.0,
4.633333333333333,0.0,0.0,0.0,0.0,0.15,3.597114538035273e-09,0.5384292138288493,0.8595366195836921,0.1625955195818693,0.15098882877434971,0.0,
4.65,0.0,0.0,0.0,0.0,0.16666666666666666,3.2374030842317457e-09,0.5378010464127156,0.8452110092572972,0.1676094084707582,0.14897564439069172,0.0,
4.666666666666667,0.0,0.0,0.0,0.0,0.18333333333333332,2.9136627758085712e-09,0.5371736118585675,0.831124159103009,0.17262468624853597,0.1469893024654825,0.0,
4.683333333333334,0.0,0.0,0.0,0.0,0.19999999999999998,2.622296498227714e-09,0.5365469093113991,0.8172720897846255,0.17764135291520264,0.14502944509927607,0.0,
4.7,0.0,0.0,0.0,0.0,0.21666666666666665,2.3600668484049426e-09,0.5359209379172025,0.8036508882882151,0.1826594084707582,0.14309571916461905,0.0,
4.716666666666667,0.0,0.0,0.0,0.0,0.2333333333333333,2.1240601635644483e-09,0.5352956968229657,0.7902567068167449,0.18767885291520264,0.14118777624242412,0.0,
4.733333333333333,0.0,0.0,0.0,0.0,0.24999999999999997,1.9116541472080034e-09,0.5346711851766722,0.7770857617031325,0.19269968624853598,0.1393052725591918,0.0,
4.75,0.0,0.0,0.0,0.0,0.26666666666666666,1.7204887324872031e-09,0.5340474021272994,0.7641343323414136,0.1977219084707582,0.13744786892506924,0.0,
4.766666666666667,0.0,0.0,0.0,0.0,0.2833333333333333,1.5484398592384827e-09,0.5334243468248175,0.7513987601357234,0.20274551958186932,0.13561523067273498,0.0,
4.783333333333333,0.0,0.0,0.0,0.0,0.3,1.3935958733146346e-09,0.5328020184201886,0.7388754474667947,0.20777051958186932,0.1338070275970985,0.0,
4.8,0.0,0.0,0.0,0.0,0.31666666666666665,1.254236285983171e-09,0.532180416065365,0.7265608566756814,0.21279690847075822,0.13202293389580386,0.0,
4.816666666666666,0.0,0.0,0.0,0.0,0.3333333333333333,1.128812657384854e-09,0.5315595389132888,0.71445150906442,0.217824686248536,0.13026262811052647,0.0,
4.833333333333333,0.0,0.0,0.0,0.0,0.35,1.0159313916463686e-09,0.5309393861178899,0.7025439839133464,0.22285385291520265,0.1285257930690528,0.0,
4.85,0.0,0.0,0.0,0.0,0.36666666666666664,9.143382524817317e-10,0.5303199568340857,0.6908349175147906,0.22788440847075822,0.1268121158281321,0.0,
4.866666666666666,0.0,0.0,0.0,0.0,0.3833333333333333,8.229044272335586e-10,0.5297012502177793,0.6793210022228775,0.23291635291520266,0.12512128761709032,0.0,
4.883333333333333,0.0,0.0,0.0,0.0,0.39999999999999997,7.406139845102027e-10,0.5290832654258585,0.6679989855191629,0.237949686248536,0.12345300378219579,0.0,
4.9,0.0,0.0,0.0,0.0,0.41666666666666663,6.665525860591824e-10,0.528466001616195,0.6568656690938436,0.24298440847075822,0.12180696373176651,0.0,
4.916666666666667,0.0,0.0,0.0,0.0,0.4333333333333333,5.998973274532642e-10,0.5278494579476427,0.6459179079422795,0.24802051958186933,0.12018287088200963,0.0,
4.933333333333334,0.0,0.0,0.0,0.0,0.44999999999999996,5.399075947079378e-10,0.5272336335800372,0.6351526094765749,0.25305801958186935,0.11858043260358284,0.0,
4.95,0.0,0.0,0.0,0.0,0.4666666666666666,4.859168352371441e-10,0.5266185276741938,0.6245667326519654,0.2580969084707582,0.1169993601688684,0.0,
4.966666666666667,0.0,0.0,0.0,0.0,0.4833333333333333,4.3732515171342966e-10,0.5260041393919073,0.614157287107766,0.263137186248536,0.11543936869995015,0.0,
4.983333333333333,0.0,0.0,0.0,0.0,0.49999999999999994,3.935926365420867e-10,0.52539046789595,0.6039213323226366,0.26817885291520266,0.11390017711728415,0.0,
5.0,0.0,0.0,0.0,0.0,0.5166666666666666,3.54233372887878e-10,0.5247775123500714,0.593855976783926,0.2732219084707582,0.11238150808905369,0.0,
5.016666666666667,0.0,0.0,0.0,0.0,0.5333333333333333,3.188100355990902e-10,0.5241652719189963,0.5839583771708605,0.2782663529152027,0.11088308798119964,0.0,
5.033333333333333,0.0,0.0,0.0,0.0,0.55,2.869290320391812e-10,0.5235537457684242,0.5742257375513462,0.28331218624853605,0.10940464680811698,0.0,
5.05,0.0,0.0,0.0,0.0,0.5666666666666668,2.5823612883526306e-10,0.5229429330650277,0.5646553085921571,0.28835940847075825,0.10794591818400875,0.0,
5.066666666666666,0.0,0.0,0.0,0.0,0.5833333333333335,2.3241251595173676e-10,0.5223328329764518,0.5552443867822878,0.29340801958186935,0.10650663927488864,0.0,
5.083333333333333,0.0,0.0,0.0,0.0,0.6000000000000002,2.091712643565631e-10,0.5217234446713126,0.5459903136692497,0.29845801958186935,0.2432198840845568,0.0,micro_nod_ready
5.1,0.0,0.0,0.0,0.0,0.6166666666666669,1.882541379209068e-10,0.521114767319196,0.5368904751080955,0.30350940847075825,0.23997695229676272,0.0,
5.116666666666666,0.0,0.0,0.0,0.0,0.6333333333333336,1.6942872412881613e-10,0.520506800090657,0.5279423005229605,0.30856218624853604,0.23677725959947254,0.0,
5.133333333333333,0.0,0.0,0.0,0.0,0.6500000000000004,1.524858517159345e-10,0.5198995421572179,0.5191432621809112,0.31361635291520273,0.2336202294714796,0.0,
5.15,0.0,0.0,0.0,0.0,0.6666666666666671,1.3723726654434106e-10,0.5192929926913679,0.510490874477896,0.31867190847075827,0.23050529307852652,0.0,
5.166666666666667,0.0,0.0,0.0,0.0,0.6833333333333338,1.2351353988990696e-10,0.5186871508665613,0.5019826932365977,0.3237288529152027,0.22743188917081283,0.0,
5.183333333333334,0.0,0.0,0.0,0.0,0.7000000000000005,1.1116218590091626e-10,0.5180820158572169,0.49361631501598774,0.32878718624853603,0.22439946398186866,0.0,
5.2,0.0,0.0,0.0,0.0,0.7166666666666672,1.0004596731082464e-10,0.5174775868387168,0.48538937643238794,0.33384690847075826,0.22140747112877707,0.0,
5.216666666666667,0.0,0.0,0.0,0.0,0.733333333333334,9.004137057974218e-11,0.516873862987405,0.47729955349184816,0.3389080195818694,0.2184553715137267,0.0,
5.233333333333333,0.0,0.0,0.0,0.0,0.7500000000000007,8.103723352176796e-11,0.5162708434805864,0.4693445609336507,0.3439705195818694,0.21554263322687703,0.0,
5.25,0.0,0.0,0.0,0.0,0.7666666666666674,7.293351016959116e-11,0.5156685274965257,0.4615221515847565,0.3490344084707583,0.21266873145051868,0.0,
5.266666666666667,0.0,0.0,0.0,0.0,0.7833333333333341,6.564015915263205e-11,0.5150669142144464,0.4538301157250106,0.35409968624853605,0.20983314836451175,0.0,
5.283333333333333,0.0,0.0,0.0,0.0,0.8000000000000008,5.907614323736884e-11,0.5144660028145296,0.4462662804629271,0.3591663529152027,0.20703537305298492,0.0,
5.3,0.0,0.0,0.0,0.0,0.8166666666666675,5.316852891363196e-11,0.5138657924779126,0.4388285091218783,0.3642344084707583,0.20427490141227844,0.0,
5.316666666666666,0.0,0.0,0.0,0.0,0.8333333333333343,4.785167602226876e-11,0.5132662823866884,0.4315147006365137,0.36930385291520273,0.20155123606011474,0.0,
5.333333333333333,0.0,0.0,0.0,0.0,0.850000000000001,4.306650842004189e-11,0.5126674717239039,0.4243227889592385,0.3743746862485361,0.19886388624597987,0.0,
5.35,0.0,0.0,0.0,0.0,0.8666666666666677,3.87598575780377e-11,0.5120693596735594,0.4172507424765845,0.3794469084707583,0.19621236776270012,0.0,
5.366666666666666,0.0,0.0,0.0,0.0,0.8833333333333344,3.488387182023393e-11,0.5114719454206069,0.41029656343530807,0.3845205195818694,0.19359620285919746,0.0,
5.383333333333333,0.0,0.0,0.0,0.0,0.9000000000000011,3.1395484638210536e-11,0.5108752281509495,0.40345828737805295,0.3895955195818694,0.19101492015440816,0.0,
5.4,0.0,0.0,0.0,0.0,0.9166666666666679,2.825593617438948e-11,0.5102792070514401,0.39673398258841874,0.3946719084707583,0.18846805455234938,0.0,
5.416666666666667,0.0,0.0,0.0,0.0,0.9333333333333346,2.5430342556950532e-11,0.5096838813098802,0.39012174954527845,0.3997496862485361,0.18595514715831807,0.0,
5.433333333333334,0.0,0.0,0.0,0.0,0.9500000000000013,2.2887308301255478e-11,0.5090892501150187,0.38361972038619047,0.40482885291520276,0.18347574519620716,0.0,
5.45,0.0,0.0,0.0,0.0,0.966666666666668,2.059857747112993e-11,0.5084953126565512,0.377226058379754,0.4099094084707583,0.1810294019269244,0.0,
5.466666666666667,0.0,0.0,0.0,0.0,0.9833333333333347,1.853871972401694e-11,0.5079020681251186,0.3709389574067581,0.4149913529152027,0.17861567656789876,0.0,
5.483333333333333,0.0,0.0,0.0,0.0,1.0000000000000013,1.6684847751615244e-11,0.507309515712306,0.36475664144997877,0.42007468624853606,0.1762341342136601,0.0,
5.5,0.0,0.0,0.0,0.0,1.016666666666668,1.501636297645372e-11,0.5067176546106417,0.35867736409247913,0.4251594084707583,0.17388434575747796,0.0,
5.516666666666667,0.0,0.0,0.0,0.0,1.0333333333333345,1.3514726678808349e-11,0.506126484013596,0.35269940802427113,0.4302455195818694,0.17156588781404492,0.0,
5.533333333333333,0.0,0.0,0.0,0.0,1.0500000000000012,1.2163254010927514e-11,0.5055360031155801,0.34682108455719995,0.43533301958186943,0.16927834264319097,0.0,
5.55,0.0,0.0,0.0,0.0,1.0666666666666678,1.0946928609834763e-11,0.5049462111119453,0.3410407331479133,0.4404219084707583,0.1670212980746151,0.0,
5.566666666666666,0.0,0.0,0.0,0.0,1.0833333333333344,9.852235748851287e-12,0.5043571071989813,0.3353567209287814,0.44551218624853606,0.16479434743362023,0.0,
5.583333333333333,0.0,0.0,0.0,0.0,1.100000000000001,8.867012173966159e-12,0.5037686905739158,0.329767442246635,0.4506038529152027,0.16259708946783863,0.0,
5.6,0.0,0.0,0.0,0.0,1.1166666666666676,7.980310956569542e-12,0.5031809604349129,0.3242713182091911,0.4556969084707583,0.1604291282749341,0.0,
5.616666666666666,0.0,0.0,0.0,0.0,1.1333333333333342,7.182279860912588e-12,0.5025939159810722,0.3188667962390379,0.46079135291520273,0.1582900732312683,0.0,
5.633333333333333,0.0,0.0,0.0,0.0,1.1500000000000008,6.464051874821329e-12,0.5020075564124276,0.31355234963505396,0.4658871862485361,0.15617953892151806,0.0,
5.65,0.0,0.0,0.0,0.0,1.1666666666666674,5.817646687339196e-12,0.5014218809299464,0.30832647714113637,0.4709844084707583,0.15409714506923117,0.0,
5.666666666666667,0.0,0.0,0.0,0.0,1.183333333333334,5.235882018605276e-12,0.5008368887355281,0.3031877025221174,0.4760830195818694,0.15204251646830808,0.0,
5.683333333333334,0.0,0.0,0.0,0.0,1.2000000000000006,4.712293816744749e-12,0.5002525790320034,0.29813457414674877,0.4811830195818694,0.1500152829153973,0.0,
5.7,0.0,0.0,0.0,0.0,1.2166666666666672,4.241064435070274e-12,0.4996689510231327,0.29316566457763626,0.48628440847075827,0.148015079143192,0.0,
5.716666666666667,0.0,0.0,0.0,0.0,1.2333333333333338,3.816957991563247e-12,0.4990860039136057,0.288279570168009,0.49138718624853606,0.14604154475461611,0.0,
5.733333333333333,0.0,0.0,0.0,0.0,1.2500000000000004,3.4352621924069223e-12,0.4985037369090398,0.28347491066520886,0.49649135291520274,0.1440943241578879,0.0,
5.75,0.0,0.0,0.0,0.0,1.266666666666667,3.0917359731662303e-12,0.49792214921597927,0.2787503288207887,0.5015969084707583,0.14217306650244937,0.0,
5.766666666666667,0.0,0.0,0.0,0.0,1.2833333333333337,2.7825623758496074e-12,0.49734124004189395,0.2741044900071089,0.5067038529152028,0.14027742561575005,0.0,
5.783333333333333,0.0,0.0,0.0,0.0,1.3000000000000003,2.5043061382646465e-12,0.4967610085951784,0.26953608184032374,0.5118121862485362,0.13840705994087338,0.0,
5.8,0.0,0.0,0.0,0.0,1.3166666666666669,2.253875524438182e-12,0.4961814540851507,0.2650438138096517,0.5169219084707584,0.13656163247499506,0.0,
5.816666666666666,0.0,0.0,0.0,0.0,1.3333333333333335,2.0284879719943637e-12,0.49560257572205135,0.2606264169128242,0.5220330195818694,0.13474081070866178,0.0,
5.833333333333333,0.0,0.0,0.0,0.0,1.35,1.8256391747949273e-12,0.4950243727170423,0.2562826432976104,0.5271455195818694,0.13294426656587963,0.0,
5.85,0.0,0.0,0.0,0.0,1.3666666666666667,1.6430752573154347e-12,0.49444684428220576,0.2520112659093169,0.5322594084707583,0.13117167634500124,0.0,
5.866666666666666,0.0,0.0,0.0,0.0,1.3833333333333333,1.4787677315838912e-12,0.4938699896305432,0.2478110781441616,0.537374686248536,0.12942272066040122,0.0,
5.883333333333333,0.0,0.0,0.0,0.0,1.4,1.3308909584255021e-12,0.4932938079759742,0.24368089350842556,0.5424913529152027,0.12769708438492922,0.0,
5.9,0.0,0.0,0.0,0.0,1.4166666666666665,1.197801862582952e-12,0.4927182985333356,0.23961954528328513,0.5476094084707582,0.12599445659313016,0.0,
5.916666666666667,0.0,0.0,0.0,0.0,1.4333333333333331,1.0780216763246567e-12,0.49214346051838004,0.2356258861952304,0.5527288529152027,0.12431453050522176,0.0,
5.933333333333334,0.0,0.0,0.0,0.0,1.4499999999999997,9.70219508692191e-13,0.49156929314777525,0.23169878809197655,0.557849686248536,0.1226570034318188,0.0,
5.95,0.0,0.0,0.0,0.0,1.4666666666666663,8.731975578229718e-13,0.49099579563910284,0.22783714162377694,0.5629719084707583,0.12102157671939455,0.0,
5.966666666666667,0.0,0.0,0.0,0.0,1.483333333333333,7.858778020406747e-13,0.4904229672108572,0.22403985593004733,0.5680955195818694,0.1194079556964693,0.0,
5.983333333333333,0.0,0.0,0.0,0.0,1.4999999999999996,7.072900218366072e-13,0.48985080708244455,0.22030585833121322,0.5732205195818695,0.11781584962051637,0.0,
6.0,0.0,0.0,0.0,0.0,1.5166666666666662,6.365610196529464e-13,0.4892793144741817,0.216634094025693,0.5783469084707584,0.11624497162557616,0.0,
6.016666666666667,0.0,0.0,0.0,0.0,1.5333333333333328,5.729049176876518e-13,0.48870848860729516,0.21302352579193146,0.5834746862485362,0.11469503867056847,0.0,
6.033333333333333,0.0,0.0,0.0,0.0,1.5499999999999994,5.156144259188867e-13,0.48813832870392,0.20947313369539927,0.5886038529152028,0.11316577148829422,0.0,
6.05,0.0,0.0,0.0,0.0,1.566666666666666,4.64052983326998e-13,0.48756883398709877,0.20598191480047595,0.5937344084707583,0.11165689453511697,0.0,
6.066666666666666,0.0,0.0,0.0,0.0,1.5833333333333326,4.1764768499429824e-13,0.4870000036807805,0.20254888288713468,0.5988663529152027,0.11016813594131541,0.0,
6.083333333333333,0.0,0.0,0.0,0.0,1.5999999999999992,3.7588291649486844e-13,0.48643183700981957,0.19917306817234912,0.6039996862485361,0.10869922746209787,0.0,
6.1,0.0,0.0,0.0,0.0,1.6166666666666658,3.382946248453816e-13,0.4858643331999748,0.1958535170361433,0.6091344084707583,0.1072499044292699,0.0,
6.116666666666666,0.0,0.0,0.0,0.0,1.6333333333333324,3.0446516236084347e-13,0.4852974914779082,0.19258929175220757,0.6142705195818694,0.10581990570354631,0.0,
6.133333333333333,0.0,0.0,0.0,0.0,1.649999999999999,2.740186461247591e-13,0.48473131107118395,0.1893794702230041,0.6194080195818694,0.10440897362749903,0.0,
6.15,0.0,0.0,0.0,0.0,1.6666666666666656,2.4661678151228317e-13,0.4841657912082676,0.1862231457192874,0.6245469084707583,0.10301685397913238,0.0,
6.166666666666667,0.0,0.0,0.0,0.0,1.6833333333333322,2.2195510336105485e-13,0.4836009311185246,0.18311942662396594,0.6296871862485361,0.10164329592607728,0.0,
6.183333333333334,0.0,0.0,0.0,0.0,1.6999999999999988,1.9975959302494935e-13,0.48303673003221964,0.18006743618023316,0.6348288529152029,0.10028805198039625,0.0,
6.2,0.0,0.0,0.0,0.0,1.7166666666666655,1.797836337224544e-13,0.4824731871805154,0.17706631224389593,0.6399719084707585,0.09895087795399098,0.0,
6.216666666666667,0.0,0.0,0.0,0.0,1.733333333333332,1.6180527035020896e-13,0.48191030179547145,0.174115207039831,0.6451163529152029,0.09763153291460443,0.0,
6.233333333333333,0.0,0.0,0.0,0.0,1.7499999999999987,1.4562474331518805e-13,0.4813480731100434,0.17121328692250048,0.6502621862485362,0.0963297791424097,0.0,
6.25,0.0,0.0,0.0,0.0,1.7666666666666653,1.3106226898366925e-13,0.4807865003580817,0.16835973214045882,0.6554094084707583,0.09504538208717757,0.0,
6.266666666666667,0.0,0.0,0.0,0.0,1.7833333333333319,1.1795604208530232e-13,0.4802255827743306,0.1655537366047845,0.6605580195818694,0.0937781103260152,0.0,
6.283333333333333,0.0,0.0,0.0,0.0,1.7999999999999985,1.0616043787677208e-13,0.4796653195944272,0.16279450766137143,0.6657080195818694,0.09252773552166833,0.0,
6.3,0.0,0.0,0.0,0.0,1.816666666666665,9.554439408909488e-14,0.4791057100549004,0.16008126586701524,0.6708594084707583,0.09129403238137943,0.0,
6.316666666666666,0.0,0.0,0.0,0.0,1.8333333333333317,8.59899546801854e-14,0.47854675339316965,0.15741324476923166,0.16900304656213402,0.5834101119496278,0.0,response_ready
6.333333333333333,0.0,0.0,0.0,0.0,1.8499999999999983,7.739095921216685e-14,0.47798844884754427,0.15478969068974446,0.17415721322880068,0.575631310456966,0.0,
6.35,0.0,0.0,0.0,0.0,1.866666666666665,6.965186329095016e-14,0.47743079565722213,0.15220986251158206,0.17931276878435623,0.5679562263175398,0.0,
6.366666666666666,0.0,0.0,0.0,0.0,1.8833333333333315,6.268667696185515e-14,0.4768737930622887,0.14967303146972236,0.18446971322880068,0.560383476633306,0.0,
6.383333333333333,0.0,0.0,0.0,0.0,1.8999999999999981,5.6418009265669634e-14,0.47631744030371603,0.14717848094522698,0.189628046562134,0.552911696944862,0.0,
6.4,0.0,0.0,0.0,0.0,1.9166666666666647,5.077620833910267e-14,0.4757617366233617,0.14472550626280653,0.19478776878435622,0.5455395409855971,0.0,
6.416666666666667,0.0,0.0,0.0,0.0,1.9333333333333313,4.5698587505192405e-14,0.47520668126396776,0.14231341449175974,0.19994887989546734,0.5382656804391225,0.0,
6.433333333333334,0.0,0.0,0.0,0.0,1.949999999999998,4.112872875467316e-14,0.4746522734691598,0.1399415242502304,0.20511137989546732,0.5310888046999341,0.0,
6.45,0.0,0.0,0.0,0.0,1.9666666666666646,3.701585587920585e-14,0.47409851248344576,0.13760916551272656,0.2102752687843562,0.5240076206372684,0.0,
6.466666666666667,0.0,0.0,0.0,0.0,1.9833333333333312,3.331427029128526e-14,0.4735453975522151,0.1353156794208478,0.215440546562134,0.5170208523621048,0.0,
6.483333333333333,0.0,0.0,0.0,0.0,1.9999999999999978,2.998284326215674e-14,0.4729929279217375,0.133060418097167,0.22060721322880064,0.5101272409972768,0.0,
6.5,0.0,0.0,0.0,0.0,2.0166666666666644,2.6984558935941063e-14,0.4724411028391622,0.13084274446221422,0.2257752687843562,0.5033255444506465,0.0,
6.516666666666667,0.0,0.0,0.0,0.0,2.033333333333331,2.4286103042346957e-14,0.4718899215525165,0.12866203205451066,0.23094471322880064,0.49661453719130455,0.0,
6.533333333333333,0.0,0.0,0.0,0.0,2.0499999999999976,2.185749273811226e-14,0.47133938331070524,0.12651766485360214,0.23611554656213396,0.48999301002875384,0.0,
6.55,0.0,0.0,0.0,0.0,2.066666666666664,1.9671743464301035e-14,0.4707894873635094,0.1244090371060421,0.24128776878435618,0.48345976989503714,0.0,
6.566666666666666,0.0,0.0,0.0,0.0,2.083333333333331,1.770456911787093e-14,0.4702402329615853,0.12233555315427473,0.2464613798954673,0.47701363962977,0.0,
6.583333333333333,0.0,0.0,0.0,0.0,2.0999999999999974,1.593411220608384e-14,0.4696916193564634,0.12029662726837015,0.2516363798954673,0.47065345776803974,0.0,
6.6,0.0,0.0,0.0,0.0,2.116666666666664,1.4340700985475457e-14,0.46914364580054757,0.11829168348056399,0.25681276878435616,0.46437807833113254,0.0,
6.616666666666666,0.0,0.0,0.0,0.0,2.1333333333333306,1.2906630886927912e-14,0.4685963115471136,0.11632015542255458,0.26199054656213394,0.45818637062005074,0.0,
6.633333333333333,0.0,0.0,0.0,0.0,2.1499999999999972,1.161596779823512e-14,0.46804961585030863,0.11438148616551201,0.2671697132288006,0.4520772190117834,0.0,
6.6499999999999995,0.0,0.0,0.0,0.0,2.166666666666664,1.0454371018411607e-14,0.4675035579651499,0.11247512806275348,0.2723502687843562,0.44604952275829296,0.0,
6.666666666666667,0.0,0.0,0.0,0.0,2.1833333333333305,9.408933916570447e-15,0.46695813714752393,0.11060054259504092,0.2775322132288006,0.4401021957881824,0.0,
6.683333333333334,0.0,0.0,0.0,0.0,2.199999999999997,8.468040524913401e-15,0.46641335265418515,0.1087572002184569,0.28271554656213393,0.4342341665110066,0.0,
6.7,0.0,0.0,0.0,0.0,2.2166666666666637,7.621236472422062e-15,0.46586920374275526,0.10694458021481595,0.28790026878435615,0.4284443776241932,0.0,
6.716666666666667,0.0,0.0,0.0,0.0,2.2333333333333303,6.859112825179855e-15,0.46532568967172205,0.10516217054456903,0.29308637989546726,0.4227317859225373,0.0,
6.733333333333333,0.0,0.0,0.0,0.0,2.249999999999997,6.17320154266187e-15,0.4647828097004384,0.10340946770215954,0.2982738798954673,0.4170953621102368,0.0,
6.75,0.0,0.0,0.0,0.0,2.2666666666666635,5.555881388395683e-15,0.4642405630891212,0.10168597657379022,0.3034627687843562,0.4115340906154336,0.0,
6.766666666666667,0.0,0.0,0.0,0.0,2.28333333333333,5.000293249556114e-15,0.46369894909885057,0.09999121029756039,0.30865304656213394,0.40604696940722784,0.0,
6.783333333333333,0.0,0.0,0.0,0.0,2.2999999999999967,4.500263924600503e-15,0.4631579669915686,0.09832469012593438,0.3138447132288006,0.40063300981513145,0.0,
6.8,0.0,0.0,0.0,0.0,2.3166666666666633,4.050237532140453e-15,0.4626176160300784,0.09668594529050215,0.31903776878435613,0.3952912363509297,0.0,
6.816666666666666,0.0,0.0,0.0,0.0,2.33333333333333,3.645213778926408e-15,0.4620778954780433,0.09507451286899378,0.3242322132288006,0.3900206865329173,0.0,
6.833333333333333,0.0,0.0,0.0,0.0,2.3499999999999965,3.2806924010337667e-15,0.4615388045999856,0.09348993765451055,0.3294280465621339,0.3848204107124784,0.0,
6.85,0.0,0.0,0.0,0.0,2.366666666666663,2.95262316093039e-15,0.4610003426612856,0.09193177202693538,0.33462526878435617,0.3796894719029787,0.0,
6.866666666666666,0.0,0.0,0.0,0.0,2.3833333333333298,2.657360844837351e-15,0.46046250892818075,0.09039957582648646,0.33982387989546725,0.37462694561093896,0.0,
6.883333333333333,0.0,0.0,0.0,0.0,2.3999999999999964,2.3916247603536163e-15,0.45992530266776455,0.08889291622937835,0.34502387989546723,0.36963191966945974,0.0,
6.8999999999999995,0.0,0.0,0.0,0.0,2.416666666666663,2.1524622843182544e-15,0.4593887231479855,0.08741136762555538,0.3502252687843561,0.36470349407386693,0.0,
6.916666666666667,0.0,0.0,0.0,0.0,2.4333333333333296,1.937216055886429e-15,0.4588527696376462,0.08595451149846278,0.3554280465621339,0.3598407808195487,0.0,
6.933333333333334,0.0,0.0,0.0,0.0,2.449999999999996,1.7434944502977862e-15,0.4583174414064023,0.08452193630682174,0.36063221322880057,0.3550429037419547,0.0,
6.95,0.0,0.0,0.0,0.0,2.466666666666663,1.5691450052680076e-15,0.45778273772476147,0.08311323736837471,0.36583776878435614,0.35030899835872864,0.0,
6.966666666666667,0.0,0.0,0.0,0.0,2.4833333333333294,1.4122305047412069e-15,0.4572486578640826,0.08172801674556847,0.3710447132288006,0.3456382117139456,0.0,
6.983333333333333,0.0,0.0,0.0,0.0,2.499999999999996,1.271007454267086e-15,0.4567152010965745,0.08036588313314233,0.37625304656213393,0.3410297022244263,0.0,
7.0,1.0,1.0,0.0,0.0,0.0,1.4400000000000004,0.45889562152848534,0.1263475889764852,0.37343114871291794,0.6324826395281006,0.0,gaze_shift
7.016666666666667,0.0,1.0,0.02731595586011918,0.0,0.0,1.2960000000000003,0.46106260875351857,0.17003020952766096,0.37063041509757105,0.6240495376677259,0.0,
7.033333333333333,0.0,1.0,0.05486836400469912,0.0,0.0,1.1664000000000003,0.46321624553142293,0.2115286990512779,0.36785068698433926,0.6157288771654895,0.0,
7.05,0.0,1.0,0.09858528600843632,0.0,0.0,1.0497600000000002,0.46535661411207807,0.250952264098714,0.3650918068319567,0.607519158803283,0.0,
7.066666666666666,0.0,1.0,0.11883114698723005,0.0,0.0,0.9447840000000002,0.4674837962386359,0.2884046508937783,0.362353618280717,0.5994189033525725,0.0,
7.083333333333333,0.0,1.0,0.2045643852755231,0.0,0.0,0.8503056000000002,0.4695978731506424,0.3239844183490894,0.3596359661436116,0.5914266513078715,0.0,
7.1,0.0,1.0,0.2129722860204997,0.0,0.0,0.7652750400000002,0.47169892558714016,0.35778519743163495,0.3569386963975345,0.5835409626237665,0.0,
7.116666666666666,0.0,1.0,0.2020340574383007,0.0,0.0,0.6887475360000002,0.47378703378975207,0.3898959375600532,0.354261656174553,0.5757604164554496,0.0,
7.133333333333333,0.0,1.0,0.28119332073898706,0.0,0.0,0.6198727824000001,0.4758622775057457,0.42040114068205053,0.3516046937532439,0.5680836109027103,0.0,
7.1499999999999995,0.0,1.0,0.16770790254986734,0.0,0.0,0.55788550416,0.4779247359910791,0.449381083647948,0.34896765855009454,0.5605091627573409,0.0,
7.166666666666667,0.0,1.0,0.3539909791611247,0.0,0.0,0.5020969537440001,0.4799744880134274,0.4769120294655506,0.3463504011109688,0.5530357072539096,0.0,
7.183333333333334,0.0,1.0,0.44494202045942777,0.0,0.0,0.4518872583696001,0.48201161185519137,0.5030664279922731,0.3437527731026366,0.5456618978238574,0.0,
7.2,0.0,1.0,0.41901713244725913,0.0,0.0,0.4066985325326401,0.48403618531648684,0.5279131065926594,0.3411746273043668,0.5383864058528727,0.0,
7.216666666666667,0.0,1.0,0.42658503445519425,0.0,0.0,0.3660286792793761,0.4860482857181162,0.5515174512630264,0.3386158175995841,0.531207920441501,0.0,
7.233333333333333,0.0,1.0,0.5972555667593107,0.0,0.0,0.3294258113514385,0.48804798990452114,0.573941578699875,0.3360761989675872,0.5241251481689476,0.0,
7.25,0.0,1.0,0.796453704527092,0.0,0.0,0.29648323021629464,0.4900353742467177,0.5952444997648813,0.3335556274753303,0.5171368128600283,0.0,
7.266666666666667,0.0,1.0,0.6766104999829763,0.0,0.0,0.2668349071946652,0.4920105146452127,0.6154822747766372,0.3310539602692653,0.5102416553552279,0.0,
7.283333333333333,0.0,1.0,0.5781050817685714,0.0,0.0,0.24015141647519866,0.4939734865329027,0.6347081610378054,0.3285710555672458,0.5034384332838249,0.0,
7.3,0.0,1.0,0.9234965745503335,0.0,0.0,0.2161362748276788,0.49592436487795455,0.6529727529859151,0.3261067726504915,0.4967259208400405,0.0,
7.316666666666666,0.0,1.0,0.5211668849823031,0.0,0.0,0.19452264734491093,0.49786322418666895,0.6703241153366193,0.3236609718556128,0.4901029085621733,0.0,
7.333333333333333,0.0,1.0,0.7969871230182575,0.0,0.0,0.17507038261041982,0.49979013850632553,0.6868079095697883,0.32123351456669574,0.4835682031146777,0.0,
7.35,0.0,1.0,0.6508761202193915,0.0,0.0,0.15756334434937785,0.5017051814280111,0.7024675140912989,0.3188242632074455,0.4771206270731487,0.0,
7.366666666666666,0.0,1.0,0.8116718117306937,0.0,0.0,0.14180700991444006,0.5036084260894301,0.7173441383867339,0.31643308123338965,0.47075901871217335,0.0,
7.383333333333333,0.0,1.0,0.5739449803714904,0.0,0.0,0.12762630892299606,0.5054999451776975,0.7314769314673972,0.3140598331241392,0.46448223179601106,0.0,
7.3999999999999995,0.0,1.0,0.8088617367023344,0.0,0.0,0.11486367803069646,0.5073798109321151,0.7449030848940273,0.3117043843757082,0.4582891353720642,0.0,
7.416666666666667,0.0,1.0,0.6601508663402039,0.0,0.0,0.1033773102276268,0.5092480951469308,0.757657930649326,0.30936660149289036,0.45217861356710337,0.0,
7.433333333333334,0.0,1.0,0.39277912422722683,0.0,0.0,0.09303957920486412,0.5111048691740797,0.7697750341168597,0.30704635198169367,0.44614956538620865,0.0,
7.45,0.0,1.0,0.34243175849677143,0.0,0.0,0.08373562128437771,0.5129502039259097,0.7812862824110167,0.30474350434183095,0.44020090451439253,0.0,
7.466666666666667,0.0,1.0,0.5254659981017614,0.0,0.0,0.07536205915593994,0.5147841698778894,0.7922219682904659,0.30245792805926724,0.4343315591208673,0.0,
7.483333333333333,0.0,1.0,0.7087128127803645,0.0,0.0,0.06782585324034594,0.5166068370713001,0.8026108698759425,0.30018949359882274,0.4285404716659224,0.0,
7.5,0.0,1.0,0.5652436042292058,0.0,0.0,0.06104326791631135,0.5184182751159099,0.8124803263821454,0.29793807239683157,0.42282659871037676,0.0,
7.516666666666667,0.0,1.0,0.5614619016715492,0.0,0.0,0.054938941124680216,0.5202185531926332,0.8218563100630382,0.2957035368538553,0.41718891072757175,0.0,
7.533333333333333,0.0,1.0,0.5350889995814363,0.0,0.0,0.049445047012212195,0.5220077400561722,0.8307634945598863,0.2934857603274514,0.4116263919178708,0.0,
7.55,0.0,1.0,0.6678373422727057,0.0,0.0,0.04450054231099097,0.5237859040376428,0.839225319831892,0.2912846171249955,0.40613804002563253,0.0,
7.566666666666666,0.0,1.0,0.6452792156033856,0.0,0.0,0.04005048807989188,0.5255531130471842,0.8472640538402973,0.289099982496558,0.40072286615862407,0.0,
7.583333333333333,0.0,1.0,0.6577596003268198,0.0,0.0,0.03604543927190269,0.5273094345765527,0.8549008511482825,0.28693173262783384,0.3953798946098424,0.0,
7.6,0.0,1.0,0.5318332470370498,0.0,0.0,0.03244089534471242,0.5290549357016989,0.8621558085908684,0.28477974463312505,0.39010816268171117,0.0,
7.616666666666666,0.0,1.0,0.8184243015130884,0.0,0.0,0.02919680581024118,0.53078968308533,0.8690480181613249,0.2826438965483766,0.3849067205126217,0.0,
7.633333333333333,0.0,1.0,0.8635696495270462,0.0,0.0,0.02627712522921706,0.5325137429794552,0.8755956172532586,0.2805240673242638,0.3797746309057867,0.0,
7.6499999999999995,0.0,1.0,0.5645482556916556,0.0,0.0,0.023649412706295354,0.534227181227916,0.8818158363905957,0.27842013681933186,0.3747109691603762,0.0,
7.666666666666667,0.0,1.0,1.0,0.0,0.0,0.02128447143566582,0.535930063268901,0.8877250445710659,0.27633198579318685,0.36971482290490454,0.0,
7.683333333333334,0.0,1.0,0.8332933733993266,0.0,0.0,0.019156024292099238,0.5376224541374451,0.8933387923425127,0.27425949589973797,0.36478529193283915,0.0,
7.7,0.0,1.0,0.6914392804342235,0.0,0.0,0.017240421862889314,0.5393044184679133,0.8986718527253871,0.27220254968048996,0.3599214880404013,0.0,
7.716666666666667,0.0,1.0,0.5180698738916831,0.0,0.0,0.015516379676600384,0.5409760204964689,0.9037382600891177,0.27016103055788626,0.3551225348665293,0.0,
7.733333333333333,0.0,1.0,0.8154241105420786,0.0,0.0,0.013964741708940345,0.5426373240635268,0.9085513470846618,0.2681348228287021,0.35038756773497554,0.0,
7.75,0.0,1.0,0.7876120429265742,0.0,0.0,0.01256826753804631,0.5442883926161921,0.9131237797304287,0.26612381165748683,0.3457157334985092,0.0,
7.766666666666667,0.0,1.0,0.6285241810803858,0.0,0.0,0.01131144078424168,0.5459292892106825,0.9174675907439073,0.2641278830700557,0.34110619038519574,0.0,
7.783333333333333,0.0,1.0,0.46101551247212175,0.0,0.0,0.01018029670581751,0.547560076514737,0.9215942112067119,0.26214692394703026,0.33655810784672646,0.0,
7.8,0.0,1.0,0.7849372109461035,0.0,0.0,0.009162267035235759,0.5491808168100092,0.9255145006463763,0.26018082201742754,0.3320706664087701,0.0,
7.816666666666666,0.0,1.0,0.5535198211185067,0.0,0.0,0.008246040331712183,0.5507915719944455,0.9292387756140574,0.25822946585229684,0.3276430575233198,0.0,
7.833333333333333,0.0,1.0,0.5433905909712408,0.0,0.0,0.0074214362985409645,0.5523924035846497,0.9327768368333546,0.2562927448584046,0.32327448342300885,0.0,
7.85,0.0,1.0,0.9207667308224892,0.0,0.0,0.006679292668686868,0.553983372718232,0.9361379949916868,0.25437054927196656,0.31896415697736874,0.0,
7.866666666666666,0.0,1.0,0.8187541232555308,0.0,0.0,0.006011363401818181,0.5555645401561436,0.9393310952421025,0.2524627701524268,0.3147113015510038,0.0,
7.883333333333333,0.0,1.0,0.6678558251502655,0.0,0.0,0.005410227061636363,0.5571359662849983,0.9423645404799973,0.2505692993762836,0.31051515086365705,0.0,
7.8999999999999995,0.0,1.0,0.49534947713610245,0.0,0.0,0.004869204355472726,0.5586977111193775,0.9452463134559974,0.24869002963096146,0.3063749488521416,0.0,
7.916666666666667,0.0,1.0,0.6313427702485048,0.0,0.0,0.004382283919925453,0.5602498343041229,0.9479839977831975,0.24682485440872926,0.30228994953411303,0.0,
7.933333333333334,0.0,1.0,0.28962108634701433,0.0,0.0,0.003944055527932908,0.5617923951166143,0.9505847978940376,0.24497366800066378,0.2982594168736582,0.0,
7.95,0.0,1.0,0.5920732460706483,0.0,0.0,0.003549649975139617,0.5633254524690333,0.9530555579993357,0.2431363654906588,0.2942826246486761,0.0,
7.966666666666667,0.0,1.0,0.508821806186122,0.0,0.0,0.003194684977625655,0.5648490649106136,0.955402780099369,0.24131284274947887,0.2903588563200271,0.0,
7.983333333333333,0.0,1.0,0.46984547824998885,0.0,0.0,0.0028752164798630897,0.5663632906298768,0.9576326410944005,0.23950299642885778,0.28648740490242675,0.0,
8.0,0.0,1.0,0.46006346429145434,0.0,0.0,0.0025876948318767808,0.5678681874568546,0.9597510090396805,0.23770672395564135,0.28266757283706107,0.0,
8.016666666666666,0.0,1.0,0.7388988962552641,0.0,0.0,0.0023289253486891027,0.5693638128652975,0.9617634585876964,0.23592392352597405,0.2788986718659002,0.0,
8.033333333333333,0.0,1.0,0.7107160447976086,0.0,0.0,0.0020960328138201925,0.5708502239748698,0.9636752856583116,0.23415449409952924,0.2751800229076882,0.0,
8.05,0.0,1.0,0.7398775177986734,0.0,0.0,0.0018864295324381732,0.5723274775533314,0.9654915213753961,0.23239833539378277,0.2715109559355857,0.0,
8.066666666666666,0.0,1.0,0.8376876670092338,0.0,0.0,0.0016977865791943558,0.5737956300187048,0.9672169453066263,0.2306553478783294,0.2678908098564446,0.0,
8.083333333333334,0.0,1.0,0.6450625303890631,0.0,0.0,0.0015280079212749201,0.5752547374414312,0.9688560980412949,0.22892543276924193,0.264318932391692,0.0,
8.1,0.0,1.0,0.6017298654637306,0.0,0.0,0.0013752071291474282,0.5767048555465109,0.9704132931392302,0.22720849202347262,0.26079467995980277,0.0,
8.116666666666667,0.0,1.0,0.5334287364387177,0.0,0.0,0.0012376864162326855,0.5781460397156314,0.9718926284822687,0.2255044283332966,0.2573174175603387,0.0,
8.133333333333333,0.0,1.0,0.6963789515072409,0.0,0.0,0.0011139177746094168,0.5795783449892834,0.9732979970581552,0.22381314512079686,0.2538865186595342,0.0,
8.15,0.0,1.0,0.8119294231449539,0.0,0.0,0.001002525997148475,0.581001826068862,0.9746330972052475,0.2221345465323909,0.2505013650774071,0.0,
8.166666666666666,0.0,1.0,0.6820691769668746,0.0,0.0,0.0009022733974336276,0.5824165373187561,0.9759014423449851,0.22046853743339798,0.247161346876375,0.0,
8.183333333333334,0.0,1.0,0.7528172873524596,0.0,0.0,0.0008120460576902648,0.5838225327684248,0.9771063702277358,0.2188150234026475,0.24386586225135667,0.0,
8.2,0.0,1.0,0.5082735543674237,0.0,0.0,0.0007308414519212383,0.5852198661144606,0.9782510517163491,0.21717391072712763,0.2406143174213386,0.0,
8.216666666666667,0.0,1.0,0.5678235356651429,0.0,0.0,0.0006577573067291145,0.5866085907226405,0.9793384991305316,0.21554510639667418,0.2374061265223874,0.0,
8.233333333333333,0.0,1.0,0.5080875982342413,0.0,0.0,0.0005919815760562031,0.5879887596299634,0.980371574174005,0.21392851809869912,0.23424071150208892,0.0,
8.25,0.0,1.0,0.4294839846530634,0.0,0.0,0.0005327834184505828,0.5893604255466766,0.9813529954653047,0.21232405421295888,0.2311175020153944,0.0,
8.266666666666666,0.0,1.0,0.7865342840928655,0.0,0.0,0.0004795050766055245,0.5907236408582878,0.9822853456920395,0.2107316238063617,0.22803593532185581,0.0,
8.283333333333333,0.0,1.0,0.6556643100432293,0.0,0.0,0.0004315545689449721,0.5920784576275667,0.9831710784074376,0.20915113662781398,0.22499545618423106,0.0,
8.3,0.0,1.0,0.4585839337267432,0.0,0.0,0.0003883991120504749,0.5934249275965329,0.9840125244870657,0.2075825031031054,0.22199551676844131,0.0,
8.316666666666666,0.0,1.0,0.46148535238832067,0.0,0.0,0.0003495592008454274,0.5947631021884319,0.9848118982627124,0.2060256343298321,0.2190355765448621,0.0,
8.333333333333334,0.0,1.0,0.5565338371649339,0.0,0.0,0.0003146032807608847,0.5960930325096994,0.9855713033495768,0.20448044207235835,0.2161151021909306,0.0,
8.35,0.0,1.0,0.40624285354911455,0.0,0.0,0.00028314295268479624,0.5974147693519125,0.986292738182098,0.20294683875681566,0.21323356749505154,0.0,
8.366666666666667,0.0,1.0,0.6522992599061335,0.0,0.0,0.0002548286574163166,0.5987283631937302,0.986978101272993,0.20142473746613954,0.21039045326178418,0.0,
8.383333333333333,0.0,1.0,0.46880944247015366,0.0,0.0,0.00022934579167468495,0.6000338642028209,0.9876291962093433,0.1999140519351435,0.20758524721829372,0.0,
8.4,0.0,1.0,0.6055480430154918,0.0,0.0,0.00020641121250721645,0.6013313222377781,0.9882477363988762,0.19841469654562993,0.2048174439220498,0.0,
8.416666666666666,0.0,1.0,0.5529031896148947,0.0,0.0,0.0001857700912564948,0.6026207868500248,0.9888353495789324,0.1969265863215377,0.2020865446697558,0.0,
8.433333333333334,0.0,1.0,0.6424182052318196,0.0,0.0,0.0001671930821308453,0.6039023072857063,0.9893935820999857,0.19544963692412617,0.1993920574074924,0.0,
8.45,0.0,1.0,0.5609718164508546,0.0,0.0,0.00015047377391776078,0.6051759324875703,0.9899239029949864,0.19398376464719522,0.1967334966420592,0.0,
8.466666666666667,0.0,1.0,0.5478638971352836,0.0,0.0,0.0001354263965259847,0.6064417110968364,0.9904277078452371,0.19252888641234125,0.1941103833534984,0.0,
8.483333333333333,0.0,1.0,0.6306556773016834,0.0,0.0,0.00012188375687338623,0.6076996914550541,0.9909063224529753,0.19108491976424868,0.19152224490878508,0.0,
8.5,0.0,1.0,0.6683988170795998,0.0,0.0,0.00010969538118604761,0.6089499216059481,0.9913610063303265,0.18965178286601683,0.18896861497666795,0.0,
8.516666666666666,0.0,1.0,0.7112058510645921,0.0,0.0,9.872584306744284e-05,0.6101924492972541,0.9917929560138102,0.1882293944945217,0.18644903344364572,0.0,
8.533333333333333,0.0,1.0,0.7448805762353468,0.0,0.0,8.885325876069856e-05,0.611427321982542,0.9922033082131198,0.1868176740358128,0.18396304633106378,0.0,
8.55,0.0,1.0,0.9039382113002223,0.0,0.0,7.99679328846287e-05,0.612654586823028,0.9925931428024638,0.18541654148054418,0.18151020571331627,0.0,
8.566666666666666,0.0,1.0,0.7974702196674299,0.0,0.0,7.197113959616584e-05,0.6138742906893758,0.9929634856623406,0.1840259174194401,0.17909006963713872,0.0,
8.583333333333334,0.0,1.0,0.64553400030788,0.0,0.0,6.477402563654925e-05,0.615086480163487,0.9933153113792236,0.1826457230387943,0.17670220204197687,0.0,
8.6,0.0,1.0,0.7371102001684318,0.0,0.0,5.829662307289433e-05,0.6162912015402798,0.9936495458102624,0.18127588011600335,0.17434617268141717,0.0,
8.616666666666667,0.0,1.0,0.5414504237448459,0.0,0.0,5.24669607656049e-05,0.6174885008294572,0.9939670685197494,0.17991631101513333,0.17202155704566494,0.0,
8.633333333333333,0.0,1.0,0.7738189663940351,0.0,0.0,4.722026468904441e-05,0.6186784237572637,0.9942687150937619,0.17856693868251983,0.16972793628505606,0.0,
8.65,0.0,1.0,0.6452265573742553,0.0,0.0,4.249823822013997e-05,0.6198610157682325,0.9945552793390738,0.17722768664240093,0.16746489713458865,0.0,
8.666666666666666,0.0,1.0,0.40069673946097045,0.0,0.0,3.824841439812597e-05,0.6210363220269204,0.9948275153721201,0.17589847899258293,0.1652320318394608,0.0,
8.683333333333334,0.0,1.0,0.6440536801879347,0.0,0.0,3.4423572958313375e-05,0.6222043874196328,0.9950861396035141,0.17457924040013856,0.16302893808160132,0.0,
8.7,0.0,1.0,0.6479310823141339,0.0,0.0,3.0981215662482034e-05,0.6233652565561384,0.9953318326233384,0.17326989609713753,0.16085521890717996,0.0,
8.716666666666667,0.0,1.0,0.23113598261280122,0.0,0.0,2.788309409623383e-05,0.6245189737713721,0.9955652409921715,0.17197037187640898,0.15871048265508422,0.0,
8.733333333333333,0.0,1.0,0.473626065111419,0.0,0.0,2.509478468661045e-05,0.6256655831271289,0.9957869789425629,0.1706805940873359,0.15659434288634977,0.0,
8.75,0.0,1.0,0.5224306195271287,0.0,0.0,2.2585306217949402e-05,0.6268051284137466,0.9959976299954347,0.1694004896316809,0.15450641831453177,0.0,
8.766666666666666,0.0,1.0,0.3685785297839721,0.0,0.0,2.032677559615446e-05,0.6279376531517775,0.996197748495663,0.16812998595944328,0.15244633273700467,0.0,
8.783333333333333,0.0,1.0,0.4960567964122333,0.0,0.0,1.8294098036539015e-05,0.6290632005936515,0.9963878610708798,0.16686901106474747,0.15041371496717795,0.0,
8.8,0.0,1.0,0.53619701741686,0.0,0.0,1.6464688232885114e-05,0.6301818137253274,0.9965684680173359,0.16561749348176186,0.14840819876761557,0.0,
8.816666666666666,0.0,1.0,0.7367334011541403,0.0,0.0,1.4818219409596604e-05,0.6312935352679346,0.9967400446164691,0.16437536228064864,0.14642942278404736,0.0,
8.833333333333334,0.0,1.0,0.7360555813276617,0.0,0.0,1.3336397468636943e-05,0.6323984076794047,0.9969030423856456,0.16314254706354378,0.14447703048026006,0.0,
8.85,0.0,1.0,1.0,0.0,0.0,1.200275772177325e-05,0.6334964731560931,0.9970578902663634,0.1619189779605672,0.1425506700738566,0.0,
8.866666666666667,0.0,1.0,0.6892914119723509,0.0,0.0,1.0802481949595925e-05,0.6345877736343907,0.9972049957530452,0.16070458562586296,0.14064999447287185,0.0,
8.883333333333333,0.0,1.0,0.8849803018898421,0.0,0.0,9.722233754636332e-06,0.6356723507923249,0.9973447459653929,0.15949930123366898,0.13877466121323356,0.0,
8.9,0.0,1.0,0.7594615770456677,0.0,0.0,8.7500103791727e-06,0.6367502460511518,0.9974775086671233,0.15830305647441648,0.13692433239705712,0.0,
8.916666666666666,0.0,1.0,0.7791036761053971,0.0,0.0,7.87500934125543e-06,0.6378215005769384,0.9976036332337671,0.15711578355085834,0.13509867463176303,0.0,
8.933333333333334,0.0,1.0,0.5974469623041027,0.0,0.0,7.0875084071298874e-06,0.638886155282134,0.9977234515720788,0.1559374151742269,0.1332973589700062,0.0,
8.95,0.0,1.0,0.4914027047655626,0.0,0.0,6.378757566416899e-06,0.6399442508271334,0.9978372789934749,0.1547678845604202,0.1315200608504061,0.0,
8.966666666666667,0.0,1.0,0.6079422129019345,0.0,0.0,5.740881809775209e-06,0.6409958276218292,0.9979454150438011,0.15360712542621704,0.12976646003906736,0.0,
8.983333333333333,0.0,1.0,0.7673421331158502,0.0,0.0,5.166793628797688e-06,0.6420409258271557,0.998048144291611,0.1524550719855204,0.1280362405718798,0.0,
9.0,0.0,1.0,0.8399366734430562,0.0,0.0,4.650114265917919e-06,0.6430795853566221,0.9981457370770305,0.151311658945629,0.12632909069758805,0.0,
9.016666666666666,0.0,1.0,0.6965970215935839,0.0,0.0,4.185102839326127e-06,0.6441118458778375,0.9982384502231789,0.15017682150353678,0.12464470282162021,0.0,
9.033333333333333,0.0,1.0,0.6597937091811852,0.0,0.0,3.7665925553935144e-06,0.6451377468140251,0.99832652771202,0.14905049534226025,0.12298277345066527,0.0,
9.05,0.0,1.0,0.4786372994044224,0.0,0.0,3.389933299854163e-06,0.6461573273455283,0.998410201326419,0.14793261662719331,0.12134300313798974,0.0,
9.066666666666666,0.0,1.0,0.7475127210594681,0.0,0.0,3.0509399698687466e-06,0.6471706264113072,0.998489691260098,0.14682312200248937,0.1197250964294832,0.0,
9.083333333333334,0.0,1.0,0.7146641758187153,0.0,0.0,2.7458459728818718e-06,0.6481776827104249,0.9985652066970931,0.1457219485874707,0.11812876181042342,0.0,
9.1,0.0,1.0,0.4863001015397035,0.0,0.0,2.4712613755936847e-06,0.6491785347035265,0.9986369463622384,0.14462903397306467,0.11655371165295111,0.0,
9.116666666666667,0.0,1.0,0.5478429370678284,0.0,0.0,2.2241352380343164e-06,0.6501732206143073,0.9987050990441265,0.1435443162182667,0.11499966216424509,0.0,
9.133333333333333,0.0,1.0,0.44387122880578095,0.0,0.0,2.0017217142308847e-06,0.6511617784309726,0.9987698440919202,0.1424677338466297,0.1134663333353885,0.0,
9.15,0.0,1.0,0.7553541481274098,0.0,0.0,1.8015495428077962e-06,0.6521442459076892,0.9988313518873242,0.14139922584277997,0.11195344889091666,0.0,
9.166666666666666,0.0,1.0,0.6487625002835778,0.0,0.0,1.6213945885270166e-06,0.6531206605660261,0.9988897842929579,0.14033873164895913,0.2880607362390378,0.0,posture_settle
9.183333333333334,0.0,1.0,0.6127103351905039,0.0,0.0,1.459255129674315e-06,0.6540910596963889,0.9989452950783101,0.13928619116159194,0.28421992642251726,0.0,
9.2,0.0,1.0,0.6988280000507464,0.0,0.0,1.3133296167068836e-06,0.6550554803594428,0.9989980303243946,0.13824154472788,0.28043032740355034,0.0,
9.216666666666667,0.0,1.0,0.7287565793544746,0.0,0.0,1.1819966550361951e-06,0.6560139593875284,0.9990481288081748,0.1372047331424209,0.276691256371503,0.0,
9.233333333333333,0.0,1.0,0.6506203955916553,0.0,0.0,1.0637969895325756e-06,0.6569665333860684,0.9990957223677661,0.13617569764385273,0.27300203961988295,0.0,
9.25,0.0,1.0,0.5717228558295001,0.0,0.0,9.57417290579318e-07,0.6579132387349657,0.9991409362493778,0.13515437991152385,0.26936201242495117,0.0,
9.266666666666666,0.0,1.0,0.5825530961326557,0.0,0.0,8.616755615213862e-07,0.6588541115899926,0.999183889436909,0.1341407220621874,0.2657705189259518,0.0,
9.283333333333333,0.0,1.0,0.5379886010555264,0.0,0.0,7.755080053692476e-07,0.659789187884172,0.9992246949650635,0.133134666646721,0.26222691200693915,0.0,
9.3,0.0,1.0,0.8053503624596196,0.0,0.0,6.979572048323229e-07,0.6607185033291489,0.9992634602168103,0.1321361566468706,0.25873055318017996,0.0,
9.316666666666666,0.0,1.0,1.0,0.0,0.0,6.281614843490906e-07,0.6616420934165552,0.9993002872059699,0.13114513547201906,0.2552808124711109,0.0,
9.333333333333334,0.0,1.0,0.5327142246620582,0.0,0.0,5.653453359141815e-07,0.6625599934193648,0.9993352728456714,0.13016154695597892,0.2518770683048294,0.0,
9.35,0.0,1.0,0.737305173177643,0.0,0.0,5.088108023227634e-07,0.6634722383932402,0.9993685092033878,0.12918533535380908,0.24851870739409837,0.0,
9.366666666666667,0.0,1.0,0.7493180731127314,0.0,0.0,4.5792972209048707e-07,0.6643788631778725,0.9994000837432184,0.1282164453386555,0.24520512462884372,0.0,
9.383333333333333,0.0,1.0,0.5577268232388727,0.0,0.0,4.1213674988143836e-07,0.6652799023983109,0.9994300795560576,0.1272548219986156,0.24193572296712582,0.0,
9.4,0.0,1.0,0.6745310962480865,0.0,0.0,3.709230748932945e-07,0.6661753904662854,0.9994585755782547,0.12630041083362598,0.23870991332756414,0.0,
9.416666666666666,0.0,1.0,0.49248566761954393,0.0,0.0,3.3383076740396504e-07,0.667065361581521,0.9994856467993419,0.12535315775237377,0.2355271144831966,0.0,
9.433333333333334,0.0,1.0,0.7440482542785756,0.0,0.0,3.0044769066356853e-07,0.6679498497330442,0.9995113644593748,0.12441300906923096,0.23238675295675398,0.0,
9.45,0.0,1.0,0.507979435123959,0.0,0.0,2.704029215972117e-07,0.6688288887004805,0.9995357962364061,0.12347991150121172,0.2292882629173306,0.0,
9.466666666666667,0.0,1.0,0.575464705640509,0.0,0.0,2.4336262943749054e-07,0.669702512055345,0.9995590064245858,0.12255381216495263,0.22623108607843284,0.0,
9.483333333333333,0.0,1.0,0.6355164075704381,0.0,0.0,2.1902636649374148e-07,0.6705707531623241,0.9995810561033566,0.12163465857371548,0.22321467159738706,0.0,
9.5,0.0,1.0,0.4984216756969222,0.0,0.0,1.9712372984436734e-07,0.6714336451805498,0.9996020032981887,0.12072239863441261,0.22023847597608856,0.0,
9.516666666666666,0.0,1.0,0.3384597186301672,0.0,0.0,1.774113568599306e-07,0.6722912210648667,0.9996219031332793,0.11981698064465451,0.21730196296307405,0.0,
9.533333333333333,0.0,1.0,0.4996467805493024,0.0,0.0,1.5967022117393753e-07,0.6731435135670896,0.9996408079766153,0.1189183532898196,0.21440460345689974,0.0,
9.55,0.0,1.0,0.6708487539989143,0.0,0.0,1.437031990565438e-07,0.673990555237255,0.9996587675777845,0.11802646564014596,0.21154587541080774,0.0,
9.566666666666666,0.0,1.0,0.5898560811247872,0.0,0.0,1.293328791508894e-07,0.6748323784248642,0.9996758291988953,0.11714126714784487,0.20872526373866365,0.0,
9.583333333333334,0.0,1.0,0.6516927975654244,0.0,0.0,1.1639959123580047e-07,0.6756690152801184,0.9996920377389505,0.11626270764423603,0.20594226022214815,0.0,
9.6,0.0,1.0,0.5203517831714051,0.0,0.0,1.0475963211222043e-07,0.6765004977551468,0.9997074358520031,0.11539073733690426,0.20319636341918618,0.0,
9.616666666666667,0.0,1.0,0.6930686538081174,0.0,0.0,9.428366890099838e-08,0.6773268576052269,0.9997220640594029,0.11452530680687747,0.20048707857359702,0.0,
9.633333333333333,0.0,1.0,0.7873800387902565,0.0,0.0,8.485530201089855e-08,0.6781481263899974,0.9997359608564328,0.1136663670058259,0.19781391752594907,0.0,
9.65,0.0,1.0,0.7250844405775284,0.0,0.0,7.636977180980869e-08,0.6789643354746631,0.9997491628136111,0.11281386925328221,0.19517639862560307,0.0,
9.666666666666666,0.0,1.0,0.9655642912168565,0.0,0.0,6.873279462882781e-08,0.6797755160311929,0.9997617046729306,0.11196776523388259,0.19257404664392835,0.0,
9.683333333333334,0.0,1.0,0.7216573532376424,0.0,0.0,6.185951516594503e-08,0.6805816990395107,0.999773619439284,0.11112800699462846,0.19000639268867597,0.0,
9.7,0.0,1.0,0.6250379716395197,0.0,0.0,5.567356364935053e-08,0.6813829152886781,0.9997849384673198,0.11029454694216875,0.18747297411949362,0.0,
9.716666666666667,0.0,1.0,0.552473473547374,0.0,0.0,5.0106207284415474e-08,0.6821791953780705,0.9997956915439538,0.10946733784010249,0.18497333446456704,0.0,
9.733333333333333,0.0,1.0,0.874843247321567,0.0,0.0,4.509558655597393e-08,0.6829705697185454,0.9998059069667561,0.10864633280630172,0.18250702333837282,0.0,
9.75,0.0,1.0,0.7136284888630766,0.0,0.0,4.058602790037654e-08,0.6837570685336044,0.9998156116184183,0.10783148531025445,0.18007359636052786,0.0,
9.766666666666666,0.0,1.0,0.8213946135834957,0.0,0.0,3.6527425110338886e-08,0.684538721860547,0.9998248310374973,0.10702274917042755,0.17767261507572082,0.0,
9.783333333333333,0.0,1.0,0.730802174762902,0.0,0.0,3.2874682599305e-08,0.6853155595516178,0.9998335894856224,0.10622007855164935,0.1753036468747112,0.0,
9.8,0.0,1.0,0.8450101148690944,0.0,0.0,2.9587214339374498e-08,0.6860876112751468,0.9998419100113413,0.10542342796251197,0.17296626491638173,0.0,
9.816666666666666,0.0,1.0,0.7760509790210846,0.0,0.0,2.6628492905437047e-08,0.6868549065166825,0.9998498145107741,0.10463275225279313,0.17066004805082996,0.0,
9.833333333333334,0.0,1.0,0.5546934525398003,0.0,0.0,2.3965643614893344e-08,0.6876174745801177,0.9998573237852354,0.10384800661089719,0.16838458074348556,0.0,
9.85,0.0,1.0,0.6121555099910498,0.0,0.0,2.156907925340401e-08,0.6883753445888087,0.9998644575959736,0.10306914656131545,0.16613945300023908,0.0,
9.866666666666667,0.0,1.0,0.6936420987423235,0.0,0.0,1.941217132806361e-08,0.6891285454866878,0.999871234716175,0.10229612796210559,0.1639242602935692,0.0,
9.883333333333333,0.0,1.0,0.4050784000844513,0.0,0.0,1.7470954195257247e-08,0.6898771060393686,0.9998776729803662,0.1015289070023898,0.16173860348965496,0.0,
9.9,0.0,1.0,0.7241075170072974,0.0,0.0,1.5723858775731524e-08,0.6906210548352444,0.9998837893313479,0.10076744019987187,0.15958208877645957,0.0,
9.916666666666666,0.0,1.0,0.6988466184485596,0.0,0.0,1.415147289815837e-08,0.6913604202865803,0.9998895998647805,0.10001168439837282,0.15745432759277345,0.0,
9.933333333333334,0.0,1.0,0.6813485632189284,0.0,0.0,1.2736325608342534e-08,0.692095230630598,0.9998951198715416,0.09926159676538503,0.15535493655820312,0.0,
9.95,0.0,1.0,0.5551774625713037,0.0,0.0,1.1462693047508281e-08,0.6928255139305546,0.9999003638779644,0.09851713478964463,0.15328353740409376,0.0,
9.966666666666667,0.0,1.0,0.6362569247691506,0.0,0.0,1.0316423742757453e-08,0.6935512980768141,0.9999053456840662,0.0977782562787223,0.1512397569053725,0.0,
9.983333333333333,0.0,1.0,0.4900493865814826,0.0,0.0,9.284781368481707e-09,0.6942726107879126,0.9999100783998629,0.09704491935663188,0.14922322681330086,0.0,
10.0,0.0,1.0,0.6569545008602545,0.0,0.0,8.356303231633537e-09,0.6949894796116167,0.9999145744798698,0.09631708246145715,0.14723358378912352,0.0,
10.016666666666666,0.0,1.0,0.6053963619375197,0.0,0.0,7.520672908470184e-09,0.6957019319259762,0.9999188457558763,0.09559470434299622,0.14527046933860188,0.0,
10.033333333333333,0.0,1.0,0.7103876758410885,0.0,0.0,6.768605617623166e-09,0.6964099949403688,0.9999229034680825,0.09487774406042375,0.14333352974742053,0.0,
10.05,0.0,1.0,0.6613555265825373,0.0,0.0,6.091745055860849e-09,0.6971136956965404,0.9999267582946785,0.09416616097997058,0.14142241601745492,0.0,
10.066666666666666,0.0,1.0,0.7706589618087492,0.0,0.0,5.482570550274764e-09,0.6978130610696366,0.9999304203799445,0.09345991477262079,0.13953678380388884,0.0,
10.083333333333334,0.0,1.0,0.8881124437891044,0.0,0.0,4.934313495247288e-09,0.69850811776923,0.9999338993609472,0.09275896541182614,0.13767629335317033,0.0,
10.1,0.0,1.0,0.5928476179302419,0.0,0.0,4.440882145722559e-09,0.69919889234034,0.9999372043928999,0.09206327317123744,0.1358406094417947,0.0,
10.116666666666667,0.0,1.0,0.857639487691776,0.0,0.0,3.996793931150303e-09,0.6998854111644466,0.999940344173255,0.09137279862245316,0.13402940131590413,0.0,
10.133333333333333,0.0,1.0,0.49758503203634397,0.0,0.0,3.597114538035273e-09,0.7005677004604975,0.9999433269645922,0.09068750263278476,0.13224234263169207,0.0,
10.15,0.0,1.0,0.46138667605539724,0.0,0.0,3.2374030842317457e-09,0.7012457862859105,0.9999461606163625,0.09000734636303888,0.13047911139660284,0.0,
10.166666666666666,0.0,1.0,0.6856757588322313,0.0,0.0,2.9136627758085712e-09,0.7019196945375673,0.9999488525855444,0.08933229126531608,0.1287393899113148,0.0,
10.183333333333334,0.0,1.0,0.6766894303069436,0.0,0.0,2.622296498227714e-09,0.7025894509528038,0.9999514099562672,0.0886622990808262,0.12702286471249727,0.0,
10.2,0.0,1.0,0.7031361024375044,0.0,0.0,2.3600668484049426e-09,0.703255081110392,0.9999538394584538,0.08799733183772002,0.12532922651633063,0.0,
10.216666666666667,0.0,1.0,0.4027412040102291,0.0,0.0,2.1240601635644483e-09,0.7039166104315178,0.9999561474855312,0.08733735184893712,0.12365817016277955,0.0,
10.233333333333333,0.0,1.0,0.5269398781071866,0.0,0.0,1.9116541472080034e-09,0.7045740641807509,0.9999583401112546,0.08668232171007009,0.12200939456060916,0.0,
10.25,0.0,1.0,0.49539357129055106,0.0,0.0,1.7204887324872031e-09,0.7052274674670107,0.9999604231056919,0.08603220429724456,0.12038260263313437,0.0,
10.266666666666666,0.0,1.0,0.555350489246079,0.0,0.0,1.5484398592384827e-09,0.7058768452445243,0.9999624019504073,0.08538696276501523,0.11877750126469258,0.0,
10.283333333333333,0.0,1.0,0.390683704024109,0.0,0.0,1.3935958733146346e-09,0.7065222223137804,0.999964281852887,0.08474656054427761,0.11719380124783,0.0,
10.3,0.0,1.0,0.4089860065323818,0.0,0.0,1.254236285983171e-09,0.7071636233224756,0.9999660677602427,0.08411096134019552,0.11563121723119227,0.0,
10.316666666666666,0.0,1.0,0.2665155480360204,0.0,0.0,1.128812657384854e-09,0.7078010727664564,0.9999677643722306,0.08348012913014406,0.1140894676681097,0.0,
10.333333333333334,0.0,1.0,0.30049494642530167,0.0,0.0,1.0159313916463686e-09,0.7084345949906544,0.999969376153619,0.08285402816166798,0.11256827476586824,0.0,
10.35,0.0,1.0,0.2629125416723634,0.0,0.0,9.143382524817317e-10,0.7090642141900162,0.9999709073459381,0.08223262295045547,0.11106736443565667,0.0,
10.366666666666667,0.0,1.0,0.3041762335286161,0.0,0.0,8.229044272335586e-10,0.7096899544104273,0.9999723619786411,0.08161587827832706,0.10958646624318125,0.0,
10.383333333333333,0.0,1.0,0.19656769308110836,0.0,0.0,7.406139845102027e-10,0.7103118395496303,0.999973743879709,0.0810037591912396,0.10812531335993883,0.0,
10.4,0.0,1.0,0.18329376838146566,0.0,0.0,6.665525860591824e-10,0.7109298933581383,0.9999750566857236,0.0803962309973053,0.10668364251513965,0.0,
10.416666666666666,0.0,1.0,0.20694457909330316,0.0,0.0,5.998973274532642e-10,0.7115441394401409,0.9999763038514374,0.07979325926482551,0.10526119394827112,0.0,
10.433333333333334,0.0,1.0,0.20327386654638965,0.0,0.0,5.399075947079378e-10,0.7121546012544068,0.9999774886588656,0.07919480982033933,0.10385771136229417,0.0,
10.45,0.0,1.0,0.12777251296370123,0.0,0.0,4.859168352371441e-10,0.7127613021151786,0.9999786142259223,0.07860084874668678,0.10247294187746359,0.0,
10.466666666666667,0.0,1.0,0.08589219728776143,0.0,0.0,4.3732515171342966e-10,0.7133642651930641,0.9999796835146262,0.07801134238108663,0.10110663598576407,0.0,
10.483333333333333,0.0,1.0,0.03916974974435505,0.0,0.0,3.935926365420867e-10,0.7139635135159205,0.9999806993388949,0.07742625731322848,0.09975854750595388,0.0,
10.5,0.0,0.0,0.0,0.0,0.016666666666666666,3.54233372887878e-10,0.7131305560834852,0.9833143543499133,0.08242764620211737,0.09842843353920783,0.0,
10.516666666666666,0.0,0.0,0.0,0.0,0.03333333333333333,3.188100355990902e-10,0.7122985704347211,0.9669257817774147,0.08743042397989514,0.09711605442535172,0.0,
10.533333333333333,0.0,0.0,0.0,0.0,0.05,2.869290320391812e-10,0.7114675554358806,0.9508103520811245,0.09243459064656182,0.09582117369968036,0.0,
10.55,0.0,0.0,0.0,0.0,0.06666666666666667,2.5823612883526306e-10,0.7106375099545387,0.9349635128797724,0.09744014620211737,0.09454355805035129,0.0,
10.566666666666666,0.0,0.0,0.0,0.0,0.08333333333333333,2.3241251595173676e-10,0.7098084328595917,0.9193807876651096,0.10244709064656181,0.0932829772763466,0.0,
10.583333333333334,0.0,0.0,0.0,0.0,0.09999999999999999,2.091712643565631e-10,0.7089803230212556,0.9040577745373577,0.10745542397989515,0.0920392042459953,0.0,
10.6,0.0,0.0,0.0,0.0,0.11666666666666665,1.882541379209068e-10,0.7081531793110641,0.8889901449617351,0.11246514620211737,0.0908120148560487,0.0,
10.616666666666667,0.0,0.0,0.0,0.0,0.13333333333333333,1.6942872412881613e-10,0.7073270006018679,0.8741736425457062,0.11747625731322847,0.08960118799130139,0.0,
10.633333333333333,0.0,0.0,0.0,0.0,0.15,1.524858517159345e-10,0.7065017857678324,0.8596040818366111,0.12248875731322847,0.08840650548475071,0.0,
10.65,0.0,0.0,0.0,0.0,0.16666666666666666,1.3723726654434106e-10,0.7056775336844366,0.8452773471393342,0.12750264620211738,0.08722775207828737,0.0,
10.666666666666666,0.0,0.0,0.0,0.0,0.18333333333333332,1.2351353988990696e-10,0.7048542432284715,0.8311893913536786,0.13251792397989515,0.08606471538391021,0.0,
10.683333333333334,0.0,0.0,0.0,0.0,0.19999999999999998,1.1116218590091626e-10,0.7040319132780383,0.8173362348311173,0.13753459064656182,0.08491718584545807,0.0,
10.7,0.0,0.0,0.0,0.0,0.21666666666666665,1.0004596731082464e-10,0.7032105427125472,0.8037139642505987,0.14255264620211738,0.08378495670085197,0.0,
10.716666666666667,0.0,0.0,0.0,0.0,0.2333333333333333,9.004137057974218e-11,0.7023901304127159,0.7903187315130887,0.14757209064656182,0.08266782394484061,0.0,
10.733333333333333,0.0,0.0,0.0,0.0,0.24999999999999997,8.103723352176796e-11,0.7015706752605677,0.7771467526545373,0.15259292397989516,0.08156558629224274,0.0,
10.75,0.0,0.0,0.0,0.0,0.26666666666666666,7.293351016959116e-11,0.7007521761394304,0.7641943067769617,0.1576151462021174,0.0804780451416795,0.0,
10.766666666666666,0.0,0.0,0.0,0.0,0.2833333333333333,6.564015915263205e-11,0.6999346319339345,0.7514577349973456,0.1626387573132285,0.07940500453979044,0.0,
10.783333333333333,0.0,0.0,0.0,0.0,0.3,5.907614323736884e-11,0.6991180415300116,0.7389334394140565,0.1676637573132285,0.07834627114592656,0.0,
10.8,0.0,0.0,0.0,0.0,0.31666666666666665,5.316852891363196e-11,0.6983024038148932,0.7266178820904889,0.1726901462021174,0.0773016541973142,0.0,
10.816666666666666,0.0,0.0,0.0,0.0,0.3333333333333333,4.785167602226876e-11,0.6974877176771092,0.7145075840556474,0.17771792397989516,0.07627096547468334,0.0,
10.833333333333334,0.0,0.0,0.0,0.0,0.35,4.306650842004189e-11,0.6966739820064859,0.7025991243213866,0.18274709064656183,0.07525401926835423,0.0,
10.85,0.0,0.0,0.0,0.0,0.36666666666666664,3.87598575780377e-11,0.695861195694145,0.6908891389160302,0.1877776462021174,0.07425063234477618,0.0,
10.866666666666667,0.0,0.0,0.0,0.0,0.3833333333333333,3.488387182023393e-11,0.6950493576325018,0.6793743199340964,0.19280959064656183,0.0732606239135125,0.0,
10.883333333333333,0.0,0.0,0.0,0.0,0.39999999999999997,3.1395484638210536e-11,0.6942384667152638,0.6680514146018615,0.19784292397989517,0.07228381559466567,0.0,
10.9,0.0,0.0,0.0,0.0,0.41666666666666663,2.825593617438948e-11,0.6934285218374293,0.6569172243584971,0.2028776462021174,0.07132003138673679,0.0,
10.916666666666666,0.0,0.0,0.0,0.0,0.4333333333333333,2.5430342556950532e-11,0.6926195218952856,0.6459686039525221,0.2079137573132285,0.07036909763491363,0.0,
10.933333333333334,0.0,0.0,0.0,0.0,0.44999999999999996,2.2887308301255478e-11,0.6918114657864078,0.6352024605533134,0.2129512573132285,0.06943084299978144,0.0,
10.95,0.0,0.0,0.0,0.0,0.4666666666666666,2.059857747112993e-11,0.6910043524096571,0.6246157528774249,0.2179901462021174,0.06850509842645103,0.0,
10.966666666666667,0.0,0.0,0.0,0.0,0.4833333333333333,1.853871972401694e-11,0.6901981806651791,0.6142054903294678,0.22303042397989517,0.06759169711409835,0.0,
10.983333333333333,0.0,0.0,0.0,0.0,0.49999999999999994,1.6684847751615244e-11,0.6893929494544031,0.6039687321573101,0.22807209064656184,0.06669047448591037,0.0,
11.0,0.0,0.0,0.0,0.0,0.5166666666666666,1.501636297645372e-11,0.6885886576800396,0.5939025866213549,0.2331151462021174,0.06580126815943156,0.0,
11.016666666666666,0.0,0.0,0.0,0.0,0.5333333333333333,1.3514726678808349e-11,0.6877853042460795,0.5840042101776656,0.23815959064656184,0.06492391791730581,0.0,
11.033333333333333,0.0,0.0,0.0,0.0,0.55,1.2163254010927514e-11,0.6869828880577924,0.5742708066747044,0.24320542397989517,0.0640582656784084,0.0,
11.05,0.0,0.0,0.0,0.0,0.5666666666666668,1.0946928609834763e-11,0.686181408021725,0.5646996265634594,0.2482526462021174,0.06320415546936296,0.0,
11.066666666666666,0.0,0.0,0.0,0.0,0.5833333333333335,9.852235748851287e-12,0.6853808630456997,0.555287966120735,0.2533012573132285,0.062361433396438126,0.0,
11.083333333333334,0.0,0.0,0.0,0.0,0.6000000000000002,8.867012173966159e-12,0.684581252038813,0.5460331666853895,0.2583512573132285,0.06152994761781895,0.0,
11.1,0.0,0.0,0.0,0.0,0.6166666666666669,7.980310956569542e-12,0.6837825739114344,0.5369326139072996,0.2634026462021174,0.06070954831624803,0.0,
11.116666666666667,0.0,0.0,0.0,0.0,0.6333333333333336,7.182279860912588e-12,0.6829848275752044,0.5279837370088446,0.2684554239798952,0.05990008767203139,0.0,
11.133333333333333,0.0,0.0,0.0,0.0,0.6500000000000004,6.464051874821329e-12,0.6821880119430334,0.5191840080586972,0.2735095906465619,0.0591014198364043,0.0,
11.15,0.0,0.0,0.0,0.0,0.6666666666666671,5.817646687339196e-12,0.6813921259290998,0.5105309412577189,0.2785651462021174,0.05831340090525224,0.0,
11.166666666666666,0.0,0.0,0.0,0.0,0.6833333333333338,5.235882018605276e-12,0.6805971684488492,0.502022092236757,0.28362209064656185,0.057535888893182216,0.0,
11.183333333333334,0.0,0.0,0.0,0.0,0.7000000000000005,4.712293816744749e-12,0.6798031384189922,0.49365505736614435,0.2886804239798952,0.19490207704127316,0.0,micro_nod_ready
11.2,0.0,0.0,0.0,0.0,0.7166666666666672,4.241064435070274e-12,0.6790100347575034,0.4854274730767086,0.2937401462021174,0.19230338268072286,0.0,
11.216666666666667,0.0,0.0,0.0,0.0,0.733333333333334,3.816957991563247e-12,0.6782178563836196,0.47733701519209676,0.29880125731322854,0.1897393375783132,0.0,
11.233333333333333,0.0,0.0,0.0,0.0,0.7500000000000007,3.4352621924069223e-12,0.6774266022178388,0.46938139827222847,0.30386375731322857,0.1872094797439357,0.0,
11.25,0.0,0.0,0.0,0.0,0.7666666666666674,3.0917359731662303e-12,0.6766362711819179,0.4615583749676913,0.30892764620211743,0.1847133533473499,0.0,
11.266666666666666,0.0,0.0,0.0,0.0,0.7833333333333341,2.7825623758496074e-12,0.6758468621988724,0.45386573538489644,0.3139929239798952,0.18225050863605188,0.0,
11.283333333333333,0.0,0.0,0.0,0.0,0.8000000000000008,2.5043061382646465e-12,0.6750583741929737,0.4463013064618148,0.31905959064656186,0.17982050185423787,0.0,
11.3,0.0,0.0,0.0,0.0,0.8166666666666675,2.253875524438182e-12,0.6742708060897485,0.4388629513541179,0.3241276462021174,0.17742289516284804,0.0,
11.316666666666666,0.0,0.0,0.0,0.0,0.8333333333333343,2.0284879719943637e-12,0.6734841568159772,0.4315485688315493,0.3291970906465619,0.17505725656067672,0.0,
11.333333333333334,0.0,0.0,0.0,0.0,0.850000000000001,1.8256391747949273e-12,0.6726984252996918,0.4243560926843568,0.33426792397989524,0.17272315980653435,0.0,
11.35,0.0,0.0,0.0,0.0,0.8666666666666677,1.6430752573154347e-12,0.6719136104701755,0.41728349113961755,0.33934014620211744,0.17042018434244724,0.0,
11.366666666666667,0.0,0.0,0.0,0.0,0.8833333333333344,1.4787677315838912e-12,0.6711297112579603,0.4103287662872906,0.34441375731322854,0.16814791521788128,0.0,
11.383333333333333,0.0,0.0,0.0,0.0,0.9000000000000011,1.3308909584255021e-12,0.670346726594826,0.4034899535158358,0.34948875731322854,0.1659059430149762,0.0,
11.4,0.0,0.0,0.0,0.0,0.9166666666666679,1.197801862582952e-12,0.6695646554137987,0.39676512095723854,0.35456514620211743,0.16369386377477652,0.0,
11.416666666666666,0.0,0.0,0.0,0.0,0.9333333333333346,1.0780216763246567e-12,0.6687834966491493,0.3901523689412846,0.3596429239798952,0.16151127892444617,0.0,
11.433333333333334,0.0,0.0,0.0,0.0,0.9500000000000013,9.70219508692191e-13,0.6680032492363919,0.38364982945892984,0.3647220906465619,0.15935779520545354,0.0,
11.45,0.0,0.0,0.0,0.0,0.966666666666668,8.731975578229718e-13,0.6672239121122827,0.3772556656346143,0.36980264620211745,0.15723302460271416,0.0,
11.466666666666667,0.0,0.0,0.0,0.0,0.9833333333333347,7.858778020406747e-13,0.6664454842148184,0.37096807120737074,0.3748845906465619,0.15513658427467797,0.0,
11.483333333333333,0.0,0.0,0.0,0.0,1.0000000000000013,7.072900218366072e-13,0.6656679644832345,0.36478527002058125,0.3799679239798952,0.15306809648434894,0.0,
11.5,0.0,0.0,0.0,0.0,1.016666666666668,6.365610196529464e-13,0.6648913518580041,0.3587055155202382,0.38505264620211743,0.1510271885312243,0.0,
11.516666666666666,0.0,0.0,0.0,0.0,1.0333333333333345,5.729049176876518e-13,0.6641156452808364,0.35272709026156757,0.39013875731322856,0.1490134926841413,0.0,
11.533333333333333,0.0,0.0,0.0,0.0,1.0500000000000012,5.156144259188867e-13,0.6633408436946755,0.3468483054238748,0.3952262573132286,0.14702664611501942,0.0,
11.55,0.0,0.0,0.0,0.0,1.0666666666666678,4.64052983326998e-13,0.6625669460436984,0.3410675003334769,0.40031514620211744,0.14506629083348582,0.0,
11.566666666666666,0.0,0.0,0.0,0.0,1.0833333333333344,4.1764768499429824e-13,0.6617939512733141,0.3353830419945856,0.4054054239798952,0.14313207362237268,0.0,
11.583333333333334,0.0,0.0,0.0,0.0,1.100000000000001,3.7588291649486844e-13,0.6610218583301619,0.32979332462800914,0.41049709064656187,0.14122364597407439,0.0,
11.6,0.0,0.0,0.0,0.0,1.1166666666666676,3.382946248453816e-13,0.66025066616211,0.3242967692175423,0.4155901462021174,0.13934066402775339,0.0,
11.616666666666667,0.0,0.0,0.0,0.0,1.1333333333333342,3.0446516236084347e-13,0.6594803737182542,0.3188918230639166,0.4206845906465619,0.13748278850738335,0.0,
11.633333333333333,0.0,0.0,0.0,0.0,1.1500000000000008,2.740186461247591e-13,0.6587109799489163,0.3135769593461847,0.42578042397989524,0.13564968466061825,0.0,
11.65,0.0,0.0,0.0,0.0,1.1666666666666674,2.4661678151228317e-13,0.6579424838056425,0.30835067669041494,0.43087764620211744,0.13384102219847668,0.0,
11.666666666666666,0.0,0.0,0.0,0.0,1.183333333333334,2.2195510336105485e-13,0.6571748842412025,0.3032114987455747,0.43597625731322853,0.13205647523583033,0.0,
11.683333333333334,0.0,0.0,0.0,0.0,1.2000000000000006,1.9975959302494935e-13,0.6564081802095878,0.2981579737664818,0.4410762573132285,0.13029572223268593,0.0,
11.7,0.0,0.0,0.0,0.0,1.2166666666666672,1.797836337224544e-13,0.6556423706660099,0.2931886742037071,0.4461776462021174,0.12855844593625013,0.0,
11.716666666666667,0.0,0.0,0.0,0.0,1.2333333333333338,1.6180527035020896e-13,0.6548774545668996,0.28830219630031195,0.4512804239798952,0.1268443333237668,0.0,
11.733333333333333,0.0,0.0,0.0,0.0,1.2500000000000004,1.4562474331518805e-13,0.6541134308699049,0.28349715969530676,0.4563845906465619,0.12515307554611657,0.0,
11.75,0.0,0.0,0.0,0.0,1.266666666666667,1.3106226898366925e-13,0.65335029853389,0.2787722070337183,0.4614901462021174,0.12348436787216835,0.0,
11.766666666666666,0.0,0.0,0.0,0.0,1.2833333333333337,1.1795604208530232e-13,0.6525880565189338,0.2741260035831563,0.46659709064656185,0.12183790963387277,0.0,
11.783333333333333,0.0,0.0,0.0,0.0,1.3000000000000003,1.0616043787677208e-13,0.6518267037863283,0.26955723685677035,0.4717054239798952,0.1202134041720878,0.0,
11.8,0.0,0.0,0.0,0.0,1.3166666666666669,9.554439408909488e-14,0.6510662392985777,0.26506461624249084,0.4768151462021174,0.11861055878312662,0.0,
11.816666666666666,0.0,0.0,0.0,0.0,1.3333333333333335,8.59899546801854e-14,0.650306662019396,0.2606468726384493,0.4819262573132285,0.11702908466601827,0.0,
11.833333333333334,0.0,0.0,0.0,0.0,1.35,7.739095921216685e-14,0.6495479709137068,0.25630275809447517,0.48703875731322854,0.11546869687047136,0.0,
11.85,0.0,0.0,0.0,0.0,1.3666666666666667,6.965186329095016e-14,0.6487901649476407,0.2520310454595672,0.4921526462021174,0.11392911424553175,0.0,
11.866666666666667,0.0,0.0,0.0,0.0,1.3833333333333333,6.268667696185515e-14,0.6480332430885352,0.2478305280352411,0.49726792397989517,0.11241005938892465,0.0,
11.883333333333333,0.0,0.0,0.0,0.0,1.4,5.6418009265669634e-14,0.6472772043049319,0.24370001923465376,0.5023845906465618,0.11091125859707232,0.0,
11.9,0.0,0.0,0.0,0.0,1.4166666666666665,5.077620833910267e-14,0.646522047566576,0.23963835224740954,0.5075026462021174,0.10943244181577802,0.0,
11.916666666666666,0.0,0.0,0.0,0.0,1.4333333333333331,4.5698587505192405e-14,0.645767771844415,0.23564437970995272,0.5126220906465618,0.10797334259156764,0.0,
11.933333333333334,0.0,0.0,0.0,0.0,1.4499999999999997,4.112872875467316e-14,0.6450143761105965,0.2317169733814535,0.5177429239798952,0.10653369802368007,0.0,
11.95,0.0,0.0,0.0,0.0,1.4666666666666663,3.701585587920585e-14,0.6442618593384675,0.22785502382509595,0.5228651462021174,0.10511324871669767,0.0,
11.966666666666667,0.0,0.0,0.0,0.0,1.483333333333333,3.331427029128526e-14,0.6435102205025726,0.22405744009467768,0.5279887573132286,0.10371173873380836,0.0,
11.983333333333333,0.0,0.0,0.0,0.0,1.4999999999999996,2.998284326215674e-14,0.6427594585786529,0.22032314942643305,0.5331137573132286,0.10232891555069092,0.0,
12.0,0.0,0.0,0.0,0.0,1.5166666666666662,2.6984558935941063e-14,0.6420095725436444,0.2166510969359925,0.5382401462021176,0.10096453001001504,0.0,
12.016666666666666,0.0,0.0,0.0,0.0,1.5333333333333328,2.4286103042346957e-14,0.6412605613756769,0.21304024532039262,0.5433679239798953,0.09961833627654818,0.0,
12.033333333333333,0.0,0.0,0.0,0.0,1.5499999999999994,2.185749273811226e-14,0.6405124240540719,0.20948957456505274,0.5484970906465619,0.09829009179286087,0.0,
12.05,0.0,0.0,0.0,0.0,1.566666666666666,1.9671743464301035e-14,0.6397651595593422,0.20599808165563518,0.5536276462021175,0.09697955723562272,0.0,
12.066666666666666,0.0,0.0,0.0,0.0,1.5833333333333326,1.770456911787093e-14,0.6390187668731896,0.20256478029470792,0.5587595906465619,0.09568649647248109,0.0,
12.083333333333334,0.0,0.0,0.0,0.0,1.5999999999999992,1.593411220608384e-14,0.6382732449785042,0.19918870062312946,0.5638929239798952,0.09441067651951468,0.0,
12.1,0.0,0.0,0.0,0.0,1.6166666666666658,1.4340700985475457e-14,0.6375285928593627,0.1958688889460773,0.5690276462021174,0.09315186749925448,0.0,
12.116666666666667,0.0,0.0,0.0,0.0,1.6333333333333324,1.2906630886927912e-14,0.6367848095010268,0.19260440746364266,0.5741637573132286,0.09190984259926442,0.0,
12.133333333333333,0.0,0.0,0.0,0.0,1.649999999999999,1.161596779823512e-14,0.6360418938899423,0.18939433400591527,0.5793012573132286,0.09068437803127423,0.0,
12.15,0.0,0.0,0.0,0.0,1.6666666666666656,1.0454371018411607e-14,0.6352998450137374,0.18623776177248336,0.5844401462021175,0.08947525299085723,0.0,
12.166666666666666,0.0,0.0,0.0,0.0,1.6833333333333322,9.408933916570447e-15,0.6345586618612213,0.1831337990762753,0.5895804239798953,0.0882822496176458,0.0,
12.183333333333334,0.0,0.0,0.0,0.0,1.6999999999999988,8.468040524913401e-15,0.6338183434223833,0.18008156909167072,0.594722090646562,0.0871051529560772,0.0,
12.2,0.0,0.0,0.0,0.0,1.7166666666666655,7.621236472422062e-15,0.6330788886883906,0.17708020960680954,0.5998651462021176,0.08594375091666283,0.0,
12.216666666666667,0.0,0.0,0.0,0.0,1.733333333333332,6.859112825179855e-15,0.6323402966515874,0.17412887278002936,0.605009590646562,0.08479783423777398,0.0,
12.233333333333333,0.0,0.0,0.0,0.0,1.7499999999999987,6.17320154266187e-15,0.6316025663054939,0.1712267249003622,0.6101554239798953,0.08366719644793699,0.0,
12.25,0.0,0.0,0.0,0.0,1.7666666666666653,5.555881388395683e-15,0.6308656966448042,0.16837294615202283,0.6153026462021175,0.08255163382863116,0.0,
12.266666666666666,0.0,0.0,0.0,0.0,1.7833333333333319,5.000293249556114e-15,0.6301296866653853,0.16556673038282246,0.6204512573132286,0.08145094537758275,0.0,
12.283333333333333,0.0,0.0,0.0,0.0,1.7999999999999985,4.500263924600503e-15,0.6293945353642757,0.16280728487644208,0.6256012573132286,0.08036493277254832,0.0,
12.3,0.0,0.0,0.0,0.0,1.816666666666665,4.050237532140453e-15,0.628660241739684,0.16009383012850137,0.6307526462021175,0.07929340033558101,0.0,
12.316666666666666,0.0,0.0,0.0,0.0,1.8333333333333317,3.645213778926408e-15,0.6279268047909877,0.15742559962635969,0.6359054239798952,0.07823615499777326,0.0,
12.333333333333334,0.0,0.0,0.0,0.0,1.8499999999999983,3.2806924010337667e-15,0.6271942235187316,0.15480183963258703,0.6410595906465619,0.07719300626446961,0.0,
12.35,0.0,0.0,0.0,0.0,1.866666666666665,2.95262316093039e-15,0.6264624969246264,0.1522218089720439,0.6462151462021175,0.07616376618094335,0.0,
12.366666666666667,0.0,0.0,0.0,0.0,1.8833333333333315,2.657360844837351e-15,0.6257316240115477,0.14968477882250983,0.651372090646562,0.07514824929853077,0.0,
12.383333333333333,0.0,0.0,0.0,0.0,1.8999999999999981,2.3916247603536163e-15,0.6250016037835342,0.14719003250880133,0.6565304239798954,0.07414627264121702,0.0,
12.4,0.0,0.0,0.0,0.0,1.9166666666666647,2.1524622843182544e-15,0.6242724352457868,0.14473686530032132,0.6616901462021176,0.07315765567266747,0.0,
12.416666666666666,0.0,0.0,0.0,0.0,1.9333333333333313,1.937216055886429e-15,0.6235441174046668,0.14232458421198263,0.16671281432830717,0.5655155535970319,0.0,response_ready
12.433333333333334,0.0,0.0,0.0,0.0,1.949999999999998,1.7434944502977862e-15,0.6228166492676946,0.1399525078084496,0.17187531432830716,0.5579753462157381,0.0,
12.45,0.0,0.0,0.0,0.0,1.9666666666666646,1.5691450052680076e-15,0.622090029843549,0.1376199660116421,0.17703920321719605,0.5505356749328616,0.0,
12.466666666666667,0.0,0.0,0.0,0.0,1.9833333333333312,1.4122305047412069e-15,0.6213642581420649,0.13532629991144804,0.18220448099497383,0.5431951992670901,0.0,
12.483333333333333,0.0,0.0,0.0,0.0,1.9999999999999978,1.271007454267086e-15,0.6206393331742325,0.13307086157959058,0.18737114766164048,0.5359525966101956,0.0,
12.5,0.0,0.0,0.0,0.0,2.0166666666666644,1.1439067088403775e-15,0.6199152539521958,0.1308530138865974,0.19253920321719603,0.5288065619887263,0.0,
12.516666666666666,0.0,0.0,0.0,0.0,2.033333333333331,1.0295160379563398e-15,0.6191920194892516,0.12867213032182076,0.19770864766164048,0.5217558078288766,0.0,
12.533333333333333,0.0,0.0,0.0,0.0,2.0499999999999976,9.265644341607058e-16,0.6184696287998475,0.1265275948164571,0.20287948099497383,0.5147990637244916,0.0,
12.55,0.0,0.0,0.0,0.0,2.066666666666664,8.339079907446352e-16,0.617748080899581,0.12441880156951614,0.20805170321719604,0.507935076208165,0.0,
12.566666666666666,0.0,0.0,0.0,0.0,2.083333333333331,7.505171916701717e-16,0.6170273748051982,0.12234515487669087,0.21322531432830716,0.5011626085253895,0.0,
12.583333333333334,0.0,0.0,0.0,0.0,2.0999999999999974,6.754654725031545e-16,0.6163075095345921,0.12030606896207935,0.21840031432830714,0.4944804404117177,0.0,
12.6,0.0,0.0,0.0,0.0,2.116666666666664,6.07918925252839e-16,0.6155884841068018,0.11830096781271136,0.22357670321719603,0.4878873678728948,0.0,
12.616666666666667,0.0,0.0,0.0,0.0,2.1333333333333306,5.471270327275551e-16,0.6148702975420105,0.11632928501583284,0.2287544809949738,0.48138220296792283,0.0,
12.633333333333333,0.0,0.0,0.0,0.0,2.1499999999999972,4.924143294547996e-16,0.6141529488615448,0.11439046359890229,0.2339336476616405,0.4749637735950172,0.0,
12.65,0.0,0.0,0.0,0.0,2.166666666666664,4.431728965093197e-16,0.613436437087873,0.11248395587225392,0.23911420321719604,0.46863092328041694,0.0,
12.666666666666666,0.0,0.0,0.0,0.0,2.1833333333333305,3.988556068583877e-16,0.6127207612446038,0.11060922327438302,0.24429614766164048,0.4623825109700114,0.0,
12.683333333333334,0.0,0.0,0.0,0.0,2.199999999999997,3.5897004617254893e-16,0.6120059203564852,0.10876573621980998,0.24947948099497383,0.45621741082374456,0.0,
12.7,0.0,0.0,0.0,0.0,2.2166666666666637,3.2307304155529404e-16,0.6112919134494026,0.10695297394947981,0.2546642032171961,0.4501345120127613,0.0,
12.716666666666667,0.0,0.0,0.0,0.0,2.2333333333333303,2.9076573739976464e-16,0.6105787395503783,0.10517042438365515,0.2598503143283072,0.4441327185192578,0.0,
12.733333333333333,0.0,0.0,0.0,0.0,2.249999999999997,2.6168916365978816e-16,0.6098663976875696,0.10341758397726089,0.2650378143283072,0.43821094893900103,0.0,
12.75,0.0,0.0,0.0,0.0,2.2666666666666635,2.3552024729380934e-16,0.6091548868902674,0.10169395757763988,0.2702267032171961,0.432368136286481,0.0,
12.766666666666666,0.0,0.0,0.0,0.0,2.28333333333333,2.119682225644284e-16,0.6084442061888955,0.09999905828467921,0.27541698099497386,0.42660322780266124,0.0,
12.783333333333333,0.0,0.0,0.0,0.0,2.2999999999999967,1.9077140030798558e-16,0.6077343546150085,0.0983324073132679,0.2806086476616405,0.42091518476529244,0.0,
12.8,0.0,0.0,0.0,0.0,2.3166666666666633,1.7169426027718702e-16,0.607025331201291,0.09669353385804676,0.28580170321719606,0.4153029823017552,0.0,
12.816666666666666,0.0,0.0,0.0,0.0,2.33333333333333,1.5452483424946833e-16,0.6063171349815561,0.09508197496041264,0.2909961476616405,0.4097656092043985,0.0,
12.833333333333334,0.0,0.0,0.0,0.0,2.3499999999999965,1.390723508245215e-16,0.6056097649907444,0.0934972753777391,0.29619198099497385,0.4043020677483398,0.0,
12.85,0.0,0.0,0.0,0.0,2.366666666666663,1.2516511574206934e-16,0.6049032202649218,0.09193898745477677,0.3013892032171961,0.3989113735116953,0.0,
12.866666666666667,0.0,0.0,0.0,0.0,2.3833333333333298,1.126486041678624e-16,0.6041974998412795,0.09040667099719715,0.3065878143283072,0.393592555198206,0.0,
12.883333333333333,0.0,0.0,0.0,0.0,2.3999999999999964,1.0138374375107617e-16,0.6034926027581313,0.08889989314724386,0.31178781432830716,0.38834465446222993,0.0,
12.9,0.0,0.0,0.0,0.0,2.416666666666663,9.124536937596855e-17,0.6027885280549135,0.08741822826145647,0.31698920321719604,0.38316672573606686,0.0,
12.916666666666666,0.0,0.0,0.0,0.0,2.4333333333333296,8.212083243837169e-17,0.6020852747721828,0.08596125779043219,0.3221919809949738,0.378057836059586,0.0,
12.933333333333334,0.0,0.0,0.0,0.0,2.449999999999996,7.390874919453451e-17,0.6013828419516152,0.08452857016059165,0.3273961476616405,0.37301706491212483,0.0,
12.95,0.0,0.0,0.0,0.0,2.466666666666663,6.651787427508106e-17,0.6006812286360049,0.08311976065791513,0.33260170321719607,0.36804350404662983,0.0,
12.966666666666667,0.0,0.0,0.0,0.0,2.4833333333333294,5.986608684757296e-17,0.5999804338692629,0.08173443131361655,0.33780864766164054,0.3631362573260081,0.0,
12.983333333333333,0.0,0.0,0.0,0.0,2.499999999999996,5.3879478162815664e-17,0.5992804566964155,0.08037219079172293,0.34301698099497385,0.3582944405616614,0.0,
13.0,1.0,1.0,0.0,0.0,0.0,1.4400000000000002,0.6005825563494517,0.12635358125213678,0.3404443536375116,0.6495171813541725,0.0,gaze_shift
13.016666666666666,0.0,1.0,0.03827267390491822,0.0,0.0,1.2960000000000003,0.6018766339835421,0.17003590218952994,0.3378910209852302,0.6408569522694502,0.0,
13.033333333333333,0.0,1.0,0.08977590292481663,0.0,0.0,1.1664000000000003,0.6031627390210085,0.21153410708005344,0.33535683832784097,0.6323121929058575,0.0,
13.049999999999999,0.0,1.0,0.1031624505204537,0.0,0.0,1.0497600000000002,0.6044409205796899,0.25095740172605074,0.3328416620403822,0.6238813636671128,0.0,
13.066666666666666,0.0,1.0,0.09990138433071809,0.0,0.0,0.9447840000000002,0.6057112274748185,0.2884095316397482,0.33034534957507933,0.6155629454848845,0.0,
13.083333333333334,0.0,1.0,0.1347262325756571,0.0,0.0,0.8503056000000002,0.6069737082208841,0.32398905505776077,0.32786775945326624,0.6073554395450861,0.0,
13.1,0.0,1.0,0.14383715120990967,0.0,0.0,0.7652750400000002,0.6082284110334866,0.3577896023048727,0.32540875125736674,0.5992573670178183,0.0,
13.116666666666667,0.0,1.0,0.15684235397516447,0.0,0.0,0.6887475360000002,0.6094753838311777,0.3899001221896291,0.3229681856229365,0.5912672687909141,0.0,
13.133333333333333,0.0,1.0,0.31779713369126966,0.0,0.0,0.6198727824000001,0.6107146742372911,0.42040511608014763,0.3205459242307645,0.5833837052070352,0.0,
13.15,0.0,1.0,0.33808487542656873,0.0,0.0,0.55788550416,0.6119463295817608,0.4493848602761403,0.31814182979903377,0.5756052558042747,0.0,
13.166666666666666,0.0,1.0,0.2507570416127217,0.0,0.0,0.5020969537440001,0.6131703969029291,0.4769156172623333,0.315755766075541,0.5679305190602177,0.0,
13.183333333333334,0.0,1.0,0.5120356862112491,0.0,0.0,0.4518872583696001,0.6143869229493429,0.5030698363992167,0.31338759782997444,0.5603581121394149,0.0,
13.2,0.0,1.0,0.4528981914266177,0.0,0.0,0.4066985325326401,0.6155959541815391,0.5279163445792558,0.31103719084624964,0.5528866706442227,0.0,
13.216666666666667,0.0,1.0,0.4052062920231505,0.0,0.0,0.3660286792793761,0.616797536773819,0.551520527350293,0.3087044119149028,0.5455148483689664,0.0,
13.233333333333333,0.0,1.0,0.5804918256454766,0.0,0.0,0.3294258113514385,0.6179917166160116,0.5739445009827784,0.306389128825541,0.5382413170573801,0.0,
13.25,0.0,1.0,0.5936728062300524,0.0,0.0,0.29648323021629464,0.6191785393152265,0.5952472759336395,0.30409121035934944,0.5310647661632817,0.0,
13.266666666666666,0.0,1.0,0.5723413065596915,0.0,0.0,0.2668349071946652,0.6203580501975953,0.6154849121369574,0.30181052628165433,0.523983902614438,0.0,
13.283333333333333,0.0,1.0,0.4849159971194026,0.0,0.0,0.24015141647519866,0.621530294310003,0.6347106665301095,0.2995469473345419,0.5169974505795788,0.0,
13.299999999999999,0.0,1.0,0.7544063885309412,0.0,0.0,0.2161362748276788,0.6226953164218081,0.6529751332036041,0.29730034522953286,0.5101041512385177,0.0,
13.316666666666666,0.0,1.0,0.7816320843770763,0.0,0.0,0.19452264734491093,0.6238531610265527,0.6703263765434239,0.2950705926403114,0.5033027625553375,0.0,
13.333333333333334,0.0,1.0,0.4271132547145096,0.0,0.0,0.17507038261041982,0.6250038723436616,0.6868100577162527,0.29285756319550904,0.49659205905459963,0.0,
13.35,0.0,1.0,0.787299557618247,0.0,0.0,0.15756334434937785,0.6261474943201311,0.70246955483044,0.2906611314715427,0.4899708316005383,0.0,
13.366666666666667,0.0,1.0,0.7741159978328348,0.0,0.0,0.14180700991444006,0.6272840706322071,0.7173460770889181,0.28848117298550613,0.4834378871791978,0.0,
13.383333333333333,0.0,1.0,0.6195064316221611,0.0,0.0,0.12762630892299606,0.6284136446870539,0.7314787732344722,0.2863175641881148,0.47699204868347517,0.0,
13.4,0.0,1.0,0.6634547665893736,0.0,0.0,0.11486367803069646,0.629536259624411,0.7449048345727486,0.28417018245670395,0.4706321547010288,0.0,
13.416666666666666,0.0,1.0,0.5904391160150775,0.0,0.0,0.1033773102276268,0.6306519583182416,0.7576595928441111,0.28203890608827864,0.4643570593050151,0.0,
13.433333333333334,0.0,1.0,0.49954769209161176,0.0,0.0,0.09303957920486412,0.6317607833783693,0.7697766132019056,0.27992361429261653,0.4581656318476149,0.0,
13.45,0.0,1.0,0.5360827242226518,0.0,0.0,0.08373562128437771,0.6328627771521057,0.7812877825418103,0.2778241871854219,0.45205675675631335,0.0,
13.466666666666667,0.0,1.0,0.7255899197825281,0.0,0.0,0.07536205915593994,0.6339579817258677,0.7922233934147198,0.27574050578153125,0.44602933333289585,0.0,
13.483333333333333,0.0,1.0,0.37933336687941377,0.0,0.0,0.06782585324034594,0.6350464389267849,0.8026122237439838,0.27367245198816975,0.4400822755551239,0.0,
13.5,0.0,1.0,0.5784630736911994,0.0,0.0,0.06104326791631135,0.6361281903242969,0.8124816125567846,0.27161990859825846,0.4342145118810556,0.0,
13.516666666666666,0.0,1.0,0.5755015480448029,0.0,0.0,0.054938941124680216,0.6372032772317406,0.8218575319289454,0.2695827592837715,0.42842498505597487,0.0,
13.533333333333333,0.0,1.0,0.47848182313594234,0.0,0.0,0.049445047012212195,0.6382717407079288,0.8307646553324981,0.26756088858914323,0.4227126519218952,0.0,
13.549999999999999,0.0,1.0,0.5264486172079516,0.0,0.0,0.04450054231099097,0.6393336215587174,0.8392264225658732,0.26555418192472463,0.4170764832296033,0.0,
13.566666666666666,0.0,1.0,0.4319503915387503,0.0,0.0,0.04005048807989188,0.6403889603385644,0.8472651014375796,0.2635625255602892,0.41151546345320855,0.0,
13.583333333333334,0.0,1.0,0.5218826327466954,0.0,0.0,0.03604543927190269,0.6414377973520786,0.8549018463657007,0.26158580661858705,0.4060285906071658,0.0,
13.6,0.0,1.0,0.6517942195984541,0.0,0.0,0.03244089534471242,0.6424801726555587,0.8621567540474157,0.25962391306894766,0.4006148760657369,0.0,
13.616666666666667,0.0,1.0,0.7150878129160096,0.0,0.0,0.02919680581024118,0.6435161260585233,0.8690489163450449,0.2576767337209306,0.39527334438486045,0.0,
13.633333333333333,0.0,1.0,0.5921947837195984,0.0,0.0,0.02627712522921706,0.644545697125231,0.8755964705277927,0.2557441582180236,0.3900030331263956,0.0,
13.65,0.0,1.0,1.0,0.0,0.0,0.023649412706295354,0.6455689251761919,0.881816647001403,0.25382607703138843,0.38480299268471035,0.0,
13.666666666666666,0.0,1.0,0.6681611944071775,0.0,0.0,0.02128447143566582,0.6465858492896689,0.8877258146513329,0.25192238145365303,0.3796722861155809,0.0,
13.683333333333334,0.0,1.0,0.7618721831195394,0.0,0.0,0.019156024292099238,0.6475965083031701,0.8933395239187663,0.2500329635927506,0.37460998896737313,0.0,
13.7,0.0,1.0,0.7223303902636067,0.0,0.0,0.017240421862889314,0.6486009408149322,0.8986725477228279,0.248157716365805,0.36961518911447483,0.0,
13.716666666666667,0.0,1.0,0.6986190084708247,0.0,0.0,0.015516379676600384,0.649599185185395,0.9037389203366865,0.24629653349306146,0.3646869865929485,0.0,
13.733333333333333,0.0,1.0,0.8927308111345934,0.0,0.0,0.013964741708940345,0.6505912795386652,0.9085519743198521,0.2444493094918635,0.35982449343837586,0.0,
13.75,0.0,1.0,0.663253312427499,0.0,0.0,0.01256826753804631,0.6515772617639741,0.9131243756038595,0.24261593967067452,0.35502683352586417,0.0,
13.766666666666666,0.0,1.0,0.8601266577838604,0.0,0.0,0.01131144078424168,0.6525571695171233,0.9174681568236666,0.24079632012314445,0.350293142412186,0.0,
13.783333333333333,0.0,1.0,0.8128998584036817,0.0,0.0,0.01018029670581751,0.6535310402219232,0.9215947489824833,0.23899034772222086,0.34562256718002354,0.0,
13.799999999999999,0.0,1.0,0.5245201804878156,0.0,0.0,0.009162267035235759,0.6544989110716226,0.9255150115333591,0.2371979201143042,0.3410142662842899,0.0,
13.816666666666666,0.0,1.0,0.7483773147667379,0.0,0.0,0.008246040331712183,0.6554608190303288,0.9292392609566912,0.23541893571344694,0.33646740940049935,0.0,
13.833333333333334,0.0,1.0,0.5219546297757657,0.0,0.0,0.0074214362985409645,0.6564168008344194,0.9327772979088567,0.2336532936955961,0.33198117727515936,0.0,
13.85,0.0,1.0,0.9076643689848396,0.0,0.0,0.006679292668686868,0.6573668929939455,0.9361384330134138,0.2319008939928791,0.3275547615781572,0.0,
13.866666666666667,0.0,1.0,0.5170978155470157,0.0,0.0,0.006011363401818181,0.6583111317940253,0.9393315113627432,0.2301616372879325,0.3231873647571151,0.0,
13.883333333333333,0.0,1.0,0.4404962692666502,0.0,0.0,0.005410227061636363,0.659249553296231,0.942364935794606,0.22843542500827302,0.31887819989368693,0.0,
13.9,0.0,1.0,0.32067084752537434,0.0,0.0,0.004869204355472726,0.6601821933399651,0.9452466890048757,0.22672215932071096,0.3146264905617711,0.0,
13.916666666666666,0.0,1.0,0.3982419979422908,0.0,0.0,0.004382283919925453,0.6611090875438298,0.9479843545546319,0.22502174312580564,0.3104314706876142,0.0,
13.933333333333334,0.0,1.0,0.4937195901676895,0.0,0.0,0.003944055527932908,0.6620302713069869,0.9505851368269004,0.2233340800523621,0.3062923844117793,0.0,
13.95,0.0,1.0,0.45952598552050755,0.0,0.0,0.003549649975139617,0.6629457798105098,0.9530558799855554,0.2216590744519694,0.3022084859529556,0.0,
13.966666666666667,0.0,1.0,0.4525575724614789,0.0,0.0,0.003194684977625655,0.6638556480187272,0.9554030859862777,0.2199966313935796,0.2981790394735828,0.0,
13.983333333333333,0.0,1.0,0.5406773278778759,0.0,0.0,0.0028752164798630897,0.6647599106805585,0.9576329316869637,0.21834665665812777,0.29420331894726837,0.0,
14.0,0.0,1.0,0.6252142707441091,0.0,0.0,0.0025876948318767808,0.6656586023308407,0.9597512851026155,0.21670905673319182,0.29028060802797145,0.0,
14.016666666666666,0.0,1.0,0.8498035894673304,0.0,0.0,0.0023289253486891027,0.6665517572916475,0.9617637208474847,0.21508373880769288,0.2864101999209318,0.0,
14.033333333333333,0.0,1.0,0.4956046133429587,0.0,0.0,0.0020960328138201925,0.6674394096735999,0.9636755348051105,0.21347061076663518,0.2825913972553194,0.0,
14.049999999999999,0.0,1.0,0.6545137582999603,0.0,0.0,0.0018864295324381732,0.6683215933771692,0.965491758064855,0.21186958118588542,0.2788235119585818,0.0,
14.066666666666666,0.0,1.0,0.6221353077543911,0.0,0.0,0.0016977865791943558,0.6691983420939713,0.9672171701616122,0.21028055932699127,0.2751058651324674,0.0,
14.083333333333334,0.0,1.0,0.5647748473072483,0.0,0.0,0.0015280079212749201,0.670069689308054,0.9688563116535316,0.20870345513203883,0.27143778693070114,0.0,
14.1,0.0,1.0,0.5980636012175495,0.0,0.0,0.0013752071291474282,0.6709356682971753,0.970413496070855,0.20713817921854855,0.2678186164382918,0.0,
14.116666666666667,0.0,1.0,0.6379044018111676,0.0,0.0,0.0012376864162326855,0.6717963121340745,0.9718928212673122,0.20558464287440942,0.2642477015524479,0.0,
14.133333333333333,0.0,1.0,0.8226477527290543,0.0,0.0,0.0011139177746094168,0.6726516536877352,0.9732981802039467,0.20404275805285135,0.260724398865082,0.0,
14.15,0.0,1.0,0.697442609044432,0.0,0.0,0.001002525997148475,0.6735017256246407,0.9746332711937493,0.20251243736745497,0.2572480735468809,0.0,
14.166666666666666,0.0,1.0,0.6354417864992292,0.0,0.0,0.0009022733974336276,0.6743465604100216,0.9759016076340619,0.20099359408719905,0.2538180992329225,0.0,
14.183333333333334,0.0,1.0,0.7492369078681413,0.0,0.0,0.0008120460576902648,0.6751861903090954,0.9771065272523588,0.19948614213154506,0.42803385790981685,0.0,posture_settle
14.2,0.0,1.0,0.6836923391118149,0.0,0.0,0.0007308414519212383,0.6760206473882995,0.9782512008897408,0.19798999606555848,0.42232673980435265,0.0,
14.216666666666667,0.0,1.0,0.5973186341882104,0.0,0.0,0.0006577573067291145,0.6768499635165147,0.9793386408452538,0.1965050710950668,0.41669571660696125,0.0,
14.233333333333333,0.0,1.0,0.6461143011913304,0.0,0.0,0.0005919815760562031,0.6776741703662834,0.9803717088029911,0.1950312830618538,0.41113977371886845,0.0,
14.25,0.0,1.0,0.4798872036404934,0.0,0.0,0.0005327834184505828,0.6784932994150185,0.9813531233628415,0.1935685484388899,0.40565791006928353,0.0,
14.266666666666666,0.0,1.0,0.6386832206554496,0.0,0.0,0.0004795050766055245,0.6793073819462058,0.9822854671946994,0.19211678432559823,0.4002491379350264,0.0,
14.283333333333333,0.0,1.0,0.6094384111614035,0.0,0.0,0.0004315545689449721,0.6801164490505988,0.9831711938349644,0.19067590844315624,0.3949124827625594,0.0,
14.299999999999999,0.0,1.0,0.5005234869861068,0.0,0.0,0.0003883991120504749,0.6809205316274062,0.9840126341432162,0.18924583912983256,0.389646982992392,0.0,
14.316666666666666,0.0,1.0,0.4070702772706952,0.0,0.0,0.0003495592008454274,0.6817196603854717,0.9848120024360554,0.1878264953363588,0.38445168988582673,0.0,
14.333333333333334,0.0,1.0,0.7458051828506577,0.0,0.0,0.0003146032807608847,0.6825138658444468,0.9855714023142526,0.18641779662133612,0.3793256673540157,0.0,
14.35,0.0,1.0,0.5905934434916666,0.0,0.0,0.00028314295268479624,0.6833031783359568,0.9862928321985399,0.1850196631466761,0.3742679917892955,0.0,
14.366666666666667,0.0,1.0,0.9661517988455754,0.0,0.0,0.0002548286574163166,0.6840876280047586,0.9869781905886129,0.18363201567307602,0.36927775189877154,0.0,
14.383333333333333,0.0,1.0,0.5457090070257647,0.0,0.0,0.00022934579167468495,0.6848672448098927,0.9876292810591822,0.18225477555552794,0.36435404854012127,0.0,
14.4,0.0,1.0,0.752341161821539,0.0,0.0,0.00020641121250721645,0.6856420585258264,0.9882478170062231,0.18088786473886148,0.3594959945595863,0.0,
14.416666666666666,0.0,1.0,0.623775605151146,0.0,0.0,0.0001857700912564948,0.6864120987435918,0.9888354261559119,0.17953120575332002,0.35470271463212516,0.0,
14.433333333333334,0.0,1.0,0.7304401663865374,0.0,0.0,0.0001671930821308453,0.6871773948719156,0.9893936548481164,0.1781847217101701,0.3499733451036968,0.0,
14.45,0.0,1.0,0.820717623576122,0.0,0.0,0.00015047377391776078,0.6879379761383423,0.9899239721057106,0.17684833629734384,0.34530703383564754,0.0,
14.466666666666667,0.0,1.0,0.6406856030054966,0.0,0.0,0.0001354263965259847,0.6886938715903499,0.9904277735004251,0.17552197377511375,0.34070294005117224,0.0,
14.483333333333333,0.0,1.0,0.7345817268455054,0.0,0.0,0.00012188375687338623,0.6894451100964604,0.9909063848254038,0.1742055589718004,0.3361602341838233,0.0,
14.5,0.0,1.0,0.7693129912077156,0.0,0.0,0.00010969538118604761,0.6901917203473411,0.9913610655841336,0.1728990172795119,0.33167809772803897,0.0,
14.516666666666666,0.0,1.0,0.7602101950521594,0.0,0.0,9.872584306744284e-05,0.6909337308569012,0.9917930123049269,0.17160227464991556,0.3272557230916651,0.0,
14.533333333333333,0.0,1.0,0.8081766638224338,0.0,0.0,8.885325876069856e-05,0.6916711699633803,0.9922033616896806,0.1703152575900412,0.3228923134504429,0.0,
14.549999999999999,0.0,1.0,0.8437782584823141,0.0,0.0,7.99679328846287e-05,0.6924040658304309,0.9925931936051966,0.1690378931581159,0.31858708260443697,0.0,
14.566666666666666,0.0,1.0,0.8000354006625926,0.0,0.0,7.197113959616584e-05,0.6931324464481939,0.9929635339249367,0.16777010895943004,0.3143392548363778,0.0,
14.583333333333334,0.0,1.0,0.7074434112384482,0.0,0.0,6.477402563654925e-05,0.6938563396343677,0.9933153572286899,0.1665118331422343,0.3101480647718928,0.0,
14.6,0.0,1.0,0.6083152463086136,0.0,0.0,5.829662307289433e-05,0.6945757730352703,0.9936495893672554,0.16526299439366754,0.3060127572416009,0.0,
14.616666666666667,0.0,1.0,0.48855606560412496,0.0,0.0,5.24669607656049e-05,0.6952907741268955,0.9939671098988927,0.16402352193571504,0.30193258714504617,0.0,
14.633333333333333,0.0,1.0,0.5117401849141203,0.0,0.0,4.722026468904441e-05,0.6960013702159621,0.994268754403948,0.16279334552119717,0.2979068193164456,0.0,
14.65,0.0,1.0,0.5158634674212055,0.0,0.0,4.249823822013997e-05,0.6967075884409566,0.9945553166837506,0.16157239542978818,0.2939347283922263,0.0,
14.666666666666666,0.0,1.0,0.6453231472181613,0.0,0.0,3.824841439812597e-05,0.6974094557731699,0.9948275508495631,0.16036060246406478,0.29001559868032994,0.0,
14.683333333333334,0.0,1.0,0.5097741959261769,0.0,0.0,3.4423572958313375e-05,0.6981069990177274,0.9950861733070849,0.1591578979455843,0.2861487240312589,0.0,
14.7,0.0,1.0,0.40091934796904116,0.0,0.0,3.0981215662482034e-05,0.6988002448146123,0.9953318646417307,0.15796421371099242,0.28233340771084214,0.0,
14.716666666666667,0.0,1.0,0.6285690757040354,0.0,0.0,2.788309409623383e-05,0.6994892196396837,0.9955652714096442,0.15677948210815998,0.2785689622746976,0.0,
14.733333333333333,0.0,1.0,0.46700737594487696,0.0,0.0,2.509478468661045e-05,0.7001739498056868,0.9957870078391621,0.15560363599234878,0.2748547094443683,0.0,
14.75,0.0,1.0,0.4873898894143368,0.0,0.0,2.2585306217949402e-05,0.7008544614632589,0.9959976574472039,0.15443660872240617,0.2711899799851101,0.0,
14.766666666666666,0.0,1.0,0.5728474306332481,0.0,0.0,2.032677559615446e-05,0.7015307806019273,0.9961977745748437,0.15327833415698813,0.2675741135853086,0.0,
14.783333333333333,0.0,1.0,0.6808994370253542,0.0,0.0,1.8294098036539015e-05,0.7022029330511023,0.9963878858461015,0.15212874665081072,0.26400645873750445,0.0,
14.799999999999999,0.0,1.0,0.36041797975185985,0.0,0.0,1.6464688232885114e-05,0.7028709444810632,0.9965684915537965,0.15098778105092964,0.2604863726210044,0.0,
14.816666666666666,0.0,1.0,0.5413074260811279,0.0,0.0,1.4818219409596604e-05,0.7035348404039394,0.9967400669761066,0.14985537269304766,0.25701322098605767,0.0,
14.833333333333334,0.0,1.0,0.7210706979128493,0.0,0.0,1.3336397468636943e-05,0.7041946461746842,0.9969030636273013,0.1487314573978498,0.2535863780395769,0.0,
14.85,0.0,1.0,0.6770113581906525,0.0,0.0,1.200275772177325e-05,0.704850386992043,0.9970579104459363,0.1476159714673659,0.2502052263323825,0.0,
14.866666666666667,0.0,1.0,0.6328571985501871,0.0,0.0,1.0802481949595925e-05,0.7055020878995163,0.9972050149236394,0.14650885168136066,0.24686915664795075,0.0,
14.883333333333333,0.0,1.0,0.6816182365405017,0.0,0.0,9.722233754636332e-06,0.7061497737863154,0.9973447641774574,0.14541003529375046,0.24357756789264473,0.0,
14.9,0.0,1.0,0.9162304817737671,0.0,0.0,8.7500103791727e-06,0.7067934693883136,0.9974775259685845,0.14431946002904733,0.24032986698740946,0.0,
14.916666666666666,0.0,1.0,0.6919051901927179,0.0,0.0,7.87500934125543e-06,0.7074331992889904,0.9976036496701552,0.14323706407882947,0.23712546876091067,0.0,
14.933333333333334,0.0,1.0,0.8221223359981371,0.0,0.0,7.0875084071298874e-06,0.7080689879203709,0.9977234671866475,0.14216278609823824,0.23396379584409854,0.0,
14.95,0.0,1.0,0.8157349679701175,0.0,0.0,6.378757566416899e-06,0.7087008595639581,0.9978372938273151,0.14109656520250144,0.23084427856617723,0.0,
14.966666666666667,0.0,1.0,0.6459734780344378,0.0,0.0,5.740881809775209e-06,0.7093288383516612,0.9979454291359494,0.14003834096348267,0.22776635485196153,0.0,
14.983333333333333,0.0,1.0,0.7290945925932546,0.0,0.0,5.166793628797688e-06,0.7099529482667163,0.9980481576791519,0.13898805340625656,0.22472947012060204,0.0,
15.0,0.0,1.0,0.5959714860721569,0.0,0.0,4.650114265917919e-06,0.7105732131446031,0.9981457497951943,0.13794564300570963,0.22173307718566068,0.0,
15.016666666666666,0.0,1.0,0.5508679944069649,0.0,0.0,4.185102839326127e-06,0.7111896566739547,0.9982384623054346,0.1369110506831668,0.21877663615651854,0.0,
15.033333333333333,0.0,1.0,0.46488067669947897,0.0,0.0,3.7665925553935144e-06,0.7118023023974626,0.9983265391901628,0.13588421780304305,0.2158596143410983,0.0,
15.049999999999999,0.0,1.0,0.6842840720626657,0.0,0.0,3.389933299854163e-06,0.7124111737127755,0.9984102122306546,0.13486508616952023,0.21298148614988366,0.0,
15.066666666666666,0.0,1.0,0.5156183388243115,0.0,0.0,3.0509399698687466e-06,0.7130162938733934,0.9984897016191219,0.13385359802324884,0.21014173300121855,0.0,
15.083333333333334,0.0,1.0,0.48715032858334817,0.0,0.0,2.7458459728818718e-06,0.7136176859895551,0.9985652165381658,0.13284969603807448,0.20733984322786897,0.0,
15.1,0.0,1.0,0.41470660967938777,0.0,0.0,2.4712613755936847e-06,0.7142153730291211,0.9986369557112574,0.13185332331778893,0.20457531198483073,0.0,
15.116666666666667,0.0,1.0,0.770468812914147,0.0,0.0,2.2241352380343164e-06,0.7148093778184509,0.9987051079256946,0.13086442339290552,0.20184764115836631,0.0,
15.133333333333333,0.0,1.0,0.6524141330668709,0.0,0.0,2.0017217142308847e-06,0.7153997230432744,0.9987698525294099,0.12988294021745872,0.19915633927625476,0.0,
15.15,0.0,1.0,0.5633527849607122,0.0,0.0,1.8015495428077962e-06,0.7159864312495585,0.9988313599029394,0.12890881816582778,0.19650092141923803,0.0,
15.166666666666666,0.0,1.0,0.5166318752987502,0.0,0.0,1.6213945885270166e-06,0.7165695248443685,0.9988897919077924,0.12794200202958406,0.1938809091336482,0.0,
15.183333333333334,0.0,1.0,0.44054209600441674,0.0,0.0,1.459255129674315e-06,0.7171490260967232,0.9989453023124027,0.12698243701436218,0.19129583034519956,0.0,
15.2,0.0,1.0,0.6850176406151544,0.0,0.0,1.3133296167068836e-06,0.7177249571384456,0.9989980371967826,0.12603006873675446,0.18874521927393023,0.0,
15.216666666666667,0.0,1.0,0.710492521903369,0.0,0.0,1.1819966550361951e-06,0.7182973399650086,0.9990481353369435,0.1250848432212288,0.18622861635027782,0.0,
15.233333333333333,0.0,1.0,0.530991917688026,0.0,0.0,1.0637969895325756e-06,0.7188661964363742,0.9990957285700963,0.12414670689706957,0.1837455681322741,0.0,
15.25,0.0,1.0,0.8600967213763973,0.0,0.0,9.57417290579318e-07,0.7194315482778291,0.9991409421415915,0.12321560659534155,0.1812956272238438,0.0,
15.266666666666666,0.0,1.0,0.829717304555659,0.0,0.0,8.616755615213862e-07,0.7199934170808141,0.999183895034512,0.12229148954587649,0.17887835219419254,0.0,
15.283333333333333,0.0,1.0,0.6311437334142503,0.0,0.0,7.755080053692476e-07,0.7205518243037486,0.9992247002827864,0.12137430337428241,0.17649330749826997,0.0,
15.299999999999999,0.0,1.0,0.6833164152149148,0.0,0.0,6.979572048323229e-07,0.7211067912728506,0.9992634652686471,0.12046399609897529,0.17414006339829305,0.0,
15.316666666666666,0.0,1.0,0.6953141074446805,0.0,0.0,6.281614843490906e-07,0.7216583391829505,0.9993002920052148,0.11956051612823297,0.1718181958863158,0.0,
15.333333333333334,0.0,1.0,0.7558840156450204,0.0,0.0,5.653453359141815e-07,0.7222064890983009,0.999335277404954,0.11866381225727123,0.1695272866078316,0.0,
15.35,0.0,1.0,0.703242347071149,0.0,0.0,5.088108023227634e-07,0.722751261953381,0.9993685135347062,0.11777383366534169,0.16726692278639382,0.0,
15.366666666666667,0.0,1.0,0.5033273090217776,0.0,0.0,4.5792972209048707e-07,0.7232926785536966,0.999400087857971,0.11689052991285163,0.1650366971492419,0.0,
15.383333333333333,0.0,1.0,0.8527736016831207,0.0,0.0,4.1213674988143836e-07,0.7238307595765737,0.9994300834650724,0.11601385093850525,0.16283620785391867,0.0,
15.4,0.0,1.0,0.6879572503775286,0.0,0.0,3.709230748932945e-07,0.724365525571949,0.9994585792918188,0.11514374705646646,0.16066505841586642,0.0,
15.416666666666666,0.0,1.0,0.7754109002163884,0.0,0.0,3.3383076740396504e-07,0.7248969969631545,0.9994856503272279,0.11428016895354297,0.1585228576369882,0.0,
15.433333333333334,0.0,1.0,0.7505786816238785,0.0,0.0,3.0044769066356853e-07,0.7254251940476972,0.9995113678108665,0.11342306768639139,0.15640921953516168,0.0,
15.45,0.0,1.0,0.5543412238818075,0.0,0.0,2.704029215972117e-07,0.725950136998035,0.9995357994203231,0.11257239467874346,0.15432376327469285,0.0,
15.466666666666667,0.0,1.0,0.6044329158984691,0.0,0.0,2.4336262943749054e-07,0.7264718458623463,0.999559009449307,0.11172810171865288,0.15226611309769694,0.0,
15.483333333333333,0.0,1.0,0.6418071707947657,0.0,0.0,2.1902636649374148e-07,0.726990340565296,0.9995810589768417,0.11089014095576298,0.15023589825639433,0.0,
15.5,0.0,1.0,0.6423536113898598,0.0,0.0,1.9712372984436734e-07,0.7275056409087967,0.9996020060279996,0.11005846489859476,0.14823275294630908,0.0,
15.516666666666666,0.0,1.0,0.5337371661592096,0.0,0.0,1.774113568599306e-07,0.7280177665727644,0.9996219057265997,0.1092330264118553,0.1462563162403583,0.0,
15.533333333333333,0.0,1.0,0.4892152030288374,0.0,0.0,1.5967022117393753e-07,0.7285267371158707,0.9996408104402698,0.10841377871376638,0.14430623202382017,0.0,
15.549999999999999,0.0,1.0,0.5835237102376893,0.0,0.0,1.437031990565438e-07,0.7290325719762893,0.9996587699182563,0.10760067537341314,0.14238214893016923,0.0,
15.566666666666666,0.0,1.0,0.5038148679419898,0.0,0.0,1.293328791508894e-07,0.7295352904724387,0.9996758314223435,0.10679367030811254,0.14048372027776698,0.0,
15.583333333333334,0.0,1.0,0.557406018137004,0.0,0.0,1.1639959123580047e-07,0.7300349118037197,0.9996920398512263,0.1059927177808017,0.13861060400739675,0.0,
15.6,0.0,1.0,0.40637847905121083,0.0,0.0,1.0475963211222043e-07,0.730531455051249,0.999707437858665,0.10519777239744568,0.13676246262063146,0.0,
15.616666666666667,0.0,1.0,0.6859190250576352,0.0,0.0,9.428366890099838e-08,0.7310249391785875,0.9997220659657318,0.10440878910446484,0.13493896311902304,0.0,
15.633333333333333,0.0,1.0,0.5767730390960918,0.0,0.0,8.485530201089855e-08,0.7315153830324648,0.9997359626674451,0.10362572318618135,0.13313977694410273,0.0,
15.65,0.0,1.0,0.6540099154892883,0.0,0.0,7.636977180980869e-08,0.7320028053434989,0.9997491645340729,0.10284853026228499,0.13136457991818135,0.0,
15.666666666666666,0.0,1.0,0.7302784997263982,0.0,0.0,6.873279462882781e-08,0.7324872247269119,0.9997617063073693,0.10207716628531785,0.12961305218593894,0.0,
15.683333333333334,0.0,1.0,0.7842527971052807,0.0,0.0,6.185951516594503e-08,0.7329686596832401,0.9997736209920008,0.10131158753817797,0.12788487815679309,0.0,
15.7,0.0,1.0,0.976700617077446,0.0,0.0,5.567356364935053e-08,0.7334471285990416,0.9997849399424008,0.10055175063164164,0.12617974644803584,0.0,
15.716666666666667,0.0,1.0,0.7282801381135827,0.0,0.0,5.0106207284415474e-08,0.7339226497475977,0.9997956929452808,0.09979761250190433,0.12449734982872869,0.0,
15.733333333333333,0.0,1.0,0.5040095520897111,0.0,0.0,4.509558655597393e-08,0.734395241289611,0.9998059082980167,0.09904913040814005,0.12283738516434564,0.0,
15.75,0.0,1.0,0.613666881424783,0.0,0.0,4.058602790037654e-08,0.7348649212738992,0.9998156128831159,0.09830626193007899,0.12119955336215436,0.0,
15.766666666666666,0.0,1.0,0.4888433657322681,0.0,0.0,3.6527425110338886e-08,0.7353317076380843,0.9998248322389601,0.0975689649656034,0.11958355931732564,0.0,
15.783333333333333,0.0,1.0,0.522750339206024,0.0,0.0,3.2874682599305e-08,0.7357956182092773,0.9998335906270122,0.09683719772836137,0.1179891118597613,0.0,
15.799999999999999,0.0,1.0,0.37849111113442235,0.0,0.0,2.9587214339374498e-08,0.7362566707047598,0.9998419110956616,0.09611091874539866,0.11641592370163115,0.0,
15.816666666666666,0.0,1.0,0.3294556719027182,0.0,0.0,2.6628492905437047e-08,0.7367148827326595,0.9998498155408785,0.09539008685480817,0.1148637113856094,0.0,
15.833333333333334,0.0,1.0,0.299249081978822,0.0,0.0,2.3965643614893344e-08,0.7371702717926241,0.9998573247638346,0.09467466120339711,0.11333219523380127,0.0,
15.85,0.0,1.0,0.2519909005123993,0.0,0.0,2.156907925340401e-08,0.7376228552764883,0.9998644585256429,0.09396460124437163,0.11182109929735058,0.0,
15.866666666666667,0.0,1.0,0.1530772180291432,0.0,0.0,1.941217132806361e-08,0.738072650468939,0.9998712355993608,0.09325986673503885,0.11033015130671923,0.0,
15.883333333333333,0.0,1.0,0.18402798292983488,0.0,0.0,1.7470954195257247e-08,0.7385196745481749,0.9998776738193927,0.09256041773452606,0.10885908262262964,0.0,
15.9,0.0,1.0,0.18277288955018997,0.0,0.0,1.5723858775731524e-08,0.7389639445865628,0.9998837901284231,0.09186621460151712,0.10740762818766124,0.0,
15.916666666666666,0.0,1.0,0.19374057439949266,0.0,0.0,1.415147289815837e-08,0.739405477551289,0.9998896006220019,0.09117721799200573,0.10597552647849243,0.0,
15.933333333333334,0.0,1.0,0.11738135498628426,0.0,0.0,1.2736325608342534e-08,0.7398442903050084,0.9998951205909018,0.09049338885706569,0.10456251945877919,0.0,
15.95,0.0,1.0,0.08911337321521284,0.0,0.0,1.1462693047508281e-08,0.7402803996064877,0.9999003645613567,0.0898146884406377,0.10316835253266213,0.0,
15.966666666666667,0.0,1.0,0.07439784551277519,0.0,0.0,1.0316423742757453e-08,0.7407138221112454,0.9999053463332889,0.08914107827733292,0.1017927744988933,0.0,
15.983333333333333,0.0,1.0,0.03826924430716383,0.0,0.0,9.284781368481707e-09,0.7411445743721883,0.9999100790166244,0.08847252019025292,0.10043553750557473,0.0,
16.0,0.0,0.0,0.0,0.0,0.016666666666666666,8.356303231633537e-09,0.7402799057020873,0.983244911033014,0.09347390907914181,0.0990963970055004,0.0,
16.016666666666666,0.0,0.0,0.0,0.0,0.03333333333333333,7.520672908470184e-09,0.7394162458121015,0.9668574958491305,0.09847668685691958,0.09777511171209373,0.0,
16.03333333333333,0.0,0.0,0.0,0.0,0.05,6.768605617623166e-09,0.7385535935253207,0.950743204251645,0.10348085352358626,0.09647144355593248,0.0,
16.05,0.0,0.0,0.0,0.0,0.06666666666666667,6.091745055860849e-09,0.7376919476662078,0.9348974841807843,0.10848640907914181,0.09518515764185338,0.0,
16.066666666666666,0.0,0.0,0.0,0.0,0.08333333333333333,5.482570550274764e-09,0.7368313070605973,0.9193158594444379,0.11349335352358625,0.09391602220662867,0.0,
16.083333333333332,0.0,0.0,0.0,0.0,0.09999999999999999,4.934313495247288e-09,0.7359716705356932,0.9039939284536973,0.11850168685691959,0.09266380857720696,0.0,
16.1,0.0,0.0,0.0,0.0,0.11666666666666665,4.440882145722559e-09,0.7351130369200682,0.8889273629794691,0.1235114090791418,0.09142829112951087,0.0,
16.116666666666667,0.0,0.0,0.0,0.0,0.13333333333333333,3.996793931150303e-09,0.7342554050436615,0.8741119069298112,0.12852252019025293,0.09020924724778406,0.0,
16.133333333333333,0.0,0.0,0.0,0.0,0.15,3.597114538035273e-09,0.7333987737377772,0.8595433751476477,0.13353502019025293,0.08900645728448027,0.0,
16.15,0.0,0.0,0.0,0.0,0.16666666666666666,3.2374030842317457e-09,0.7325431418350831,0.8452176522285202,0.13854890907914183,0.0878197045206872,0.0,
16.166666666666668,0.0,0.0,0.0,0.0,0.18333333333333332,2.9136627758085712e-09,0.7316885081696088,0.8311306913580448,0.1435641868569196,0.08664877512707804,0.0,
16.183333333333334,0.0,0.0,0.0,0.0,0.19999999999999998,2.622296498227714e-09,0.7308348715767443,0.8172785131687441,0.14858085352358627,0.08549345812538367,0.0,
16.2,0.0,0.0,0.0,0.0,0.21666666666666665,2.3600668484049426e-09,0.7299822308932381,0.8036572046159317,0.15359890907914184,0.08435354535037855,0.0,
16.216666666666665,0.0,0.0,0.0,0.0,0.2333333333333333,2.1240601635644483e-09,0.729130584957196,0.7902629178723328,0.15861835352358628,0.0832288314123735,0.0,
16.233333333333334,0.0,0.0,0.0,0.0,0.24999999999999997,1.9116541472080034e-09,0.7282799326080792,0.7770918692411273,0.1636391868569196,0.08211911366020852,0.0,
16.25,0.0,0.0,0.0,0.0,0.26666666666666666,1.7204887324872031e-09,0.7274302726867031,0.7641403380871085,0.16866140907914184,0.08102419214473908,0.0,
16.266666666666666,0.0,0.0,0.0,0.0,0.2833333333333333,1.5484398592384827e-09,0.7265816040352353,0.7514046657856567,0.17368502019025295,0.07994386958280922,0.0,
16.28333333333333,0.0,0.0,0.0,0.0,0.3,1.3935958733146346e-09,0.7257339254971942,0.738881254689229,0.17871002019025295,0.0788779513217051,0.0,
16.3,0.0,0.0,0.0,0.0,0.31666666666666665,1.254236285983171e-09,0.7248872359174474,0.7265665671110753,0.18373640907914185,0.07782624530408236,0.0,
16.316666666666666,0.0,0.0,0.0,0.0,0.3333333333333333,1.128812657384854e-09,0.7240415341422104,0.7144571243258907,0.18876418685691962,0.07678856203336126,0.0,
16.333333333333332,0.0,0.0,0.0,0.0,0.35,1.0159313916463686e-09,0.7231968190190445,0.7025495055871258,0.1937933535235863,0.07576471453958311,0.0,
16.35,0.0,0.0,0.0,0.0,0.36666666666666664,9.143382524817317e-10,0.7223530893968556,0.6908403471606737,0.19882390907914185,0.074754518345722,0.0,
16.366666666666667,0.0,0.0,0.0,0.0,0.3833333333333333,8.229044272335586e-10,0.7215103441258927,0.6793263413746624,0.2038558535235863,0.0737577914344457,0.0,
16.383333333333333,0.0,0.0,0.0,0.0,0.39999999999999997,7.406139845102027e-10,0.7206685820577458,0.6680042356850847,0.20888918685691962,0.07277435421531976,0.0,
16.4,0.0,0.0,0.0,0.0,0.41666666666666663,6.665525860591824e-10,0.719827802045345,0.656870831757,0.21392390907914186,0.07180402949244884,0.0,
16.416666666666668,0.0,0.0,0.0,0.0,0.4333333333333333,5.998973274532642e-10,0.7189880029429588,0.64592298456105,0.21896002019025296,0.07084664243254953,0.0,
16.433333333333334,0.0,0.0,0.0,0.0,0.44999999999999996,5.399075947079378e-10,0.7181491836061921,0.6351576014850325,0.22399752019025296,0.06990202053344886,0.0,
16.45,0.0,0.0,0.0,0.0,0.4666666666666666,4.859168352371441e-10,0.7173113428919848,0.624571641460282,0.22903640907914186,0.06896999359300288,0.0,
16.466666666666665,0.0,0.0,0.0,0.0,0.4833333333333333,4.3732515171342966e-10,0.7164744796586109,0.6141621141026106,0.23407668685691962,0.06805039367842951,0.0,
16.483333333333334,0.0,0.0,0.0,0.0,0.49999999999999994,3.935926365420867e-10,0.7156385927656759,0.6039260788675671,0.2391183535235863,0.06714305509605045,0.0,
16.5,0.0,0.0,0.0,0.0,0.5166666666666666,3.54233372887878e-10,0.714803681074116,0.5938606442197744,0.24416140907914186,0.06624781436143645,0.0,
16.516666666666666,0.0,0.0,0.0,0.0,0.5333333333333333,3.188100355990902e-10,0.7139697434461961,0.5839629668161115,0.2492058535235863,0.06536451016995064,0.0,
16.53333333333333,0.0,0.0,0.0,0.0,0.55,2.869290320391812e-10,0.7131367787455088,0.5742302507025097,0.2542516868569196,0.06449298336768462,0.0,
16.55,0.0,0.0,0.0,0.0,0.5666666666666668,2.5823612883526306e-10,0.7123047858369724,0.5646597465241345,0.2592989090791418,0.06363307692278217,0.0,
16.566666666666666,0.0,0.0,0.0,0.0,0.5833333333333335,2.3241251595173676e-10,0.7114737635868293,0.5552487507487323,0.2643475201902529,0.06278463589714507,0.0,
16.583333333333332,0.0,0.0,0.0,0.0,0.6000000000000002,2.091712643565631e-10,0.7106437108626447,0.5459946049029201,0.2693975201902529,0.06194750741851647,0.0,
16.6,0.0,0.0,0.0,0.0,0.6166666666666669,1.882541379209068e-10,0.709814626533305,0.5368946948212048,0.2744489090791418,0.06112154065293625,0.0,
16.616666666666667,0.0,0.0,0.0,0.0,0.6333333333333336,1.6942872412881613e-10,0.7089865094690161,0.527946449907518,0.2795016868569196,0.060306586777563766,0.0,
16.633333333333333,0.0,0.0,0.0,0.0,0.6500000000000004,1.524858517159345e-10,0.7081593585413022,0.5191473424090595,0.2845558535235863,0.05950249895386291,0.0,
16.65,0.0,0.0,0.0,0.0,0.6666666666666671,1.3723726654434106e-10,0.707333172623004,0.5104948867022419,0.28961140907914185,0.1968424656344781,0.0,micro_nod_ready
16.666666666666668,0.0,0.0,0.0,0.0,0.6833333333333338,1.2351353988990696e-10,0.7065079505882772,0.5019866385905378,0.2946683535235863,0.1942178994260184,0.0,
16.683333333333334,0.0,0.0,0.0,0.0,0.7000000000000005,1.1116218590091626e-10,0.7056836913125909,0.49362019461402884,0.2997266868569196,0.19162832743367147,0.0,
16.7,0.0,0.0,0.0,0.0,0.7166666666666672,1.0004596731082464e-10,0.7048603936727262,0.4853931913704617,0.30478640907914184,0.18907328306788918,0.0,
16.716666666666665,0.0,0.0,0.0,0.0,0.733333333333334,9.004137057974218e-11,0.7040380565467748,0.4773033048476207,0.30984752019025297,0.18655230596031733,0.0,
16.733333333333334,0.0,0.0,0.0,0.0,0.7500000000000007,8.103723352176796e-11,0.7032166788141369,0.469348249766827,0.314910020190253,0.18406494188084643,0.0,
16.75,0.0,0.0,0.0,0.0,0.7666666666666674,7.293351016959116e-11,0.7023962593555204,0.4615257789373799,0.31997390907914186,0.1816107426557685,0.0,
16.766666666666666,0.0,0.0,0.0,0.0,0.7833333333333341,6.564015915263205e-11,0.701576797052939,0.4538336826217569,0.3250391868569196,0.1791892660870249,0.0,
16.78333333333333,0.0,0.0,0.0,0.0,0.8000000000000008,5.907614323736884e-11,0.7007582907897105,0.44626978791139427,0.3301058535235863,0.17680007587253124,0.0,
16.8,0.0,0.0,0.0,0.0,0.8166666666666675,5.316852891363196e-11,0.6999407394504559,0.438831958112871,0.33517390907914185,0.17444274152756417,0.0,
16.816666666666666,0.0,0.0,0.0,0.0,0.8333333333333343,4.785167602226876e-11,0.699124141921097,0.4315180921443232,0.3402433535235863,0.17211683830719665,0.0,
16.833333333333332,0.0,0.0,0.0,0.0,0.850000000000001,4.306650842004189e-11,0.6983084970888557,0.4243261239419178,0.34531418685691967,0.16982194712976736,0.0,
16.85,0.0,0.0,0.0,0.0,0.8666666666666677,3.87598575780377e-11,0.697493803842252,0.4172540218762192,0.35038640907914187,0.16755765450137047,0.0,
16.866666666666667,0.0,0.0,0.0,0.0,0.8833333333333344,3.488387182023393e-11,0.6966800610711027,0.4102997881782822,0.35546002019025297,0.1653235524413522,0.0,
16.883333333333333,0.0,0.0,0.0,0.0,0.9000000000000011,3.1395484638210536e-11,0.6958672676665197,0.40346145837531083,0.36053502019025296,0.16311923840880083,0.0,
16.9,0.0,0.0,0.0,0.0,0.9166666666666679,2.825593617438948e-11,0.6950554225209088,0.3967371007357223,0.36561140907914186,0.16094431523001682,0.0,
16.916666666666668,0.0,0.0,0.0,0.0,0.9333333333333346,2.5430342556950532e-11,0.6942445245279677,0.3901248157234603,0.37068918685691965,0.15879839102694993,0.0,
16.933333333333334,0.0,0.0,0.0,0.0,0.9500000000000013,2.2887308301255478e-11,0.693434572582685,0.38362273546140263,0.37576835352358634,0.1566810791465906,0.0,
16.95,0.0,0.0,0.0,0.0,0.966666666666668,2.059857747112993e-11,0.6926255655813386,0.3772290232037126,0.3808489090791419,0.15459199809130272,0.0,
16.966666666666665,0.0,0.0,0.0,0.0,0.9833333333333347,1.853871972401694e-11,0.6918175024214936,0.37094187281698404,0.3859308535235863,0.15253077145008537,0.0,
16.983333333333334,0.0,0.0,0.0,0.0,1.0000000000000013,1.6684847751615244e-11,0.6910103820020019,0.3647595082700343,0.39101418685691963,0.1504970278307509,0.0,
17.0,0.0,0.0,0.0,0.0,1.016666666666668,1.501636297645372e-11,0.6902042032229996,0.3586801831322004,0.39609890907914186,0.14849040079300754,0.0,
17.016666666666666,0.0,0.0,0.0,0.0,1.0333333333333345,1.3514726678808349e-11,0.689398964985906,0.35270218007999704,0.401185020190253,0.14651052878243412,0.0,
17.03333333333333,0.0,0.0,0.0,0.0,1.0500000000000012,1.2163254010927514e-11,0.6885946661934225,0.3468238104119971,0.406272520190253,0.144557055065335,0.0,
17.05,0.0,0.0,0.0,0.0,1.0666666666666678,1.0946928609834763e-11,0.6877913057495302,0.3410434135717972,0.41136140907914187,0.14262962766446388,0.0,
17.066666666666666,0.0,0.0,0.0,0.0,1.0833333333333344,9.852235748851287e-12,0.6869888825594891,0.3353593566789339,0.41645168685691963,0.14072789929560436,0.0,
17.083333333333332,0.0,0.0,0.0,0.0,1.100000000000001,8.867012173966159e-12,0.6861873955298363,0.32977003406761835,0.4215433535235863,0.1388515273049963,0.0,
17.1,0.0,0.0,0.0,0.0,1.1166666666666676,7.980310956569542e-12,0.6853868435683849,0.32427386683315806,0.42663640907914185,0.13700017360759636,0.0,
17.116666666666667,0.0,0.0,0.0,0.0,1.1333333333333342,7.182279860912588e-12,0.6845872255842217,0.31886930238593875,0.4317308535235863,0.13517350462616173,0.0,
17.133333333333333,0.0,0.0,0.0,0.0,1.1500000000000008,6.464051874821329e-12,0.6837885404877068,0.31355481401283974,0.43682668685691967,0.13337119123114624,0.0,
17.15,0.0,0.0,0.0,0.0,1.1666666666666674,5.817646687339196e-12,0.6829907871904711,0.30832890044595906,0.44192390907914186,0.1315929086813976,0.0,
17.166666666666668,0.0,0.0,0.0,0.0,1.183333333333334,5.235882018605276e-12,0.6821939646054156,0.30319008543852644,0.44702252019025296,0.12983833656564564,0.0,
17.183333333333334,0.0,0.0,0.0,0.0,1.2000000000000006,4.712293816744749e-12,0.6813980716467093,0.29813691734788433,0.45212252019025295,0.12810715874477036,0.0,
17.2,0.0,0.0,0.0,0.0,1.2166666666666672,4.241064435070274e-12,0.6806031072297881,0.2931679687254196,0.45722390907914184,0.12639906329484007,0.0,
17.216666666666665,0.0,0.0,0.0,0.0,1.2333333333333338,3.816957991563247e-12,0.6798090702713534,0.2882818359133293,0.46232668685691963,0.12471374245090887,0.0,
17.233333333333334,0.0,0.0,0.0,0.0,1.2500000000000004,3.4352621924069223e-12,0.6790159596893701,0.28347713864810714,0.4674308535235863,0.12305089255156341,0.0,
17.25,0.0,0.0,0.0,0.0,1.266666666666667,3.0917359731662303e-12,0.6782237744030658,0.2787525196706387,0.47253640907914185,0.12141021398420923,0.0,
17.266666666666666,0.0,0.0,0.0,0.0,1.2833333333333337,2.7825623758496074e-12,0.6774325133329289,0.2741066443427947,0.4776433535235863,0.11979141113108645,0.0,
17.28333333333333,0.0,0.0,0.0,0.0,1.3000000000000003,2.5043061382646465e-12,0.6766421754007071,0.2695382002704148,0.4827516868569196,0.1181941923160053,0.0,
17.3,0.0,0.0,0.0,0.0,1.3166666666666669,2.253875524438182e-12,0.6758527595294063,0.2650458969325746,0.48786140907914183,0.11661826975179189,0.0,
17.316666666666666,0.0,0.0,0.0,0.0,1.3333333333333335,2.0284879719943637e-12,0.6750642646432886,0.26062846531703165,0.49297252019025295,0.11506335948843466,0.0,
17.333333333333332,0.0,0.0,0.0,0.0,1.35,1.8256391747949273e-12,0.6742766896678715,0.2562846575617478,0.49808502019025297,0.1135291813619222,0.0,
17.35,0.0,0.0,0.0,0.0,1.3666666666666667,1.6430752573154347e-12,0.6734900335299256,0.25201324660238533,0.5031989090791419,0.11201545894376323,0.0,
17.366666666666667,0.0,0.0,0.0,0.0,1.3833333333333333,1.4787677315838912e-12,0.6727042951574741,0.2478130258256789,0.5083141868569196,0.11052191949117972,0.0,
17.383333333333333,0.0,0.0,0.0,0.0,1.4,1.3308909584255021e-12,0.6719194734797904,0.24368280872858425,0.5134308535235863,0.10904829389796399,0.0,
17.4,0.0,0.0,0.0,0.0,1.4166666666666665,1.197801862582952e-12,0.6711355674273973,0.23962142858310784,0.5185489090791419,0.10759431664599113,0.0,
17.416666666666668,0.0,0.0,0.0,0.0,1.4333333333333331,1.0780216763246567e-12,0.6703525759320653,0.23562773810672272,0.5236683535235863,0.10615972575737792,0.0,
17.433333333333334,0.0,0.0,0.0,0.0,1.4499999999999997,9.70219508692191e-13,0.6695704979268112,0.23170060913827734,0.5287891868569197,0.10474426274727955,0.0,
17.45,0.0,0.0,0.0,0.0,1.4666666666666663,8.731975578229718e-13,0.6687893323458967,0.22783893231930605,0.5339114090791419,0.10334767257731582,0.0,
17.466666666666665,0.0,0.0,0.0,0.0,1.483333333333333,7.858778020406747e-13,0.6680090781248265,0.22404161678065096,0.5390350201902531,0.10196970360961828,0.0,
17.483333333333334,0.0,0.0,0.0,0.0,1.4999999999999996,7.072900218366072e-13,0.6672297342003475,0.2203075898343068,0.5441600201902531,0.10061010756149004,0.0,
17.5,0.0,0.0,0.0,0.0,1.5166666666666662,6.365610196529464e-13,0.6664512995104471,0.21663579667040167,0.5492864090791421,0.09926863946067017,0.0,
17.516666666666666,0.0,0.0,0.0,0.0,1.5333333333333328,5.729049176876518e-13,0.6656737729943516,0.21302520005922831,0.5544141868569198,0.09794505760119457,0.0,
17.53333333333333,0.0,0.0,0.0,0.0,1.5499999999999994,5.156144259188867e-13,0.6648971535925249,0.2094747800582412,0.5595433535235864,0.09663912349984531,0.0,
17.55,0.0,0.0,0.0,0.0,1.566666666666666,4.64052983326998e-13,0.664121440246667,0.20598353372393716,0.564673909079142,0.09535060185318071,0.0,
17.566666666666666,0.0,0.0,0.0,0.0,1.5833333333333326,4.1764768499429824e-13,0.6633466318997125,0.2025504748285382,0.5698058535235864,0.0940792604951383,0.0,
17.583333333333332,0.0,0.0,0.0,0.0,1.5999999999999992,3.7588291649486844e-13,0.6625727274958295,0.1991746335813959,0.5749391868569197,0.09282487035520312,0.0,
17.6,0.0,0.0,0.0,0.0,1.6166666666666658,3.382946248453816e-13,0.6617997259804177,0.1958550563550393,0.5800739090791419,0.09158720541713375,0.0,
17.616666666666667,0.0,0.0,0.0,0.0,1.6333333333333324,3.0446516236084347e-13,0.6610276263001073,0.19259080541578866,0.585210020190253,0.09036604267823863,0.0,
17.633333333333333,0.0,0.0,0.0,0.0,1.649999999999999,2.740186461247591e-13,0.6602564274027571,0.18938095865885884,0.590347520190253,0.08916116210919545,0.0,
17.65,0.0,0.0,0.0,0.0,1.6666666666666656,2.4661678151228317e-13,0.6594861282374539,0.18622460934787785,0.595486409079142,0.08797234661440617,0.0,
17.666666666666668,0.0,0.0,0.0,0.0,1.6833333333333322,2.2195510336105485e-13,0.6587167277545102,0.18312086585874654,0.6006266868569198,0.08679938199288076,0.0,
17.683333333333334,0.0,0.0,0.0,0.0,1.6999999999999988,1.9975959302494935e-13,0.6579482249054632,0.18006885142776743,0.6057683535235865,0.08564205689964235,0.0,
17.7,0.0,0.0,0.0,0.0,1.7166666666666655,1.797836337224544e-13,0.6571806186430735,0.1770677039039713,0.6109114090791421,0.08450016280764712,0.0,
17.716666666666665,0.0,0.0,0.0,0.0,1.733333333333332,1.6180527035020896e-13,0.6564139079213233,0.17411657550557177,0.6160558535235865,0.08337349397021182,0.0,
17.733333333333334,0.0,0.0,0.0,0.0,1.7499999999999987,1.4562474331518805e-13,0.655648091695415,0.17121463258047892,0.6212016868569198,0.08226184738394234,0.0,
17.75,0.0,0.0,0.0,0.0,1.7666666666666653,1.3106226898366925e-13,0.6548831689217703,0.16836105537080426,0.626348909079142,0.08116502275215644,0.0,
17.766666666666666,0.0,0.0,0.0,0.0,1.7833333333333319,1.1795604208530232e-13,0.6541191385580283,0.16555503778129085,0.6314975201902531,0.08008282244879435,0.0,
17.78333333333333,0.0,0.0,0.0,0.0,1.7999999999999985,1.0616043787677208e-13,0.6533559995630439,0.16279578715160267,0.6366475201902531,0.07901505148281042,0.0,
17.8,0.0,0.0,0.0,0.0,1.816666666666665,9.554439408909488e-14,0.652593750896887,0.1600825240324093,0.6417989090791419,0.07796151746303961,0.0,
17.816666666666666,0.0,0.0,0.0,0.0,1.8333333333333317,8.59899546801854e-14,0.6518323915208406,0.15741448196520247,0.6469516868569197,0.07692203056353242,0.0,
17.833333333333332,0.0,0.0,0.0,0.0,1.8499999999999983,7.739095921216685e-14,0.6510719203973996,0.15479090726578243,0.6521058535235864,0.07589640348935199,0.0,
17.85,0.0,0.0,0.0,0.0,1.866666666666665,6.965186329095016e-14,0.6503123364902693,0.15221105881135272,0.657261409079142,0.0748844514428273,0.0,
17.866666666666667,0.0,0.0,0.0,0.0,1.8833333333333315,6.268667696185515e-14,0.649553638764364,0.1496742078311635,0.6624183535235865,0.07388599209025626,0.0,
17.883333333333333,0.0,0.0,0.0,0.0,1.8999999999999981,5.6418009265669634e-14,0.6487958261858056,0.1471796377006441,0.16689417171422996,0.5662341788623861,0.0,response_ready
17.9,0.0,0.0,0.0,0.0,1.9166666666666647,5.077620833910267e-14,0.6480388977219221,0.1447266437389667,0.17205389393645218,0.5586843898108876,0.0,
17.916666666666668,0.0,0.0,0.0,0.0,1.9333333333333313,4.5698587505192405e-14,0.6472828523412466,0.14231453300998392,0.1772150050475633,0.5512352646134091,0.0,
17.933333333333334,0.0,0.0,0.0,0.0,1.949999999999998,4.112872875467316e-14,0.6465276890135152,0.1399426241264842,0.18237750504756328,0.5438854610852303,0.0,
17.95,0.0,0.0,0.0,0.0,1.9666666666666646,3.701585587920585e-14,0.6457734067096661,0.13761024705770947,0.18754139393645217,0.5366336549374272,0.0,
17.966666666666665,0.0,0.0,0.0,0.0,1.9833333333333312,3.331427029128526e-14,0.6450200044018382,0.13531674294008098,0.19270667171422995,0.5294785395382615,0.0,
17.983333333333334,0.0,0.0,0.0,0.0,1.9999999999999978,2.998284326215674e-14,0.6442674810633694,0.13306146389107962,0.1978733383808966,0.5224188256777513,0.0,
18.0,0.0,0.0,0.0,0.0,2.0166666666666644,2.6984558935941063e-14,0.6435158356687954,0.13084377282622828,0.20304139393645215,0.5154532413353813,0.0,
18.016666666666666,0.0,0.0,0.0,0.0,2.033333333333331,2.4286103042346957e-14,0.6427650671938485,0.12866304327912448,0.2082108383808966,0.5085805314509095,0.0,
18.03333333333333,0.0,0.0,0.0,0.0,2.0499999999999976,2.185749273811226e-14,0.6420151746154557,0.1265186592244724,0.21338167171422995,0.5017994576982308,0.0,
18.05,0.0,0.0,0.0,0.0,2.066666666666664,1.9671743464301035e-14,0.6412661569117376,0.12441001490406452,0.21855389393645216,0.49510879826225435,0.0,
18.066666666666666,0.0,0.0,0.0,0.0,2.083333333333331,1.770456911787093e-14,0.6405180130620073,0.12233651465566345,0.22372750504756328,0.48850734761875764,0.0,
18.083333333333332,0.0,0.0,0.0,0.0,2.0999999999999974,1.593411220608384e-14,0.6397707420467683,0.12029757274473572,0.22890250504756326,0.4819939163171742,0.0,
18.1,0.0,0.0,0.0,0.0,2.116666666666664,1.4340700985475457e-14,0.6390243428477137,0.11829261319899012,0.23407889393645215,0.47556733076627855,0.0,
18.116666666666667,0.0,0.0,0.0,0.0,2.1333333333333306,1.2906630886927912e-14,0.6382788144477247,0.11632106964567362,0.23925667171422993,0.46922643302272815,0.0,
18.133333333333333,0.0,0.0,0.0,0.0,2.1499999999999972,1.161596779823512e-14,0.637534155830869,0.11438238515157906,0.2444358383808966,0.4629700805824251,0.0,
18.15,0.0,0.0,0.0,0.0,2.166666666666664,1.0454371018411607e-14,0.6367903659823997,0.1124760120657194,0.24961639393645216,0.45679714617465944,0.0,
18.166666666666668,0.0,0.0,0.0,0.0,2.1833333333333305,9.408933916570447e-15,0.6360474438887536,0.11060141186462408,0.2547983383808966,0.4507065175589973,0.0,
18.183333333333334,0.0,0.0,0.0,0.0,2.199999999999997,8.468040524913401e-15,0.63530538853755,0.10875805500021368,0.2599816717142299,0.44469709732487733,0.0,
18.2,0.0,0.0,0.0,0.0,2.2166666666666637,7.621236472422062e-15,0.6345641989175895,0.10694542075021012,0.26516639393645214,0.438767802693879,0.0,
18.216666666666665,0.0,0.0,0.0,0.0,2.2333333333333303,6.859112825179855e-15,0.6338238740188523,0.10516299707103995,0.27035250504756325,0.4329175653246273,0.0,
18.233333333333334,0.0,0.0,0.0,0.0,2.249999999999997,6.17320154266187e-15,0.633084412832497,0.10341028045318928,0.27554000504756326,0.4271453311202989,0.0,
18.25,0.0,0.0,0.0,0.0,2.2666666666666635,5.555881388395683e-15,0.632345814350859,0.10168677577896947,0.2807288939364522,0.4214500600386949,0.0,
18.266666666666666,0.0,0.0,0.0,0.0,2.28333333333333,5.000293249556114e-15,0.6316080775674496,0.09999199618265331,0.2859191717142299,0.41583072590484566,0.0,
18.28333333333333,0.0,0.0,0.0,0.0,2.2999999999999967,4.500263924600503e-15,0.6308712014769543,0.09832546291294242,0.2911108383808966,0.4102863162261144,0.0,
18.3,0.0,0.0,0.0,0.0,2.3166666666666633,4.050237532140453e-15,0.6301351850752311,0.09668670519772671,0.2963038939364521,0.4048158320097662,0.0,
18.316666666666666,0.0,0.0,0.0,0.0,2.33333333333333,3.645213778926408e-15,0.62940002735931,0.09507526011109793,0.30149833838089657,0.39941828758296927,0.0,
18.333333333333332,0.0,0.0,0.0,0.0,2.3499999999999965,3.2806924010337667e-15,0.6286657273273908,0.09349067244257964,0.3066941717142299,0.39409271041519633,0.0,
18.35,0.0,0.0,0.0,0.0,2.366666666666663,2.95262316093039e-15,0.6279322839788422,0.09193249456853664,0.31189139393645215,0.38883814094299374,0.0,
18.366666666666667,0.0,0.0,0.0,0.0,2.3833333333333298,2.657360844837351e-15,0.6271996963142001,0.09040028632572769,0.31709000504756324,0.38365363239708716,0.0,
18.383333333333333,0.0,0.0,0.0,0.0,2.3999999999999964,2.3916247603536163e-15,0.6264679633351669,0.08889361488696557,0.3222900050475632,0.3785382506317927,0.0,
18.4,0.0,0.0,0.0,0.0,2.416666666666663,2.1524622843182544e-15,0.6257370840446091,0.08741205463884948,0.3274913939364521,0.3734910739567021,0.0,
18.416666666666668,0.0,0.0,0.0,0.0,2.4333333333333296,1.937216055886429e-15,0.6250070574465572,0.08595518706153532,0.3326941717142299,0.36851119297061274,0.0,
18.433333333333334,0.0,0.0,0.0,0.0,2.449999999999996,1.7434944502977862e-15,0.6242778825462029,0.08452260061050973,0.33789833838089656,0.36359771039767125,0.0,
18.45,0.0,0.0,0.0,0.0,2.466666666666663,1.5691450052680076e-15,0.623549558349899,0.08311389060033457,0.34310389393645213,0.3587497409257023,0.0,
18.466666666666665,0.0,0.0,0.0,0.0,2.4833333333333294,1.4122305047412069e-15,0.6228220838651575,0.08172865909032899,0.3483108383808966,0.3539664110466929,0.0,
18.483333333333334,0.0,0.0,0.0,0.0,2.499999999999996,1.271007454267086e-15,0.6220954581006481,0.08036651477215684,0.3535191717142299,0.34924685889940366,0.0,
18.5,0.0,0.0,0.0,0.0,2.5166666666666626,1.1439067088403775e-15,0.6213696800661974,0.07902707285928756,0.35872889393645213,0.3445902341140783,0.0,
18.516666666666666,0.0,0.0,0.0,0.0,2.533333333333329,1.0295160379563398e-15,0.6206447487727869,0.07770995497829944,0.36394000504756324,0.33999569765922394,0.0,
18.53333333333333,0.0,0.0,0.0,0.0,2.549999999999996,9.265644341607058e-16,0.6199206632325519,0.07641478906199445,0.36915250504756325,0.3354624216904343,0.0,
18.55,0.0,0.0,0.0,0.0,2.5666666666666624,8.339079907446352e-16,0.6191974224587806,0.07514120924429454,0.37436639393645216,0.33098958940122847,0.0,
18.566666666666666,0.0,0.0,0.0,0.0,2.583333333333329,7.505171916701717e-16,0.618475025465912,0.07388885575688964,0.37958167171422996,0.32657639487587875,0.0,
18.583333333333332,0.0,0.0,0.0,0.0,2.5999999999999956,6.754654725031545e-16,0.6177534712695352,0.07265737482760815,0.3847983383808966,0.32222204294420037,0.0,
18.6,0.0,0.0,0.0,0.0,2.6166666666666623,6.07918925252839e-16,0.6170327588863874,0.07144641858048134,0.39001639393645215,0.3179257490382777,0.0,
18.616666666666667,0.0,0.0,0.0,0.0,2.633333333333329,5.471270327275551e-16,0.6163128873343533,0.07025564493747331,0.3952358383808966,0.31368673905110067,0.0,
18.633333333333333,0.0,0.0,0.0,0.0,2.6499999999999955,4.924143294547996e-16,0.6155938556324633,0.06908471752184876,0.40045667171422994,0.30950424919708597,0.0,
18.65,0.0,0.0,0.0,0.0,2.666666666666662,4.431728965093197e-16,0.614875662800892,0.06793330556315129,0.4056788939364522,0.30537752587445816,0.0,
18.666666666666668,0.0,0.0,0.0,0.0,2.6833333333333287,3.988556068583877e-16,0.6141583078609576,0.06680108380376544,0.4109025050475633,0.3013058255294654,0.0,
18.683333333333334,0.0,0.0,0.0,0.0,2.6999999999999953,3.5897004617254893e-16,0.6134417898351198,0.06568773240703601,0.4161275050475633,0.29728841452240584,0.0,
18.7,0.0,0.0,0.0,0.0,2.716666666666662,3.2307304155529404e-16,0.6127261077469788,0.06459293686691875,0.4213538939364522,0.2933245689954404,0.0,
18.716666666666665,0.0,0.0,0.0,0.0,2.7333333333333285,2.9076573739976464e-16,0.612011260621274,0.06351638791913677,0.42658167171422995,0.2894135747421679,0.0,
18.733333333333334,0.0,0.0,0.0,0.0,2.749999999999995,2.6168916365978816e-16,0.6112972474838825,0.06245778145381783,0.4318108383808966,0.285554727078939,0.0,
18.75,0.0,0.0,0.0,0.0,2.7666666666666617,2.3552024729380934e-16,0.6105840673618179,0.06141681842958753,0.4370413939364522,0.28174733071788644,0.0,
18.766666666666666,0.0,0.0,0.0,0.0,2.7833333333333283,2.119682225644284e-16,0.6098717192832291,0.06039320478909441,0.44227333838089666,0.27799069964164796,0.0,
18.78333333333333,0.0,0.0,0.0,0.0,2.799999999999995,1.9077140030798558e-16,0.6091602022773988,0.05938665137594283,0.44750667171423,0.27428415697975933,0.0,
18.8,0.0,0.0,0.0,0.0,2.8166666666666615,1.7169426027718702e-16,0.6084495153747418,0.05839687385301045,0.4527413939364522,0.27062703488669587,0.0,
18.816666666666666,0.0,0.0,0.0,0.0,2.833333333333328,1.5452483424946833e-16,0.6077396576068046,0.05742359262212694,0.4579775050475633,0.2670186744215399,0.0,
18.833333333333332,0.0,0.0,0.0,0.0,2.8499999999999948,1.390723508245215e-16,0.6070306280062633,0.056466532745091495,0.4632150050475633,0.26345842542925274,0.0,
18.85,0.0,0.0,0.0,0.0,2.8666666666666614,1.2516511574206934e-16,0.6063224256069226,0.05552542386600664,0.4684538939364522,0.25994564642352935,0.0,
18.866666666666667,0.0,0.0,0.0,0.0,2.883333333333328,1.126486041678624e-16,0.6056150494437146,0.054600000134906526,0.47369417171423,0.25647970447121565,0.0,
18.883333333333333,0.0,0.0,0.0,0.0,2.8999999999999946,1.0138374375107617e-16,0.6049084985526969,0.05369000013265808,0.47893583838089665,0.2530599750782661,0.0,
18.9,0.0,0.0,0.0,0.0,2.916666666666661,9.124536937596855e-17,0.6042027719710521,0.05279516679711378,0.4841788939364522,0.24968584207722255,0.0,
18.916666666666668,0.0,0.0,0.0,0.0,2.933333333333328,8.212083243837169e-17,0.6034978687370859,0.05191524735049522,0.48942333838089663,0.2463566975161929,0.0,
18.933333333333334,0.0,0.0,0.0,0.0,2.9499999999999944,7.390874919453451e-17,0.602793787890226,0.051049993227986964,0.49466917171422997,0.24307194154931033,0.0,
18.95,0.0,0.0,0.0,0.0,2.966666666666661,6.651787427508106e-17,0.6020905284710207,0.05019916000752052,0.4999163939364522,0.23983098232865285,0.0,
18.966666666666665,0.0,0.0,0.0,0.0,2.9833333333333276,5.986608684757296e-17,0.6013880895211379,0.04936250734072851,0.5051650050475633,0.23663323589760415,0.0,
18.983333333333334,0.0,0.0,0.0,0.0,2.9999999999999942,5.3879478162815664e-17,0.6006864700833632,0.0485397988850497,0.5104150050475633,0.2334781260856361,0.0,
19.0,0.0,0.0,0.0,0.0,3.016666666666661,4.84915303465341e-17,0.5999856692015992,0.04773080223696554,0.5156663939364522,0.23036508440449427,0.0,
19.016666666666666,0.0,0.0,0.0,0.0,3.0333333333333274,4.364237731188069e-17,0.5992856859208641,0.04693528886634945,0.52091917171423,0.22729354994576767,0.0,
19.03333333333333,0.0,0.0,0.0,0.0,3.049999999999994,3.927813958069262e-17,0.5985865192872897,0.04615303405191029,0.5261733383808966,0.2242629692798241,0.0,
19.05,0.0,0.0,0.0,0.0,3.0666666666666607,3.535032562262336e-17,0.5978881683481212,0.04538381681771179,0.5314288939364522,0.2212727963560931,0.0,
19.066666666666666,0.0,0.0,0.0,0.0,3.0833333333333273,3.181529306036102e-17,0.5971906321517151,0.044627419870749925,0.5366858383808967,0.21832249240467852,0.0,
19.083333333333332,0.0,0.0,0.0,0.0,3.099999999999994,2.863376375432492e-17,0.5964939097475381,0.043883629539570757,0.54194417171423,0.2154115258392828,0.0,
19.1,0.0,0.0,0.0,0.0,3.1166666666666605,2.577038737889243e-17,0.595798000186166,0.04315223571391125,0.5472038939364523,0.2125393721614257,0.0,
19.116666666666667,0.0,0.0,0.0,0.0,3.133333333333327,2.3193348641003186e-17,0.5951029025192821,0.04243303178534606,0.5524650050475635,0.20970551386594002,0.0,
19.133333333333333,0.0,0.0,0.0,0.0,3.1499999999999937,2.0874013776902868e-17,0.5944086157996763,0.041725814588923625,0.5577275050475634,0.20690944034772749,0.0,
19.15,0.0,0.0,0.0,0.0,3.1666666666666603,1.878661239921258e-17,0.5937151390812433,0.0410303843457749,0.5629913939364523,0.20415064780975778,0.0,
19.166666666666668,0.0,0.0,0.0,0.0,3.183333333333327,1.6907951159291324e-17,0.5930224714189818,0.04034654460667865,0.56825667171423,0.3395619725056277,0.0,micro_nod_ready
19.183333333333334,0.0,0.0,0.0,0.0,3.1999999999999935,1.5217156043362192e-17,0.5923306118689929,0.03967410219656734,0.5735233383808966,0.335034479538886,0.0,
19.2,0.0,0.0,0.0,0.0,3.21666666666666,1.3695440439025973e-17,0.5916395594884791,0.03901286715995789,0.5787913939364522,0.5081673531450341,0.0,posture_settle
19.216666666666665,0.0,0.0,0.0,0.0,3.2333333333333267,1.2325896395123376e-17,0.5909493133357425,0.038362652707291924,0.5840608383808966,0.5013917884364337,0.0,
19.233333333333334,0.0,0.0,0.0,0.0,3.2499999999999933,1.1093306755611038e-17,0.5902598724701842,0.03772327516217039,0.58933167171423,0.49470656459061463,0.0,
19.25,0.0,0.0,0.0,0.0,3.26666666666666,9.983976080049934e-18,0.5895712359523023,0.03709455390946755,0.5946038939364522,0.48811047706273974,0.0,
19.266666666666666,0.0,0.0,0.0,0.0,3.2833333333333266,8.98557847204494e-18,0.5888834028436913,0.03647631134430976,0.5998775050475633,0.4816023373685699,0.0,
19.28333333333333,0.0,0.0,0.0,0.0,3.299999999999993,8.087020624840446e-18,0.5881963722070404,0.035868372821904596,0.6051525050475633,0.4751809728703223,0.0,
19.3,0.0,0.0,0.0,0.0,3.3166666666666598,7.278318562356401e-18,0.5875101431061321,0.03527056660820618,0.6104288939364523,0.4688452265653847,0.0,
19.316666666666666,0.0,0.0,0.0,0.0,3.3333333333333264,6.550486706120761e-18,0.5868247146058416,0.034682723831402744,0.6157066717142301,0.4625939568778462,0.0,
19.333333333333332,0.0,0.0,0.0,0.0,3.349999999999993,5.895438035508685e-18,0.5861400857721348,0.0341046784342127,0.6209858383808967,0.45642603745280824,0.0,
19.35,0.0,0.0,0.0,0.0,3.3666666666666596,5.305894231957816e-18,0.5854562556720674,0.03353626712697582,0.6262663939364522,0.45034035695343744,0.0,
19.366666666666667,0.0,0.0,0.0,0.0,3.383333333333326,4.7753048087620346e-18,0.5847732233737833,0.032977329341526224,0.6315483383808966,0.44433581886072493,0.0,
19.383333333333333,0.0,0.0,0.0,0.0,3.399999999999993,4.297774327885831e-18,0.5840909879465139,0.03242770718583412,0.6368316717142299,0.43841134127591525,0.0,
19.4,0.0,0.0,0.0,0.0,3.4166666666666594,3.867996895097248e-18,0.5834095484605764,0.03188724539940355,0.6421163939364521,0.4325658567255697,0.0,
19.416666666666668,0.0,0.0,0.0,0.0,3.433333333333326,3.481197205587523e-18,0.5827289039873723,0.031355791309413496,0.6474025050475632,0.42679831196922874,0.0,
19.433333333333334,0.0,0.0,0.0,0.0,3.4499999999999926,3.1330774850287706e-18,0.5820490535993871,0.03083319478758994,0.6526900050475632,0.42110766780963904,0.0,
19.45,0.0,0.0,0.0,0.0,3.4666666666666592,2.8197697365258936e-18,0.5813699963701878,0.030319308207796773,0.6579788939364521,0.4154928989055105,0.0,
19.466666666666665,0.0,0.0,0.0,0.0,3.483333333333326,2.537792762873304e-18,0.5806917313744226,0.029813986404333494,0.6632691717142299,0.40995299358677034,0.0,
19.483333333333334,0.0,0.0,0.0,0.0,3.4999999999999925,2.2840134865859737e-18,0.5800142576878191,0.029317086630927938,0.6685608383808966,0.40448695367228005,0.0,
19.5,1.0,1.0,0.0,0.0,0.0,1.4400000000000002,0.5814350531819141,0.07785123229938154,0.6635466320930399,0.6950937942899829,0.0,gaze_shift
19.516666666666666,0.0,1.0,0.03464560019009349,0.0,0.0,1.2960000000000003,0.5828470953917693,0.12395867068441246,0.6585700323523421,0.6858258770327831,0.0,
19.53333333333333,0.0,1.0,0.062340380585912715,0.0,0.0,1.1664000000000003,0.5842504382449097,0.16776073715019185,0.6536307571096995,0.6766815320056793,0.0,
19.55,0.0,1.0,0.12331480013907252,0.0,0.0,1.0497600000000002,0.5856451353366225,0.20937270029268226,0.6487285264313768,0.6676591115789369,0.0,
19.566666666666666,0.0,1.0,0.17411951801114112,0.0,0.0,0.9447840000000002,0.5870312399320028,0.24890406527804815,0.6438630624831415,0.6587569900912177,0.0,
19.583333333333332,0.0,1.0,0.15752019061223582,0.0,0.0,0.8503056000000002,0.5884088049679884,0.2864588620141457,0.6390340895145179,0.6499735635566681,0.0,
19.6,0.0,1.0,0.22299226188559443,0.0,0.0,0.7652750400000002,0.5897778830553814,0.32213591891343846,0.6342413338431591,0.6413072493759125,0.0,
19.616666666666667,0.0,1.0,0.1844130679010728,0.0,0.0,0.6887475360000002,0.5911385264808576,0.3560291229677665,0.6294845238393354,0.6327564860509004,0.0,
19.633333333333333,0.0,1.0,0.2916909792380883,0.0,0.0,0.6198727824000001,0.5924907872089635,0.3882276668193782,0.6247633899105404,0.624319732903555,0.0,
19.65,0.0,1.0,0.3073302454753545,0.0,0.0,0.55788550416,0.5938347168841004,0.41881628347840927,0.6200776644862113,0.6159954697981743,0.0,
19.666666666666668,0.0,1.0,0.39495213581776695,0.0,0.0,0.5020969537440001,0.5951703668324969,0.4478754693044888,0.6154270820025647,0.607782196867532,0.0,
19.683333333333334,0.0,1.0,0.42093115596239333,0.0,0.0,0.4518872583696001,0.5964977880641698,0.47548169583926436,0.6108113788875454,0.5996784342426316,0.0,
19.7,0.0,1.0,0.486716010812877,0.0,0.0,0.4066985325326401,0.5978170312748711,0.5017076110473011,0.6062302935458889,0.5916827217860632,0.0,
19.716666666666665,0.0,1.0,0.5302760947662468,0.0,0.0,0.3660286792793761,0.5991281468480252,0.5266222304949361,0.6016835663442947,0.5837936188289157,0.0,
19.733333333333334,0.0,1.0,0.6189701111242047,0.0,0.0,0.3294258113514385,0.6004311848566524,0.5502911189701892,0.5971709395967124,0.5760097039111968,0.0,
19.75,0.0,1.0,0.6236860798765125,0.0,0.0,0.29648323021629464,0.6017261950652814,0.5727765630216798,0.592692157549737,0.5683295745257142,0.0,
19.766666666666666,0.0,1.0,0.5622964280636801,0.0,0.0,0.2668349071946652,0.60301322693185,0.5941377348705958,0.588246966368114,0.5607518468653714,0.0,
19.78333333333333,0.0,1.0,0.4922277667006083,0.0,0.0,0.24015141647519866,0.604292329609594,0.614430848127066,0.5838351141203532,0.5532751555738331,0.0,
19.8,0.0,1.0,0.7981822119047906,0.0,0.0,0.2161362748276788,0.6055635519489243,0.6337093057207127,0.5794563507644506,0.5458981534995153,0.0,
19.816666666666666,0.0,1.0,0.7941943859432415,0.0,0.0,0.19452264734491093,0.6068269424992924,0.6520238404346771,0.5751104281337172,0.5386195114528551,0.0,
19.833333333333332,0.0,1.0,0.545466601982563,0.0,0.0,0.17507038261041982,0.6080825495110447,0.6694226484129432,0.5707970999227143,0.531437917966817,0.0,
19.85,0.0,1.0,0.646659040151316,0.0,0.0,0.15756334434937785,0.6093304209372654,0.685951515992296,0.566516121673294,0.5243520790605928,0.0,
19.866666666666667,0.0,1.0,0.38026487060401476,0.0,0.0,0.14180700991444006,0.6105706044356077,0.7016539401926811,0.5622672507607444,0.5173607180064516,0.0,
19.883333333333333,0.0,1.0,0.3659416220769839,0.0,0.0,0.12762630892299606,0.611803147370114,0.7165712431830471,0.5580502463800388,0.5104625750996988,0.0,
19.9,0.0,1.0,0.5176138575503932,0.0,0.0,0.11486367803069646,0.6130280968130246,0.7307426810238947,0.5538648695321885,0.5036564074317028,0.0,
19.916666666666668,0.0,1.0,0.7300092215478783,0.0,0.0,0.1033773102276268,0.6142454995465757,0.7442055469727,0.549710883010697,0.49694098866594677,0.0,
19.933333333333334,0.0,1.0,0.43781128042991,0.0,0.0,0.09303957920486412,0.6154554020647858,0.756995269624065,0.5455880513881168,0.49031510881706747,0.0,
19.95,0.0,1.0,0.47919440674120334,0.0,0.0,0.08373562128437771,0.6166578505752317,0.7691455061428618,0.5414961410027059,0.4837775740328399,0.0,
19.966666666666665,0.0,1.0,0.7929113704596915,0.0,0.0,0.07536205915593994,0.6178528910008128,0.7806882308357187,0.5374349199451857,0.47732720637906867,0.0,
19.983333333333334,0.0,1.0,0.3969043459811157,0.0,0.0,0.06782585324034594,0.6190405689815053,0.7916538192939327,0.5334041580455968,0.47096284362734775,0.0,
20.0,0.0,1.0,0.7275466696426218,0.0,0.0,0.06104326791631135,0.6202209298761051,0.8020711283292361,0.5294036268602549,0.4646833390456498,0.0,
20.016666666666666,0.0,1.0,0.7344195745850974,0.0,0.0,0.054938941124680216,0.62139401876396,0.8119675719127744,0.525433099658803,0.4584875611917078,0.0,
20.03333333333333,0.0,1.0,0.6752475068076264,0.0,0.0,0.049445047012212195,0.6225598804466917,0.8213691933171356,0.521492351411362,0.4523743937091517,0.0,
20.05,0.0,1.0,0.7433456745696938,0.0,0.0,0.04450054231099097,0.6237185594499065,0.8303007336512789,0.5175811587757767,0.446342735126363,0.0,
20.066666666666666,0.0,1.0,1.0,0.0,0.0,0.04005048807989188,0.6248701000248955,0.838785696968715,0.5136993000849583,0.4403914986580115,0.0,
20.083333333333332,0.0,1.0,0.611371398562937,0.0,0.0,0.03604543927190269,0.6260145461503255,0.8468464121202792,0.5098465553343211,0.43451961200923805,0.0,
20.1,0.0,1.0,0.7123271764543321,0.0,0.0,0.03244089534471242,0.6271519415339177,0.8545040915142652,0.5060227061693137,0.42872601718244824,0.0,
20.116666666666667,0.0,1.0,0.7180177731896797,0.0,0.0,0.02919680581024118,0.6282823296141176,0.861778886938552,0.5022275358730438,0.42300967028668224,0.0,
20.133333333333333,0.0,1.0,0.6538408089960089,0.0,0.0,0.02627712522921706,0.6294057535617532,0.8686899425916244,0.498460829353996,0.4173695413495265,0.0,
20.15,0.0,1.0,0.5596847319476147,0.0,0.0,0.023649412706295354,0.6305222562816848,0.8752554454620431,0.49472237313384104,0.4118046141315328,0.0,
20.166666666666668,0.0,1.0,0.8911960320509913,0.0,0.0,0.02128447143566582,0.6316318804144427,0.881492673188941,0.49101195533533726,0.40631388594311235,0.0,
20.183333333333334,0.0,1.0,0.7022933133832917,0.0,0.0,0.019156024292099238,0.6327346683378561,0.8874180395294939,0.4873293656703222,0.40089636746387086,0.0,
20.2,0.0,1.0,0.4390409434879605,0.0,0.0,0.017240421862889314,0.6338306621686712,0.8930471375530192,0.4836743954277948,0.39555108256435256,0.0,
20.216666666666665,0.0,1.0,0.5397815862832163,0.0,0.0,0.015516379676600384,0.6349199037641604,0.8983947806753683,0.4800468374620863,0.3902770681301612,0.0,
20.233333333333334,0.0,1.0,0.6486480836392213,0.0,0.0,0.013964741708940345,0.63600243472372,0.9034750416415999,0.4764464861811207,0.3850733738884257,0.0,
20.25,0.0,1.0,0.6276997373712712,0.0,0.0,0.01256826753804631,0.6370782963904595,0.9083012895595198,0.4728731375347623,0.37993906223658,0.0,
20.266666666666666,0.0,1.0,0.3905582051354024,0.0,0.0,0.01131144078424168,0.6381475298527807,0.9128862250815438,0.4693265890032516,0.3748732080734256,0.0,
20.28333333333333,0.0,1.0,0.5424361932502867,0.0,0.0,0.01018029670581751,0.639210175945946,0.9172419138274667,0.4658066395857272,0.3698748986324466,0.0,
20.3,0.0,1.0,0.5813058080761381,0.0,0.0,0.009162267035235759,0.640266275253639,0.9213798181360934,0.46231308978883423,0.3649432333173473,0.0,
20.316666666666666,0.0,1.0,0.6005160394379622,0.0,0.0,0.008246040331712183,0.6413158681095139,0.9253108272292887,0.45884574161541797,0.36007732353978267,0.0,
20.333333333333332,0.0,1.0,0.6107494109703573,0.0,0.0,0.0074214362985409645,0.6423589945987359,0.9290452858678243,0.45540439855330234,0.4144762925592522,0.0,fidget_suppression
20.35,0.0,1.0,0.3605276152897358,0.0,0.0,0.006679292668686868,0.6433956945595122,0.9325930215744331,0.4519888655641526,0.4089499419917955,0.0,
20.366666666666667,0.0,1.0,0.8216379374216711,0.0,0.0,0.006011363401818181,0.6444260075846134,0.9359633704957114,0.4485989490724214,0.40349727609857156,0.0,
20.383333333333333,0.0,1.0,0.6494541285229314,0.0,0.0,0.005410227061636363,0.6454499730228859,0.9391652019709259,0.44523445695437824,0.3981173124172573,0.0,
20.4,0.0,1.0,0.8667187666662988,0.0,0.0,0.004869204355472726,0.646467629980754,0.9422069418723796,0.4418951985272204,0.3928090815850272,0.0,
20.416666666666668,0.0,1.0,1.0,0.0,0.0,0.004382283919925453,0.6474790173237143,0.9450965947787606,0.43858098453826627,0.3875716271638935,0.0,
20.433333333333334,0.0,1.0,0.6807331155801097,0.0,0.0,0.003944055527932908,0.6484841736778191,0.9478417650398225,0.43529162715422925,0.3824040054683749,0.0,
20.45,0.0,1.0,0.5726591542373723,0.0,0.0,0.003549649975139617,0.6494831374311523,0.9504496767878314,0.4320269399505725,0.3773052853954632,0.0,
20.466666666666665,0.0,1.0,0.8402982044372092,0.0,0.0,0.003194684977625655,0.6504759467352952,0.9529271929484399,0.42878673790094324,0.372274548256857,0.0,
20.483333333333334,0.0,1.0,0.7248925556328515,0.0,0.0,0.0028752164798630897,0.6514626395067835,0.9552808333010179,0.42557083736668616,0.3673108876134323,0.0,
20.5,0.0,1.0,0.6958308232393862,0.0,0.0,0.0025876948318767808,0.6524432534285555,0.957516791635967,0.422379056086436,0.3624134091119198,0.0,
20.516666666666666,0.0,1.0,0.6225982159101154,0.0,0.0,0.0023289253486891027,0.6534178259513911,0.9596409520541687,0.41921121316578774,0.3575812303237609,0.0,
20.53333333333333,0.0,1.0,0.9391366885516468,0.0,0.0,0.0020960328138201925,0.6543863942953423,0.9616589044514602,0.41606712906704435,0.35281348058611073,0.0,
20.55,0.0,1.0,0.6675897428186124,0.0,0.0,0.0018864295324381732,0.6553489954511544,0.9635759592288872,0.4129466255990415,0.3481093008449626,0.0,
20.566666666666666,0.0,1.0,0.532049826469146,0.0,0.0,0.0016977865791943558,0.6563056661816791,0.9653971612674428,0.4098495259070487,0.34346784350036313,0.0,
20.583333333333332,0.0,1.0,0.6221733380709649,0.0,0.0,0.0015280079212749201,0.657256443023278,0.9671273032040707,0.40677565446274583,0.3388882722536916,0.0,
20.6,0.0,1.0,0.5111289390649596,0.0,0.0,0.0013752071291474282,0.6582013622872188,0.9687709380438672,0.40372483705427525,0.3343697619569757,0.0,
20.616666666666667,0.0,1.0,0.64306659537725,0.0,0.0,0.0012376864162326855,0.659140460061061,0.9703323911416738,0.4006969007763682,0.329911498464216,0.0,
20.633333333333333,0.0,1.0,0.5496762513485871,0.0,0.0,0.0011139177746094168,0.6600737722100348,0.9718157715845901,0.39769167402054545,0.3255126784846931,0.0,
20.65,0.0,1.0,0.45239841588007845,0.0,0.0,0.001002525997148475,0.6610013343784108,0.9732249830053605,0.3947089864653914,0.32117250943823056,0.0,
20.666666666666668,0.0,1.0,0.6356093986980192,0.0,0.0,0.0009022733974336276,0.6619231819908612,0.9745637338550925,0.3917486690669009,0.3168902093123875,0.0,
20.683333333333334,0.0,1.0,0.4761953478748423,0.0,0.0,0.0008120460576902648,0.6628393502538126,0.9758355471623379,0.3888105540488992,0.31266500652155566,0.0,
20.7,0.0,1.0,0.6368513482077347,0.0,0.0,0.0007308414519212383,0.6637498741567905,0.977043769804221,0.38589447489353246,0.3084961397679349,0.0,
20.716666666666665,0.0,1.0,0.7047254378350989,0.0,0.0,0.0006577573067291145,0.6646547884737563,0.97819158131401,0.383000266331831,0.3043828579043624,0.0,
20.733333333333334,0.0,1.0,0.5199631266192474,0.0,0.0,0.0005919815760562031,0.6655541277644342,0.9792820022483094,0.38012776433434226,0.30032441979897095,0.0,
20.75,0.0,1.0,0.5017075971742416,0.0,0.0,0.0005327834184505828,0.6664479263756322,0.980317902135894,0.37727680610183467,0.29632009420165134,0.0,
20.766666666666666,0.0,1.0,0.6239155279115222,0.0,0.0,0.0004795050766055245,0.6673362184425531,0.9813020070290993,0.3744472300560709,0.292369159612296,0.0,
20.78333333333333,0.0,1.0,0.7310920404432265,0.0,0.0,0.0004315545689449721,0.6682190378900983,0.9822369066776443,0.37163887583065036,0.2884709041507987,0.0,
20.8,0.0,1.0,0.649664832629958,0.0,0.0,0.0003883991120504749,0.6690964184341638,0.9831250613437621,0.3688515842619205,0.284624625428788,0.0,
20.816666666666666,0.0,1.0,0.6926766065248015,0.0,0.0,0.0003495592008454274,0.6699683935829274,0.983968808276574,0.3660851973799561,0.28082963042307085,0.0,
20.833333333333332,0.0,1.0,0.6967731048106697,0.0,0.0,0.0003146032807608847,0.6708349966381285,0.9847703678627453,0.3633395583996064,0.27708523535076324,0.0,
20.85,0.0,1.0,0.7580564326967544,0.0,0.0,0.00028314295268479624,0.6716962606963404,0.985531849469608,0.36061451171160935,0.2733907655460864,0.0,
20.866666666666667,0.0,1.0,0.812051701921337,0.0,0.0,0.0002548286574163166,0.6725522186502336,0.9862552569961276,0.3579099028737723,0.26974555533880523,0.0,
20.883333333333333,0.0,1.0,0.6618650317595289,0.0,0.0,0.00022934579167468495,0.6734029031898326,0.9869424941463212,0.355225578602219,0.26614894793428784,0.0,
20.9,0.0,1.0,0.6920959396647055,0.0,0.0,0.00020641121250721645,0.674248346803764,0.9875953694390052,0.3525613867627023,0.262600295295164,0.0,
20.916666666666668,0.0,1.0,0.7518232539523405,0.0,0.0,0.0001857700912564948,0.6750885817804971,0.9882156009670549,0.34991717636198205,0.2590989580245618,0.0,
20.933333333333334,0.0,1.0,0.6567146839574969,0.0,0.0,0.0001671930821308453,0.6759236402095778,0.9888048209187021,0.3472927975392672,0.255644305250901,0.0,
20.95,0.0,1.0,0.7370457321262358,0.0,0.0,0.00015047377391776078,0.6767535539828533,0.989364579872767,0.34468810155772267,0.2522357145142223,0.0,
20.966666666666665,0.0,1.0,0.7643378938542056,0.0,0.0,0.0001354263965259847,0.6775783547956906,0.9898963508791288,0.34210294079603976,0.24887257165403265,0.0,
20.983333333333334,0.0,1.0,0.6732752815597766,0.0,0.0,0.00012188375687338623,0.6783980741481869,0.9904015333351723,0.33953716874006945,0.24555427069864555,0.0,
21.0,0.0,1.0,0.5775740394392691,0.0,0.0,0.00010969538118604761,0.6792127433463723,0.9908814566684138,0.33699063997451895,0.24228021375599695,0.0,
21.016666666666666,0.0,1.0,0.5308538165143755,0.0,0.0,9.872584306744284e-05,0.6800223935034059,0.991337383834993,0.33446321017471004,0.23904981090591698,0.0,
21.03333333333333,0.0,1.0,0.8101470525046761,0.0,0.0,8.885325876069856e-05,0.6808270555407637,0.9917705146432434,0.3319547360983997,0.2358624800938381,0.0,
21.05,0.0,1.0,0.6847100227439477,0.0,0.0,7.99679328846287e-05,0.6816267601894197,0.9921819889110812,0.3294650755776617,0.23271764702592024,0.0,
21.066666666666666,0.0,1.0,0.4290068800630496,0.0,0.0,7.197113959616584e-05,0.6824215379910195,0.9925728894655271,0.32699408751082926,0.22961474506557464,0.0,
21.083333333333332,0.0,1.0,0.4524842047301534,0.0,0.0,6.477402563654925e-05,0.6832114192990464,0.9929442449922508,0.324541631854498,0.22655321513136698,0.0,
21.1,0.0,1.0,0.7748613652332544,0.0,0.0,5.829662307289433e-05,0.6839964342799815,0.9932970327426383,0.3221075696155893,0.22353250559628207,0.0,
21.116666666666667,0.0,1.0,0.7347631420346084,0.0,0.0,5.24669607656049e-05,0.6847766129144549,0.9936321811055063,0.31969176284347234,0.22055207218833164,0.0,
21.133333333333333,0.0,1.0,0.5787786179402616,0.0,0.0,4.722026468904441e-05,0.6855519849983911,0.993950572050231,0.3172940746221463,0.21761137789248722,0.0,
21.15,0.0,1.0,0.7182311898590181,0.0,0.0,4.249823822013997e-05,0.6863225801441468,0.9942530434477194,0.3149143690624802,0.21470989285392073,0.0,
21.166666666666668,0.0,1.0,0.42156224424133704,0.0,0.0,3.824841439812597e-05,0.6870884277816421,0.9945403912753334,0.3125525112945116,0.21184709428253512,0.0,
21.183333333333334,0.0,1.0,0.624275530104593,0.0,0.0,3.4423572958313375e-05,0.687849557159484,0.9948133717115668,0.3102083674598028,0.20902246635876798,0.0,
21.2,0.0,1.0,0.7388971019227241,0.0,0.0,3.0981215662482034e-05,0.688605997346084,0.9950727031259885,0.3078818047038543,0.20623550014065106,0.0,
21.216666666666665,0.0,1.0,0.45268582234368726,0.0,0.0,2.788309409623383e-05,0.6893577772307676,0.995319067969689,0.3055726911685754,0.20348569347210904,0.0,
21.233333333333334,0.0,1.0,0.6060406923931914,0.0,0.0,2.509478468661045e-05,0.6901049255248785,0.9955531145712047,0.30328089598481106,0.20077255089248092,0.0,
21.25,0.0,1.0,0.8146532599192565,0.0,0.0,2.2585306217949402e-05,0.6908474707628739,0.9957754588426444,0.30100628926492495,0.19809558354724785,0.0,
21.266666666666666,0.0,1.0,0.8723981264329532,0.0,0.0,2.032677559615446e-05,0.6915854413034157,0.9959866859005122,0.298748742095438,0.1954543090999512,0.0,
21.28333333333333,0.0,1.0,0.6753956854427206,0.0,0.0,1.8294098036539015e-05,0.6923188653304523,0.9961873516054865,0.2965081265297222,0.19284825164528518,0.0,
21.3,0.0,1.0,0.7847771326774446,0.0,0.0,1.6464688232885114e-05,0.6930477708542956,0.9963779840252123,0.2942843155807493,0.19027694162334804,0.0,
21.316666666666666,0.0,1.0,0.938678089133778,0.0,0.0,1.4818219409596604e-05,0.6937721857126907,0.9965590848239516,0.2920771832138937,0.18773991573503673,0.0,
21.333333333333332,0.0,1.0,0.6907705700604622,0.0,0.0,1.3336397468636943e-05,0.6944921375718791,0.996731130582754,0.2898866043397895,0.18523671685856957,0.0,
21.35,0.0,1.0,0.5607069917086398,0.0,0.0,1.200275772177325e-05,0.6952076539276549,0.9968945740536163,0.2877124548072411,0.18276689396712198,0.0,
21.366666666666667,0.0,1.0,0.6926310872452495,0.0,0.0,1.0802481949595925e-05,0.6959187621064157,0.9970498453509354,0.2855546113961868,0.18033000204756036,0.0,
21.383333333333333,0.0,1.0,0.6287029875291836,0.0,0.0,9.722233754636332e-06,0.696625489266205,0.9971973530833886,0.2834129518107154,0.17792560202025956,0.0,
21.4,0.0,1.0,0.8061257931364855,0.0,0.0,8.7500103791727e-06,0.6973278623977508,0.9973374854292192,0.28128735467213506,0.17555326065998944,0.0,
21.416666666666668,0.0,1.0,0.6433319626824044,0.0,0.0,7.87500934125543e-06,0.6980259083254953,0.9974706111577583,0.27917769951209404,0.17321255051785625,0.0,
21.433333333333334,0.0,1.0,0.503748649120557,0.0,0.0,7.0875084071298874e-06,0.6987196537086199,0.9975970805998704,0.2770838667657533,0.17090304984428484,0.0,
21.45,0.0,1.0,0.8673546702019591,0.0,0.0,6.378757566416899e-06,0.6994091250420633,0.9977172265698768,0.27500573776501014,0.16862434251302771,0.0,
21.466666666666665,0.0,1.0,0.5033834193770811,0.0,0.0,5.740881809775209e-06,0.7000943486575333,0.9978313652413829,0.2729431947317726,0.16637601794618734,0.0,
21.483333333333334,0.0,1.0,0.6101009131346768,0.0,0.0,5.166793628797688e-06,0.7007753507245122,0.9979397969793138,0.2708961207712843,0.16415767104023818,0.0,
21.5,0.0,1.0,0.6311477851599395,0.0,0.0,4.650114265917919e-06,0.701452157251257,0.9980428071303481,0.26886439986549965,0.161968902093035,0.0,
21.516666666666666,0.0,1.0,0.6475260678307808,0.0,0.0,4.185102839326127e-06,0.7021247940857915,0.9981406667738307,0.2668479168665084,0.15980931673179452,0.0,
21.53333333333333,0.0,1.0,0.5841473673625771,0.0,0.0,3.7665925553935144e-06,0.7027932869168946,0.9982336334351392,0.26484655749000957,0.15767852584203726,0.0,
21.55,0.0,1.0,0.6496901825391098,0.0,0.0,3.389933299854163e-06,0.7034576612750808,0.9983219517633822,0.2628602083088345,0.15557614549747675,0.0,
21.566666666666666,0.0,1.0,0.5918517444585539,0.0,0.0,3.0509399698687466e-06,0.7041179425335752,0.9984058541752131,0.26088875674651824,0.15350179689084373,0.0,
21.583333333333332,0.0,1.0,0.45381625839865175,0.0,0.0,2.7458459728818718e-06,0.7047741559092829,0.9984855614664524,0.25893209107091936,0.15145510626563247,0.0,
21.6,0.0,1.0,0.6236227256892647,0.0,0.0,2.4712613755936847e-06,0.7054263264637518,0.9985612833931298,0.25699010038788744,0.14943570484875737,0.0,
21.616666666666667,0.0,1.0,0.6520724572378664,0.0,0.0,2.2241352380343164e-06,0.7060744791041297,0.9986332192234733,0.2550626746349783,0.14744322878410726,0.0,
21.633333333333333,0.0,1.0,0.6786735691379205,0.0,0.0,2.0017217142308847e-06,0.7067186385841157,0.9987015582622996,0.25314970457521596,0.14547731906698583,0.0,
21.65,0.0,1.0,0.7370416861685757,0.0,0.0,1.8015495428077962e-06,0.7073588295049054,0.9987664803491846,0.25125108179090183,0.143537621479426,0.0,
21.666666666666668,0.0,1.0,0.6616381942280424,0.0,0.0,1.6213945885270166e-06,0.7079950763161306,0.9988281563317254,0.24936669867747008,0.14162378652636698,0.0,
21.683333333333334,0.0,1.0,0.9053834811464977,0.0,0.0,1.459255129674315e-06,0.7086274033167929,0.9988867485151391,0.24749644843738905,0.13973546937268208,0.0,
21.7,0.0,1.0,0.938005787992799,0.0,0.0,1.3133296167068836e-06,0.709255834656192,0.9989424110893822,0.24564022507410863,0.13787232978104633,0.0,
21.716666666666665,0.0,1.0,0.4825491886684104,0.0,0.0,1.1819966550361951e-06,0.7098803943348476,0.9989952905349131,0.2437979233860528,0.1360340320506324,0.0,
21.733333333333334,0.0,1.0,0.7377216631277161,0.0,0.0,1.0637969895325756e-06,0.7105011062054164,0.9990455260081674,0.2419694389606574,0.13422024495662396,0.0,
21.75,0.0,1.0,0.635439334285555,0.0,0.0,9.57417290579318e-07,0.7111179939736025,0.999093249707759,0.24015466816845246,0.13243064169053564,0.0,
21.766666666666666,0.0,1.0,0.38725073600128335,0.0,0.0,8.616755615213862e-07,0.7117310811990635,0.999138587222371,0.23835350815718906,0.1306648998013285,0.0,
21.78333333333333,0.0,1.0,0.7250982127083966,0.0,0.0,7.755080053692476e-07,0.7123403912963095,0.9991816578612525,0.23656585684601014,0.1289227011373108,0.0,
21.8,0.0,1.0,0.575744046671763,0.0,0.0,6.979572048323229e-07,0.7129459475355983,0.9992225749681898,0.23479161291966508,0.12720373178881333,0.0,
21.816666666666666,0.0,1.0,0.5790299439003003,0.0,0.0,6.281614843490906e-07,0.7135477730438228,0.9992614462197803,0.2330306758227676,0.12550768203162915,0.0,
21.833333333333332,0.0,1.0,0.5218106457195181,0.0,0.0,5.653453359141815e-07,0.7141458908053953,0.9992983739087913,0.23128294575409683,0.12383424627120743,0.0,
21.85,0.0,1.0,0.7097299813239022,0.0,0.0,5.088108023227634e-07,0.714740323663125,0.9993334552133517,0.2295483236609411,0.12218312298759133,0.0,
21.866666666666667,0.0,1.0,0.7121132305106284,0.0,0.0,4.5792972209048707e-07,0.7153310943190905,0.9993667824526842,0.22782671123348405,0.12055401468109012,0.0,
21.883333333333333,0.0,1.0,0.5866228631130612,0.0,0.0,4.1213674988143836e-07,0.7159182253355063,0.99939844333005,0.22611801089923292,0.11894662781867558,0.0,
21.9,0.0,1.0,0.6331730650687456,0.0,0.0,3.709230748932945e-07,0.7165017391355852,0.9994285211635475,0.22442212581748866,0.11736067278109324,0.0,
21.916666666666668,0.0,1.0,0.5399160209179867,0.0,0.0,3.3383076740396504e-07,0.7170816580043942,0.9994570951053702,0.2227389598738575,0.11579586381067866,0.0,
21.933333333333334,0.0,1.0,0.5802165684020288,0.0,0.0,3.0044769066356853e-07,0.7176580040897055,0.9994842403501016,0.22106841767480356,0.11425191895986961,0.0,
21.95,0.0,1.0,0.49027780678767946,0.0,0.0,2.704029215972117e-07,0.7182307994028427,0.9995100283325966,0.21941040454224253,0.11272856004040469,0.0,
21.966666666666665,0.0,1.0,0.6041451362509644,0.0,0.0,2.4336262943749054e-07,0.7188000658195217,0.9995345269159668,0.21776482650817572,0.11122551257319929,0.0,
21.983333333333334,0.0,1.0,0.5384776361836779,0.0,0.0,2.1902636649374148e-07,0.7193658250806853,0.9995578005701684,0.2161315903093644,0.10974250573888997,0.0,
22.0,0.0,1.0,0.6947631487608309,0.0,0.0,1.9712372984436734e-07,0.7199280987933341,0.99957991054166,0.21451060338204417,0.1082792723290381,0.0,
22.016666666666666,0.0,1.0,0.7751616490880519,0.0,0.0,1.774113568599306e-07,0.7204869084313515,0.9996009150145769,0.21290177385667883,0.10683554869798426,0.0,
22.03333333333333,0.0,1.0,0.7373251311353071,0.0,0.0,1.5967022117393753e-07,0.721042275336324,0.9996208692638481,0.21130501055275375,0.10541107471534447,0.0,
22.05,0.0,1.0,0.8628061702133518,0.0,0.0,1.437031990565438e-07,0.7215942207183562,0.9996398258006557,0.2097202229736081,0.10400559371913988,0.0,
22.066666666666666,0.0,1.0,1.0,0.0,0.0,1.293328791508894e-07,0.7221427656568805,0.999657834510623,0.20814732130130603,0.10261885246955135,0.0,
22.083333333333332,0.0,1.0,0.4938052401609113,0.0,0.0,1.1639959123580047e-07,0.7226879311014628,0.9996749427850918,0.20658621639154623,0.10125060110329066,0.0,
22.1,0.0,1.0,0.7516420823186638,0.0,0.0,1.0475963211222043e-07,0.7232297378726019,0.9996911956458372,0.20503681976860963,0.09990059308858013,0.0,
22.116666666666667,0.0,1.0,0.6783509177521483,0.0,0.0,9.428366890099838e-08,0.7237682066625252,0.9997066358635454,0.20349904362034504,0.09856858518073239,0.0,
22.133333333333333,0.0,1.0,0.6817990826792096,0.0,0.0,8.485530201089855e-08,0.7243033580359785,0.9997213040703681,0.20197280079319246,0.09725433737832262,0.0,
22.15,0.0,1.0,0.5577296660281268,0.0,0.0,7.636977180980869e-08,0.7248352124310118,0.9997352388668497,0.20045800478724352,0.09595761287994499,0.0,
22.166666666666668,0.0,1.0,0.7063042288817208,0.0,0.0,6.873279462882781e-08,0.7253637901597597,0.9997484769235072,0.19895456975133918,0.09467817804154573,0.0,
22.183333333333334,0.0,1.0,0.6448891793531872,0.0,0.0,6.185951516594503e-08,0.7258891114092172,0.9997610530773319,0.19746241047820415,0.09341580233432512,0.0,
22.2,0.0,1.0,0.5740675172256149,0.0,0.0,5.567356364935053e-08,0.7264111962420102,0.9997730004234653,0.19598144239961762,0.09217025830320077,0.0,
22.216666666666665,0.0,1.0,0.5606216370571916,0.0,0.0,5.0106207284415474e-08,0.7269300645971626,0.9997843504022921,0.1945115815816205,0.09094132152582476,0.0,
22.233333333333334,0.0,1.0,0.47010733201294325,0.0,0.0,4.509558655597393e-08,0.7274457362908568,0.9997951328821775,0.19305274471975833,0.0897287705721471,0.0,
22.25,0.0,1.0,0.24844890876499706,0.0,0.0,4.058602790037654e-08,0.7279582310171916,0.9998053762380686,0.19160484913436016,0.08853238696451848,0.0,
22.266666666666666,0.0,1.0,0.5387561943605895,0.0,0.0,3.6527425110338886e-08,0.7284675683489332,0.9998151074261652,0.19016781276585246,0.0873519551383249,0.0,
22.28333333333333,0.0,1.0,0.37338217046849315,0.0,0.0,3.2874682599305e-08,0.7289737677382635,0.999824352054857,0.18874155417010857,0.08618726240314724,0.0,
22.3,0.0,1.0,0.29069567888850106,0.0,0.0,2.9587214339374498e-08,0.7294768485175227,0.9998331344521141,0.18732599251383275,0.08503809890443861,0.0,
22.316666666666666,0.0,1.0,0.36066364106130777,0.0,0.0,2.6628492905437047e-08,0.7299768298999477,0.9998414777295084,0.18592104756997901,0.08390425758571277,0.0,
22.333333333333332,0.0,1.0,0.2688360298140986,0.0,0.0,2.3965643614893344e-08,0.7304737309804058,0.999849403843033,0.18452663971320418,0.0827855341512366,0.0,
22.35,0.0,1.0,0.15920481012715232,0.0,0.0,2.156907925340401e-08,0.7309675707361241,0.9998569336508814,0.18314268991535515,0.08168172702922011,0.0,
22.366666666666667,0.0,1.0,0.31396812635502436,0.0,0.0,1.941217132806361e-08,0.7314583680274139,0.9998640869683373,0.18176911974099,0.08059263733549717,0.0,
22.383333333333333,0.0,1.0,0.16446616579954598,0.0,0.0,1.7470954195257247e-08,0.7319461415983917,0.9998708826199204,0.18040585134293258,0.07951806883769054,0.0,
22.4,0.0,1.0,0.20793038314165355,0.0,0.0,1.5723858775731524e-08,0.7324309100776942,0.9998773384889243,0.1790528074578606,0.07845782791985466,0.0,
22.416666666666668,0.0,1.0,0.1917501816874226,0.0,0.0,1.415147289815837e-08,0.7329126919791906,0.9998834715644781,0.17770991140192663,0.07741172354758993,0.0,
22.433333333333334,0.0,1.0,0.1915467101236634,0.0,0.0,1.2736325608342534e-08,0.7333915057026889,0.9998892979862541,0.17637708706641217,0.07637956723362206,0.0,
22.45,0.0,1.0,0.1439196597627476,0.0,0.0,1.1462693047508281e-08,0.7338673695346389,0.9998948330869415,0.17505425891341408,0.07536117300384043,0.0,
22.466666666666665,0.0,1.0,0.08405470103575435,0.0,0.0,1.0316423742757453e-08,0.7343403016488309,0.9999000914325944,0.17374135197156348,0.07435635736378923,0.0,
22.483333333333334,0.0,1.0,0.036388088548990866,0.0,0.0,9.284781368481707e-09,0.7348103201070895,0.9999050868609647,0.17243829183177675,0.07336493926560538,0.0,
22.5,0.0,0.0,0.0,0.0,0.016666666666666666,8.356303231633537e-09,0.7339530414002978,0.9832400020799487,0.17743968072066563,0.0723867400753973,0.0,
22.516666666666666,0.0,0.0,0.0,0.0,0.03333333333333333,7.520672908470184e-09,0.7330967628519974,0.9668526687119495,0.1824424584984434,0.07142158354105867,0.0,
22.53333333333333,0.0,0.0,0.0,0.0,0.05,6.768605617623166e-09,0.7322414832953368,0.9507384575667504,0.18744662516511007,0.07046929576051122,0.0,
22.55,0.0,0.0,0.0,0.0,0.06666666666666667,6.091745055860849e-09,0.7313872015648255,0.9348928166073045,0.1924521807206656,0.06952970515037107,0.0,
22.566666666666666,0.0,0.0,0.0,0.0,0.08333333333333333,5.482570550274764e-09,0.7305339164963333,0.9193112696638495,0.19745912516511005,0.06860264241503279,0.0,
22.583333333333332,0.0,0.0,0.0,0.0,0.09999999999999999,4.934313495247288e-09,0.7296816269270875,0.903989415169452,0.2024674584984434,0.06768794051616568,0.0,
22.6,0.0,0.0,0.0,0.0,0.11666666666666665,4.440882145722559e-09,0.7288303316956726,0.8889229249166277,0.20747718072066562,0.06678543464261681,0.0,
22.616666666666667,0.0,0.0,0.0,0.0,0.13333333333333333,3.996793931150303e-09,0.7279800296420276,0.874107542834684,0.21248829183177673,0.06589496218071525,0.0,
22.633333333333333,0.0,0.0,0.0,0.0,0.15,3.597114538035273e-09,0.7271307196074452,0.8595390837874393,0.21750079183177673,0.06501636268497238,0.0,
22.65,0.0,0.0,0.0,0.0,0.16666666666666666,3.2374030842317457e-09,0.7262824004345699,0.8452134323909819,0.22251468072066563,0.06414947784917274,0.0,
22.666666666666668,0.0,0.0,0.0,0.0,0.18333333333333332,2.9136627758085712e-09,0.7254350709673962,0.8311265418511322,0.2275299584984434,0.06329415147785043,0.0,
22.683333333333334,0.0,0.0,0.0,0.0,0.19999999999999998,2.622296498227714e-09,0.7245887300512676,0.81727443282028,0.23254662516511007,0.06245022945814576,0.0,
22.7,0.0,0.0,0.0,0.0,0.21666666666666665,2.3600668484049426e-09,0.7237433765328745,0.8036531922732754,0.23756468072066564,0.06161755973203715,0.0,
22.716666666666665,0.0,0.0,0.0,0.0,0.2333333333333333,2.1240601635644483e-09,0.7228990092602527,0.7902589724020541,0.24258412516511008,0.06079599226894332,0.0,
22.733333333333334,0.0,0.0,0.0,0.0,0.24999999999999997,1.9116541472080034e-09,0.7220556270827825,0.7770879895286865,0.2476049584984434,0.05998537903869074,0.0,
22.75,0.0,0.0,0.0,0.0,0.26666666666666666,1.7204887324872031e-09,0.7212132288511859,0.7641365230365418,0.25262718072066565,0.05918557398484153,0.0,
22.766666666666666,0.0,0.0,0.0,0.0,0.2833333333333333,1.5484398592384827e-09,0.7203718134175262,0.751400914319266,0.25765079183177675,0.058396432998376976,0.0,
22.78333333333333,0.0,0.0,0.0,0.0,0.3,1.3935958733146346e-09,0.7195313796352057,0.7388775657472783,0.26267579183177675,0.05761781389173195,0.0,
22.8,0.0,0.0,0.0,0.0,0.31666666666666665,1.254236285983171e-09,0.7186919263589647,0.7265629396514903,0.26770218072066565,0.056849576373175524,0.0,
22.816666666666666,0.0,0.0,0.0,0.0,0.3333333333333333,1.128812657384854e-09,0.7178534524448793,0.7144535573239655,0.27272995849844345,0.056091582021533186,0.0,
22.833333333333332,0.0,0.0,0.0,0.0,0.35,1.0159313916463686e-09,0.7170159567503602,0.7025459980352328,0.2777591251651101,0.05534369426124608,0.0,
22.85,0.0,0.0,0.0,0.0,0.36666666666666664,9.143382524817317e-10,0.7161794381341515,0.6908368980679789,0.2827896807206656,0.0546057783377628,0.0,
22.866666666666667,0.0,0.0,0.0,0.0,0.3833333333333333,8.229044272335586e-10,0.7153438954563284,0.6793229497668459,0.28782162516511006,0.19201103462659266,0.0,micro_nod_ready
22.883333333333333,0.0,0.0,0.0,0.0,0.39999999999999997,7.406139845102027e-10,0.714509327578296,0.6680009006040651,0.2928549584984434,0.1894508874982381,0.0,
22.9,0.0,0.0,0.0,0.0,0.41666666666666663,6.665525860591824e-10,0.713675733362788,0.6568675522606641,0.29788968072066563,0.18692487566492827,0.0,
22.916666666666668,0.0,0.0,0.0,0.0,0.4333333333333333,5.998973274532642e-10,0.7128431116738647,0.6459197597229863,0.30292579183177676,0.1844325439893959,0.0,
22.933333333333334,0.0,0.0,0.0,0.0,0.44999999999999996,5.399075947079378e-10,0.7120114613769118,0.6351544303942699,0.30796329183177673,0.1819734434028706,0.0,
22.95,0.0,0.0,0.0,0.0,0.4666666666666666,4.859168352371441e-10,0.7111807813386388,0.6245685232210321,0.3130021807206656,0.17954713082416568,0.0,
22.966666666666665,0.0,0.0,0.0,0.0,0.4833333333333333,4.3732515171342966e-10,0.7103510704270771,0.6141590478340149,0.31804245849844337,0.17715316907984346,0.0,
22.983333333333334,0.0,0.0,0.0,0.0,0.49999999999999994,3.935926365420867e-10,0.7095223275115788,0.603923063703448,0.32308412516511004,0.17479112682544556,0.0,
23.0,0.0,0.0,0.0,0.0,0.5166666666666666,3.54233372887878e-10,0.7086945514628153,0.5938576793083905,0.3281271807206656,0.17246057846777296,0.0,
23.016666666666666,0.0,0.0,0.0,0.0,0.5333333333333333,3.188100355990902e-10,0.7078677411527754,0.5839600513199174,0.33317162516511006,0.17016110408820265,0.0,
23.03333333333333,0.0,0.0,0.0,0.0,0.55,2.869290320391812e-10,0.7070418954547638,0.5742273837979187,0.3382174584984434,0.1678922893670266,0.0,
23.05,0.0,0.0,0.0,0.0,0.5666666666666668,2.5823612883526306e-10,0.7062170132433999,0.5646569274012867,0.3432646807206656,0.1656537255087996,0.0,
23.066666666666666,0.0,0.0,0.0,0.0,0.5833333333333335,2.3241251595173676e-10,0.705393093394616,0.5552459786112652,0.34831329183177673,0.16344500916868226,0.0,
23.083333333333332,0.0,0.0,0.0,0.0,0.6000000000000002,2.091712643565631e-10,0.7045701347856556,0.5459918789677441,0.3533632918317767,0.1612657423797665,0.0,
23.1,0.0,0.0,0.0,0.0,0.6166666666666669,1.882541379209068e-10,0.7037481362950723,0.5368920143182817,0.3584146807206656,0.15911553248136961,0.0,
23.116666666666667,0.0,0.0,0.0,0.0,0.6333333333333336,1.6942872412881613e-10,0.702927096802728,0.5279438140796436,0.3634674584984434,0.15699399204828468,0.0,
23.133333333333333,0.0,0.0,0.0,0.0,0.6500000000000004,1.524858517159345e-10,0.7021070151897915,0.5191447505116495,0.3685216251651101,0.15490073882097422,0.0,
23.15,0.0,0.0,0.0,0.0,0.6666666666666671,1.3723726654434106e-10,0.7012878903387367,0.5104923380031221,0.37357718072066565,0.15283539563669457,0.0,
23.166666666666668,0.0,0.0,0.0,0.0,0.6833333333333338,1.2351353988990696e-10,0.7004697211333415,0.5019841323697367,0.3786341251651101,0.15079759036153864,0.0,
23.183333333333334,0.0,0.0,0.0,0.0,0.7000000000000005,1.1116218590091626e-10,0.6996525064586859,0.4936177301635744,0.3836924584984434,0.1487869558233848,0.0,
23.2,0.0,0.0,0.0,0.0,0.7166666666666672,1.0004596731082464e-10,0.6988362452011508,0.4853907679941815,0.38875218072066564,0.14680312974573967,0.0,
23.216666666666665,0.0,0.0,0.0,0.0,0.733333333333334,9.004137057974218e-11,0.6980209362484162,0.47730092186094514,0.39381329183177677,0.14484575468246313,0.0,
23.233333333333334,0.0,0.0,0.0,0.0,0.7500000000000007,8.103723352176796e-11,0.6972065784894598,0.4693459064965961,0.3988757918317768,0.14291447795336362,0.0,
23.25,0.0,0.0,0.0,0.0,0.7666666666666674,7.293351016959116e-11,0.6963931708145554,0.4615234747216528,0.40393968072066566,0.1410089515806521,0.0,
23.266666666666666,0.0,0.0,0.0,0.0,0.7833333333333341,6.564015915263205e-11,0.6955807121152717,0.45383141680962524,0.4090049584984434,0.13912883222624342,0.0,
23.28333333333333,0.0,0.0,0.0,0.0,0.8000000000000008,5.907614323736884e-11,0.6947692012844706,0.44626755986279815,0.4140716251651101,0.1372737811298935,0.0,
23.3,0.0,0.0,0.0,0.0,0.8166666666666675,5.316852891363196e-11,0.6939586372163054,0.43882976719841815,0.41913968072066565,0.13544346404816157,0.0,
23.316666666666666,0.0,0.0,0.0,0.0,0.8333333333333343,4.785167602226876e-11,0.6931490188062197,0.4315159377451112,0.4242091251651101,0.13363755119418608,0.0,
23.333333333333332,0.0,0.0,0.0,0.0,0.850000000000001,4.306650842004189e-11,0.6923403449509458,0.42432400544935933,0.42927995849844347,0.1318557171782636,0.0,
23.35,0.0,0.0,0.0,0.0,0.8666666666666677,3.87598575780377e-11,0.691532614548503,0.41725193869187,0.43435218072066567,0.1300976409492201,0.0,
23.366666666666667,0.0,0.0,0.0,0.0,0.8833333333333344,3.488387182023393e-11,0.6907258264981965,0.41029773971367217,0.43942579183177677,0.12836300573656384,0.0,
23.383333333333333,0.0,0.0,0.0,0.0,0.9000000000000011,3.1395484638210536e-11,0.6899199797006152,0.40345944405177764,0.44450079183177676,0.12665149899340966,0.0,
23.4,0.0,0.0,0.0,0.0,0.9166666666666679,2.825593617438948e-11,0.6891150730576312,0.396735119984248,0.44957718072066566,0.1249628123401642,0.0,
23.416666666666668,0.0,0.0,0.0,0.0,0.9333333333333346,2.5430342556950532e-11,0.6883111054723973,0.3901228679845105,0.45465495849844345,0.12329664150896201,0.0,
23.433333333333334,0.0,0.0,0.0,0.0,0.9500000000000013,2.2887308301255478e-11,0.6875080758493461,0.3836208201847687,0.45973412516511014,0.12165268628884252,0.0,
23.45,0.0,0.0,0.0,0.0,0.966666666666668,2.059857747112993e-11,0.6867059830941886,0.3772271398483559,0.4648146807206657,0.12003065047165795,0.0,
23.466666666666665,0.0,0.0,0.0,0.0,0.9833333333333347,1.853871972401694e-11,0.685904826113912,0.3709400208508833,0.4698966251651101,0.11843024179870251,0.0,
23.483333333333334,0.0,0.0,0.0,0.0,1.0000000000000013,1.6684847751615244e-11,0.6851046038167791,0.36475768717003526,0.47497995849844343,0.11685117190805315,0.0,
23.5,0.0,0.0,0.0,0.0,1.016666666666668,1.501636297645372e-11,0.6843053151123262,0.358678392383868,0.48006468072066566,0.11529315628261244,0.0,
23.516666666666666,0.0,0.0,0.0,0.0,1.0333333333333345,1.3514726678808349e-11,0.6835069589113618,0.3527004191774702,0.4851507918317768,0.11375591419884427,0.0,
23.53333333333333,0.0,0.0,0.0,0.0,1.0500000000000012,1.2163254010927514e-11,0.6827095341259652,0.34682207885784566,0.4902382918317768,0.11223916867619302,0.0,
23.55,0.0,0.0,0.0,0.0,1.0666666666666678,1.0946928609834763e-11,0.6819130396694849,0.34104171087688157,0.49532718072066567,0.11074264642717711,0.0,
23.566666666666666,0.0,0.0,0.0,0.0,1.0833333333333344,9.852235748851287e-12,0.6811174744565371,0.3353576823622669,0.5004174584984434,0.10926607780814808,0.0,
23.583333333333332,0.0,0.0,0.0,0.0,1.100000000000001,8.867012173966159e-12,0.6803228374030045,0.32976838765622907,0.5055091251651102,0.1078091967707061,0.0,
23.6,0.0,0.0,0.0,0.0,1.1166666666666676,7.980310956569542e-12,0.6795291274260343,0.3242722478619586,0.5106021807206657,0.10637174081376335,0.0,
23.616666666666667,0.0,0.0,0.0,0.0,1.1333333333333342,7.182279860912588e-12,0.6787363434440373,0.3188677103975926,0.5156966251651101,0.10495345093624651,0.0,
23.633333333333333,0.0,0.0,0.0,0.0,1.1500000000000008,6.464051874821329e-12,0.677944484376686,0.3135532485576327,0.5207924584984434,0.1035540715904299,0.0,
23.65,0.0,0.0,0.0,0.0,1.1666666666666674,5.817646687339196e-12,0.6771535491449132,0.3083273610816722,0.5258896807206656,0.10217335063589084,0.0,
23.666666666666668,0.0,0.0,0.0,0.0,1.183333333333334,5.235882018605276e-12,0.6763635366709109,0.303188571730311,0.5309882918317766,0.10081103929407896,0.0,
23.683333333333334,0.0,0.0,0.0,0.0,1.2000000000000006,4.712293816744749e-12,0.6755744458781281,0.29813542886813915,0.5360882918317766,0.09946689210349124,0.0,
23.7,0.0,0.0,0.0,0.0,1.2166666666666672,4.241064435070274e-12,0.6747862756912703,0.29316650505367015,0.5411896807206655,0.09814066687544469,0.0,
23.716666666666665,0.0,0.0,0.0,0.0,1.2333333333333338,3.816957991563247e-12,0.673999025036297,0.288280396636109,0.5462924584984433,0.09683212465043876,0.0,
23.733333333333334,0.0,0.0,0.0,0.0,1.2500000000000004,3.4352621924069223e-12,0.6732126928404214,0.2834757233588405,0.55139662516511,0.09554102965509959,0.0,
23.75,0.0,0.0,0.0,0.0,1.266666666666667,3.0917359731662303e-12,0.6724272780321076,0.2787511279695265,0.5565021807206656,0.09426714925969826,0.0,
23.766666666666666,0.0,0.0,0.0,0.0,1.2833333333333337,2.7825623758496074e-12,0.6716427795410701,0.2741052758367011,0.5616091251651101,0.09301025393623562,0.0,
23.78333333333333,0.0,0.0,0.0,0.0,1.3000000000000003,2.5043061382646465e-12,0.6708591962982722,0.26953685457275606,0.5667174584984435,0.0917701172170858,0.0,
23.8,0.0,0.0,0.0,0.0,1.3166666666666669,2.253875524438182e-12,0.6700765272359241,0.2650445736632101,0.5718271807206656,0.09054651565419133,0.0,
23.816666666666666,0.0,0.0,0.0,0.0,1.3333333333333335,2.0284879719943637e-12,0.6692947712874823,0.2606271641021566,0.5769382918317767,0.08933922877880211,0.0,
23.833333333333332,0.0,0.0,0.0,0.0,1.35,1.8256391747949273e-12,0.6685139273876469,0.2562833780337873,0.5820507918317767,0.08814803906175142,0.0,
23.85,0.0,0.0,0.0,0.0,1.3666666666666667,1.6430752573154347e-12,0.6677339944723614,0.25201198839989086,0.5871646807206655,0.0869727318742614,0.0,
23.866666666666667,0.0,0.0,0.0,0.0,1.3833333333333333,1.4787677315838912e-12,0.6669549714788103,0.247811788593226,0.5922799584984433,0.08581309544927125,0.0,
23.883333333333333,0.0,0.0,0.0,0.0,1.4,1.3308909584255021e-12,0.6661768573454184,0.24368159211667223,0.5973966251651099,0.08466892084328097,0.0,
23.9,0.0,0.0,0.0,0.0,1.4166666666666665,1.197801862582952e-12,0.6653996510118487,0.23962023224806103,0.6025146807206655,0.08354000189870389,0.0,
23.916666666666668,0.0,0.0,0.0,0.0,1.4333333333333331,1.0780216763246567e-12,0.6646233514190015,0.23562656171059335,0.60763412516511,0.08242613520672118,0.0,
23.933333333333334,0.0,0.0,0.0,0.0,1.4499999999999997,9.70219508692191e-13,0.6638479575090127,0.2316994523487501,0.6127549584984433,0.08132712007063156,0.0,
23.95,0.0,0.0,0.0,0.0,1.4666666666666663,8.731975578229718e-13,0.6630734682252521,0.22783779480960428,0.6178771807206656,0.0802427584696898,0.0,
23.966666666666665,0.0,0.0,0.0,0.0,1.483333333333333,7.858778020406747e-13,0.6622998825123226,0.22404049822944422,0.6230007918317767,0.07917285502342727,0.0,
23.983333333333334,0.0,0.0,0.0,0.0,1.4999999999999996,7.072900218366072e-13,0.6615271993160583,0.22030648992562016,0.6281257918317767,0.07811721695644824,0.0,
24.0,0.0,0.0,0.0,0.0,1.5166666666666662,6.365610196529464e-13,0.6607554175835229,0.2166347150935265,0.6332521807206657,0.0770756540636956,0.0,
24.016666666666666,0.0,0.0,0.0,0.0,1.5333333333333328,5.729049176876518e-13,0.6599845362630088,0.2130241365086344,0.6383799584984434,0.07604797867617966,0.0,
24.03333333333333,0.0,0.0,0.0,0.0,1.5499999999999994,5.156144259188867e-13,0.6592145543040353,0.20947373423349047,0.64350912516511,0.07503400562716393,0.0,
24.05,0.0,0.0,0.0,0.0,1.566666666666666,4.64052983326998e-13,0.6584454706573473,0.20598250532959897,0.6486396807206656,0.07403355221880174,0.0,
24.066666666666666,0.0,0.0,0.0,0.0,1.5833333333333326,4.1764768499429824e-13,0.6576772842749137,0.20254946357410566,0.65377162516511,0.07304643818921772,0.0,
24.083333333333332,0.0,0.0,0.0,0.0,1.5999999999999992,3.7588291649486844e-13,0.6569099941099262,0.1991736391812039,0.6589049584984433,0.07207248568002815,0.0,
24.1,0.0,0.0,0.0,0.0,1.6166666666666658,3.382946248453816e-13,0.656143599116798,0.19585407852818384,0.6640396807206655,0.07111151920429444,0.0,
24.116666666666667,0.0,0.0,0.0,0.0,1.6333333333333324,3.0446516236084347e-13,0.6553780982511617,0.19258984388604744,0.16729394795794417,0.5634966989482372,0.0,response_ready
24.133333333333333,0.0,0.0,0.0,0.0,1.649999999999999,2.740186461247591e-13,0.6546134904698686,0.1893800131546133,0.17243144795794416,0.5559834096289273,0.0,
24.15,0.0,0.0,0.0,0.0,1.6666666666666656,2.4661678151228317e-13,0.653849774730987,0.18622367960203642,0.17757033684683304,0.5485702975005416,0.0,
24.166666666666668,0.0,0.0,0.0,0.0,1.6833333333333322,2.2195510336105485e-13,0.6530869499938009,0.18311995160866915,0.18271061462461083,0.5412560268672011,0.0,
24.183333333333334,0.0,0.0,0.0,0.0,1.6999999999999988,1.9975959302494935e-13,0.6523250152188081,0.18006795241519133,0.18785228129127748,0.534039279842305,0.0,
24.2,0.0,0.0,0.0,0.0,1.7166666666666655,1.797836337224544e-13,0.6515639693677195,0.17706681987493814,0.19299533684683304,0.5269187561110743,0.0,
24.216666666666665,0.0,0.0,0.0,0.0,1.733333333333332,1.6180527035020896e-13,0.6508038114034572,0.17411570621035583,0.1981397812912775,0.69749317269626,0.0,posture_settle
24.233333333333334,0.0,0.0,0.0,0.0,1.7499999999999987,1.4562474331518805e-13,0.6500445402901532,0.17121377777351657,0.2032856146246108,0.6881932637269765,0.0,
24.25,0.0,0.0,0.0,0.0,1.7666666666666653,1.3106226898366925e-13,0.649286154993148,0.16836021481062463,0.20843283684683303,0.6790173535439502,0.0,
24.266666666666666,0.0,0.0,0.0,0.0,1.7833333333333319,1.1795604208530232e-13,0.6485286544789893,0.16555421123044756,0.21358144795794415,0.6699637888300308,0.0,
24.28333333333333,0.0,0.0,0.0,0.0,1.7999999999999985,1.0616043787677208e-13,0.6477720377154305,0.16279497437660675,0.21873144795794414,0.6610309383122971,0.0,
24.3,0.0,0.0,0.0,0.0,1.816666666666665,9.554439408909488e-14,0.6470163036714291,0.1600817248036633,0.22388283684683302,0.6522171924681331,0.0,
24.316666666666666,0.0,0.0,0.0,0.0,1.8333333333333317,8.59899546801854e-14,0.6462614513171459,0.1574136960569356,0.2290356146246108,0.6435209632352247,0.0,
24.333333333333332,0.0,0.0,0.0,0.0,1.8499999999999983,7.739095921216685e-14,0.6455074796239425,0.15479013445598666,0.23418978129127746,0.6349406837254217,0.0,
24.35,0.0,0.0,0.0,0.0,1.866666666666665,6.965186329095016e-14,0.6447543875643812,0.15221029888172022,0.239345336846833,0.6264748079424161,0.0,
24.366666666666667,0.0,0.0,0.0,0.0,1.8833333333333315,6.268667696185515e-14,0.6440021741122227,0.14967346056702488,0.24450228129127746,0.6181218105031838,0.0,
24.383333333333333,0.0,0.0,0.0,0.0,1.8999999999999981,5.6418009265669634e-14,0.6432508382424251,0.1471789028909078,0.24966061462461078,0.6098801863631413,0.0,
24.4,0.0,0.0,0.0,0.0,1.9166666666666647,5.077620833910267e-14,0.6425003789311423,0.14472592117605934,0.25482033684683303,0.6017484505449662,0.0,
24.416666666666668,0.0,0.0,0.0,0.0,1.9333333333333313,4.5698587505192405e-14,0.6417507951557226,0.14231382248979169,0.25998144795794415,0.5937251378710333,0.0,
24.433333333333334,0.0,0.0,0.0,0.0,1.949999999999998,4.112872875467316e-14,0.6410020858947076,0.13994192544829515,0.26514394795794416,0.5858088026994195,0.0,
24.45,0.0,0.0,0.0,0.0,1.9666666666666646,3.701585587920585e-14,0.6402542501278304,0.1376095600241569,0.27030783684683307,0.5779980186634273,0.0,
24.466666666666665,0.0,0.0,0.0,0.0,1.9833333333333312,3.331427029128526e-14,0.6395072868360147,0.13531606735708762,0.2754731146246108,0.5702913784145816,0.0,
24.483333333333334,0.0,0.0,0.0,0.0,1.9999999999999978,2.998284326215674e-14,0.6387611950013726,0.13306079956780284,0.2806397812912775,0.5626874933690538,0.0,
24.5,0.0,0.0,0.0,0.0,2.0166666666666644,2.6984558935941063e-14,0.6380159736072044,0.13084311957500613,0.28580783684683303,0.5551849934574664,0.0,
24.516666666666666,0.0,0.0,0.0,0.0,2.033333333333331,2.4286103042346957e-14,0.637271621637996,0.1286624009154227,0.2909772812912775,0.5477825268780335,0.0,
24.53333333333333,0.0,0.0,0.0,0.0,2.0499999999999976,2.185749273811226e-14,0.6365281380794183,0.1265180275668323,0.2961481146246108,0.5404787598529931,0.0,
24.55,0.0,0.0,0.0,0.0,2.066666666666664,1.9671743464301035e-14,0.6357855219183257,0.12440939377405177,0.30132033684683307,0.5332723763882865,0.0,
24.566666666666666,0.0,0.0,0.0,0.0,2.083333333333331,1.770456911787093e-14,0.6350437721427543,0.12233590387781758,0.30649394795794416,0.5261620780364427,0.0,
24.583333333333332,0.0,0.0,0.0,0.0,2.0999999999999974,1.593411220608384e-14,0.6343028877419211,0.12029697214652062,0.31166894795794414,0.5191465836626235,0.0,
24.6,0.0,0.0,0.0,0.0,2.116666666666664,1.4340700985475457e-14,0.6335628677062222,0.11829202261074527,0.316845336846833,0.5122246292137884,0.0,
24.616666666666667,0.0,0.0,0.0,0.0,2.1333333333333306,1.2906630886927912e-14,0.6328237110272316,0.11632048890056618,0.3220231146246108,0.5053949674909379,0.0,
24.633333333333333,0.0,0.0,0.0,0.0,2.1499999999999972,1.161596779823512e-14,0.6320854166976998,0.11438181408555674,0.3272022812912775,0.4986563679243921,0.0,
24.65,0.0,0.0,0.0,0.0,2.166666666666664,1.0454371018411607e-14,0.6313479837115524,0.11247545051746413,0.33238283684683306,0.49200761635206686,0.0,
24.666666666666668,0.0,0.0,0.0,0.0,2.1833333333333305,9.408933916570447e-15,0.630611411063889,0.1106008596755064,0.3375647812912775,0.48544751480070597,0.0,
24.683333333333334,0.0,0.0,0.0,0.0,2.199999999999997,8.468040524913401e-15,0.6298756977509811,0.10875751201424795,0.3427481146246108,0.4789748812700299,0.0,
24.7,0.0,0.0,0.0,0.0,2.2166666666666637,7.621236472422062e-15,0.6291408427702716,0.10694488681401049,0.347932836846833,0.4725885495197628,0.0,
24.716666666666665,0.0,0.0,0.0,0.0,2.2333333333333303,6.859112825179855e-15,0.6284068451203729,0.10516247203377697,0.35311894795794413,0.4662873688594993,0.0,
24.733333333333334,0.0,0.0,0.0,0.0,2.249999999999997,6.17320154266187e-15,0.6276737038010658,0.10340976416654736,0.35830644795794414,0.4600702039413726,0.0,
24.75,0.0,0.0,0.0,0.0,2.2666666666666635,5.555881388395683e-15,0.6269414178132979,0.1016862680971049,0.36349533684683305,0.45393593455548764,0.0,
24.766666666666666,0.0,0.0,0.0,0.0,2.28333333333333,5.000293249556114e-15,0.6262099861591824,0.09999149696215316,0.3686856146246108,0.4478834554280811,0.0,
24.78333333333333,0.0,0.0,0.0,0.0,2.2999999999999967,4.500263924600503e-15,0.6254794078419967,0.09832497201278394,0.37387728129127745,0.44191167602237336,0.0,
24.8,0.0,0.0,0.0,0.0,2.3166666666666633,4.050237532140453e-15,0.6247496818661811,0.09668622247923754,0.379070336846833,0.43601952034207503,0.0,
24.816666666666666,0.0,0.0,0.0,0.0,2.33333333333333,3.645213778926408e-15,0.6240208072373372,0.09507478543791692,0.38426478129127745,0.430205926737514,0.0,
24.833333333333332,0.0,0.0,0.0,0.0,2.3499999999999965,3.2806924010337667e-15,0.623292782962227,0.0934902056806183,0.3894606146246108,0.42446984771434715,0.0,
24.85,0.0,0.0,0.0,0.0,2.366666666666663,2.95262316093039e-15,0.622565608048771,0.09193203558594133,0.39465783684683303,0.4188102497448225,0.0,
24.866666666666667,0.0,0.0,0.0,0.0,2.3833333333333298,2.657360844837351e-15,0.6218392815060475,0.0903998349928423,0.3998564479579441,0.4132261130815582,0.0,
24.883333333333333,0.0,0.0,0.0,0.0,2.3999999999999964,2.3916247603536163e-15,0.6211138023442905,0.08889317107629494,0.4050564479579441,0.4077164315738041,0.0,
24.9,0.0,0.0,0.0,0.0,2.416666666666663,2.1524622843182544e-15,0.6203891695748888,0.08741161822502336,0.410257836846833,0.40228021248615337,0.0,
24.916666666666668,0.0,0.0,0.0,0.0,2.4333333333333296,1.937216055886429e-15,0.6196653822103847,0.08595475792127297,0.41546061462461076,0.3969164763196713,0.0,
24.933333333333334,0.0,0.0,0.0,0.0,2.449999999999996,1.7434944502977862e-15,0.6189424392644726,0.08452217862258508,0.42066478129127743,0.391624256635409,0.0,
24.95,0.0,0.0,0.0,0.0,2.466666666666663,1.5691450052680076e-15,0.6182203397519973,0.083113475645542,0.425870336846833,0.3864025998802702,0.0,
24.966666666666665,0.0,0.0,0.0,0.0,2.4833333333333294,1.4122305047412069e-15,0.6174990826889533,0.08172825105144964,0.4310772812912774,0.38125056521519995,0.0,
24.983333333333334,0.0,0.0,0.0,0.0,2.499999999999996,1.271007454267086e-15,0.6167786670924829,0.08036611353392548,0.43628561462461074,0.37616722434566396,0.0,
25.0,0.0,0.0,0.0,0.0,2.5166666666666626,1.1439067088403775e-15,0.6160590919808749,0.07902667830836005,0.44149533684683295,0.37115166135438843,0.0,
25.016666666666666,0.0,0.0,0.0,0.0,2.533333333333329,1.0295160379563398e-15,0.6153403563735639,0.07770956700322071,0.44670644795794406,0.36620297253632994,0.0,
25.03333333333333,0.0,0.0,0.0,0.0,2.549999999999996,9.265644341607058e-16,0.614622459291128,0.07641440755316703,0.4519189479579441,0.36132026623584557,0.0,
25.05,0.0,0.0,0.0,0.0,2.5666666666666624,8.339079907446352e-16,0.6139053997552884,0.07514083409394758,0.457132836846833,0.3565026626860343,0.0,
25.066666666666666,0.0,0.0,0.0,0.0,2.583333333333329,7.505171916701717e-16,0.6131891767889072,0.07388848685904845,0.4623481146246108,0.3517492938502205,0.0,
25.083333333333332,0.0,0.0,0.0,0.0,2.5999999999999956,6.754654725031545e-16,0.6124737894159867,0.07265701207806431,0.46756478129127743,0.3470593032655509,0.0,
25.1,0.0,0.0,0.0,0.0,2.6166666666666623,6.07918925252839e-16,0.6117592366616681,0.07144606187676324,0.472782836846833,0.34243184588867687,0.0,
25.116666666666667,0.0,0.0,0.0,0.0,2.633333333333329,5.471270327275551e-16,0.6110455175522295,0.07025529417881718,0.4780022812912774,0.3378660879434945,0.0,
25.133333333333333,0.0,0.0,0.0,0.0,2.6499999999999955,4.924143294547996e-16,0.6103326311150852,0.06908437260917022,0.48322311462461076,0.3333612067709146,0.0,
25.15,0.0,0.0,0.0,0.0,2.666666666666662,4.431728965093197e-16,0.6096205763787842,0.06793296639901739,0.488445336846833,0.3289163906806357,0.0,
25.166666666666668,0.0,0.0,0.0,0.0,2.6833333333333287,3.988556068583877e-16,0.6089093523730089,0.0668007502923671,0.49366894795794414,0.3245308388048939,0.0,
25.183333333333334,0.0,0.0,0.0,0.0,2.6999999999999953,3.5897004617254893e-16,0.6081989581285737,0.06568740445416098,0.4988939479579441,0.320203760954162,0.0,
25.2,0.0,0.0,0.0,0.0,2.716666666666662,3.2307304155529404e-16,0.6074893926774237,0.06459261437992496,0.504120336846833,0.31593437747477315,0.0,
25.216666666666665,0.0,0.0,0.0,0.0,2.7333333333333285,2.9076573739976464e-16,0.6067806550526335,0.06351607080692621,0.5093481146246108,0.3117219191084428,0.0,
25.233333333333334,0.0,0.0,0.0,0.0,2.749999999999995,2.6168916365978816e-16,0.6060727442884054,0.06245746962681078,0.5145772812912774,0.30756562685366357,0.0,
25.25,0.0,0.0,0.0,0.0,2.7666666666666617,2.3552024729380934e-16,0.6053656594200689,0.06141651179969727,0.519807836846833,0.30346475182894805,0.0,
25.266666666666666,0.0,0.0,0.0,0.0,2.7833333333333283,2.119682225644284e-16,0.6046593994840789,0.060392903269702314,0.5250397812912774,0.2994185551378954,0.0,
25.28333333333333,0.0,0.0,0.0,0.0,2.799999999999995,1.9077140030798558e-16,0.6039539635180141,0.059386354881873944,0.5302731146246107,0.29542630773605677,0.0,
25.3,0.0,0.0,0.0,0.0,2.8166666666666615,1.7169426027718702e-16,0.6032493505605764,0.05839658230050938,0.5355078368468329,0.291487290299576,0.0,
25.316666666666666,0.0,0.0,0.0,0.0,2.833333333333328,1.5452483424946833e-16,0.6025455596515891,0.05742330592883422,0.540743947957944,0.2876007930955816,0.0,
25.333333333333332,0.0,0.0,0.0,0.0,2.8499999999999948,1.390723508245215e-16,0.6018425898319956,0.05646625083002031,0.545981447957944,0.2837661158543072,0.0,
25.35,0.0,0.0,0.0,0.0,2.8666666666666614,1.2516511574206934e-16,0.6011404401438583,0.05552514664951998,0.5512203368468329,0.27998256764291646,0.0,
25.366666666666667,0.0,0.0,0.0,0.0,2.883333333333328,1.126486041678624e-16,0.6004391096303571,0.054599727538694645,0.5564606146246107,0.2762494667410109,0.0,
25.383333333333333,0.0,0.0,0.0,0.0,2.8999999999999946,1.0138374375107617e-16,0.5997385973357883,0.053689732079716404,0.5617022812912774,0.41069947385113076,0.0,micro_nod_ready
25.4,0.0,0.0,0.0,0.0,2.916666666666661,9.124536937596855e-17,0.5990389023055632,0.05279490321172113,0.566945336846833,0.405223480866449,0.0,
25.416666666666668,0.0,0.0,0.0,0.0,2.933333333333328,8.212083243837169e-17,0.5983400235862067,0.05191498815819245,0.5721897812912775,0.39982050112156303,0.0,
25.433333333333334,0.0,0.0,0.0,0.0,2.9499999999999944,7.390874919453451e-17,0.5976419602253562,0.05104973835555591,0.5774356146246108,0.3944895611066089,0.0,
25.45,0.0,0.0,0.0,0.0,2.966666666666661,6.651787427508106e-17,0.59694471127176,0.05019890938296331,0.582682836846833,0.3892297002918541,0.0,
25.466666666666665,0.0,0.0,0.0,0.0,2.9833333333333276,5.986608684757296e-17,0.5962482757752763,0.04936226089324725,0.587931447957944,0.3840399709546294,0.0,
25.483333333333334,0.0,0.0,0.0,0.0,2.9999999999999942,5.3879478162815664e-17,0.5955526527868718,0.048539556545026466,0.593181447957944,0.37891943800856764,0.0,
25.5,0.0,0.0,0.0,0.0,3.016666666666661,4.84915303465341e-17,0.5948578413586204,0.04773056393594269,0.5984328368468329,0.37386717883512005,0.0,
25.516666666666666,0.0,0.0,0.0,0.0,3.0333333333333274,4.364237731188069e-17,0.594163840543702,0.04693505453701031,0.6036856146246107,0.36888228311731847,0.0,
25.53333333333333,0.0,0.0,0.0,0.0,3.049999999999994,3.927813958069262e-17,0.593470649396401,0.04615280362806014,0.6089397812912773,0.3639638526757542,0.0,
25.55,0.0,0.0,0.0,0.0,3.0666666666666607,3.535032562262336e-17,0.5927782669721052,0.045383590234259134,0.6141953368468329,0.35911100130674417,0.0,
25.566666666666666,0.0,0.0,0.0,0.0,3.0833333333333273,3.181529306036102e-17,0.5920866923273045,0.044627197063688145,0.6194522812912774,0.3543228546226542,0.0,
25.583333333333332,0.0,0.0,0.0,0.0,3.099999999999994,2.863376375432492e-17,0.5913959245195893,0.04388341044596001,0.6247106146246107,0.3495985498943522,0.0,
25.6,0.0,0.0,0.0,0.0,3.1166666666666605,2.577038737889243e-17,0.5907059626076498,0.04315202027186068,0.629970336846833,0.3449372358957608,0.0,
25.616666666666667,0.0,0.0,0.0,0.0,3.133333333333327,2.3193348641003186e-17,0.5900168056512742,0.042432819933996335,0.6352314479579442,0.340338072750484,0.0,
25.633333333333333,0.0,0.0,0.0,0.0,3.1499999999999937,2.0874013776902868e-17,0.5893284527113477,0.04172560626842973,0.6404939479579441,0.3358002317804775,0.0,
25.65,0.0,0.0,0.0,0.0,3.1666666666666603,1.878661239921258e-17,0.5886409028498512,0.04103017949728923,0.645757836846833,0.3313228953567378,0.0,
25.666666666666668,0.0,0.0,0.0,0.0,3.183333333333327,1.6907951159291324e-17,0.5879541551298597,0.04034634317233441,0.6510231146246107,0.3269052567519813,0.0,
25.683333333333334,0.0,0.0,0.0,0.0,3.1999999999999935,1.5217156043362192e-17,0.5872682086155415,0.03967390411946217,0.6562897812912774,0.3225465199952882,0.0,
25.7,0.0,0.0,0.0,0.0,3.21666666666666,1.3695440439025973e-17,0.5865830623721567,0.0390126723841378,0.6615578368468329,0.3182458997286844,0.0,
25.716666666666665,0.0,0.0,0.0,0.0,3.2333333333333267,1.2325896395123376e-17,0.5858987154660559,0.03836246117773551,0.6668272812912773,0.31400262106563526,0.0,
25.733333333333334,0.0,0.0,0.0,0.0,3.2499999999999933,1.1093306755611038e-17,0.5852151669646788,0.037723086824773246,0.6720981146246107,0.3098159194514268,0.0,
25.75,0.0,0.0,0.0,0.0,3.26666666666666,9.983976080049934e-18,0.5845324159365534,0.037094368711027025,0.6773703368468329,0.30568504052540774,0.0,
25.766666666666666,0.0,0.0,0.0,0.0,3.2833333333333266,8.98557847204494e-18,0.583850461451294,0.03647612923250991,0.682643947957944,0.30160923998506894,0.0,
25.78333333333333,0.0,0.0,0.0,0.0,3.299999999999993,8.087020624840446e-18,0.5831693025796009,0.03586819374530141,0.6879189479579441,0.2975877834519347,0.0,
25.8,0.0,0.0,0.0,0.0,3.3166666666666598,7.278318562356401e-18,0.582488938393258,0.03527039051621306,0.693195336846833,0.29361994633924227,0.0,
25.816666666666666,0.0,0.0,0.0,0.0,3.3333333333333264,6.550486706120761e-18,0.5818093679651325,0.034682550674276176,0.6984731146246108,0.2897050137213857,0.0,
25.833333333333332,0.0,0.0,0.0,0.0,3.349999999999993,5.895438035508685e-18,0.5811305903691731,0.03410450816303824,0.7037522812912774,0.28584228020510055,0.0,
25.849999999999998,0.0,0.0,0.0,0.0,3.3666666666666596,5.305894231957816e-18,0.5804526046804092,0.03353609969365427,0.7090328368468329,0.2820310498023659,0.0,
25.866666666666667,0.0,0.0,0.0,0.0,3.383333333333326,4.7753048087620346e-18,0.5797754099749487,0.03297716469876003,0.7143147812912773,0.278270635805001,0.0,
25.883333333333333,0.0,0.0,0.0,0.0,3.399999999999993,4.297774327885831e-18,0.5790990053299779,0.03242754528711403,0.7195981146246107,0.2745603606609343,0.0,
25.9,0.0,0.0,0.0,0.0,3.4166666666666594,3.867996895097248e-18,0.5784233898237596,0.03188708619899546,0.7248828368468329,0.27089955585212183,0.0,
25.916666666666668,0.0,0.0,0.0,0.0,3.433333333333326,3.481197205587523e-18,0.5777485625356319,0.031355634762345534,0.730168947957944,0.2672875617740935,0.0,
25.933333333333334,0.0,0.0,0.0,0.0,3.4499999999999926,3.1330774850287706e-18,0.577074522546007,0.030833040849639774,0.735456447957944,0.2637237276171056,0.0,
25.95,0.0,0.0,0.0,0.0,3.4666666666666592,2.8197697365258936e-18,0.57640126893637,0.030319156835479113,0.7407453368468329,0.26020741124887753,0.0,
25.966666666666665,0.0,0.0,0.0,0.0,3.483333333333326,2.537792762873304e-18,0.5757288007892776,0.029813837554887795,0.7460356146246107,0.2567379790988925,0.0,
25.983333333333334,0.0,0.0,0.0,0.0,3.4999999999999925,2.2840134865859737e-18,0.5750571171883567,0.029316940262306333,0.7513272812912773,0.2533148060442406,0.0,
26.0,0.0,0.0,0.0,0.0,3.516666666666659,2.055612137927376e-18,0.5743862172183036,0.028828324591267895,0.7566203368468329,0.24993727529698406,0.0,
26.016666666666666,0.0,0.0,0.0,0.0,3.5333333333333257,1.8500509241346385e-18,0.5737160999648823,0.028347852514746762,0.7619147812912774,0.24660477829302427,0.0,
26.03333333333333,0.0,0.0,0.0,0.0,3.5499999999999923,1.6650458317211746e-18,0.5730467645149232,0.02787538830616765,0.7672106146246107,0.2433167145824506,0.0,
26.05,0.0,0.0,0.0,0.0,3.566666666666659,1.4985412485490572e-18,0.5723782099563225,0.027410798501064856,0.7725078368468329,0.24007249172135126,0.0,
26.066666666666666,0.0,0.0,0.0,0.0,3.5833333333333255,1.3486871236941514e-18,0.5717104353780401,0.026953951859380442,0.777806447957944,0.23687152516506657,0.0,
26.083333333333332,0.0,0.0,0.0,0.0,3.599999999999992,1.2138184113247364e-18,0.5710434398700991,0.02650471932839077,0.7831064479579439,0.23371323816286568,0.0,
26.099999999999998,0.0,0.0,0.0,0.0,3.6166666666666587,1.0924365701922628e-18,0.570377222523584,0.026062974006250923,0.7884078368468328,0.23059706165402746,0.0,
26.116666666666667,0.0,0.0,0.0,0.0,3.6333333333333253,9.831929131730365e-19,0.5697117824306398,0.02562859110614674,0.7937106146246106,0.2275224341653071,0.0,
26.133333333333333,0.0,0.0,0.0,0.0,3.649999999999992,8.84873621855733e-19,0.5690471186844708,0.025201447921044295,0.7990147812912772,0.22448880170976968,0.0,
26.15,0.0,0.0,0.0,0.0,3.6666666666666585,7.963862596701596e-19,0.5683832303793389,0.02478142378902689,0.8043203368468328,0.22149561768697273,0.0,
26.166666666666668,0.0,0.0,0.0,0.0,3.683333333333325,7.167476337031436e-19,0.567720116610563,0.024368400059209774,0.8096272812912773,0.21854234278447976,0.0,
26.183333333333334,0.0,0.0,0.0,0.0,3.6999999999999917,6.450728703328292e-19,0.5670577764745174,0.023962260058222946,0.8149356146246106,0.2156284448806867,0.0,
26.2,0.0,0.0,0.0,0.0,3.7166666666666583,5.805655832995463e-19,0.5663962090686304,0.023562889057252564,0.8202453368468329,0.2127533989489442,0.0,
26.216666666666665,0.0,0.0,0.0,0.0,3.733333333333325,5.225090249695916e-19,0.5657354134913837,0.023170174239631688,0.825556447957944,0.2099166869629583,0.0,
26.233333333333334,0.0,0.0,0.0,0.0,3.7499999999999916,4.702581224726325e-19,0.5650753888423103,0.02278400466897116,0.8308689479579441,0.20711779780345219,0.0,
26.25,0.0,0.0,0.0,0.0,3.766666666666658,4.232323102253693e-19,0.5644161342219943,0.02240427125782164,0.8361828368468329,0.20435622716607282,0.0,
26.266666666666666,0.0,0.0,0.0,0.0,3.7833333333333248,3.8090907920283235e-19,0.5637576487320687,0.022030866736857946,0.8414981146246107,0.20163147747052518,0.0,
26.28333333333333,0.0,0.0,0.0,0.0,3.7999999999999914,3.428181712825491e-19,0.5630999314752146,0.02166368562457698,0.8468147812912773,0.19894305777091817,0.0,
26.3,0.0,0.0,0.0,0.0,3.816666666666658,3.085363541542942e-19,0.5624429815551603,0.021302624197500696,0.8521328368468328,0.19629048366730592,0.0,
26.316666666666666,0.0,0.0,0.0,0.0,3.8333333333333246,2.776827187388648e-19,0.5617867980766792,0.020947580460875685,0.8574522812912773,0.19367327721840852,0.0,
26.333333333333332,0.0,0.0,0.0,0.0,3.849999999999991,2.499144468649783e-19,0.5611313801455897,0.020598454119861092,0.8627731146246106,0.1910909668554964,0.0,
26.349999999999998,0.0,0.0,0.0,0.0,3.866666666666658,2.249230021784805e-19,0.5604767268687532,0.02025514655119674,0.8680953368468328,0.1885430872974231,0.0,
26.366666666666667,0.0,0.0,0.0,0.0,3.8833333333333244,2.0243070196063246e-19,0.5598228373540729,0.01991756077534346,0.873418947957944,0.18602917946679082,0.0,
26.383333333333333,0.0,0.0,0.0,0.0,3.899999999999991,1.8218763176456922e-19,0.5591697107104932,0.019585601429087735,0.878743947957944,0.1835487904072336,0.0,
26.4,0.0,0.0,0.0,0.0,3.9166666666666576,1.639688685881123e-19,0.5585173460479975,0.01925917473860294,0.8840703368468329,0.1811014732018038,0.0,
26.416666666666668,0.0,0.0,0.0,0.0,3.9333333333333242,1.4757198172930108e-19,0.5578657424776082,0.018938188492959557,0.8893981146246107,0.17868678689244644,0.0,
26.433333333333334,0.0,0.0,0.0,0.0,3.949999999999991,1.3281478355637098e-19,0.5572148991113843,0.018622552018076898,0.8947272812912774,0.17630429640054715,0.0,
26.45,0.0,0.0,0.0,0.0,3.9666666666666575,1.1953330520073387e-19,0.5565648150624211,0.01831217615110895,0.9000578368468329,0.17395357244853984,0.0,
26.466666666666665,0.0,0.0,0.0,0.0,3.983333333333324,1.0757997468066049e-19,0.5559154894448483,0.018006973215257134,0.9053897812912773,0.17163419148255932,0.0,
26.483333333333334,0.0,0.0,0.0,0.0,3.9999999999999907,9.682197721259443e-20,0.5552669213738293,0.017706856995002847,0.9107231146246106,0.1693457355961252,0.0,
26.5,0.0,0.0,0.0,0.0,4.016666666666658,8.713977949133499e-20,0.5546191099655599,0.0174117427117528,0.9160578368468328,0.16708779245484354,0.0,
26.516666666666666,0.0,0.0,0.0,0.0,4.033333333333324,7.842580154220149e-20,0.5539720543372667,0.017121546999890252,0.9213939479579439,0.16485995522211228,0.0,
26.53333333333333,0.0,0.0,0.0,0.0,4.049999999999991,7.058322138798134e-20,0.5533257536072066,0.016836187883225415,0.9267314479579439,0.16266182248581745,0.0,
26.55,0.0,0.0,0.0,0.0,4.0666666666666575,6.35248992491832e-20,0.5526802068946649,0.016555584751838326,0.9320703368468328,0.16049299818600654,0.0,
26.566666666666666,0.0,0.0,0.0,0.0,4.083333333333324,5.717240932426488e-20,0.5520354133199544,0.01627965833930769,0.9374106146246106,0.15835309154352645,0.0,
26.583333333333332,0.0,0.0,0.0,0.0,4.099999999999991,5.145516839183839e-20,0.5513913720044145,0.016008330700319227,0.9427522812912773,0.15624171698961276,0.0,
26.599999999999998,0.0,0.0,0.0,0.0,4.116666666666657,4.630965155265455e-20,0.5507480820704093,0.01574152518864724,0.9480953368468329,0.1541584940964179,0.0,
26.616666666666667,0.0,0.0,0.0,0.0,4.133333333333324,4.1678686397389096e-20,0.5501055426413272,0.015479166435503119,0.9534397812912774,0.15210304750846568,0.0,
26.633333333333333,0.0,0.0,0.0,0.0,4.149999999999991,3.751081775765019e-20,0.549463752841579,0.015221180328244734,0.9587856146246108,0.15007500687501946,0.0,
26.65,0.0,0.0,0.0,0.0,4.166666666666657,3.375973598188517e-20,0.5488227117965971,0.014967493989440656,0.9641328368468329,0.14807400678335253,0.0,
26.666666666666668,0.0,0.0,0.0,0.0,4.183333333333324,3.0383762383696656e-20,0.5481824186328345,0.014718035756283311,0.969481447957944,0.14609968669290782,0.0,
26.683333333333334,0.0,0.0,0.0,0.0,4.19999999999999,2.734538614532699e-20,0.5475428724777628,0.014472735160345257,0.974831447957944,0.14415169087033572,0.0,
26.7,0.0,0.0,0.0,0.0,4.216666666666657,2.461084753079429e-20,0.546904072459872,0.014231522907672836,0.9801828368468328,0.1422296683253979,0.0,
26.716666666666665,0.0,0.0,0.0,0.0,4.233333333333324,2.214976277771486e-20,0.5462660177086689,0.013994330859211623,0.9855356146246106,0.14033327274772595,0.0,
26.733333333333334,0.0,0.0,0.0,0.0,4.24999999999999,1.9934786499943373e-20,0.5456287073546755,0.013761092011558096,0.9908897812912772,0.13846216244442294,0.0,
26.75,0.0,0.0,0.0,0.0,4.266666666666657,1.7941307849949037e-20,0.5449921405294283,0.013531740478032126,0.9962453368468328,0.1366160002784973,0.0,
26.766666666666666,0.0,0.0,0.0,0.0,4.2833333333333234,1.6147177064954134e-20,0.5443563163654773,0.013306211470064925,1.0,0.13479445360811734,0.0,
26.78333333333333,0.0,0.0,0.0,0.0,4.29999999999999,1.453245935845872e-20,0.5437212339963843,0.013084441278897177,1.0,0.13299719422667577,0.0,
26.8,0.0,0.0,0.0,0.0,4.316666666666657,1.3079213422612847e-20,0.5430868925567218,0.012866367257582223,1.0,0.13122389830365344,0.0,
26.816666666666666,0.0,0.0,0.0,0.0,4.333333333333323,1.1771292080351562e-20,0.5424532911820723,0.012651927803289185,1.0,0.12947424632627139,0.0,
26.833333333333332,0.0,0.0,0.0,0.0,4.34999999999999,1.0594162872316406e-20,0.5418204290090266,0.012441062339901032,1.0,0.1277479230419211,0.0,
26.849999999999998,0.0,0.0,0.0,0.0,4.3666666666666565,9.534746585084766e-21,0.5411883051751828,0.01223371130090268,1.0,0.12604461740136214,0.0,
26.866666666666667,0.0,0.0,0.0,0.0,4.383333333333323,8.581271926576289e-21,0.540556918819145,0.012029816112554303,1.0,0.12436402250267731,0.0,
26.883333333333333,0.0,0.0,0.0,0.0,4.39999999999999,7.72314473391866e-21,0.5399262690805227,0.011829319177345065,1.0,0.12270583553597494,0.0,
26.9,0.0,0.0,0.0,0.0,4.416666666666656,6.950830260526795e-21,0.5392963550999287,0.011632163857722647,1.0,0.12106975772882861,0.0,
26.916666666666668,0.0,0.0,0.0,0.0,4.433333333333323,6.255747234474115e-21,0.5386671760189787,0.011438294460093937,1.0,0.11945549429244423,0.0,
26.933333333333334,0.0,0.0,0.0,0.0,4.4499999999999895,5.630172511026703e-21,0.5380387309802899,0.011247656219092371,1.0,0.11786275436854497,0.0,
26.95,0.0,0.0,0.0,0.0,4.466666666666656,5.067155259924033e-21,0.5374110191274796,0.011060195282107499,1.0,0.11629125097696437,0.0,
26.966666666666665,0.0,0.0,0.0,0.0,4.483333333333323,4.5604397339316296e-21,0.5367840396051642,0.010875858694072375,1.0,0.11474070096393818,0.0,
26.983333333333334,0.0,0.0,0.0,0.0,4.499999999999989,4.104395760538467e-21,0.5361577915589582,0.010694594382504502,1.0,0.11321082495108567,0.0,
27.0,0.0,0.0,0.0,0.0,4.516666666666656,3.6939561844846205e-21,0.5355322741354727,0.010516351142796093,1.0,0.1117013472850712,0.0,
27.016666666666666,0.0,0.0,0.0,0.0,4.533333333333323,3.3245605660361586e-21,0.5349074864823146,0.010341078623749491,1.0,0.1102119959879369,0.0,
27.03333333333333,0.0,0.0,0.0,0.0,4.549999999999989,2.9921045094325426e-21,0.5342834277480852,0.010168727313353667,1.0,0.10874250270809775,0.0,
27.05,0.0,0.0,0.0,0.0,4.566666666666656,2.6928940584892885e-21,0.5336600970823792,0.009999248524797772,1.0,0.10729260267198978,0.0,
27.066666666666666,0.0,0.0,0.0,0.0,4.583333333333322,2.4236046526403597e-21,0.533037493635783,0.009832594382717809,1.0,0.10586203463636325,0.0,
27.083333333333332,0.0,0.0,0.0,0.0,4.599999999999989,2.1812441873763235e-21,0.5324156165598746,0.009668717809672512,1.0,0.10445054084121173,0.0,
27.099999999999998,0.0,0.0,0.0,0.0,4.616666666666656,1.963119768638691e-21,0.5317944650072214,0.009507572512844637,1.0,0.10305786696332891,0.0,
27.116666666666667,0.0,0.0,0.0,0.0,4.633333333333322,1.766807791774822e-21,0.5311740381313796,0.009349112970963892,1.0,0.10168376207048453,0.0,
27.133333333333333,0.0,0.0,0.0,0.0,4.649999999999989,1.5901270125973397e-21,0.530554335086893,0.009193294421447827,1.0,0.10032797857621141,0.0,
27.15,0.0,0.0,0.0,0.0,4.666666666666655,1.4311143113376057e-21,0.5299353550292916,0.009040072847757031,1.0,0.09899027219519525,0.0,
27.166666666666668,0.0,0.0,0.0,0.0,4.683333333333322,1.2880028802038452e-21,0.5293170971150907,0.00888940496696108,1.0,0.09767040189925931,0.0,
27.183333333333334,0.0,0.0,0.0,0.0,4.699999999999989,1.1592025921834606e-21,0.5286995605017898,0.00874124821751173,1.0,0.09636812987393585,0.0,
27.2,0.0,0.0,0.0,0.0,4.716666666666655,1.0432823329651146e-21,0.5280827443478711,0.008595560747219866,1.0,0.09508322147561671,0.0,
27.216666666666665,0.0,0.0,0.0,0.0,4.733333333333322,9.389540996686031e-22,0.5274666478127985,0.008452301401432868,1.0,0.09381544518927515,0.0,
27.233333333333334,0.0,0.0,0.0,0.0,4.7499999999999885,8.450586897017428e-22,0.5268512700570169,0.008311429711408988,1.0,0.09256457258675148,0.0,
27.25,0.0,0.0,0.0,0.0,4.766666666666655,7.605528207315685e-22,0.5262366102419505,0.008172905882885504,1.0,0.09133037828559479,0.0,
27.266666666666666,0.0,0.0,0.0,0.0,4.783333333333322,6.844975386584117e-22,0.5256226675300015,0.008036690784837411,1.0,0.09011263990845353,0.0,
27.28333333333333,0.0,0.0,0.0,0.0,4.799999999999988,6.160477847925705e-22,0.5250094410845498,0.007902745938423454,1.0,0.08891113804300749,0.0,
27.3,0.0,0.0,0.0,0.0,4.816666666666655,5.544430063133134e-22,0.5243969300699511,0.007771033506116397,1.0,0.08772565620243405,0.0,
27.316666666666666,0.0,0.0,0.0,0.0,4.8333333333333215,4.989987056819821e-22,0.5237851336515362,0.0076415162810144575,1.0,0.0865559807864016,0.0,
27.333333333333332,0.0,0.0,0.0,0.0,4.849999999999988,4.490988351137838e-22,0.5231740509956094,0.007514157676330883,1.0,0.08540190104258291,0.0,
27.349999999999998,0.0,0.0,0.0,0.0,4.866666666666655,4.0418895160240544e-22,0.5225636812694479,0.007388921715058702,1.0,0.08426320902868181,0.0,
27.366666666666667,0.0,0.0,0.0,0.0,4.883333333333321,3.637700564421649e-22,0.5219540236413002,0.007265773019807724,1.0,0.08313969957496606,0.0,
27.383333333333333,0.0,0.0,0.0,0.0,4.899999999999988,3.273930507979484e-22,0.5213450772803854,0.007144676802810928,1.0,0.08203117024729985,0.0,
27.4,0.0,0.0,0.0,0.0,4.9166666666666545,2.9465374571815356e-22,0.5207368413568916,0.007025598856097413,1.0,0.08093742131066918,0.0,
27.416666666666668,0.0,0.0,0.0,0.0,4.933333333333321,2.651883711463382e-22,0.5201293150419752,0.006908505541829122,1.0,0.07985825569319359,0.0,
27.433333333333334,0.0,0.0,0.0,0.0,4.949999999999988,2.386695340317044e-22,0.5195224975077596,0.006793363782798637,1.0,0.07879347895061767,0.0,
27.45,0.0,0.0,0.0,0.0,4.966666666666654,2.1480258062853397e-22,0.5189163879273339,0.006680141053085327,1.0,0.0777428992312761,0.0,
27.466666666666665,0.0,0.0,0.0,0.0,4.983333333333321,1.9332232256568057e-22,0.518310985474752,0.006568805368867238,1.0,0.07670632724152575,0.0,
27.483333333333334,0.0,0.0,0.0,0.0,4.999999999999988,1.739900903091125e-22,0.5177062893250314,0.006459325279386117,1.0,0.07568357621163874,0.0,
27.5,0.0,0.0,0.0,0.0,5.016666666666654,1.5659108127820125e-22,0.5171022986541521,0.006351669858063015,1.0,0.07467446186215022,0.0,
27.516666666666666,0.0,0.0,0.0,0.0,5.033333333333321,1.4093197315038113e-22,0.5164990126390556,0.006245808693761965,1.0,0.07367880237065488,0.0,
27.53333333333333,0.0,0.0,0.0,0.0,5.049999999999987,1.2683877583534302e-22,0.5158964304576434,0.006141711882199265,1.0,0.07269641833904615,0.0,
27.55,0.0,0.0,0.0,0.0,5.066666666666654,1.141548982518087e-22,0.5152945512887762,0.0060393500174959446,1.0,0.0717271327611922,0.0,
27.566666666666666,0.0,0.0,0.0,0.0,5.083333333333321,1.0273940842662784e-22,0.5146933743122727,0.005938694183871012,1.0,0.07077077099104298,0.0,
27.583333333333332,0.0,0.0,0.0,0.0,5.099999999999987,9.246546758396506e-23,0.5140928987089084,0.005839715947473161,1.0,0.0698271607111624,0.0,
27.599999999999998,0.0,0.0,0.0,0.0,5.116666666666654,8.321892082556856e-23,0.5134931236604147,0.0057423873483486085,1.0,0.06889613190168024,0.0,
27.616666666666667,0.0,0.0,0.0,0.0,5.13333333333332,7.489702874301171e-23,0.5128940483494775,0.005646680892542799,1.0,0.06797751680965784,0.0,
27.633333333333333,0.0,0.0,0.0,0.0,5.149999999999987,6.740732586871053e-23,0.5122956719597365,0.005552569544333752,1.0,0.0670711499188624,0.0,
27.65,0.0,0.0,0.0,0.0,5.166666666666654,6.066659328183947e-23,0.5116979936757834,0.005460026718594856,1.0,0.06617686791994423,0.0,
27.666666666666668,0.0,0.0,0.0,0.0,5.18333333333332,5.459993395365553e-23,0.5111010126831617,0.005369026273284942,1.0,0.06529450968101164,0.0,
27.683333333333334,0.0,0.0,0.0,0.0,5.199999999999987,4.913994055828997e-23,0.5105047281683647,0.005279542502063527,1.0,0.06442391621859815,0.0,
27.7,0.0,0.0,0.0,0.0,5.2166666666666535,4.4225946502460973e-23,0.509909139318835,0.005191550127029135,1.0,0.06356493066901685,0.0,
27.716666666666665,0.0,0.0,0.0,0.0,5.23333333333332,3.9803351852214876e-23,0.509314245322963,0.00510502429157865,1.0,0.06271739826009662,0.0,
27.733333333333334,0.0,0.0,0.0,0.0,5.249999999999987,3.582301666699339e-23,0.5087200453700862,0.005019940553385672,1.0,0.06188116628329533,0.0,
27.75,0.0,0.0,0.0,0.0,5.266666666666653,3.224071500029405e-23,0.5081265386504877,0.004936274877495911,1.0,0.06105608406618473,0.0,
27.766666666666666,0.0,0.0,0.0,0.0,5.28333333333332,2.9016643500264645e-23,0.5075337243553955,0.004854003629537646,1.0,0.06024200294530226,0.0,
27.78333333333333,0.0,0.0,0.0,0.0,5.2999999999999865,2.611497915023818e-23,0.5069416016769809,0.0047731035690453515,1.0,0.0594387762393649,0.0,
27.8,0.0,0.0,0.0,0.0,5.316666666666653,2.3503481235214363e-23,0.5063501698083578,0.004693551842894596,1.0,0.05864625922284004,0.0,
27.816666666666666,0.0,0.0,0.0,0.0,5.33333333333332,2.115313311169293e-23,0.5057594279435814,0.004615325978846353,1.0,0.05786430909986884,0.0,
27.833333333333332,0.0,0.0,0.0,0.0,5.349999999999986,1.9037819800523635e-23,0.5051693752776473,0.004538403879198914,1.0,0.05709278497853725,0.0,
27.849999999999998,0.0,0.0,0.0,0.0,5.366666666666653,1.7134037820471272e-23,0.50458001100649,0.004462763814545599,1.0,0.05633154784549009,0.0,
27.866666666666667,0.0,0.0,0.0,0.0,5.3833333333333195,1.5420634038424145e-23,0.5039913343269824,0.004388384417636506,1.0,0.05558046054088356,0.0,
27.883333333333333,0.0,0.0,0.0,0.0,5.399999999999986,1.387857063458173e-23,0.5034033444369342,0.004315244677342564,1.0,0.05483938773367178,0.0,
27.9,0.0,0.0,0.0,0.0,5.416666666666653,1.2490713571123558e-23,0.5028160405350911,0.004243323932720188,1.0,0.19224152923055618,0.0,micro_nod_ready
27.916666666666668,0.0,0.0,0.0,0.0,5.433333333333319,1.1241642214011202e-23,0.5022294218211335,0.004172601867174852,1.0,0.18967830884081543,0.0,
27.933333333333334,0.0,0.0,0.0,0.0,5.449999999999986,1.0117477992610082e-23,0.5016434874956756,0.004103058502721938,1.0,0.18714926472293789,0.0,
27.95,0.0,0.0,0.0,0.0,5.466666666666653,9.105730193349074e-24,0.501058236760264,0.004034674194343239,1.0,0.18465394119329873,0.0,
27.966666666666665,0.0,0.0,0.0,0.0,5.483333333333319,8.195157174014167e-24,0.500473668817377,0.003967429624437518,1.0,0.18219188864405475,0.0,
27.983333333333334,0.0,0.0,0.0,0.0,5.499999999999986,7.37564145661275e-24,0.49988978287042335,0.003901305797363559,1.0,0.17976266346213401,0.0,
