time,speech_onset,user_speaking,speech_energy,approach_velocity,silence_duration,orient,settle,fidget_inhibit,ttp,recovery,freeze_val,events
0.0,0.0,0.0,0.0,0.0,0.016666666666666666,0.0,0.0,0.0,0.0050013888888888886,0.0,0.0,
0.016666666666666666,0.0,0.0,0.0,0.0,0.03333333333333333,0.0,0.0,0.0,0.010004166666666666,0.0,0.0,
0.03333333333333333,0.0,0.0,0.0,0.0,0.05,0.0,0.0,0.0,0.015008333333333332,0.0,0.0,
0.05,0.0,0.0,0.0,0.0,0.06666666666666667,0.0,0.0,0.0,0.020013888888888887,0.0,0.0,
0.06666666666666667,0.0,0.0,0.0,0.0,0.08333333333333333,0.0,0.0,0.0,0.025020833333333332,0.0,0.0,
0.08333333333333333,0.0,0.0,0.0,0.0,0.09999999999999999,0.0,0.0,0.0,0.030029166666666666,0.0,0.0,
0.1,0.0,0.0,0.0,0.0,0.11666666666666665,0.0,0.0,0.0,0.03503888888888889,0.0,0.0,
0.11666666666666667,0.0,0.0,0.0,0.0,0.13333333333333333,0.0,0.0,0.0,0.04005,0.0,0.0,
0.13333333333333333,0.0,0.0,0.0,0.0,0.15,0.0,0.0,0.0,0.045062500000000005,0.0,0.0,
0.15,0.0,0.0,0.0,0.0,0.16666666666666666,0.0,0.0,0.0,0.05007638888888889,0.0,0.0,
0.16666666666666666,0.0,0.0,0.0,0.0,0.18333333333333332,0.0,0.0,0.0,0.05509166666666667,0.0,0.0,
0.18333333333333332,0.0,0.0,0.0,0.0,0.19999999999999998,0.0,0.0,0.0,0.06010833333333334,0.0,0.0,
0.2,0.0,0.0,0.0,0.0,0.21666666666666665,0.0,0.0,0.0,0.0651263888888889,0.0,0.0,
0.21666666666666667,0.0,0.0,0.0,0.0,0.2333333333333333,0.0,0.0,0.0,0.07014583333333334,0.0,0.0,
0.23333333333333334,0.0,0.0,0.0,0.0,0.24999999999999997,0.0,0.0,0.0,0.07516666666666667,0.0,0.0,
0.25,0.0,0.0,0.0,0.0,0.26666666666666666,0.0,0.0,0.0,0.08018888888888889,0.0,0.0,
0.26666666666666666,0.0,0.0,0.0,0.0,0.2833333333333333,0.0,0.0,0.0,0.0852125,0.0,0.0,
0.2833333333333333,0.0,0.0,0.0,0.0,0.3,0.0,0.0,0.0,0.0902375,0.0,0.0,
0.3,0.0,0.0,0.0,0.0,0.31666666666666665,0.0,0.0,0.0,0.09526388888888888,0.0,0.0,
0.31666666666666665,0.0,0.0,0.0,0.0,0.3333333333333333,0.0,0.0,0.0,0.10029166666666667,0.0,0.0,
0.3333333333333333,0.0,0.0,0.0,0.0,0.35,0.0,0.0,0.0,0.10532083333333334,0.0,0.0,
0.35,0.0,0.0,0.0,0.0,0.36666666666666664,0.0,0.0,0.0,0.11035138888888889,0.0,0.0,
0.36666666666666664,0.0,0.0,0.0,0.0,0.3833333333333333,0.0,0.0,0.0,0.11538333333333334,0.0,0.0,
0.3833333333333333,0.0,0.0,0.0,0.0,0.39999999999999997,0.0,0.0,0.0,0.12041666666666667,0.0,0.0,
0.4,0.0,0.0,0.0,0.0,0.41666666666666663,0.0,0.0,0.0,0.1254513888888889,0.0,0.0,
0.4166666666666667,0.0,0.0,0.0,0.0,0.4333333333333333,0.0,0.0,0.0,0.1304875,0.0,0.0,
0.43333333333333335,0.0,0.0,0.0,0.0,0.44999999999999996,0.0,0.0,0.0,0.135525,0.0,0.0,
0.45,0.0,0.0,0.0,0.0,0.4666666666666666,0.0,0.0,0.0,0.1405638888888889,0.0,0.0,
0.4666666666666667,0.0,0.0,0.0,0.0,0.4833333333333333,0.0,0.0,0.0,0.14560416666666667,0.0,0.0,
0.48333333333333334,0.0,0.0,0.0,0.0,0.49999999999999994,0.0,0.0,0.0,0.15064583333333334,0.0,0.0,
0.5,0.0,0.0,0.0,0.0,0.5166666666666666,0.0,0.0,0.0,0.1556888888888889,0.0,0.0,
0.5166666666666666,0.0,0.0,0.0,0.0,0.5333333333333333,0.0,0.0,0.0,0.16073333333333334,0.0,0.0,
0.5333333333333333,0.0,0.0,0.0,0.0,0.55,0.0,0.0,0.0,0.16577916666666667,0.0,0.0,
0.55,0.0,0.0,0.0,0.0,0.5666666666666668,0.0,0.0,0.0,0.1708263888888889,0.0,0.0,
0.5666666666666667,0.0,0.0,0.0,0.0,0.5833333333333335,0.0,0.0,0.0,0.175875,0.0,0.0,
0.5833333333333334,0.0,0.0,0.0,0.0,0.6000000000000002,0.0,0.0,0.0,0.180925,0.0,0.0,
0.6,0.0,0.0,0.0,0.0,0.6166666666666669,0.0,0.0,0.0,0.1859763888888889,0.0,0.0,
0.6166666666666667,0.0,0.0,0.0,0.0,0.6333333333333336,0.0,0.0,0.0,0.19102916666666667,0.0,0.0,
0.6333333333333333,0.0,0.0,0.0,0.0,0.6500000000000004,0.0,0.0,0.0,0.19608333333333333,0.0,0.0,
0.65,0.0,0.0,0.0,0.0,0.6666666666666671,0.0,0.0,0.0,0.2011388888888889,0.0,0.0,
0.6666666666666666,0.0,0.0,0.0,0.0,0.6833333333333338,0.0,0.0,0.0,0.20619583333333333,0.0,0.0,
0.6833333333333333,0.0,0.0,0.0,0.0,0.7000000000000005,0.0,0.0,0.0,0.21125416666666666,0.0,0.0,
0.7,0.0,0.0,0.0,0.0,0.7166666666666672,0.0,0.0,0.0,0.2163138888888889,0.0,0.0,
0.7166666666666667,0.0,0.0,0.0,0.0,0.733333333333334,0.0,0.0,0.0,0.221375,0.0,0.0,
0.7333333333333333,0.0,0.0,0.0,0.0,0.7500000000000007,0.0,0.0,0.0,0.22643749999999999,0.0,0.0,
0.75,0.0,0.0,0.0,0.0,0.7666666666666674,0.0,0.0,0.0,0.23150138888888888,0.0,0.0,
0.7666666666666666,0.0,0.0,0.0,0.0,0.7833333333333341,0.0,0.0,0.0,0.23656666666666665,0.0,0.0,
0.7833333333333333,0.0,0.0,0.0,0.0,0.8000000000000008,0.0,0.0,0.0,0.2416333333333333,0.0,0.0,
0.8,0.0,0.0,0.0,0.0,0.8166666666666675,0.0,0.0,0.0,0.24670138888888887,0.0,0.0,
0.8166666666666667,0.0,0.0,0.0,0.0,0.8333333333333343,0.0,0.0,0.0,0.25177083333333333,0.0,0.0,
0.8333333333333334,0.0,0.0,0.0,0.0,0.850000000000001,0.0,0.0,0.0,0.2568416666666667,0.0,0.0,
0.85,0.0,0.0,0.0,0.0,0.8666666666666677,0.0,0.0,0.0,0.2619138888888889,0.0,0.0,
0.8666666666666667,0.0,0.0,0.0,0.0,0.8833333333333344,0.0,0.0,0.0,0.2669875,0.0,0.0,
0.8833333333333333,0.0,0.0,0.0,0.0,0.9000000000000011,0.0,0.0,0.0,0.2720625,0.0,0.0,
0.9,0.0,0.0,0.0,0.0,0.9166666666666679,0.0,0.0,0.0,0.2771388888888889,0.0,0.0,
0.9166666666666666,0.0,0.0,0.0,0.0,0.9333333333333346,0.0,0.0,0.0,0.28221666666666667,0.13813333333333336,0.0,micro_nod_ready
0.9333333333333333,0.0,0.0,0.0,0.0,0.9500000000000013,0.0,0.0,0.0,0.28712043277777777,0.13629155555555558,0.0,
0.95,0.0,0.0,0.0,0.0,0.966666666666668,0.0,0.0,0.0,0.29202787912839506,0.13447433481481483,0.0,
0.9666666666666667,0.0,0.0,0.0,0.0,0.9833333333333347,0.0,0.0,0.0,0.29693897579815637,0.13268134368395063,0.0,
0.9833333333333333,0.0,0.0,0.0,0.0,1.0000000000000013,0.0,0.0,0.0,0.30185369325722466,0.13091225910149795,0.0,
1.0,0.0,0.0,0.0,0.0,1.016666666666668,0.0,0.0,0.0,0.30677200236119323,0.12916676231347798,0.0,
1.0166666666666666,0.0,0.0,0.0,0.0,1.0333333333333345,0.0,0.0,0.0,0.3116938743460571,0.12744453881596493,0.0,
1.0333333333333332,0.0,0.0,0.0,0.0,1.0500000000000012,0.0,0.0,0.0,0.3166192808232505,0.12574527829841872,0.0,
1.05,0.0,0.0,0.0,0.0,1.0666666666666678,0.0,0.0,0.0,0.32154819377474864,0.12406867458777314,0.0,
1.0666666666666667,0.0,0.0,0.0,0.0,1.0833333333333344,0.0,0.0,0.0,0.3264805855482333,0.1224144255932695,0.0,
1.0833333333333333,0.0,0.0,0.0,0.0,1.100000000000001,0.0,0.0,0.0,0.33141642885232186,0.1207822332520259,0.0,
1.1,0.0,0.0,0.0,0.0,1.1166666666666676,0.0,0.0,0.0,0.3363556967518583,0.11917180347533222,0.0,
1.1166666666666667,0.0,0.0,0.0,0.0,1.1333333333333342,0.0,0.0,0.0,0.3412983626632654,0.11758284609566112,0.0,
1.1333333333333333,0.0,0.0,0.0,0.0,1.1500000000000008,0.0,0.0,0.0,0.3462444003499581,0.11601507481438564,0.0,
1.15,0.0,0.0,0.0,0.0,1.1666666666666674,0.0,0.0,0.0,0.3511937839178162,0.11446820715019383,0.0,
1.1666666666666667,0.0,0.0,0.0,0.0,1.183333333333334,0.0,0.0,0.0,0.35614648781071606,0.11294196438819125,0.0,
1.1833333333333333,0.0,0.0,0.0,0.0,1.2000000000000006,0.0,0.0,0.0,0.3611024868061211,0.11143607152968203,0.0,
1.2,0.0,0.0,0.0,0.0,1.2166666666666672,0.0,0.0,0.0,0.36606175601072927,0.1099502572426196,0.0,
1.2166666666666666,0.0,0.0,0.0,0.0,1.2333333333333338,0.0,0.0,0.0,0.3710242708561774,0.108484253812718,0.0,
1.2333333333333334,0.0,0.0,0.0,0.0,1.2500000000000004,0.0,0.0,0.0,0.3759900070948018,0.1070377970952151,0.0,
1.25,0.0,0.0,0.0,0.0,1.266666666666667,0.0,0.0,0.0,0.3809589407954539,0.1056106264672789,0.0,
1.2666666666666666,0.0,0.0,0.0,0.0,1.2833333333333337,0.0,0.0,0.0,0.3859310483393705,0.10420248478104852,0.0,
1.2833333333333332,0.0,0.0,0.0,0.0,1.3000000000000003,0.0,0.0,0.0,0.390906306416098,0.10281311831730121,0.0,
1.3,0.0,0.0,0.0,0.0,1.3166666666666669,0.0,0.0,0.0,0.3958846920194698,0.10144227673973719,0.0,
1.3166666666666667,0.0,0.0,0.0,0.0,1.3333333333333335,0.0,0.0,0.0,0.4008661824436357,0.10008971304987402,0.0,
1.3333333333333333,0.0,0.0,0.0,0.0,1.35,0.0,0.0,0.0,0.4058507552791438,0.09875518354254237,0.0,
1.35,0.0,0.0,0.0,0.0,1.3666666666666667,0.0,0.0,0.0,0.4108383884090731,0.09743844776197513,0.0,
1.3666666666666667,0.0,0.0,0.0,0.0,1.3833333333333333,0.0,0.0,0.0,0.4158290600052164,0.09613926845848213,0.0,
1.3833333333333333,0.0,0.0,0.0,0.0,1.4,0.0,0.0,0.0,0.4208227485243133,0.09485741154570236,0.0,
1.4,0.0,0.0,0.0,0.0,1.4166666666666665,0.0,0.0,0.0,0.4258194327043321,0.09359264605842633,0.0,
1.4166666666666667,0.0,0.0,0.0,0.0,1.4333333333333331,0.0,0.0,0.0,0.4308190915608004,0.09234474411098065,0.0,
1.4333333333333333,0.0,0.0,0.0,0.0,1.4499999999999997,0.0,0.0,0.0,0.4358217043831833,0.09111348085616758,0.0,
1.45,0.0,0.0,0.0,0.0,1.4666666666666663,0.0,0.0,0.0,0.44082725073130913,0.089898634444752,0.0,
1.4666666666666666,0.0,0.0,0.0,0.0,1.483333333333333,0.0,0.0,0.0,0.4458357104318415,0.08869998598548864,0.0,
1.4833333333333334,0.0,0.0,0.0,0.0,1.4999999999999996,0.0,0.0,0.0,0.4508470635747976,0.08751731950568213,0.0,
1.5,0.0,0.0,0.0,0.0,1.5166666666666662,0.0,0.0,0.0,0.45586129051011165,0.08635042191227303,0.0,
1.5166666666666666,0.0,0.0,0.0,0.0,1.5333333333333328,0.0,0.0,0.0,0.4608783718442436,0.08519908295344272,0.0,
1.5333333333333332,0.0,0.0,0.0,0.0,1.5499999999999994,0.0,0.0,0.0,0.4658982884368314,0.08406309518073016,0.0,
1.55,0.0,0.0,0.0,0.0,1.566666666666666,0.0,0.0,0.0,0.4709210213973878,0.08294225391165376,0.0,
1.5666666666666667,0.0,0.0,0.0,0.0,1.5833333333333326,0.0,0.0,0.0,0.47594655208203934,0.08183635719283171,0.0,
1.5833333333333333,0.0,0.0,0.0,0.0,1.5999999999999992,0.0,0.0,0.0,0.48097486209030854,0.08074520576359395,0.0,
1.6,0.0,0.0,0.0,0.0,1.6166666666666658,0.0,0.0,0.0,0.4860059332619377,0.07966860302007936,0.0,
1.6166666666666667,0.0,0.0,0.0,0.0,1.6333333333333324,0.0,0.0,0.0,0.49103974767375425,0.07860635497981164,0.0,
1.6333333333333333,0.0,0.0,0.0,0.0,1.649999999999999,0.0,0.0,0.0,0.4960762876365771,0.07755827024674748,0.0,
1.65,0.0,0.0,0.0,0.0,1.6666666666666656,0.0,0.0,0.0,0.5011155356921628,0.07652415997679085,0.0,
1.6666666666666667,0.0,0.0,0.0,0.0,1.6833333333333322,0.0,0.0,0.0,0.5061574746101927,0.07550383784376698,0.0,
1.6833333333333333,0.0,0.0,0.0,0.0,1.6999999999999988,0.0,0.0,0.0,0.5112020873852977,0.07449712000585008,0.0,
1.7,0.0,0.0,0.0,0.0,1.7166666666666655,0.0,0.0,0.0,0.5162493572341236,0.07350382507243874,0.0,
1.7166666666666666,0.0,0.0,0.0,0.0,1.733333333333332,0.0,0.0,0.0,0.5212992675924332,0.0725237740714729,0.0,
1.7333333333333334,0.0,0.0,0.0,0.0,1.7499999999999987,0.0,0.0,0.0,0.5263518021122475,0.07155679041718659,0.0,
1.75,0.0,0.0,0.0,0.0,1.7666666666666653,0.0,0.0,0.0,0.5314069446590232,0.07060269987829076,0.0,
1.7666666666666666,0.0,0.0,0.0,0.0,1.7833333333333319,0.0,0.0,0.0,0.5364646793088673,0.06966133054658022,0.0,
1.7833333333333332,0.0,0.0,0.0,0.0,1.7999999999999985,0.0,0.0,0.0,0.5415249903457886,0.06873251280595916,0.0,
1.8,0.0,0.0,0.0,0.0,1.816666666666665,0.0,0.0,0.0,0.546587862258984,0.0678160793018797,0.0,
1.8166666666666667,0.0,0.0,0.0,0.0,1.8333333333333317,0.0,0.0,0.0,0.5516532797401611,0.06691186491118797,0.0,
1.8333333333333333,0.0,0.0,0.0,0.0,1.8499999999999983,0.0,0.0,0.0,0.5567212276808953,0.06601970671237213,0.0,
1.8499999999999999,0.0,0.0,0.0,0.0,1.866666666666665,0.0,0.0,0.0,0.5617916911700216,0.06513944395620717,0.0,
1.8666666666666667,0.0,0.0,0.0,0.0,1.8833333333333315,0.0,0.0,0.0,0.56686465549106,0.06427091803679108,0.0,
1.8833333333333333,0.0,0.0,0.0,0.0,1.8999999999999981,0.0,0.0,0.0,0.571940106119675,0.0634139724629672,0.0,
1.9,0.0,0.0,0.0,0.0,1.9166666666666647,0.0,0.0,0.0,0.5770180287211681,0.06256845283012764,0.0,
1.9166666666666667,0.0,0.0,0.0,0.0,1.9333333333333313,0.0,0.0,0.0,0.5820984091480026,0.06173420679239261,0.0,
1.9333333333333333,0.0,0.0,0.0,0.0,1.949999999999998,0.0,0.0,0.0,0.5871812334373612,0.060911084035160705,0.0,
1.95,0.0,0.0,0.0,0.0,1.9666666666666646,0.0,0.0,0.0,0.5922664878087353,0.06009893624802523,0.0,
1.9666666666666666,0.0,0.0,0.0,0.0,1.9833333333333312,0.0,0.0,0.0,0.5973541586615455,0.059297617098051564,0.0,
1.9833333333333334,0.0,0.0,0.0,0.0,1.9999999999999978,0.0,0.0,0.0,0.6024442325727939,0.05850698220341088,0.0,
2.0,1.0,1.0,0.0,0.0,0.0,1.4400000000000002,0.004994166666666667,0.05,0.597925900828498,0.3537268891073654,0.0,gaze_shift
2.0166666666666666,0.0,1.0,0.04302644898502155,0.0,0.0,1.2960000000000003,0.009957565104861111,0.0975,0.5934414565722842,0.34901053058593384,0.0,
2.033333333333333,0.0,1.0,0.08218360546022263,0.0,0.0,1.1664000000000003,0.014890384872510912,0.142625,0.5889906456479921,0.34435705684478807,0.0,
2.05,0.0,1.0,0.09405530172102154,0.0,0.0,1.0497600000000002,0.01979281435970885,0.18549375,0.5845732158056322,0.3397656294201909,0.0,
2.0666666666666664,0.0,1.0,0.18783227652871443,0.0,0.0,0.9447840000000002,0.02466504079590774,0.2262190625,0.5801889166870899,0.3352354210279217,0.0,
2.0833333333333335,0.0,1.0,0.22226598092016378,0.0,0.0,0.8503056000000002,0.029507250257070954,0.26490810937500003,0.5758374998119368,0.33076561541421606,0.0,
2.1,0.0,1.0,0.22852187058558882,0.0,0.0,0.7652750400000002,0.03431962767277885,0.30166270390625005,0.5715187185633472,0.32635540720869316,0.0,
2.1166666666666667,0.0,1.0,0.3174604047737381,0.0,0.0,0.6887475360000002,0.039102356833291475,0.3365795687109375,0.5672323281741222,0.32200400177924393,0.0,
2.1333333333333333,0.0,1.0,0.346822767964788,0.0,0.0,0.6198727824000001,0.04385562039656771,0.36975059027539064,0.5629780857128163,0.317710615088854,0.0,
2.15,0.0,1.0,0.3780032888586588,0.0,0.0,0.55788550416,0.04857959989524119,0.4012630607616211,0.5587557500699701,0.31347447355433594,0.0,
2.1666666666666665,0.0,1.0,0.3907837049766084,0.0,0.0,0.5020969537440001,0.053274475743553255,0.43119990772354005,0.5545650819444453,0.3092948139069448,0.0,
2.183333333333333,0.0,1.0,0.45313122733006683,0.0,0.0,0.4518872583696001,0.05794042724424318,0.45963991233736307,0.550405843829862,0.3051708830548522,0.0,
2.2,0.0,1.0,0.3744170063732002,0.0,0.0,0.4066985325326401,0.06257763259539594,0.4866579167204949,0.546277800001138,0.30110193794745416,0.0,
2.216666666666667,0.0,1.0,0.43663309569430897,0.0,0.0,0.3660286792793761,0.0671862688972478,0.5123250208844702,0.5421807165011295,0.2970872454414881,0.0,
2.2333333333333334,0.0,1.0,0.421668864149869,0.0,0.0,0.3294258113514385,0.07176651215895001,0.5367087698402466,0.5381143611273711,0.29312608216893493,0.0,
2.25,0.0,1.0,0.5426257228312505,0.0,0.0,0.29648323021629464,0.07631853730529074,0.5598733313482342,0.5340785034189158,0.28921773440668247,0.0,
2.2666666666666666,0.0,1.0,0.5050347666838712,0.0,0.0,0.2668349071946652,0.08084251818337573,0.5818796647808225,0.530072914643274,0.2853614979479267,0.0,
2.283333333333333,0.0,1.0,0.48951746240776683,0.0,0.0,0.24015141647519866,0.08533862756926765,0.6027856815417814,0.5260973677834494,0.28155667797528766,0.0,
2.3,0.0,1.0,0.4561709845171787,0.0,0.0,0.2161362748276788,0.08980703717458466,0.6226463974646923,0.5221516375250735,0.27780258893561716,0.0,
2.3166666666666664,0.0,1.0,0.5225443484968286,0.0,0.0,0.19452264734491093,0.09424791765305823,0.6415140775914577,0.5182355002436355,0.27409855441647557,0.0,
2.3333333333333335,0.0,1.0,0.5643745212837574,0.0,0.0,0.17507038261041982,0.09866143860705068,0.6594383737118849,0.5143487339918082,0.2704439070242559,0.0,
2.35,0.0,1.0,0.546216973245421,0.0,0.0,0.15756334434937785,0.1030477685940324,0.6764664550262907,0.5104911184868697,0.2668379882639325,0.0,
2.3666666666666667,0.0,1.0,0.7552876577277845,0.0,0.0,0.14180700991444006,0.10740707513301934,0.6926431322749761,0.5066624350982182,0.2632801484204134,0.0,
2.3833333333333333,0.0,1.0,0.7449250133264429,0.0,0.0,0.12762630892299606,0.11173952471097066,0.7080109756612273,0.5028624668349816,0.25976974644147455,0.0,
2.4,0.0,1.0,0.3246605025240836,0.0,0.0,0.11486367803069646,0.11604528278914716,0.7226104268781659,0.4990909983337192,0.25630614982225486,0.0,
2.4166666666666665,0.0,1.0,0.4492003149941307,0.0,0.0,0.1033773102276268,0.12032451380943036,0.7364799055342576,0.49534781584621634,0.25288873449129146,0.0,
2.433333333333333,0.0,1.0,0.6790273489533801,0.0,0.0,0.09303957920486412,0.12457738120060277,0.7496559102575447,0.49163270722736974,0.24951688469807423,0.0,
2.45,0.0,1.0,0.6700478287294925,0.0,0.0,0.08373562128437771,0.1288040473845894,0.7621731147446675,0.48794546192316446,0.24618999290209992,0.0,
2.466666666666667,0.0,1.0,0.7622397000782771,0.0,0.0,0.07536205915593994,0.13300467378266084,0.7740644590074341,0.4842858709587407,0.24290745966340524,0.0,
2.4833333333333334,0.0,1.0,0.7726712143516145,0.0,0.0,0.06782585324034594,0.13717942082159817,0.7853612360570624,0.4806537269265502,0.23966869353455983,0.0,
2.5,0.0,1.0,1.0,0.0,0.0,0.06104326791631135,0.14132844793981977,0.7960931742542093,0.477048823974601,0.23647311095409904,0.0,
2.5166666666666666,0.0,1.0,0.6131500911058332,0.0,0.0,0.054938941124680216,0.14545191359347054,0.8062885155414988,0.47347095779479154,0.23332013614137773,0.0,
2.533333333333333,0.0,1.0,0.6912899395232043,0.0,0.0,0.049445047012212195,0.14954997526247343,0.8159740897644239,0.4699199256113306,0.23020920099282602,0.0,
2.55,0.0,1.0,0.9658432710177346,0.0,0.0,0.04450054231099097,0.15362278945654387,0.8251753852762027,0.4663955261692456,0.22713974497958833,0.0,
2.5666666666666664,0.0,1.0,0.7776043595442224,0.0,0.0,0.04005048807989188,0.15767051172116703,0.8339166160123925,0.4628975597229763,0.22411121504652715,0.0,
2.5833333333333335,0.0,1.0,0.7554495091954034,0.0,0.0,0.03604543927190269,0.1616932966435382,0.8422207852117729,0.459425828025054,0.22112306551257346,0.0,
2.6,0.0,1.0,0.5883192353975043,0.0,0.0,0.03244089534471242,0.1656912978584668,0.8501097459511843,0.4559801343148661,0.21817475797240582,0.0,
2.6166666666666667,0.0,1.0,0.42634907498707,0.0,0.0,0.02919680581024118,0.16966466805424377,0.8576042586536251,0.45256028330750464,0.2152657611994404,0.0,
2.6333333333333333,0.0,1.0,0.6200957693067292,0.0,0.0,0.02627712522921706,0.17361355897847291,0.8647240457209439,0.44916608118269835,0.21239555105011454,0.0,
2.65,0.0,1.0,0.592371012419931,0.0,0.0,0.023649412706295354,0.17753812144386638,0.8714878434348967,0.4457973355738281,0.20956361036944635,0.0,
2.6666666666666665,0.0,1.0,0.4161152131122075,0.0,0.0,0.02128447143566582,0.1814385053340043,0.8779134512631519,0.4424538555570244,0.20676942889785374,0.0,
2.683333333333333,0.0,1.0,0.47142021795742584,0.0,0.0,0.019156024292099238,0.18531485960905905,0.8840177786999943,0.4391354516403467,0.20401250317921568,0.0,
2.7,0.0,1.0,0.5413547584327327,0.0,0.0,0.017240421862889314,0.18916733231148425,0.8898168897649946,0.4358419357530441,0.20129233647015948,0.0,
2.716666666666667,0.0,1.0,0.44003722260379985,0.0,0.0,0.015516379676600384,0.1929960705716686,0.8953260452767449,0.4325731212348963,0.19860843865055736,0.0,
2.7333333333333334,0.0,1.0,0.55160506347929,0.0,0.0,0.013964741708940345,0.19680122061355496,0.9005597430129076,0.42932882282563456,0.19596032613521658,0.0,
2.75,0.0,1.0,0.5907472851776798,0.0,0.0,0.01256826753804631,0.20058292776022493,0.9055317558622623,0.4261088566544423,0.19334752178674702,0.0,
2.7666666666666666,0.0,1.0,0.604270348446658,0.0,0.0,0.01131144078424168,0.20434133643944882,0.9102551680691492,0.422913040229534,0.1907695548295904,0.0,
2.783333333333333,0.0,1.0,0.5633630964920299,0.0,0.0,0.01018029670581751,0.20807659018920144,0.9147424096656918,0.4197411924278125,0.18822596076519588,0.0,
2.8,0.0,1.0,0.7212497686142986,0.0,0.0,0.009162267035235759,0.21178883166314413,0.9190052891824072,0.4165931334846039,0.1857162812883266,0.0,
2.8166666666666664,0.0,1.0,0.7828219390241309,0.0,0.0,0.008246040331712183,0.21547820263607279,0.9230550247232868,0.4134686849834694,0.18324006420448224,0.0,
2.8333333333333335,0.0,1.0,0.7385017965479879,0.0,0.0,0.0074214362985409645,0.2191448440093324,0.9269022734871225,0.41036766984609335,0.1807968633484225,0.0,
2.85,0.0,1.0,0.6225230508318181,0.0,0.0,0.006679292668686868,0.22278889581619823,0.9305571598127664,0.40728991232224765,0.17838623850377686,0.0,
2.8666666666666667,0.0,1.0,0.8244008144326966,0.0,0.0,0.006011363401818181,0.22641049722722392,0.9340293018221281,0.4042352379798308,0.1760077553237265,0.0,
2.8833333333333333,0.0,1.0,0.6864197804128606,0.0,0.0,0.005410227061636363,0.23000978655555654,0.9373278367310217,0.40120347369498205,0.17366098525274348,0.0,
2.9,0.0,1.0,0.8554992741945583,0.0,0.0,0.004869204355472726,0.23358690126221884,0.9404614448944706,0.3981944476422697,0.17134550544937358,0.0,
2.9166666666666665,0.0,1.0,0.6179780926036137,0.0,0.0,0.004382283919925453,0.2371419779613592,0.9434383726497471,0.39520798928495265,0.1690608987100486,0.0,
2.933333333333333,0.0,1.0,0.8463386047538978,0.0,0.0,0.003944055527932908,0.2406751524254689,0.9462664540172597,0.3922439293653155,0.1668067533939146,0.0,
2.95,0.0,1.0,0.7183030635647968,0.0,0.0,0.003549649975139617,0.24418655959056768,0.9489531313163967,0.38930209989507564,0.1645826633486624,0.0,
2.966666666666667,0.0,1.0,0.5501501331598703,0.0,0.0,0.003194684977625655,0.24767633356135677,0.9515054747505769,0.3863823341458626,0.16238822783734688,0.0,
2.9833333333333334,0.0,1.0,0.6382139678742303,0.0,0.0,0.0028752164798630897,0.2511446076163409,0.953930201013048,0.38348446663976865,0.16022305146618226,0.0,
3.0,0.0,1.0,0.6564922734525859,0.0,0.0,0.0025876948318767808,0.2545915142129179,0.9562336909623956,0.3806083331399704,0.15808674411329984,0.0,
3.0166666666666666,0.0,1.0,0.6568530561894828,0.0,0.0,0.0023289253486891027,0.2580171849924378,0.9584220064142759,0.3777537706414206,0.15597892085845586,0.0,
3.033333333333333,0.0,1.0,0.4821374250070829,0.0,0.0,0.0020960328138201925,0.2614217507852302,0.9605009060935621,0.37492061736161,0.15389920191367645,0.0,
3.05,0.0,1.0,0.44640455622152264,0.0,0.0,0.0018864295324381732,0.2648053416156009,0.962475860788884,0.3721087127313979,0.15184721255482744,0.0,
3.0666666666666664,0.0,1.0,0.5873476035632063,0.0,0.0,0.0016977865791943558,0.2681680867067974,0.9643520677494398,0.3693178973859124,0.1498225830540964,0.0,
3.0833333333333335,0.0,1.0,0.4973974633455168,0.0,0.0,0.0015280079212749201,0.27151011448594464,0.9661344643619678,0.36654801315551805,0.1478249486133751,0.0,
3.1,0.0,1.0,0.5782606734076271,0.0,0.0,0.0013752071291474282,0.2748315525889492,0.9678277411438694,0.36379890305685164,0.1458539492985301,0.0,
3.1166666666666667,0.0,1.0,0.6445497600684986,0.0,0.0,0.0012376864162326855,0.2781325278653741,0.9694363540866759,0.36107041128392525,0.1439092299745497,0.0,
3.1333333333333333,0.0,1.0,0.3655429756594423,0.0,0.0,0.0011139177746094168,0.28141316638328356,0.9709645363823421,0.3583623831992958,0.1419904402415557,0.0,
3.15,0.0,1.0,0.609815895863459,0.0,0.0,0.001002525997148475,0.28467359343405724,0.972416309563225,0.35567466532530106,0.14009723437166827,0.0,
3.1666666666666665,0.0,1.0,0.7469576361042876,0.0,0.0,0.0009022733974336276,0.2879139335371756,0.9737954940850637,0.3530071053353613,0.1382292712467127,0.0,
3.183333333333333,0.0,1.0,0.5884148741652908,0.0,0.0,0.0008120460576902648,0.2911343104449753,0.9751057193808106,0.3503595520453461,0.1363862142967565,0.0,
3.2,0.0,1.0,0.5527022500114914,0.0,0.0,0.0007308414519212383,0.29433484714737557,0.9763504334117701,0.347731855405006,0.13456773143946643,0.0,
3.216666666666667,0.0,1.0,0.7661511637718033,0.0,0.0,0.0006577573067291145,0.2975156658765751,0.9775329117411816,0.34512386648946847,0.13277349502027355,0.0,
3.2333333333333334,0.0,1.0,0.7304135819449771,0.0,0.0,0.0005919815760562031,0.30067688811172044,0.9786562661541225,0.34253543749079746,0.13100318175333658,0.0,
3.25,0.0,1.0,0.8282166466119616,0.0,0.0,0.0005327834184505828,0.3038186345835455,0.9797234528464164,0.3399664217096165,0.1292564726632921,0.0,
3.2666666666666666,0.0,1.0,0.6951766551722902,0.0,0.0,0.0004795050766055245,0.3069410252789821,0.9807372802040956,0.3374166735467944,0.12753305302778153,0.0,
3.283333333333333,0.0,1.0,0.5687743897822415,0.0,0.0,0.0004315545689449721,0.3100441794457425,0.9817004161938908,0.33488604849519343,0.12583261232074444,0.0,
3.3,0.0,1.0,0.7367987082346499,0.0,0.0,0.0003883991120504749,0.3131282155968738,0.9826153953841963,0.3323744031314795,0.12415484415646785,0.0,
3.3166666666666664,0.0,1.0,0.6930932042675592,0.0,0.0,0.0003495592008454274,0.3161932515152841,0.9834846256149865,0.32988159510799336,0.12249944623438161,0.0,
3.3333333333333335,0.0,1.0,0.8296413990241527,0.0,0.0,0.0003146032807608847,0.3192394042582404,0.9843103943342372,0.32740748314468343,0.12086612028458986,0.0,
3.35,0.0,1.0,0.7439466199239134,0.0,0.0,0.00028314295268479624,0.3222667901618394,0.9850948746175253,0.3249519270210983,0.11925457201412866,0.0,
3.3666666666666667,0.0,1.0,0.5042980921077881,0.0,0.0,0.0002548286574163166,0.3252755248454507,0.985840130886649,0.3225147875684401,0.11766451105394028,0.0,
3.3833333333333333,0.0,1.0,0.5324623348978681,0.0,0.0,0.00022934579167468495,0.328265723216132,0.9865481243423165,0.3200959266616768,0.11609565090655441,0.0,
3.4,0.0,1.0,0.7560546843904712,0.0,0.0,0.00020641121250721645,0.33123749947301795,0.9872207181252007,0.31769520721171424,0.11454770889446701,0.0,
3.4166666666666665,0.0,1.0,0.70568989757989,0.0,0.0,0.0001857700912564948,0.3341909671116813,0.9878596822189407,0.3153124931576264,0.11302040610920745,0.0,
3.433333333333333,0.0,1.0,0.5231707960909815,0.0,0.0,0.0001671930821308453,0.3371262389284674,0.9884666981079937,0.3129476494589442,0.24964680069441803,0.0,micro_nod_ready
3.4499999999999997,0.0,1.0,0.5791634662932722,0.0,0.0,0.00015047377391776078,0.3400434270248023,0.989043363202594,0.31060054208800214,0.24631817668515912,0.0,
3.466666666666667,0.0,1.0,0.6168662860746985,0.0,0.0,0.0001354263965259847,0.34294264281147363,0.9895911950424643,0.3082710380223421,0.243033934329357,0.0,
3.4833333333333334,0.0,1.0,0.6096159376727665,0.0,0.0,0.00012188375687338623,0.34582399701288596,0.9901116352903411,0.30595900523717456,0.23979348187163224,0.0,
3.5,0.0,1.0,0.655149063533722,0.0,0.0,0.00010969538118604761,0.3486875996712891,0.990606053525824,0.30366431269789573,0.23659623544667716,0.0,
3.5166666666666666,0.0,1.0,0.5841856926376805,0.0,0.0,9.872584306744284e-05,0.35153356015098086,0.9910757508495328,0.3013868303526615,0.2334416189740548,0.0,
3.533333333333333,0.0,1.0,0.5520180589453363,0.0,0.0,8.885325876069856e-05,0.354361987142484,0.9915219633070562,0.2991264291250165,0.23032906405440073,0.0,
3.55,0.0,1.0,0.5482275541068033,0.0,0.0,7.99679328846287e-05,0.35717298866669706,0.9919458651417035,0.2968829809065789,0.22725800986700873,0.0,
3.5666666666666664,0.0,1.0,0.7266891360639897,0.0,0.0,7.197113959616584e-05,0.35996667207901967,0.9923485718846183,0.29465635854977956,0.22422790306878193,0.0,
3.5833333333333335,0.0,1.0,0.3540155824803238,0.0,0.0,6.477402563654925e-05,0.3627431440734529,0.9927311432903874,0.2924464358606562,0.2212381976945315,0.0,
3.6,0.0,1.0,0.6333613609890393,0.0,0.0,5.829662307289433e-05,0.36550251068667367,0.993094586125868,0.2902530875917013,0.21828835505860442,0.0,
3.6166666666666667,0.0,1.0,0.6798419169883392,0.0,0.0,5.24669607656049e-05,0.3682448773020848,0.9934398568195746,0.28807618943476354,0.21537784365782303,0.0,
3.6333333333333333,0.0,1.0,0.5289581246955776,0.0,0.0,4.722026468904441e-05,0.3709703486538396,0.9937678639785958,0.28591561801400284,0.21250613907571872,0.0,
3.65,0.0,1.0,0.76064831169522,0.0,0.0,4.249823822013997e-05,0.37367902883084136,0.9940794707796661,0.2837712508788978,0.20967272388804248,0.0,
3.6666666666666665,0.0,1.0,0.6584488188852364,0.0,0.0,3.824841439812597e-05,0.37637102128071936,0.9943754972406827,0.2816429664973061,0.20687708756953524,0.0,
3.683333333333333,0.0,1.0,0.8500859581867964,0.0,0.0,3.4423572958313375e-05,0.3790464288137791,0.9946567223786487,0.27953064424857627,0.20411872640194142,0.0,
3.6999999999999997,0.0,1.0,0.7349289499158808,0.0,0.0,3.0981215662482034e-05,0.38170535360692887,0.9949238862597163,0.2774341644167119,0.20139714338324888,0.0,
3.716666666666667,0.0,1.0,0.8268909715236411,0.0,0.0,2.788309409623383e-05,0.38434789720758217,0.9951776919467304,0.2753534081835866,0.19871184813813889,0.0,
3.7333333333333334,0.0,1.0,0.8828637729989909,0.0,0.0,2.509478468661045e-05,0.3869741605375358,0.9954188073493939,0.2732882576222097,0.19606235682963036,0.0,
3.75,0.0,1.0,0.7666622280442716,0.0,0.0,2.2585306217949402e-05,0.38958424389682417,0.9956478669819242,0.27123859569004316,0.19344819207190195,0.0,
3.7666666666666666,0.0,1.0,0.5949134627892587,0.0,0.0,2.032677559615446e-05,0.3921782469675498,0.995865473632828,0.26920430622236785,0.19086888284427658,0.0,
3.783333333333333,0.0,1.0,0.4941636687056962,0.0,0.0,1.8294098036539015e-05,0.39475626881769055,0.9960721999511866,0.2671852739257001,0.1883239644063529,0.0,
3.8,0.0,1.0,0.8604060941019652,0.0,0.0,1.6464688232885114e-05,0.39731840790488293,0.9962685899536272,0.2651813843712573,0.1858129782142682,0.0,
3.8166666666666664,0.0,1.0,0.610763032307246,0.0,0.0,1.4818219409596604e-05,0.3998647620801823,0.9964551604559458,0.26319252398847287,0.18333547183807797,0.0,
3.8333333333333335,0.0,1.0,0.5173722062838817,0.0,0.0,1.3336397468636943e-05,0.4023954285918,0.9966324024331485,0.2612185800585593,0.18089099888023694,0.0,
3.85,0.0,1.0,0.5966001724486444,0.0,0.0,1.200275772177325e-05,0.40491050408881735,0.9968007823114912,0.2592594407081201,0.1784791188951671,0.0,
3.8666666666666667,0.0,1.0,0.5404280999636383,0.0,0.0,1.0802481949595925e-05,0.4074100846248768,0.9969607431959167,0.25731499490280924,0.1760993973098982,0.0,
3.8833333333333333,0.0,1.0,0.6556644890766159,0.0,0.0,9.722233754636332e-06,0.4098942656618504,0.9971127060361208,0.25538513244103817,0.17375140534576622,0.0,
3.9,0.0,1.0,0.5540713818924521,0.0,0.0,8.7500103791727e-06,0.41236314207348534,0.9972570707343148,0.25346974394773036,0.171434719941156,0.0,
3.9166666666666665,0.0,1.0,0.5550573674053034,0.0,0.0,7.87500934125543e-06,0.4148168081490276,0.997394217197599,0.2515687208681224,0.16914892367527393,0.0,
3.933333333333333,0.0,1.0,0.47764789309760003,0.0,0.0,7.0875084071298874e-06,0.4172553575968228,0.997524506337719,0.24968195546161145,0.16689360469293693,0.0,
3.9499999999999997,0.0,1.0,0.635637493731044,0.0,0.0,6.378757566416899e-06,0.41967888354789507,0.9976482810208331,0.24780934079564937,0.16466835663036444,0.0,
3.966666666666667,0.0,1.0,0.47593599331740233,0.0,0.0,5.740881809775209e-06,0.42208747855950374,0.9977658669697915,0.245950770739682,0.16247277854195957,0.0,
3.9833333333333334,0.0,1.0,0.7040248282614237,0.0,0.0,5.166793628797688e-06,0.42448123461867837,0.9978775736213019,0.24410613995913438,0.1603064748280668,0.0,
4.0,0.0,1.0,0.8328725015588156,0.0,0.0,4.650114265917919e-06,0.4268602431457318,0.9979836949402369,0.2422753439094409,0.15816905516369256,0.0,
4.016666666666667,0.0,1.0,0.4929195799383538,0.0,0.0,4.185102839326127e-06,0.42922459499775145,0.998084510193225,0.24045827883012008,0.15606013442817665,0.0,
4.033333333333333,0.0,1.0,0.40405249223784134,0.0,0.0,3.7665925553935144e-06,0.4315743804720695,0.9981802846835637,0.23865484173889417,0.15397933263580096,0.0,
4.05,0.0,1.0,0.7947361287371727,0.0,0.0,3.389933299854163e-06,0.43390968930971113,0.9982712704493855,0.23686493042585247,0.15192627486732363,0.0,
4.066666666666666,0.0,1.0,1.0,0.0,0.0,3.0509399698687466e-06,0.43623061069882224,0.9983577069269162,0.23508844344765858,0.149900591202426,0.0,
4.083333333333333,0.0,1.0,0.6264816007642796,0.0,0.0,2.7458459728818718e-06,0.43853723327807526,0.9984398215805703,0.23332528012180115,0.14790191665306032,0.0,
4.1,0.0,1.0,0.5999165089437615,0.0,0.0,2.4712613755936847e-06,0.44082964514005457,0.9985178305015419,0.23157534052088763,0.14592989109768617,0.0,
4.116666666666666,0.0,1.0,0.8172688546825639,0.0,0.0,2.2241352380343164e-06,0.4431079338346209,0.9985919389764648,0.22983852546698097,0.1439841592163837,0.0,
4.133333333333333,0.0,1.0,0.6357159495714473,0.0,0.0,2.0017217142308847e-06,0.4453721863722548,0.9986623420276416,0.2281147365259786,0.1420643704268319,0.0,
4.15,0.0,1.0,0.6599876200462461,0.0,0.0,1.8015495428077962e-06,0.44762248922737974,0.9987292249262595,0.22640387600203377,0.1401701788211408,0.0,
4.166666666666667,0.0,1.0,0.6582259039979469,0.0,0.0,1.6213945885270166e-06,0.4498589283416647,0.9987927636799465,0.2247058469320185,0.1383012431035256,0.0,
4.183333333333334,0.0,1.0,0.7397221548652673,0.0,0.0,1.459255129674315e-06,0.45208158912730645,0.9988531254959492,0.22302055308002836,0.13645722652881193,0.0,
4.2,0.0,1.0,0.6013637166328257,0.0,0.0,1.3133296167068836e-06,0.4542905564702913,0.9989104692211517,0.22134789893192813,0.1346377968417611,0.0,
4.216666666666667,0.0,1.0,0.6574640362993676,0.0,0.0,1.1819966550361951e-06,0.45648591473363725,0.9989649457600941,0.21968778968993868,0.1328426262172043,0.0,
4.233333333333333,0.0,1.0,0.5788160089327706,0.0,0.0,1.0637969895325756e-06,0.45866774776061575,0.9990166984720894,0.21804013126726415,0.1310713912009749,0.0,
4.25,0.0,1.0,0.477928789443153,0.0,0.0,9.57417290579318e-07,0.4608361388779539,0.9990658635484849,0.21640483028275967,0.1293237726516286,0.0,
4.266666666666667,0.0,1.0,0.52501830869237,0.0,0.0,8.616755615213862e-07,0.46299117089901665,0.9991125703710607,0.21478179405563896,0.1275994556829402,0.0,
4.283333333333333,0.0,1.0,0.4393594575509429,0.0,0.0,7.755080053692476e-07,0.4651329261269696,0.9991569418525077,0.21317093060022166,0.12589812960716767,0.0,
4.3,0.0,1.0,0.5507817983043699,0.0,0.0,6.979572048323229e-07,0.4672614863579224,0.9991990947598823,0.21157214862072,0.12421948787907211,0.0,
4.316666666666666,0.0,1.0,0.4185434700632165,0.0,0.0,6.281614843490906e-07,0.4693769328840523,0.9992391400218882,0.2099853575060646,0.12256322804068448,0.0,
4.333333333333333,0.0,1.0,0.4322501353061269,0.0,0.0,5.653453359141815e-07,0.4714793464967091,0.9992771830207938,0.20841046732476912,0.12092905166680869,0.0,
4.35,0.0,1.0,0.7541247397179753,0.0,0.0,5.088108023227634e-07,0.47356880748950064,0.9993133238697541,0.20684738881983336,0.11931666431125124,0.0,
4.366666666666666,0.0,1.0,0.593617893563358,0.0,0.0,4.5792972209048707e-07,0.4756453956613591,0.9993476576762664,0.2052960334036846,0.11772577545376789,0.0,
4.383333333333333,0.0,1.0,0.6176498524331023,0.0,0.0,4.1213674988143836e-07,0.47770919031958875,0.9993802747924531,0.20375631315315698,0.11615609844771765,0.0,
4.4,0.0,1.0,0.7113843703901147,0.0,0.0,3.709230748932945e-07,0.4797602702828948,0.9994112610528304,0.2022281408045083,0.11460735046841475,0.0,
4.416666666666667,0.0,1.0,0.6253790642043875,0.0,0.0,3.3383076740396504e-07,0.4817987138843936,0.9994406980001889,0.20071142974847447,0.11307925246216922,0.0,
4.433333333333334,0.0,1.0,0.6725757559026216,0.0,0.0,3.0044769066356853e-07,0.48382459897460417,0.9994686631001795,0.1992060940253609,0.11157152909600697,0.0,
4.45,0.0,1.0,0.7717285263584839,0.0,0.0,2.704029215972117e-07,0.4858380029244215,0.9994952299451705,0.1977120483201707,0.11008390870806022,0.0,
4.466666666666667,0.0,1.0,0.7704924414477718,0.0,0.0,2.4336262943749054e-07,0.4878390026280713,0.999520468447912,0.1962292079577694,0.10861612325861941,0.0,
4.483333333333333,0.0,1.0,0.6074769753970155,0.0,0.0,2.1902636649374148e-07,0.4898276745060468,0.9995444450255164,0.19475748889808614,0.10716790828183782,0.0,
4.5,0.0,1.0,0.8500011116003594,0.0,0.0,1.9712372984436734e-07,0.4918040945080275,0.9995672227742406,0.1932968077313505,0.10573900283807998,0.0,
4.516666666666667,0.0,1.0,0.6757403894342219,0.0,0.0,1.774113568599306e-07,0.49376833811577925,0.9995888616355285,0.19184708167336537,0.10432914946690558,0.0,
4.533333333333333,0.0,1.0,0.6098730663407415,0.0,0.0,1.5967022117393753e-07,0.4957204803460376,0.9996094185537521,0.19040822856081513,0.10293809414068017,0.0,
4.55,0.0,1.0,0.6126536697187689,0.0,0.0,1.437031990565438e-07,0.4976605957533724,0.9996289476260645,0.188980166846609,0.10156558621880443,0.0,
4.566666666666666,0.0,1.0,0.6531345586773621,0.0,0.0,1.293328791508894e-07,0.49958875843303513,0.9996475002447612,0.18756281559525945,0.1002113784025537,0.0,
4.583333333333333,0.0,1.0,0.8711579350650203,0.0,0.0,1.1639959123580047e-07,0.5015050420237889,0.9996651252325232,0.186156094478295,0.09887522669051965,0.0,
4.6,0.0,1.0,0.508935691409507,0.0,0.0,1.0475963211222043e-07,0.5034095197107206,0.999681868970897,0.1847599237697078,0.09755689033464605,0.0,
4.616666666666666,0.0,1.0,0.64332720259387,0.0,0.0,9.428366890099838e-08,0.505302264228036,0.9996977755223521,0.183374224341435,0.09625613179685077,0.0,
4.633333333333333,0.0,1.0,0.34346107702913103,0.0,0.0,8.485530201089855e-08,0.5071833478618377,0.9997128867462345,0.18199891765887424,0.0949727167062261,0.0,
4.65,0.0,1.0,0.5791012899039212,0.0,0.0,7.636977180980869e-08,0.5090528424528856,0.9997272424089227,0.1806339257764327,0.09370641381680976,0.0,
4.666666666666667,0.0,1.0,0.6713454297186771,0.0,0.0,6.873279462882781e-08,0.5109108193993405,0.9997408802884766,0.17927917133310944,0.09245699496591897,0.0,
4.683333333333334,0.0,1.0,0.5250078187237187,0.0,0.0,6.185951516594503e-08,0.512757349659491,0.9997538362740528,0.17793457754811112,0.09122423503304006,0.0,
4.7,0.0,1.0,0.47447740913399905,0.0,0.0,5.567356364935053e-08,0.5145925037544639,0.9997661444603502,0.1766000682165003,0.09000791189926619,0.0,
4.716666666666667,0.0,1.0,0.5811887450581177,0.0,0.0,5.0106207284415474e-08,0.5164163517709165,0.9997778372373327,0.17527556770487654,0.266407806407276,0.0,posture_settle
4.733333333333333,0.0,1.0,0.6474156697596338,0.0,0.0,4.509558655597393e-08,0.5182289633637145,0.999788945375466,0.17396100094708997,0.2628557023218457,0.0,
4.75,0.0,1.0,0.6589282304034341,0.0,0.0,4.058602790037654e-08,0.5200304077585912,0.9997994981066928,0.17265629343998679,0.25935095962422106,0.0,
4.766666666666667,0.0,1.0,0.8366968624715745,0.0,0.0,3.6527425110338886e-08,0.5218207537547919,0.9998095232013582,0.17136137123918688,0.2558929468292314,0.0,
4.783333333333333,0.0,1.0,0.6492181921701,0.0,0.0,3.2874682599305e-08,0.5236000697277009,0.9998190470412903,0.17007616095489297,0.25248104087150836,0.0,
4.8,0.0,1.0,0.5789107880296478,0.0,0.0,2.9587214339374498e-08,0.5253684236314535,0.9998280946892258,0.16880058974773127,0.24911462699322157,0.0,
4.816666666666666,0.0,1.0,0.6607644017118542,0.0,0.0,2.6628492905437047e-08,0.5271258830015308,0.9998366899547646,0.1675345853246233,0.24579309863331195,0.0,
4.833333333333333,0.0,1.0,0.6913001745256213,0.0,0.0,2.3965643614893344e-08,0.528872514957339,0.9998448554570264,0.1662780759346886,0.24251585731820113,0.0,
4.85,0.0,1.0,0.7337591641360287,0.0,0.0,2.156907925340401e-08,0.5306083862047727,0.999852612684175,0.16503099036517843,0.23928231255395846,0.0,
4.866666666666666,0.0,1.0,0.7329992027909111,0.0,0.0,1.941217132806361e-08,0.5323335630387628,0.9998599820499663,0.1637932579374396,0.23609188171990567,0.0,
4.883333333333333,0.0,1.0,0.7674684952964508,0.0,0.0,1.7470954195257247e-08,0.5340481113458081,0.999866982947468,0.1625648085029088,0.23294398996364027,0.0,
4.9,0.0,1.0,0.5494979927261865,0.0,0.0,1.5723858775731524e-08,0.5357520966064918,0.9998736338000946,0.161345572439137,0.2298380700974584,0.0,
4.916666666666667,0.0,1.0,0.846148057353712,0.0,0.0,1.415147289815837e-08,0.5374455838979819,0.99987995211009,0.16013548064584346,0.22677356249615896,0.0,
4.933333333333334,0.0,1.0,0.6676338281079203,0.0,0.0,1.2736325608342534e-08,0.5391286378965171,0.9998859545045855,0.15893446454099963,0.22374991499621016,0.0,
4.95,0.0,1.0,0.5799316345450115,0.0,0.0,1.1462693047508281e-08,0.5408013228798764,0.9998916567793562,0.15774245605694212,0.22076658279626069,0.0,
4.966666666666667,0.0,1.0,0.7765301391569726,0.0,0.0,1.0316423742757453e-08,0.5424637027298339,0.9998970739403884,0.15655938763651506,0.2178230283589772,0.0,
4.983333333333333,0.0,1.0,0.8339610253965827,0.0,0.0,9.284781368481707e-09,0.5441158409345992,0.9999022202433689,0.1553851922292412,0.21491872131419085,0.0,
5.0,0.0,1.0,0.7091633779399331,0.0,0.0,8.356303231633537e-09,0.5457578005912413,0.9999071092312005,0.15421980328752188,0.21205313836333498,0.0,
5.016666666666667,0.0,1.0,0.6434572131512108,0.0,0.0,7.520672908470184e-09,0.5473896444080988,0.9999117537696405,0.15306315476286547,0.20922576318515718,0.0,
5.033333333333333,0.0,1.0,0.48813356335536673,0.0,0.0,6.768605617623166e-09,0.5490114347071745,0.9999161660811584,0.15191518110214397,0.20643608634268842,0.0,
5.05,0.0,1.0,0.9238774024189653,0.0,0.0,6.091745055860849e-09,0.550623233426516,0.9999203577771005,0.1507758172438779,0.20368360519145257,0.0,
5.066666666666666,0.0,1.0,0.6690284941009375,0.0,0.0,5.482570550274764e-09,0.5522251021225808,0.9999243398882455,0.1496449986145488,0.20096782378889985,0.0,
5.083333333333333,0.0,1.0,0.4166920569299365,0.0,0.0,4.934313495247288e-09,0.5538171019725873,0.9999281228938331,0.1485226611249397,0.19828825280504786,0.0,
5.1,0.0,1.0,0.45644345005123066,0.0,0.0,4.440882145722559e-09,0.5553992937768512,0.9999317167491415,0.14740874116650265,0.19564440943431388,0.0,
5.116666666666666,0.0,1.0,0.5638449271997215,0.0,0.0,3.996793931150303e-09,0.5569717379611075,0.9999351309116844,0.14630317560775388,0.19303581730852304,0.0,
5.133333333333333,0.0,1.0,0.376829723782037,0.0,0.0,3.597114538035273e-09,0.5585344945788189,0.9999383743661002,0.14520590179069573,0.19046200641107605,0.0,
5.15,0.0,1.0,0.5995249707226075,0.0,0.0,3.2374030842317457e-09,0.560087623313468,0.9999414556477952,0.14411685752726552,0.1879225129922617,0.0,
5.166666666666667,0.0,1.0,0.544911413314469,0.0,0.0,2.9136627758085712e-09,0.5616311834808375,0.9999443828654054,0.14303598109581103,0.1854168794856982,0.0,
5.183333333333334,0.0,1.0,0.7712705675276936,0.0,0.0,2.622296498227714e-09,0.5631652340312759,0.9999471637221352,0.14196321123759245,0.1829446544258889,0.0,
5.2,0.0,1.0,0.7654585596353901,0.0,0.0,2.3600668484049426e-09,0.5646898335519482,0.9999498055360284,0.14089848715331052,0.18050539236687704,0.0,
5.216666666666667,0.0,1.0,0.3505276520180792,0.0,0.0,2.1240601635644483e-09,0.5662050402690736,0.999952315259227,0.1398417484996607,0.17809865380198536,0.0,
5.233333333333333,0.0,1.0,0.7050043103232769,0.0,0.0,1.9116541472080034e-09,0.5677109120501492,0.9999546994962657,0.13879293538591322,0.17572400508462555,0.0,
5.25,0.0,1.0,0.5266145781758123,0.0,0.0,1.7204887324872031e-09,0.5692075064061602,0.9999569645214524,0.13775198837051889,0.17338101835016387,0.0,
5.266666666666667,0.0,1.0,0.8697591002882664,0.0,0.0,1.5484398592384827e-09,0.5706948804937763,0.9999591162953798,0.13671884845774,0.17106927143882836,0.0,
5.283333333333333,0.0,1.0,0.7667652869242455,0.0,0.0,1.3935958733146346e-09,0.5721730911175342,0.9999611604806108,0.13569345709430694,0.16878834781964397,0.0,
5.3,0.0,1.0,0.8158086542624396,0.0,0.0,1.254236285983171e-09,0.5736421947320076,0.9999631024565803,0.13467575616609964,0.16653783651538204,0.0,
5.316666666666666,0.0,1.0,0.6187776151725112,0.0,0.0,1.128812657384854e-09,0.5751022474439628,0.9999649473337513,0.1336656879948539,0.1643173320285103,0.0,
5.333333333333333,0.0,1.0,0.9560141689379045,0.0,0.0,1.0159313916463686e-09,0.5765533050145017,0.9999666999670638,0.1326631953348925,0.16212643426813014,0.0,
5.35,0.0,1.0,0.9631194821767085,0.0,0.0,9.143382524817317e-10,0.5779954228611917,0.9999683649687106,0.1316682213698808,0.1599647484778884,0.0,
5.366666666666666,0.0,1.0,0.5722274748848554,0.0,0.0,8.229044272335586e-10,0.579428656060181,0.9999699467202751,0.13068070970960668,0.1578318851648499,0.0,
5.383333333333333,0.0,1.0,0.7206197191342115,0.0,0.0,7.406139845102027e-10,0.5808530593483036,0.9999714493842613,0.12970060438678463,0.15572746002931856,0.0,
5.4,0.0,1.0,0.5692037085931768,0.0,0.0,6.665525860591824e-10,0.5822686871251685,0.9999728769150482,0.12872784985388375,0.1536510938955943,0.0,
5.416666666666667,0.0,1.0,0.6212897030664599,0.0,0.0,5.998973274532642e-10,0.5836755934552382,0.9999742330692958,0.12776239097997963,0.15160241264365304,0.0,
5.433333333333334,0.0,1.0,0.4481235624930527,0.0,0.0,5.399075947079378e-10,0.5850738320698927,0.999975521415831,0.12680417304762978,0.14958104714173767,0.0,
5.45,0.0,1.0,0.8033467836310192,0.0,0.0,4.859168352371441e-10,0.5864634563694822,0.9999767453450394,0.12585314174977255,0.14758663317984783,0.0,
5.466666666666667,0.0,1.0,0.4470959182916361,0.0,0.0,4.3732515171342966e-10,0.5878445194253659,0.9999779080777875,0.12490924318664925,0.14561881140411653,0.0,
5.483333333333333,0.0,1.0,0.517877359571394,0.0,0.0,3.935926365420867e-10,0.5892170739819393,0.9999790126738981,0.12397242386274938,0.14367722725206164,0.0,
5.5,0.0,1.0,0.6101779517332627,0.0,0.0,3.54233372887878e-10,0.5905811724586489,0.9999800620402032,0.12304263068377877,0.1417615308887008,0.0,
5.516666666666667,0.0,1.0,0.4757001359611577,0.0,0.0,3.188100355990902e-10,0.5919368669519933,0.999981058938193,0.12211981095365043,0.13987137714351813,0.0,
5.533333333333333,0.0,1.0,0.5346799680536793,0.0,0.0,2.869290320391812e-10,0.5932842092375132,0.9999820059912834,0.12120391237149805,0.1380064254482712,0.0,
5.55,0.0,1.0,0.5116525403101094,0.0,0.0,2.5823612883526306e-10,0.5946232507717691,0.9999829056917192,0.12029488302871182,0.1361663397756276,0.0,
5.566666666666666,0.0,1.0,0.5839847094196441,0.0,0.0,2.3241251595173676e-10,0.5959540426943061,0.9999837604071332,0.11939267140599648,0.1343507885786192,0.0,
5.583333333333333,0.0,1.0,0.4836529792777104,0.0,0.0,2.091712643565631e-10,0.5972766358296069,0.9999845723867765,0.1184972263704515,0.13255944473090428,0.0,
5.6,0.0,1.0,0.5974414309277236,0.0,0.0,1.882541379209068e-10,0.5985910806890333,0.9999853437674376,0.11760849717267312,0.13079198546782556,0.0,
5.616666666666666,0.0,1.0,0.6510547535447819,0.0,0.0,1.6942872412881613e-10,0.599897427472755,0.9999860765790658,0.11672643344387806,0.12904809232825454,0.0,
5.633333333333333,0.0,1.0,0.6599528795435026,0.0,0.0,1.524858517159345e-10,0.6011957260716666,0.9999867727501125,0.11585098519304898,0.12732745109721114,0.0,
5.65,0.0,1.0,0.7275134727059107,0.0,0.0,1.3723726654434106e-10,0.6024860260692934,0.9999874341126068,0.11498210280410112,0.12562975174924831,0.0,
5.666666666666667,0.0,1.0,0.7014302740556374,0.0,0.0,1.2351353988990696e-10,0.6037683767436848,0.9999880624069765,0.11411973703307036,0.12395468839259167,0.0,
5.683333333333334,0.0,1.0,0.8369779516416325,0.0,0.0,1.1116218590091626e-10,0.6050428270692964,0.9999886592866276,0.11326383900532233,0.12230195921402379,0.0,
5.7,0.0,1.0,0.7112164889057004,0.0,0.0,1.0004596731082464e-10,0.6063094257188603,0.9999892263222963,0.11241436021278241,0.12067126642450347,0.0,
5.716666666666667,0.0,1.0,0.7301946310734008,0.0,0.0,9.004137057974218e-11,0.607568221065244,0.9999897650061814,0.11157125251118653,0.1190623162055101,0.0,
5.733333333333333,0.0,1.0,0.656828780058942,0.0,0.0,8.103723352176796e-11,0.6088192611832979,0.9999902767558724,0.11073446811735263,0.11747481865610329,0.0,
5.75,0.0,1.0,0.6575288973048261,0.0,0.0,7.293351016959116e-11,0.6100625938516911,0.9999907629180788,0.10990395960647248,0.11590848774068858,0.0,
5.766666666666667,0.0,1.0,0.5482608651016349,0.0,0.0,6.564015915263205e-11,0.6112982665547365,0.9999912247721748,0.10907967990942394,0.11436304123747941,0.0,
5.783333333333333,0.0,1.0,0.7381360950156086,0.0,0.0,5.907614323736884e-11,0.6125263264842039,0.999991663533566,0.10826158231010326,0.11283820068764636,0.0,
5.8,0.0,1.0,0.512897837881701,0.0,0.0,5.316852891363196e-11,0.6137468205411225,0.9999920803568878,0.10744962044277748,0.1113336913451444,0.0,
5.816666666666666,0.0,1.0,0.5346153277071495,0.0,0.0,4.785167602226876e-11,0.6149597953375721,0.9999924763390434,0.10664374828945665,0.10984924212720915,0.0,
5.833333333333333,0.0,1.0,0.6431093582413455,0.0,0.0,4.306650842004189e-11,0.6161652971984632,0.9999928525220912,0.10584392017728572,0.10838458556551302,0.0,
5.85,0.0,1.0,0.6275981257946894,0.0,0.0,3.87598575780377e-11,0.6173633721633064,0.9999932098959867,0.10505009077595608,0.10693945775797284,0.0,
5.866666666666666,0.0,1.0,0.515383689500948,0.0,0.0,3.488387182023393e-11,0.6185540659879702,0.9999935494011873,0.1042622150951364,0.10551359832119987,0.0,
5.883333333333333,0.0,1.0,0.31109552011243735,0.0,0.0,3.1395484638210536e-11,0.6197374241464294,0.999993871931128,0.10348024848192289,0.10410675034358387,0.0,
5.9,0.0,1.0,0.6004615944754691,0.0,0.0,2.825593617438948e-11,0.6209134918325007,0.9999941783345716,0.10270414661830847,0.10271866033900275,0.0,
5.916666666666667,0.0,1.0,0.5845550324381403,0.0,0.0,2.5430342556950532e-11,0.6220823139615692,0.999994469417843,0.10193386551867116,0.10134907820114937,0.0,
5.933333333333334,0.0,1.0,0.393911713764943,0.0,0.0,2.2887308301255478e-11,0.6232439351723044,0.9999947459469508,0.10116936152728112,0.09999775715846738,0.0,
5.95,0.0,1.0,0.6717279718166852,0.0,0.0,2.059857747112993e-11,0.6243983998283636,0.9999950086496032,0.10041059131582651,0.09866445372968782,0.0,
5.966666666666667,0.0,1.0,0.5158680239479889,0.0,0.0,1.853871972401694e-11,0.6255457520200877,0.9999952582171231,0.09965751188095781,0.09734892767995865,0.0,
5.983333333333333,0.0,1.0,0.48897552155135143,0.0,0.0,1.6684847751615244e-11,0.6266860355661839,0.999995495306267,0.09891008054185063,0.0960509419775592,0.0,
6.0,0.0,1.0,0.6614876853157097,0.0,0.0,1.501636297645372e-11,0.6278192940153998,0.9999957205409536,0.09816825493778675,0.09477026275119174,0.0,
6.016666666666667,0.0,1.0,0.654465452742346,0.0,0.0,1.3514726678808349e-11,0.6289455706481866,0.999995934513906,0.09743199302575335,0.09350665924784252,0.0,
6.033333333333333,0.0,1.0,0.724314880118937,0.0,0.0,1.2163254010927514e-11,0.6300649084783515,0.9999961377882107,0.0967012530780602,0.09225990379120462,0.0,
6.05,0.0,1.0,0.5280209111197213,0.0,0.0,1.0946928609834763e-11,0.6311773502547011,0.9999963308988002,0.09597599367997475,0.09102977174065523,0.0,
6.066666666666666,0.0,1.0,0.9540701543311284,0.0,0.0,9.852235748851287e-12,0.6322829384626736,0.9999965143538603,0.09525617372737494,0.08981604145077983,0.0,
6.083333333333333,0.0,1.0,0.6742735488836592,0.0,0.0,8.867012173966159e-12,0.6333817153259614,0.9999966886361673,0.09454175242441963,0.0886184942314361,0.0,
6.1,0.0,1.0,0.5652408829804307,0.0,0.0,7.980310956569542e-12,0.6344737228081241,0.9999968542043589,0.09383268928123649,0.08743691430835028,0.0,
6.116666666666666,0.0,1.0,0.8208536452569649,0.0,0.0,7.182279860912588e-12,0.6355590026141904,0.999997011494141,0.09312894411162721,0.08627108878423895,0.0,
6.133333333333333,0.0,1.0,0.6940260447663034,0.0,0.0,6.464051874821329e-12,0.6366375961922515,0.9999971609194339,0.09243047703079,0.0851208076004491,0.0,
6.15,0.0,1.0,0.7596936964114035,0.0,0.0,5.817646687339196e-12,0.6377095447350437,0.9999973028734622,0.09173724845305908,0.08398586349910978,0.0,
6.166666666666667,0.0,1.0,0.6592469883249951,0.0,0.0,5.235882018605276e-12,0.6387748891815218,0.9999974377297891,0.09104921908966114,0.08286605198578831,0.0,
6.183333333333334,0.0,1.0,0.6687130612526619,0.0,0.0,4.712293816744749e-12,0.6398336702184227,0.9999975658432997,0.09036634994648868,0.08176117129264446,0.0,
6.2,0.0,1.0,0.6794927412486369,0.0,0.0,4.241064435070274e-12,0.6408859282818188,0.9999976875511347,0.08968860232189,0.08067102234207586,0.0,
6.216666666666667,0.0,1.0,0.5345197494118,0.0,0.0,3.816957991563247e-12,0.6419317035586626,0.999997803173578,0.08901593780447584,0.07959540871084818,0.0,
6.233333333333333,0.0,1.0,0.6814487515031473,0.0,0.0,3.4352621924069223e-12,0.6429710359883216,0.9999979130148992,0.08834831827094226,0.07853413659470354,0.0,
6.25,0.0,1.0,0.5229013099918007,0.0,0.0,3.0917359731662303e-12,0.6440039652641036,0.9999980173641542,0.0876857058839102,0.07748701477344083,0.0,
6.266666666666667,0.0,1.0,0.45903500232109956,0.0,0.0,2.7825623758496074e-12,0.6450305308347725,0.9999981164959465,0.08702806308978087,0.07645385457646162,0.0,
6.283333333333333,0.0,1.0,0.5626513079897937,0.0,0.0,2.5043061382646465e-12,0.6460507719060545,0.9999982106711491,0.0863753526166075,0.07543446984877546,0.0,
6.3,0.0,1.0,0.6034049534189251,0.0,0.0,2.253875524438182e-12,0.6470647274421367,0.9999983001375917,0.08572753747198295,0.07442867691745846,0.0,
6.316666666666666,0.0,1.0,0.5259178963768564,0.0,0.0,2.0284879719943637e-12,0.6480724361671536,0.9999983851307122,0.08508458094094307,0.073436294558559,0.0,
6.333333333333333,0.0,1.0,0.45989508517200806,0.0,0.0,1.8256391747949273e-12,0.6490739365666671,0.9999984658741765,0.08444644658388599,0.07245714396444489,0.0,
6.35,0.0,1.0,0.6536635898383801,0.0,0.0,1.6430752573154347e-12,0.650069266889136,0.9999985425804677,0.08381309823450685,0.07149104871158563,0.0,
6.366666666666666,0.0,1.0,0.38876054494526624,0.0,0.0,1.4787677315838912e-12,0.6510584651473765,0.9999986154514443,0.08318449999774805,0.07053783472876449,0.0,
6.383333333333333,0.0,1.0,0.5004143991654828,0.0,0.0,1.3308909584255021e-12,0.6520415691200144,0.9999986846788721,0.08256061624776494,0.0695973302657143,0.0,
6.4,0.0,1.0,0.6547427468640057,0.0,0.0,1.197801862582952e-12,0.6530186163529275,0.9999987504449285,0.0819414116259067,0.06866936586217144,0.0,
6.416666666666667,0.0,1.0,0.5125547767136445,0.0,0.0,1.0780216763246567e-12,0.6539896441606798,0.999998812922682,0.0813268510387124,0.06775377431734249,0.0,
6.433333333333334,0.0,1.0,0.7033593117099003,0.0,0.0,9.70219508692191e-13,0.6549546896279466,0.9999988722765479,0.08071689965592206,0.06685039065977792,0.0,
6.45,0.0,1.0,0.7141271039564386,0.0,0.0,8.731975578229718e-13,0.6559137896109304,0.9999989286627206,0.08011152290850265,0.06595905211764755,0.0,
6.466666666666667,0.0,1.0,0.8444513150414241,0.0,0.0,7.858778020406747e-13,0.656866980738769,0.9999989822295845,0.07951068648668888,0.06507959808941224,0.0,
6.483333333333333,0.0,1.0,0.6368177404113118,0.0,0.0,7.072900218366072e-13,0.6578142994149343,0.9999990331181052,0.07891435633803871,0.06421187011488674,0.0,
6.5,0.0,1.0,0.6748912171630029,0.0,0.0,6.365610196529464e-13,0.6587557818186222,0.9999990814622,0.07832249866550342,0.06335571184668826,0.0,
6.516666666666667,0.0,1.0,0.7865743847930269,0.0,0.0,5.729049176876518e-13,0.6596914639061346,0.9999991273890899,0.07773507992551215,0.06251096902206575,0.0,
6.533333333333333,0.0,1.0,0.44169490955374735,0.0,0.0,5.156144259188867e-13,0.6606213814122529,0.9999991710196354,0.07715206682607081,0.06167748943510488,0.0,
6.55,0.0,1.0,1.0,0.0,0.0,4.64052983326998e-13,0.6615455698516023,0.9999992124686536,0.07657342632487528,0.06085512290930348,0.0,
6.566666666666666,0.0,1.0,0.6161619123445881,0.0,0.0,4.1764768499429824e-13,0.6624640645200082,0.999999251845221,0.07599912562743871,0.060043721270512766,0.0,
6.583333333333333,0.0,1.0,0.588301698183186,0.0,0.0,3.7588291649486844e-13,0.6633769004958444,0.9999992892529599,0.07542913218523292,0.05924313832023926,0.0,
6.6,0.0,1.0,0.7533353013084471,0.0,0.0,3.382946248453816e-13,0.6642841126413729,0.9999993247903118,0.07486341369384368,0.05845322980930274,0.0,
6.616666666666666,0.0,1.0,0.6193382745174664,0.0,0.0,3.0446516236084347e-13,0.6651857356040749,0.9999993585507962,0.07430193809113986,0.05767385341184537,0.0,
6.633333333333333,0.0,1.0,0.38646856575557015,0.0,0.0,2.740186461247591e-13,0.6660818038179741,0.9999993906232565,0.0737446735554563,0.05690486869968743,0.0,
6.6499999999999995,0.0,1.0,0.65452060749246,0.0,0.0,2.4661678151228317e-13,0.6669723515049522,0.9999994210920937,0.07319158850379039,0.05614613711702493,0.0,
6.666666666666667,0.0,1.0,0.6660427997014609,0.0,0.0,2.2195510336105485e-13,0.6678574126760555,0.999999450037489,0.07264265159001196,0.055397521955464595,0.0,
6.683333333333334,0.0,1.0,0.4994138645539803,0.0,0.0,1.9975959302494935e-13,0.6687370211327938,0.9999994775356146,0.07209783170308687,0.05465888832939173,0.0,
6.7,0.0,1.0,0.516207957004957,0.0,0.0,1.797836337224544e-13,0.6696112104684315,0.9999995036588338,0.07155709796531372,0.053930103151666506,0.0,
6.716666666666667,0.0,1.0,0.6117255690422203,0.0,0.0,1.6180527035020896e-13,0.6704800140692706,0.9999995284758921,0.07102041973057387,0.053211035109644284,0.0,
6.733333333333333,0.0,1.0,0.4543438296318221,0.0,0.0,1.4562474331518805e-13,0.6713434651159256,0.9999995520520976,0.07048776658259456,0.052501554641515694,0.0,
6.75,0.0,1.0,0.6318959495861737,0.0,0.0,1.3106226898366925e-13,0.6722015965845906,0.9999995744494927,0.0699591083332251,0.051801533912962154,0.0,
6.766666666666667,0.0,1.0,0.6239158212533398,0.0,0.0,1.1795604208530232e-13,0.673054441248299,0.9999995957270181,0.06943441502072592,0.05111084679412266,0.0,
6.783333333333333,0.0,1.0,0.5431261815966373,0.0,0.0,1.0616043787677208e-13,0.6739020316781752,0.9999996159406672,0.06891365690807047,0.05042936883686769,0.0,
6.8,0.0,1.0,0.4829477751425776,0.0,0.0,9.554439408909488e-14,0.6747444002446779,0.9999996351436339,0.06839680448125994,0.04975697725237612,0.0,
6.816666666666666,0.0,1.0,0.6488092048189216,0.0,0.0,8.59899546801854e-14,0.6755815791188371,0.9999996533864521,0.0678838284476505,0.04909355088901111,0.0,
6.833333333333333,0.0,1.0,0.5949493290087791,0.0,0.0,7.739095921216685e-14,0.6764136002734824,0.9999996707171295,0.06737469973429311,0.048438970210490956,0.0,
6.85,0.0,1.0,0.8408799052002734,0.0,0.0,6.965186329095016e-14,0.6772404954844642,0.999999687181273,0.06686938948628592,0.04779311727435108,0.0,
6.866666666666666,0.0,1.0,0.7538927845984345,0.0,0.0,6.268667696185515e-14,0.678062296331867,0.9999997028222093,0.06636786906513877,0.04715587571069307,0.0,
6.883333333333333,0.0,1.0,0.8404427253360942,0.0,0.0,5.6418009265669634e-14,0.6788790342012158,0.9999997176810989,0.06587011004715022,0.04652713070121716,0.0,
6.8999999999999995,0.0,1.0,0.766154632241335,0.0,0.0,5.077620833910267e-14,0.6796907402846745,0.9999997317970439,0.0653760842217966,0.045906768958534266,0.0,
6.916666666666667,0.0,1.0,0.7781407166791103,0.0,0.0,4.5698587505192405e-14,0.6804974455822373,0.9999997452071917,0.06488576359013312,0.04529467870575381,0.0,
6.933333333333334,0.0,1.0,0.6426426703107981,0.0,0.0,4.112872875467316e-14,0.6812991809029129,0.9999997579468322,0.06439912036320712,0.04469074965634376,0.0,
6.95,0.0,1.0,0.8008763693073124,0.0,0.0,3.701585587920585e-14,0.6820959768659002,0.9999997700494906,0.06391612696048307,0.044094872994259175,0.0,
6.966666666666667,0.0,1.0,0.9141637929168426,0.0,0.0,3.331427029128526e-14,0.6828878639017588,0.9999997815470161,0.06343675600827944,0.04350694135433572,0.0,
6.983333333333333,0.0,1.0,0.6387193978481474,0.0,0.0,2.998284326215674e-14,0.6836748722535707,0.9999997924696653,0.06296098033821734,0.042926848802944576,0.0,
7.0,0.0,1.0,0.5788670566743029,0.0,0.0,2.6984558935941063e-14,0.6844570319780952,0.9999998028461821,0.062488772985680716,0.04235449081890531,0.0,
7.016666666666667,0.0,1.0,0.6051776912269056,0.0,0.0,2.4286103042346957e-14,0.6852343729469167,0.999999812703873,0.06202010718828811,0.041789764274653245,0.0,
7.033333333333333,0.0,1.0,0.5422463659678656,0.0,0.0,2.185749273811226e-14,0.6860069248475862,0.9999998220686793,0.06155495638437595,0.04123256741765787,0.0,
7.05,0.0,1.0,0.4951118060429212,0.0,0.0,1.9671743464301035e-14,0.6867747171847544,0.9999998309652454,0.06109329421149313,0.0406827998520891,0.0,
7.066666666666666,0.0,1.0,0.5799806968977363,0.0,0.0,1.770456911787093e-14,0.6875377792812987,0.9999998394169831,0.06063509450490693,0.04014036252072791,0.0,
7.083333333333333,0.0,1.0,0.5184973134050825,0.0,0.0,1.593411220608384e-14,0.6882961402794431,0.999999847446134,0.060180331296120125,0.039605157687118205,0.0,
7.1,0.0,1.0,0.7226648312611191,0.0,0.0,1.4340700985475457e-14,0.6890498291418714,0.9999998550738273,0.05972897881139923,0.03907708891795663,0.0,
7.116666666666666,0.0,1.0,0.5534316145257079,0.0,0.0,1.2906630886927912e-14,0.6897988746528332,0.9999998623201359,0.059281011470313734,0.038556061065717205,0.0,
7.133333333333333,0.0,1.0,0.602266896937327,0.0,0.0,1.161596779823512e-14,0.6905433054192428,0.9999998692041291,0.05883640388428638,0.038041980251507644,0.0,
7.1499999999999995,0.0,1.0,0.6935319460413204,0.0,0.0,1.0454371018411607e-14,0.6912831498717724,0.9999998757439227,0.058395130855154236,0.03753475384815421,0.0,
7.166666666666667,0.0,1.0,0.5639092976994555,0.0,0.0,9.408933916570447e-15,0.6920184362659374,0.9999998819567265,0.05795716737374058,0.03703429046351216,0.0,
7.183333333333334,0.0,1.0,0.7965264803004207,0.0,0.0,8.468040524913401e-15,0.6927491926831757,0.9999998878588902,0.05752248861843752,0.03654049992399866,0.0,
7.2,0.0,1.0,0.5740766944975861,0.0,0.0,7.621236472422062e-15,0.6934754470319201,0.9999998934659456,0.057091069953799235,0.036053293258345345,0.0,
7.216666666666667,0.0,1.0,0.5788825802839176,0.0,0.0,6.859112825179855e-15,0.6941972270486644,0.9999998987926484,0.05666288692914574,0.035572582681567405,0.0,
7.233333333333333,0.0,1.0,0.6560479577379696,0.0,0.0,6.17320154266187e-15,0.6949145602990221,0.999999903853016,0.05623791527717715,0.035098281579146504,0.0,
7.25,0.0,1.0,0.7069445910825979,0.0,0.0,5.555881388395683e-15,0.6956274741787799,0.9999999086603651,0.05581613091259832,0.03463030449142455,0.0,
7.266666666666667,0.0,1.0,0.5684443563665578,0.0,0.0,5.000293249556114e-15,0.6963359959149436,0.9999999132273469,0.05539750993075383,0.03416856709820555,0.0,
7.283333333333333,0.0,1.0,0.7423812085334451,0.0,0.0,4.500263924600503e-15,0.6970401525667775,0.9999999175659796,0.05498202860627318,0.03371298620356281,0.0,
7.3,0.0,1.0,0.5499016091472695,0.0,0.0,4.050237532140453e-15,0.697739971026839,0.9999999216876806,0.05456966339172613,0.03326347972084864,0.0,
7.316666666666666,0.0,1.0,0.9136491906943668,0.0,0.0,3.645213778926408e-15,0.6984354780220045,0.9999999256032965,0.05416039091628818,0.032819966657903994,0.0,
7.333333333333333,0.0,1.0,0.7268829062095209,0.0,0.0,3.2806924010337667e-15,0.6991267001144906,0.9999999293231318,0.053754187984416016,0.032382367102465275,0.0,
7.35,0.0,1.0,0.6436757511551388,0.0,0.0,2.95262316093039e-15,0.6998136637028686,0.9999999328569752,0.053351031574532894,0.03195060220776574,0.0,
7.366666666666666,0.0,1.0,0.5909994258059718,0.0,0.0,2.657360844837351e-15,0.7004963950230725,0.9999999362141264,0.0529508988377239,0.03152459417832886,0.0,
7.383333333333333,0.0,1.0,0.6297502476052694,0.0,0.0,2.3916247603536163e-15,0.7011749201494012,0.9999999394034201,0.052553767096440974,0.031104266255951144,0.0,
7.3999999999999995,0.0,1.0,0.6232304637883505,0.0,0.0,2.1524622843182544e-15,0.701849264995514,0.9999999424332491,0.05215961384321767,0.030689542705871795,0.0,
7.416666666666667,0.0,1.0,0.49877677961638534,0.0,0.0,1.937216055886429e-15,0.7025194553154208,0.9999999453115866,0.05176841673939354,0.030280348803126838,0.0,
7.433333333333334,0.0,1.0,0.4896245887412597,0.0,0.0,1.7434944502977862e-15,0.703185516704465,0.9999999480460073,0.05138015361384809,0.02987661081908515,0.0,
7.45,0.0,1.0,0.5568283212739611,0.0,0.0,1.5691450052680076e-15,0.7038474746003016,0.999999950643707,0.050994802461744225,0.029478256008164012,0.0,
7.466666666666667,0.0,1.0,0.5009034098860797,0.0,0.0,1.4122305047412069e-15,0.7045053542838683,0.9999999531115216,0.050612341443281146,0.029085212594721827,0.0,
7.483333333333333,0.0,1.0,0.6661129898124918,0.0,0.0,1.271007454267086e-15,0.705159180880351,0.9999999554559454,0.05023274888245654,0.028697409760125536,0.0,
7.5,0.0,1.0,0.686544444909463,0.0,0.0,1.1439067088403775e-15,0.705808979360144,0.9999999576831482,0.04985600326583812,0.028314777629990528,0.0,
7.516666666666667,0.0,1.0,0.5553299618030797,0.0,0.0,1.0295160379563398e-15,0.7064547745398027,0.9999999597989908,0.04948208324134433,0.027937247261590654,0.0,
7.533333333333333,0.0,1.0,0.6202294082680992,0.0,0.0,9.265644341607058e-16,0.7070965910829919,0.9999999618090413,0.04911096761703425,0.02756475063143611,0.0,
7.55,0.0,1.0,0.41906671704633025,0.0,0.0,8.339079907446352e-16,0.7077344535014282,0.9999999637185892,0.04874263535990649,0.027197220623016962,0.0,
7.566666666666666,0.0,1.0,0.6764901251319125,0.0,0.0,7.505171916701717e-16,0.7083683861558148,0.9999999655326598,0.0483770655947072,0.026834591014710068,0.0,
7.583333333333333,0.0,1.0,0.6204480791481558,0.0,0.0,6.754654725031545e-16,0.7089984132567732,0.9999999672560268,0.048014237602746895,0.026476796467847268,0.0,
7.6,0.0,1.0,0.7081601979140992,0.0,0.0,6.07918925252839e-16,0.709624558865767,0.9999999688932255,0.047654130820726295,0.026123772514942637,0.0,
7.616666666666666,0.0,1.0,0.8679246403014895,0.0,0.0,5.471270327275551e-16,0.7102468468960216,0.9999999704485643,0.04729672483957085,0.025775455548076736,0.0,
7.633333333333333,0.0,1.0,0.4262970692386756,0.0,0.0,4.924143294547996e-16,0.7108653011134364,0.9999999719261361,0.046941999403274065,0.025431782807435712,0.0,
7.6499999999999995,0.0,1.0,0.7520244596050651,0.0,0.0,4.431728965093197e-16,0.7114799451374934,0.9999999733298293,0.04658993440774951,0.025092692370003236,0.0,
7.666666666666667,0.0,1.0,0.6047082527983001,0.0,0.0,3.988556068583877e-16,0.7120908024421588,0.9999999746633378,0.04624050989969138,0.02475812313840319,0.0,
7.683333333333334,0.0,1.0,0.8176561855974455,0.0,0.0,3.5897004617254893e-16,0.7126978963567797,0.9999999759301709,0.0458937060754437,0.02442801482989115,0.0,
7.7,0.0,1.0,0.5924023875085841,0.0,0.0,3.2307304155529404e-16,0.713301250066975,0.9999999771336623,0.04554950327987787,0.024102307965492602,0.0,
7.716666666666667,0.0,1.0,0.6871446345884278,0.0,0.0,2.9076573739976464e-16,0.7139008866155208,0.9999999782769792,0.04520788200527878,0.023780943859286034,0.0,
7.733333333333333,0.0,1.0,0.7609305910696887,0.0,0.0,2.6168916365978816e-16,0.7144968289032303,0.9999999793631302,0.04486882289023919,0.023463864607828885,0.0,
7.75,0.0,1.0,0.7943318044908999,0.0,0.0,2.3552024729380934e-16,0.7150890996898289,0.9999999803949737,0.0445323067185624,0.0231510130797245,0.0,
7.766666666666667,0.0,1.0,0.7089752907203896,0.0,0.0,2.119682225644284e-16,0.7156777215948232,0.999999981375225,0.04419831441817318,0.022842332905328173,0.0,
7.783333333333333,0.0,1.0,0.5807421918317149,0.0,0.0,1.9077140030798558e-16,0.7162627170983645,0.9999999823064638,0.04386682706003688,0.022537768466590464,0.0,
7.8,0.0,1.0,0.583576133874152,0.0,0.0,1.7169426027718702e-16,0.7168441085421077,0.9999999831911406,0.043537825857086605,0.022237264887035924,0.0,
7.816666666666666,0.0,1.0,0.7302584424396747,0.0,0.0,1.5452483424946833e-16,0.7174219181300645,0.9999999840315835,0.04321129216315846,0.021940768021875445,0.0,
7.833333333333333,0.0,1.0,0.5993400461176159,0.0,0.0,1.390723508245215e-16,0.7179961679294515,0.9999999848300043,0.042887207471934766,0.02164822444825044,0.0,
7.85,0.0,1.0,0.3772315942604192,0.0,0.0,1.2516511574206934e-16,0.7185668798715329,0.9999999855885041,0.042565553415895255,0.021359581455607103,0.0,
7.866666666666666,0.0,1.0,0.66463698461392,0.0,0.0,1.126486041678624e-16,0.7191340757524577,0.9999999863090789,0.04224631176527604,0.021074787036199007,0.0,
7.883333333333333,0.0,1.0,0.6033572349367102,0.0,0.0,1.0138374375107617e-16,0.7196977772340928,0.999999986993625,0.04192946442703647,0.020793789875716354,0.0,
7.8999999999999995,0.0,1.0,0.6548098654302337,0.0,0.0,9.124536937596855e-17,0.7202580058448498,0.9999999876439438,0.041614993443833695,0.020516539344040137,0.0,
7.916666666666667,0.0,1.0,0.5130121214058914,0.0,0.0,8.212083243837169e-17,0.7208147829805073,0.9999999882617466,0.04130288099300494,0.0202429854861196,0.0,
7.933333333333334,0.0,1.0,0.6627762418327494,0.0,0.0,7.390874919453451e-17,0.7213681299050282,0.9999999888486593,0.040993109385557405,0.01997307901297134,0.0,
7.95,0.0,1.0,0.45196153148114415,0.0,0.0,6.651787427508106e-17,0.7219180677513717,0.9999999894062263,0.040685661065165725,0.019706771292798388,0.0,
7.966666666666667,0.0,1.0,0.6683999773038545,0.0,0.0,5.986608684757296e-17,0.7224646175223001,0.999999989935915,0.04038051860717698,0.01944401434222774,0.0,
7.983333333333333,0.0,1.0,0.5652724583343812,0.0,0.0,5.3879478162815664e-17,0.7230078000911815,0.9999999904391192,0.040077664717623154,0.019184760817664705,0.0,
8.0,0.0,1.0,0.7309222045904171,0.0,0.0,4.84915303465341e-17,0.7235476362027864,0.9999999909171633,0.03977708223224098,0.01892896400676251,0.0,
8.016666666666666,0.0,1.0,0.7965591984802165,0.0,0.0,4.364237731188069e-17,0.7240841464740804,0.9999999913713051,0.03947875411549918,0.018676577820005678,0.0,
8.033333333333333,0.0,1.0,0.6116811817589763,0.0,0.0,3.927813958069262e-17,0.7246173513950113,0.9999999918027399,0.039182663459632935,0.018427556782405603,0.0,
8.05,0.0,1.0,0.714563140578806,0.0,0.0,3.535032562262336e-17,0.7251472713292918,0.9999999922126029,0.03888879348368569,0.01818185602530686,0.0,
8.066666666666666,0.0,1.0,0.7412770955531631,0.0,0.0,3.181529306036102e-17,0.7256739265151773,0.9999999926019728,0.03859712753255804,0.01793943127830277,0.0,
8.083333333333334,0.0,1.0,0.8893523607697822,0.0,0.0,2.863376375432492e-17,0.7261973370662383,0.9999999929718741,0.038307649076063856,0.01770023886125873,0.0,
8.1,0.0,1.0,0.8352669709643737,0.0,0.0,2.577038737889243e-17,0.7267175229721294,0.9999999933232804,0.03802034170799338,0.01746423567644195,0.0,
8.116666666666667,0.0,1.0,0.6002792773476519,0.0,0.0,2.3193348641003186e-17,0.727234504099352,0.9999999936571163,0.03773518914518343,0.017231379200756056,0.0,
8.133333333333333,0.0,1.0,0.7915155316634712,0.0,0.0,2.0874013776902868e-17,0.7277483001920132,0.9999999939742605,0.03745217522659455,0.017001627478079307,0.0,
8.15,0.0,1.0,0.8101213832441523,0.0,0.0,1.878661239921258e-17,0.7282589308725802,0.9999999942755475,0.037171283912395096,0.016774939111704915,0.0,
8.166666666666666,0.0,1.0,0.9548567075113296,0.0,0.0,1.6907951159291324e-17,0.7287664156426293,0.9999999945617701,0.03689249928305213,0.016551273256882184,0.0,
8.183333333333334,0.0,1.0,0.47438401289974874,0.0,0.0,1.5217156043362192e-17,0.7292707738835911,0.9999999948336816,0.03661580553842924,0.016330589613457087,0.0,
8.2,0.0,1.0,0.5856377240079227,0.0,0.0,1.3695440439025973e-17,0.7297720248574899,0.9999999950919976,0.03634118699689102,0.016112848418610992,0.0,
8.216666666666667,0.0,1.0,0.7841226380602289,0.0,0.0,1.2325896395123376e-17,0.7302701877076804,0.9999999953373977,0.036068628094414336,0.01589801043969618,0.0,
8.233333333333333,0.0,1.0,0.4373915641671992,0.0,0.0,1.1093306755611038e-17,0.730765281459578,0.9999999955705278,0.035798113383706226,0.015686036967166896,0.0,
8.25,0.0,1.0,0.4353540518103794,0.0,0.0,9.983976080049934e-18,0.7312573250213857,0.9999999957920014,0.03552962753332843,0.01547688980760467,0.0,
8.266666666666666,0.0,1.0,0.6254473230671923,0.0,0.0,8.98557847204494e-18,0.7317463371848164,0.9999999960024013,0.035263155326828464,0.015270531276836608,0.0,
8.283333333333333,0.0,1.0,0.6756164566765472,0.0,0.0,8.087020624840446e-18,0.7322323366258102,0.9999999962022812,0.03499868166187725,0.015066924193145453,0.0,
8.3,0.0,1.0,0.46975834151493356,0.0,0.0,7.278318562356401e-18,0.7327153419052481,0.9999999963921671,0.034736191549413174,0.01486603187057018,0.0,
8.316666666666666,0.0,1.0,0.6182226780461403,0.0,0.0,6.550486706120761e-18,0.7331953714696602,0.9999999965725588,0.034475670112792574,0.014667818112295911,0.0,
8.333333333333334,0.0,1.0,0.5774320919531496,0.0,0.0,5.895438035508685e-18,0.7336724436519309,0.9999999967439308,0.03421710258694663,0.014472247204131965,0.0,
8.35,0.0,1.0,0.7615392059635917,0.0,0.0,5.305894231957816e-18,0.7341465766719987,0.9999999969067342,0.03396047431754453,0.014279283908076873,0.0,
8.366666666666667,0.0,1.0,0.5998177872349528,0.0,0.0,4.7753048087620346e-18,0.734617788637552,0.9999999970613975,0.03370577076016294,0.01408889345596918,0.0,
8.383333333333333,0.0,1.0,0.7429477729259153,0.0,0.0,4.297774327885831e-18,0.7350860975447209,0.9999999972083277,0.03345297747946172,0.013901041543222924,0.0,
8.4,0.0,1.0,0.5416258568822884,0.0,0.0,3.867996895097248e-18,0.7355515212787641,0.9999999973479112,0.03320208014836576,0.013715694322646618,0.0,
8.416666666666666,0.0,1.0,0.6536964425748077,0.0,0.0,3.481197205587523e-18,0.7360140776147526,0.9999999974805157,0.03295306454725302,0.013532818398344663,0.0,
8.433333333333334,0.0,1.0,0.6883954655485809,0.0,0.0,3.1330774850287706e-18,0.7364737842182477,0.9999999976064899,0.03270591656314862,0.013352380819700067,0.0,
8.45,0.0,1.0,0.8574036318168797,0.0,0.0,2.8197697365258936e-18,0.7369306586459765,0.9999999977261654,0.032460622188925,0.0131743490754374,0.0,
8.466666666666667,0.0,1.0,0.8061561051208991,0.0,0.0,2.537792762873304e-18,0.7373847183465018,0.9999999978398572,0.03221716752250806,0.012998691087764901,0.0,
8.483333333333333,0.0,1.0,0.6563822068736782,0.0,0.0,2.2840134865859737e-18,0.7378359806608887,0.9999999979478643,0.03197553876608925,0.012825375206594703,0.0,
8.5,0.0,1.0,0.8318361316415922,0.0,0.0,2.055612137927376e-18,0.7382844628233671,0.9999999980504711,0.031735722225343585,0.012654370203840108,0.0,
8.516666666666666,0.0,1.0,0.8390683358002212,0.0,0.0,1.8500509241346385e-18,0.7387301819619896,0.9999999981479476,0.03149770430865351,0.012485645267788906,0.0,
8.533333333333333,0.0,1.0,0.723205053700111,0.0,0.0,1.6650458317211746e-18,0.7391731550992854,0.9999999982405502,0.031261471526338604,0.01231916999755172,0.0,
8.55,0.0,1.0,0.6897912003148381,0.0,0.0,1.4985412485490572e-18,0.7396133991529112,0.9999999983285227,0.031027010489891062,0.012154914397584364,0.0,
8.566666666666666,0.0,1.0,0.6767436105492932,0.0,0.0,1.3486871236941514e-18,0.7400509309362967,0.9999999984120965,0.03079430791121688,0.011992848872283239,0.0,
8.583333333333334,0.0,1.0,0.4724828157915851,0.0,0.0,1.2138184113247364e-18,0.7404857671592867,0.9999999984914917,0.03056335060188275,0.011832944220652796,0.0,
8.6,0.0,1.0,0.672649160974955,0.0,0.0,1.0924365701922628e-18,0.7409179244287796,0.9999999985669171,0.03033412547236863,0.011675171631044092,0.0,
8.616666666666667,0.0,1.0,0.6522674469970215,0.0,0.0,9.831929131730365e-19,0.7413474192493612,0.9999999986385713,0.030106619531325866,0.011519502675963503,0.0,
8.633333333333333,0.0,1.0,0.496136577148923,0.0,0.0,8.84873621855733e-19,0.7417742680239358,0.9999999987066427,0.029880819884840922,0.011365909306950656,0.0,
8.65,0.0,1.0,0.6683828718663541,0.0,0.0,7.963862596701596e-19,0.7421984870543517,0.9999999987713105,0.029656713735704616,0.011214363849524648,0.0,
8.666666666666666,0.0,1.0,0.39864142732272123,0.0,0.0,7.167476337031436e-19,0.7426200925420243,0.999999998832745,0.029434288382686833,0.011064838998197653,0.0,
8.683333333333334,0.0,1.0,0.4871898788039382,0.0,0.0,6.450728703328292e-19,0.743039100588555,0.9999999988911078,0.029213531219816683,0.010917307811555019,0.0,
8.7,0.0,1.0,0.4929737117210138,0.0,0.0,5.805655832995463e-19,0.7434555271963458,0.9999999989465524,0.028994429735668056,0.010771743707400952,0.0,
8.716666666666667,0.0,1.0,0.7919085972097635,0.0,0.0,5.225090249695916e-19,0.7438693882692103,0.9999999989992249,0.028776971512650545,0.01062812045796894,0.0,
8.733333333333333,0.0,1.0,0.3714953720306092,0.0,0.0,4.702581224726325e-19,0.7442806996129818,0.9999999990492636,0.028561144226305665,0.01048641218519602,0.0,
8.75,0.0,1.0,0.6468049525060955,0.0,0.0,4.232323102253693e-19,0.7446894769361162,0.9999999990968005,0.028346935644608374,0.010346593356060073,0.0,
8.766666666666666,0.0,1.0,0.7130547933106749,0.0,0.0,3.8090907920283235e-19,0.7450957358502923,0.9999999991419605,0.02813433362727381,0.010208638777979272,0.0,
8.783333333333333,0.0,1.0,0.669445163174532,0.0,0.0,3.428181712825491e-19,0.7454994918710081,0.9999999991848625,0.027923326125069255,0.010072523594272883,0.0,
8.8,0.0,1.0,0.7918169533224076,0.0,0.0,3.085363541542942e-19,0.7459007604181728,0.9999999992256193,0.027713901179131237,0.009938223279682577,0.0,
8.816666666666666,0.0,1.0,0.5555533820550803,0.0,0.0,2.776827187388648e-19,0.7462995568166965,0.9999999992643384,0.02750604692028775,0.009805713635953476,0.0,
8.833333333333334,0.0,1.0,0.4263689677225372,0.0,0.0,2.499144468649783e-19,0.746695896297075,0.9999999993011215,0.027299751568385593,0.009674970787474096,0.0,
8.85,0.0,1.0,0.8127288247950849,0.0,0.0,2.249230021784805e-19,0.7470897939959714,0.9999999993360654,0.027095003431622702,0.009545971176974442,0.0,
8.866666666666667,0.0,1.0,0.5931031606179139,0.0,0.0,2.0243070196063246e-19,0.7474812649567946,0.9999999993692622,0.026891790905885532,0.00941869156128145,0.0,
8.883333333333333,0.0,1.0,0.7074245974433945,0.0,0.0,1.8218763176456922e-19,0.7478703241302732,0.9999999994007991,0.02669010247409139,0.009293109007131031,0.0,
8.9,0.0,1.0,0.6085384803090267,0.0,0.0,1.639688685881123e-19,0.7482569863750272,0.9999999994307591,0.026489926705535707,0.00916920088703595,0.0,
8.916666666666666,0.0,1.0,0.872873605462851,0.0,0.0,1.4757198172930108e-19,0.7486412664581351,0.9999999994592211,0.026291252255244188,0.009046944875208804,0.0,
8.933333333333334,0.0,1.0,0.8404205685625349,0.0,0.0,1.3281478355637098e-19,0.7490231790556977,0.9999999994862601,0.026094067863329858,0.008926318943539353,0.0,
8.95,0.0,1.0,0.6343030386898174,0.0,0.0,1.1953330520073387e-19,0.7494027387533987,0.9999999995119471,0.025898362354354883,0.008807301357625495,0.0,
8.966666666666667,0.0,1.0,0.8084190213531584,0.0,0.0,1.0757997468066049e-19,0.7497799600470622,0.9999999995363498,0.02570412463669722,0.008689870672857156,0.0,
8.983333333333333,0.0,1.0,0.690435175628619,0.0,0.0,9.682197721259443e-20,0.7501548573432055,0.9999999995595323,0.02551134370192199,0.008574005730552394,0.0,
9.0,0.0,1.0,0.6332733403328306,0.0,0.0,8.713977949133499e-20,0.7505274449595903,0.9999999995815557,0.025320008624157578,0.008459685654145028,0.0,
9.016666666666666,0.0,1.0,0.6310080949348339,0.0,0.0,7.842580154220149e-20,0.7508977371257685,0.999999999602478,0.025130108559476397,0.008346889845423094,0.0,
9.033333333333333,0.0,1.0,0.5756700768180064,0.0,0.0,7.058322138798134e-20,0.7512657479836261,0.9999999996223541,0.024941632745280325,0.008235597980817452,0.0,
9.05,0.0,1.0,0.6530899535386618,0.0,0.0,6.35248992491832e-20,0.7516314915879236,0.9999999996412364,0.024754570499690723,0.008125790007739886,0.0,
9.066666666666666,0.0,1.0,0.6006391680747258,0.0,0.0,5.717240932426488e-20,0.7519949819068323,0.9999999996591746,0.024568911220943044,0.008017446140970021,0.0,
9.083333333333334,0.0,1.0,0.5114713597990342,0.0,0.0,5.145516839183839e-20,0.752356232822468,0.9999999996762159,0.024384644386785972,0.007910546859090421,0.0,
9.1,0.0,1.0,0.6707506894978669,0.0,0.0,4.630965155265455e-20,0.7527152581314209,0.999999999692405,0.024201759553885076,0.007805072900969216,0.0,
9.116666666666667,0.0,1.0,0.4800303435994341,0.0,0.0,4.1678686397389096e-20,0.7530720715452829,0.9999999997077847,0.024020246357230938,0.007701005262289626,0.0,
9.133333333333333,0.0,1.0,0.5978294967896495,0.0,0.0,3.751081775765019e-20,0.753426686691171,0.9999999997223955,0.023840094509551706,0.0075983251921257645,0.0,
9.15,0.0,1.0,0.6299479664316223,0.0,0.0,3.375973598188517e-20,0.7537791171122479,0.9999999997362757,0.02366129380073007,0.007497014189564087,0.0,
9.166666666666666,0.0,1.0,0.7774568471803834,0.0,0.0,3.0383762383696656e-20,0.7541293762682388,0.999999999749462,0.023483834097224595,0.0073970540003698996,0.0,
9.183333333333334,0.0,1.0,0.5634651318878725,0.0,0.0,2.734538614532699e-20,0.7544774775359463,0.9999999997619888,0.02330770534149541,0.007298426613698301,0.0,
9.2,0.0,1.0,0.8591698935572476,0.0,0.0,2.461084753079429e-20,0.7548234342097603,0.9999999997738894,0.023132897551434193,0.00720111425884899,0.0,
9.216666666666667,0.0,1.0,0.6970216987049426,0.0,0.0,2.214976277771486e-20,0.7551672595021663,0.9999999997851949,0.022959400819798435,0.007105099402064337,0.0,
9.233333333333333,0.0,1.0,0.6767227707216892,0.0,0.0,1.9934786499943373e-20,0.75550896654425,0.9999999997959352,0.022787205313649948,0.007010364743370146,0.0,
9.25,0.0,1.0,0.6400139480060203,0.0,0.0,1.7941307849949037e-20,0.7558485683861986,0.9999999998061385,0.022616301273797573,0.006916893213458544,0.0,
9.266666666666666,0.0,1.0,0.8069577506649874,0.0,0.0,1.6147177064954134e-20,0.7561860779977994,0.9999999998158315,0.022446679014244093,0.006824667970612429,0.0,
9.283333333333333,0.0,1.0,0.7524648119619927,0.0,0.0,1.453245935845872e-20,0.7565215082689345,0.99999999982504,0.022278328921637263,0.0067336723976709305,0.0,
9.3,0.0,1.0,0.6175668880886657,0.0,0.0,1.3079213422612847e-20,0.7568548720100744,0.999999999833788,0.022111241454724984,0.006643890099035318,0.0,
9.316666666666666,0.0,1.0,0.6112461214778708,0.0,0.0,1.1771292080351562e-20,0.7571861819527657,0.9999999998420985,0.021945407143814547,0.0065553048977148465,0.0,
9.333333333333334,0.0,1.0,0.6699402354423799,0.0,0.0,1.0594162872316406e-20,0.7575154507501183,0.9999999998499935,0.021780816590235938,0.006467900832411982,0.0,
9.35,0.0,1.0,0.6395899576541162,0.0,0.0,9.534746585084766e-21,0.7578426909772886,0.9999999998574939,0.021617460465809167,0.006381662154646489,0.0,
9.366666666666667,0.0,1.0,0.8308362870072662,0.0,0.0,8.581271926576289e-21,0.7581679151319594,0.9999999998646192,0.0214553295123156,0.006296573325917869,0.0,
9.383333333333333,0.0,1.0,0.8409465002666738,0.0,0.0,7.72314473391866e-21,0.7584911356348172,0.9999999998713882,0.021294414540973233,0.0062126190149056305,0.0,
9.4,0.0,1.0,0.7542271548641006,0.0,0.0,6.950830260526795e-21,0.758812364830027,0.9999999998778188,0.021134706431915933,0.006129784094706889,0.0,
9.416666666666666,0.0,1.0,0.667062362293477,0.0,0.0,6.255747234474115e-21,0.7591316149857034,0.999999999883928,0.020976196133676565,0.006048053640110797,0.0,
9.433333333333334,0.0,1.0,0.5486114150586476,0.0,0.0,5.630172511026703e-21,0.7594488982943789,0.9999999998897315,0.02081887466267399,0.00596741292490932,0.0,
9.45,0.0,1.0,0.5858273071917766,0.0,0.0,5.067155259924033e-21,0.7597642268734702,0.9999999998952449,0.020662733102703935,0.005887847419243863,0.0,
9.466666666666667,0.0,1.0,0.6695623003449825,0.0,0.0,4.5604397339316296e-21,0.7600776127657406,0.9999999999004827,0.020507762604433655,0.005809342786987278,0.0,
9.483333333333333,0.0,1.0,0.8091240854178909,0.0,0.0,4.104395760538467e-21,0.7603890679397597,0.9999999999054586,0.020353954384900404,0.005731884883160781,0.0,
9.5,0.0,1.0,0.6595479046362153,0.0,0.0,3.6939561844846205e-21,0.7606986042903608,0.9999999999101857,0.02020129972701365,0.005655459751385304,0.0,
9.516666666666666,0.0,1.0,0.5197579600557258,0.0,0.0,3.3245605660361586e-21,0.7610062336390954,0.9999999999146765,0.020049789979061046,0.005580053621366833,0.0,
9.533333333333333,0.0,1.0,0.567960468714062,0.0,0.0,2.9921045094325426e-21,0.7613119677346838,0.9999999999189426,0.019899416554218088,0.005505652906415275,0.0,
9.55,0.0,1.0,0.5213839337431252,0.0,0.0,2.6928940584892885e-21,0.761615818253465,0.9999999999229955,0.019750170930061452,0.0054322442009964046,0.0,
9.566666666666666,0.0,1.0,0.506112170886068,0.0,0.0,2.4236046526403597e-21,0.7619177967998418,0.9999999999268457,0.01960204464808599,0.005359814278316452,0.0,
9.583333333333334,0.0,1.0,0.6020090552235936,0.0,0.0,2.1812441873763235e-21,0.7622179149067242,0.9999999999305035,0.019455029313225344,0.0052883500879389,0.0,
9.6,0.0,1.0,0.6734737630646134,0.0,0.0,1.963119768638691e-21,0.7625161840359698,0.9999999999339783,0.019309116593376155,0.0052178387534330475,0.0,
9.616666666666667,0.0,1.0,0.89619009491156,0.0,0.0,1.766807791774822e-21,0.7628126155788215,0.9999999999372794,0.019164298218925832,0.0051482675700539405,0.0,
9.633333333333333,0.0,1.0,0.7062438963944058,0.0,0.0,1.5901270125973397e-21,0.763107220856343,0.9999999999404154,0.01902056598228389,0.005079624002453221,0.0,
9.65,0.0,1.0,0.8835936471142665,0.0,0.0,1.4311143113376057e-21,0.7634000111198505,0.9999999999433946,0.01887791173741676,0.005011895682420511,0.0,
9.666666666666666,0.0,1.0,0.948701230113411,0.0,0.0,1.2880028802038452e-21,0.763690997551343,0.9999999999462249,0.018736327399386136,0.004945070406654904,0.0,
9.683333333333334,0.0,1.0,0.7560495270600718,0.0,0.0,1.1592025921834606e-21,0.7639801912639288,0.9999999999489136,0.01859580494389074,0.0048791361345661725,0.0,
9.7,0.0,1.0,0.9429358665139486,0.0,0.0,1.0432823329651146e-21,0.7642676033022503,0.9999999999514679,0.01845633640681156,0.00481408098610529,0.0,
9.716666666666667,0.0,1.0,0.7861412294451074,0.0,0.0,9.389540996686031e-22,0.7645532446429056,0.9999999999538945,0.018317913883760473,0.0047498932396238865,0.0,
9.733333333333333,0.0,1.0,0.6102207155407051,0.0,0.0,8.450586897017428e-22,0.7648371261948681,0.9999999999561998,0.01818052952963227,0.18228656132976223,0.0,posture_settle
9.75,0.0,1.0,0.6271102342504342,0.0,0.0,7.605528207315685e-22,0.7651192587999026,0.9999999999583898,0.018044175558160028,0.1798560738453654,0.0,
9.766666666666666,0.0,1.0,0.5465797074619759,0.0,0.0,6.844975386584117e-22,0.7653996532329795,0.9999999999604704,0.017908844241473827,0.17745799286076053,0.0,
9.783333333333333,0.0,1.0,0.46800088177328636,0.0,0.0,6.160477847925705e-22,0.7656783202026867,0.9999999999624469,0.017774527909662774,0.1750918862892837,0.0,
9.8,0.0,1.0,0.4174308346937364,0.0,0.0,5.544430063133134e-22,0.7659552703516379,0.9999999999643245,0.017641218950340303,0.1727573278054266,0.0,
9.816666666666666,0.0,1.0,0.39198085172064395,0.0,0.0,4.989987056819821e-22,0.7662305142568798,0.9999999999661083,0.01750890980821275,0.17045389676802092,0.0,
9.833333333333334,0.0,1.0,0.36227874269881316,0.0,0.0,4.490988351137838e-22,0.7665040624302956,0.9999999999678029,0.017377592984651153,0.1681811781444473,0.0,
9.85,0.0,1.0,0.2365517484311502,0.0,0.0,4.0418895160240544e-22,0.7667759253190062,0.9999999999694127,0.01724726103726627,0.16593876243585468,0.0,
9.866666666666667,0.0,1.0,0.24989819563644952,0.0,0.0,3.637700564421649e-22,0.7670461133057701,0.999999999970942,0.017117906579486773,0.16372624560337662,0.0,
9.883333333333333,0.0,1.0,0.14417076128688106,0.0,0.0,3.273930507979484e-22,0.7673146367093787,0.999999999972395,0.016989522280140622,0.1615432289953316,0.0,
9.9,0.0,1.0,0.19376515330454097,0.0,0.0,2.9465374571815356e-22,0.7675815057850517,0.9999999999737752,0.01686210086303957,0.15938931927539385,0.0,
9.916666666666666,0.0,1.0,0.17451093179579544,0.0,0.0,2.651883711463382e-22,0.7678467307248277,0.9999999999750865,0.01673563510656677,0.15726412835172193,0.0,
9.933333333333334,0.0,1.0,0.1295715644943846,0.0,0.0,2.386695340317044e-22,0.7681103216579538,0.9999999999763322,0.01661011784326752,0.1551672733070323,0.0,
9.95,0.0,1.0,0.10226528335193358,0.0,0.0,2.1480258062853397e-22,0.7683722886512727,0.9999999999775155,0.016485541959443014,0.1530983763296052,0.0,
9.966666666666667,0.0,1.0,0.07453257471412846,0.0,0.0,1.9332232256568057e-22,0.768632641709607,0.9999999999786398,0.016361900394747192,0.1510570646452105,0.0,
9.983333333333333,0.0,1.0,0.03023922189909635,0.0,0.0,1.739900903091125e-22,0.768891390776141,0.9999999999797078,0.01623918614178659,0.14904297044994103,0.0,
10.0,0.0,0.0,0.0,0.0,0.016666666666666666,1.5659108127820125e-22,0.7679943508202355,0.9833333333133794,0.021054219566581645,0.1470557308439418,0.0,
10.016666666666666,0.0,0.0,0.0,0.0,0.03333333333333333,1.4093197315038113e-22,0.7670983574109452,0.9669444444248231,0.025873075558769186,0.1450949877660226,0.0,
10.033333333333333,0.0,0.0,0.0,0.0,0.05,1.2683877583534302e-22,0.7662034093272991,0.9508287036844094,0.030695722350116066,0.1431603879291423,0.0,
10.05,0.0,0.0,0.0,0.0,0.06666666666666667,1.141548982518087e-22,0.7653095053497506,0.9349815586230026,0.035522128586888066,0.14125158275675373,0.0,
10.066666666666666,0.0,0.0,0.0,0.0,0.08333333333333333,1.0273940842662784e-22,0.7644166442601759,0.9193985326459525,0.04035226332444428,0.139368228319997,0.0,
10.083333333333334,0.0,0.0,0.0,0.0,0.09999999999999999,9.246546758396506e-23,0.7635248248418723,0.90407522376852,0.045186096021901954,0.13750998527573038,0.0,
10.1,0.0,0.0,0.0,0.0,0.11666666666666665,8.321892082556856e-23,0.7626340458795569,0.889007303372378,0.05002359653687086,0.1356765188053873,0.0,
10.116666666666667,0.0,0.0,0.0,0.0,0.13333333333333333,7.489702874301171e-23,0.7617443061593641,0.8741905149828384,0.05486473512025633,0.1338674985546488,0.0,
10.133333333333333,0.0,0.0,0.0,0.0,0.15,6.740732586871053e-23,0.7608556044688448,0.8596206730664577,0.059709482411130034,0.13208259857392016,0.0,
10.15,0.0,0.0,0.0,0.0,0.16666666666666666,6.066659328183947e-23,0.7599679395969645,0.8452936618486835,0.06455780943166758,0.1303214972596012,0.0,
10.166666666666666,0.0,0.0,0.0,0.0,0.18333333333333332,5.459993395365553e-23,0.7590813103341014,0.8312054341512054,0.06940968758215216,0.12858387729613985,0.0,
10.183333333333334,0.0,0.0,0.0,0.0,0.19999999999999998,4.913994055828997e-23,0.758195715472045,0.8173520102486853,0.07426508863604325,0.12686942559885797,0.0,
10.2,0.0,0.0,0.0,0.0,0.21666666666666665,4.4225946502460973e-23,0.7573111538039943,0.8037294767445405,0.07912398473510969,0.12517783325753987,0.0,
10.216666666666667,0.0,0.0,0.0,0.0,0.2333333333333333,3.9803351852214876e-23,0.7564276241245563,0.7903339854654648,0.0839863483846261,0.12350879548077266,0.0,
10.233333333333333,0.0,0.0,0.0,0.0,0.24999999999999997,3.582301666699339e-23,0.7555451252297444,0.7771617523743738,0.088852152448632,0.12186201154102903,0.0,
10.25,0.0,0.0,0.0,0.0,0.26666666666666666,3.224071500029405e-23,0.7546636559169764,0.7642090565014675,0.0937213701452527,0.12023718472048198,0.0,
10.266666666666666,0.0,0.0,0.0,0.0,0.2833333333333333,2.9016643500264645e-23,0.7537832149850733,0.7514722388931098,0.09859397504208117,0.11863402225754222,0.0,
10.283333333333333,0.0,0.0,0.0,0.0,0.3,2.611497915023818e-23,0.7529038012342574,0.7389477015782246,0.10346994105162013,0.11705223529410833,0.0,
10.3,0.0,0.0,0.0,0.0,0.31666666666666665,2.3503481235214363e-23,0.7520254134661507,0.7266319065519209,0.10834924242678354,0.11549153882352022,0.0,
10.316666666666666,0.0,0.0,0.0,0.0,0.3333333333333333,2.115313311169293e-23,0.7511480504837735,0.7145213747760556,0.11323185375645675,0.1139516516392066,0.0,
10.333333333333334,0.0,0.0,0.0,0.0,0.35,1.9037819800523635e-23,0.7502717110915424,0.7026126851964547,0.11811774996111454,0.11243229628401719,0.0,
10.35,0.0,0.0,0.0,0.0,0.36666666666666664,1.7134037820471272e-23,0.749396394095269,0.6909024737765138,0.12300690628849624,0.11093319900023028,0.0,
10.366666666666667,0.0,0.0,0.0,0.0,0.3833333333333333,1.5420634038424145e-23,0.7485220983021579,0.6793874325469053,0.12789929830933727,0.10945408968022721,0.0,
10.383333333333333,0.0,0.0,0.0,0.0,0.39999999999999997,1.387857063458173e-23,0.7476488225208053,0.6680643086711235,0.13279490191315632,0.10799470181782418,0.0,
10.4,0.0,0.0,0.0,0.0,0.41666666666666663,1.2490713571123558e-23,0.7467765655611978,0.6569299035266049,0.13769369330409742,0.10655477246025319,0.0,
10.416666666666666,0.0,0.0,0.0,0.0,0.4333333333333333,1.1241642214011202e-23,0.7459053262347097,0.6459810718011615,0.14259564899682628,0.10513404216078315,0.0,
10.433333333333334,0.0,0.0,0.0,0.0,0.44999999999999996,1.0117477992610082e-23,0.7450351033541026,0.6352147206044755,0.14750074581248004,0.1037322549319727,0.0,
10.45,0.0,0.0,0.0,0.0,0.4666666666666666,9.105730193349074e-24,0.7441658957335229,0.6246278085944009,0.1524089608746699,0.1023491581995464,0.0,
10.466666666666667,0.0,0.0,0.0,0.0,0.4833333333333333,8.195157174014167e-24,0.7432977021885004,0.6142173451178276,0.15732027160553583,0.10098450275688578,0.0,
10.483333333333333,0.0,0.0,0.0,0.0,0.49999999999999994,7.37564145661275e-24,0.7424305215359472,0.6039803893658637,0.16223465572185267,0.0996380427201273,0.0,
10.5,0.0,0.0,0.0,0.0,0.5166666666666666,6.638077310951475e-24,0.7415643525941553,0.5939140495430993,0.16715209123118713,0.09830953548385894,0.0,
10.516666666666666,0.0,0.0,0.0,0.0,0.5333333333333333,5.9742695798563276e-24,0.7406991941827955,0.5840154820507144,0.1720725564281047,0.09699874167740749,0.0,
10.533333333333333,0.0,0.0,0.0,0.0,0.55,5.376842621870695e-24,0.7398350451229155,0.5742818906832025,0.17699602989042623,0.09570542512170872,0.0,
10.55,0.0,0.0,0.0,0.0,0.5666666666666668,4.839158359683625e-24,0.7389719042369388,0.5647105258384825,0.18192249047553308,0.0944293527867526,0.0,
10.566666666666666,0.0,0.0,0.0,0.0,0.5833333333333335,4.3552425237152625e-24,0.7381097703486624,0.5552986837411744,0.18685191731672063,0.0931702947495959,0.0,
10.583333333333334,0.0,0.0,0.0,0.0,0.6000000000000002,3.9197182713437366e-24,0.7372486422832557,0.5460437056788215,0.19178428981959927,0.09192802415293462,0.0,
10.6,0.0,0.0,0.0,0.0,0.6166666666666669,3.527746444209363e-24,0.7363885188672585,0.5369429772508412,0.19671958765854225,0.09070231716422883,0.0,
10.616666666666667,0.0,0.0,0.0,0.0,0.6333333333333336,3.174971799788427e-24,0.73552939892858,0.5279939276299939,0.20165779077317994,0.08949295293537245,0.0,
10.633333333333333,0.0,0.0,0.0,0.0,0.6500000000000004,2.8574746198095844e-24,0.7346712812964967,0.5191940288361606,0.20659887936493973,0.08829971356290081,0.0,
10.65,0.0,0.0,0.0,0.0,0.6666666666666671,2.571727157828626e-24,0.7338141648016508,0.5105407950222246,0.21154283389363107,0.0871223840487288,0.0,
10.666666666666666,0.0,0.0,0.0,0.0,0.6833333333333338,2.3145544420457635e-24,0.7329580482760489,0.5020317817718541,0.216489635074075,0.08596075226141241,0.0,
10.683333333333334,0.0,0.0,0.0,0.0,0.7000000000000005,2.083098997841187e-24,0.7321029305530602,0.4936645854089899,0.22143926387277776,0.08481460889792691,0.0,
10.7,0.0,0.0,0.0,0.0,0.7166666666666672,1.8747890980570684e-24,0.731248810467415,0.48543684231884004,0.2263917015046475,0.08368374744595455,0.0,
10.716666666666667,0.0,0.0,0.0,0.0,0.733333333333334,1.6873101882513614e-24,0.730395686855203,0.4773462282801927,0.23134692942975407,0.08256796414667517,0.0,
10.733333333333333,0.0,0.0,0.0,0.0,0.7500000000000007,1.5185791694262252e-24,0.7295435585538719,0.46939045780885613,0.23630492935013095,0.08146705795805283,0.0,
10.75,0.0,0.0,0.0,0.0,0.7666666666666674,1.3667212524836027e-24,0.7286924244022257,0.46156728351204185,0.2412656832066188,0.08038083051861213,0.0,
10.766666666666666,0.0,0.0,0.0,0.0,0.7833333333333341,1.2300491272352424e-24,0.7278422832404231,0.45387449545350783,0.24622917317575024,0.07930908611169729,0.0,
10.783333333333333,0.0,0.0,0.0,0.0,0.8000000000000008,1.1070442145117183e-24,0.726993133909976,0.4463099205292827,0.25119538166667543,0.078251631630208,0.0,
10.8,0.0,0.0,0.0,0.0,0.8166666666666675,9.963397930605464e-25,0.7261449752537477,0.43887142185379463,0.2561642913181273,0.07720827654180523,0.0,
10.816666666666666,0.0,0.0,0.0,0.0,0.8333333333333343,8.967058137544918e-25,0.7252978061159516,0.4315568981562314,0.2611358849954267,0.07617883285458116,0.0,
10.833333333333334,0.0,0.0,0.0,0.0,0.850000000000001,8.070352323790426e-25,0.7244516253421497,0.42436428318696084,0.2661101457875267,0.07516311508318674,0.0,
10.85,0.0,0.0,0.0,0.0,0.8666666666666677,7.263317091411383e-25,0.7236064317792505,0.4172915451338448,0.2710870570040948,0.07416094021541092,0.0,
10.866666666666667,0.0,0.0,0.0,0.0,0.8833333333333344,6.536985382270245e-25,0.7227622242755081,0.4103366860482807,0.27606660217263407,0.07317212767920545,0.0,
10.883333333333333,0.0,0.0,0.0,0.0,0.9000000000000011,5.883286844043221e-25,0.7219190016805199,0.4034977412808094,0.2810487650356411,0.07219649931014938,0.0,
10.9,0.0,0.0,0.0,0.0,0.9166666666666679,5.294958159638898e-25,0.721076762845226,0.3967727789261292,0.2860335295478013,0.07123387931934738,0.0,
10.916666666666666,0.0,0.0,0.0,0.0,0.9333333333333346,4.765462343675009e-25,0.7202355066219066,0.3901598992773604,0.2910208798732209,0.20841742759508944,0.0,micro_nod_ready
10.933333333333334,0.0,0.0,0.0,0.0,0.9500000000000013,4.288916109307508e-25,0.7193952318641811,0.3836572342894044,0.2958353998271392,0.20563852856048825,0.0,
10.95,0.0,0.0,0.0,0.0,0.966666666666668,3.860024498376757e-25,0.7185559374270062,0.3772629470512477,0.3006547658905162,0.20289668151301507,0.0,
10.966666666666667,0.0,0.0,0.0,0.0,0.9833333333333347,3.4740220485390812e-25,0.7177176221666747,0.3709752312670602,0.3054789329191078,0.20019139242617487,0.0,
10.983333333333333,0.0,0.0,0.0,0.0,1.0000000000000013,3.126619843685173e-25,0.7168802849408136,0.36479231074594254,0.31030785635789954,0.19752217386049253,0.0,
11.0,0.0,0.0,0.0,0.0,1.016666666666668,2.8139578593166556e-25,0.7160439246083826,0.35871243890017684,0.31514149223341925,0.19488854487568597,0.0,
11.016666666666666,0.0,0.0,0.0,0.0,1.0333333333333345,2.53256207338499e-25,0.7152085400296728,0.35273389825184054,0.3199797971461502,0.19229003094401015,0.0,
11.033333333333333,0.0,0.0,0.0,0.0,1.0500000000000012,2.279305866046491e-25,0.7143741300663049,0.3468549999476432,0.3248227282630433,0.1897261638647567,0.0,
11.05,0.0,0.0,0.0,0.0,1.0666666666666678,2.051375279441842e-25,0.7135406935812275,0.3410740832818491,0.3296702433101265,0.18719648167989325,0.0,
11.066666666666666,0.0,0.0,0.0,0.0,1.0833333333333344,1.8462377514976577e-25,0.712708229438716,0.33538951522715166,0.33452230056521093,0.184700528590828,0.0,
11.083333333333334,0.0,0.0,0.0,0.0,1.100000000000001,1.661613976347892e-25,0.7118767365043709,0.3297996899733658,0.3393788588506922,0.18223785487628363,0.0,
11.1,0.0,0.0,0.0,0.0,1.1166666666666676,1.495452578713103e-25,0.7110462136451158,0.3243030284738097,0.3442398775264452,0.1798080168112665,0.0,
11.116666666666667,0.0,0.0,0.0,0.0,1.1333333333333342,1.3459073208417927e-25,0.7102166597291965,0.3188979779992462,0.34910531648281196,0.1774105765871163,0.0,
11.133333333333333,0.0,0.0,0.0,0.0,1.1500000000000008,1.2113165887576134e-25,0.7093880736261791,0.31358301169925873,0.35397513613368065,0.1750451022326214,0.0,
11.15,0.0,0.0,0.0,0.0,1.1666666666666674,1.0901849298818522e-25,0.7085604542069485,0.30835662817093773,0.35884929740965504,0.17271116753618646,0.0,
11.166666666666666,0.0,0.0,0.0,0.0,1.183333333333334,9.811664368936669e-26,0.707733800343707,0.30321735103475544,0.36372776175131294,0.1704083519690373,0.0,
11.183333333333334,0.0,0.0,0.0,0.0,1.2000000000000006,8.830497932043003e-26,0.7069081109099727,0.2981637285175095,0.3686104911025524,0.16813624060945015,0.0,
11.2,0.0,0.0,0.0,0.0,1.2166666666666672,7.947448138838702e-26,0.7060833847805777,0.29319433304221765,0.3734974479040251,0.16589442406799082,0.0,
11.216666666666667,0.0,0.0,0.0,0.0,1.2333333333333338,7.152703324954831e-26,0.705259620831667,0.2883077608248473,0.37838859508665507,0.16368249841375093,0.0,
11.233333333333333,0.0,0.0,0.0,0.0,1.2500000000000004,6.437432992459349e-26,0.7044368179406968,0.28350263147776655,0.3832838960652417,0.16150006510156759,0.0,
11.25,0.0,0.0,0.0,0.0,1.266666666666667,5.793689693213414e-26,0.7036149749864327,0.27877758761980376,0.3881833147321468,0.15934673090021334,0.0,
11.266666666666666,0.0,0.0,0.0,0.0,1.2833333333333337,5.214320723892073e-26,0.7027940908489485,0.27413129449280704,0.39308681545106344,0.15722210782154383,0.0,
11.283333333333333,0.0,0.0,0.0,0.0,1.3000000000000003,4.692888651502865e-26,0.7019741644096247,0.2695624395845936,0.39799436305086633,0.15512581305058992,0.0,
11.3,0.0,0.0,0.0,0.0,1.3166666666666669,4.2235997863525784e-26,0.7011551945511468,0.2650697322581837,0.40290592281954235,0.15305746887658206,0.0,
11.316666666666666,0.0,0.0,0.0,0.0,1.3333333333333335,3.8012398077173203e-26,0.7003371801575038,0.26065190338721395,0.40782146049820006,0.1510167026248943,0.0,
11.333333333333334,0.0,0.0,0.0,0.0,1.35,3.4211158269455884e-26,0.6995201201139867,0.25630770499742705,0.4127409422751576,0.14900314658989572,0.0,
11.35,0.0,0.0,0.0,0.0,1.3666666666666667,3.0790042442510295e-26,0.698704013307187,0.2520359099141366,0.4176643347801076,0.14701643796869712,0.0,
11.366666666666667,0.0,0.0,0.0,0.0,1.3833333333333333,2.7711038198259266e-26,0.6978888586249953,0.24783531141556767,0.4225916050783581,0.14505621879578115,0.0,
11.383333333333333,0.0,0.0,0.0,0.0,1.4,2.493993437843334e-26,0.6970746549565995,0.24370472289197487,0.42752272066514846,0.14312213587850406,0.0,
11.4,0.0,0.0,0.0,0.0,1.4166666666666665,2.2445940940590007e-26,0.6962614011924835,0.23964297751044195,0.43245764946004,0.14121384073345733,0.0,
11.416666666666666,0.0,0.0,0.0,0.0,1.4333333333333331,2.0201346846531007e-26,0.6954490962244256,0.23564892788526792,0.43739635980137903,0.1393309895236779,0.0,
11.433333333333334,0.0,0.0,0.0,0.0,1.4499999999999997,1.8181212161877906e-26,0.6946377389454972,0.2317214457538468,0.44233882044083256,0.13747324299669553,0.0,
11.45,0.0,0.0,0.0,0.0,1.4666666666666663,1.6363090945690115e-26,0.6938273282500608,0.22785942165794934,0.44728500053799514,0.13564026642340626,0.0,
11.466666666666667,0.0,0.0,0.0,0.0,1.483333333333333,1.4726781851121103e-26,0.693017863033769,0.22406176463031685,0.452234869655066,0.13383172953776085,0.0,
11.483333333333333,0.0,0.0,0.0,0.0,1.4999999999999996,1.3254103666008992e-26,0.6922093421935629,0.22032740188647823,0.45718839775159575,0.13204730647725738,0.0,
11.5,0.0,0.0,0.0,0.0,1.5166666666666662,1.1928693299408092e-26,0.6914017646276704,0.2166552785217036,0.46214555517930145,0.13028667572422728,0.0,
11.516666666666666,0.0,0.0,0.0,0.0,1.5333333333333328,1.0735823969467283e-26,0.6905951292356048,0.21304435721300855,0.4671063126769494,0.12854952004790424,0.0,
11.533333333333333,0.0,0.0,0.0,0.0,1.5499999999999994,9.662241572520554e-27,0.6897894349181634,0.20949361792612506,0.47207064136530463,0.1268355264472655,0.0,
11.55,0.0,0.0,0.0,0.0,1.566666666666666,8.696017415268499e-27,0.6889846805774255,0.2060020576273563,0.4770385127421462,0.1251443860946353,0.0,
11.566666666666666,0.0,0.0,0.0,0.0,1.5833333333333326,7.826415673741649e-27,0.6881808651167518,0.2025686900002337,0.4820098986773477,0.12347579428004016,0.0,
11.583333333333334,0.0,0.0,0.0,0.0,1.5999999999999992,7.043774106367484e-27,0.6873779874407823,0.19919254516689647,0.48698477140802165,0.12182945035630628,0.0,
11.6,0.0,0.0,0.0,0.0,1.6166666666666658,6.3393966957307354e-27,0.6865760464554347,0.19587266941411485,0.49196310353372746,0.12020505768488886,0.0,
11.616666666666667,0.0,0.0,0.0,0.0,1.6333333333333324,5.705457026157662e-27,0.6857750410679033,0.1926081249238796,0.4969448680117418,0.11860232358242367,0.0,
11.633333333333333,0.0,0.0,0.0,0.0,1.649999999999999,5.1349113235418956e-27,0.6849749701866574,0.1893979895084816,0.5019300381523907,0.11702095926799136,0.0,
11.65,0.0,0.0,0.0,0.0,1.6666666666666656,4.621420191187706e-27,0.6841758327214397,0.1862413563500069,0.5069185876144422,0.11546067981108481,0.0,
11.666666666666666,0.0,0.0,0.0,0.0,1.6833333333333322,4.159278172068935e-27,0.6833776275832647,0.18313733374417346,0.5119104904005599,0.11392120408027034,0.0,
11.683333333333334,0.0,0.0,0.0,0.0,1.6999999999999988,3.743350354862042e-27,0.6825803536844176,0.18008504484843724,0.516905720852815,0.11240225469253341,0.0,
11.7,0.0,0.0,0.0,0.0,1.7166666666666655,3.369015319375838e-27,0.6817840099384525,0.17708362743429662,0.5219042536482572,0.11090355796329963,0.0,
11.716666666666667,0.0,0.0,0.0,0.0,1.733333333333332,3.032113787438254e-27,0.680988595260191,0.17413223364372502,0.5269060637945433,0.10942484385712231,0.0,
11.733333333333333,0.0,0.0,0.0,0.0,1.7499999999999987,2.7289024086944285e-27,0.6801941085657207,0.17123002974966292,0.5319111266256229,0.10796584593902735,0.0,
11.75,0.0,0.0,0.0,0.0,1.7666666666666653,2.4560121678249855e-27,0.6794005487723941,0.16837619592050188,0.5369194177974805,0.10652630132650698,0.0,
11.766666666666666,0.0,0.0,0.0,0.0,1.7833333333333319,2.210410951042487e-27,0.6786079147988263,0.16556992598849352,0.5419309132839328,0.10510595064215356,0.0,
11.783333333333333,0.0,0.0,0.0,0.0,1.7999999999999985,1.9893698559382382e-27,0.6778162055648943,0.16281042722201863,0.5469455893724811,0.10370453796692485,0.0,
11.8,0.0,0.0,0.0,0.0,1.816666666666665,1.7904328703444143e-27,0.6770254199917353,0.16009692010165166,0.5519634226602174,0.10232181079403252,0.0,
11.816666666666666,0.0,0.0,0.0,0.0,1.8333333333333317,1.611389583309973e-27,0.6762355570017449,0.15742863809995747,0.5569843900497847,0.10095751998344542,0.0,
11.833333333333334,0.0,0.0,0.0,0.0,1.8499999999999983,1.4502506249789757e-27,0.6754466155185762,0.1548048274649582,0.5620084687453893,0.09961141971699948,0.0,
11.85,0.0,0.0,0.0,0.0,1.866666666666665,1.3052255624810782e-27,0.6746585944671378,0.1522247470072089,0.5670356362488652,0.09828326745410615,0.0,
11.866666666666667,0.0,0.0,0.0,0.0,1.8833333333333315,1.1747030062329703e-27,0.6738714927735928,0.14968766789042207,0.5720658703557898,0.0969728238880514,0.0,
11.883333333333333,0.0,0.0,0.0,0.0,1.8999999999999981,1.0572327056096732e-27,0.6730853093653569,0.1471928734255817,0.5770991491516508,0.09567985290287738,0.0,
11.9,0.0,0.0,0.0,0.0,1.9166666666666647,9.51509435048706e-28,0.6723000431710974,0.1447396588684887,0.5821354510080625,0.09440412153083902,0.0,
11.916666666666666,0.0,0.0,0.0,0.0,1.9333333333333313,8.563584915438355e-28,0.6715156931207311,0.14232733122068056,0.5871747545790318,0.09314539991042783,0.0,
11.933333333333334,0.0,0.0,0.0,0.0,1.949999999999998,7.707226423894519e-28,0.6707322581454236,0.1399552090336692,0.5922170387972724,0.09190346124495546,0.0,
11.95,0.0,0.0,0.0,0.0,1.9666666666666646,6.936503781505067e-28,0.6699497371775872,0.1376226222164414,0.5972622828705679,0.09067808176168939,0.0,
11.966666666666667,0.0,0.0,0.0,0.0,1.9833333333333312,6.242853403354561e-28,0.66916812915088,0.13532891184616738,0.602310466278182,0.08946904067153352,0.0,
11.983333333333333,0.0,0.0,0.0,0.0,1.9999999999999978,5.618568063019105e-28,0.668387433000204,0.1330734299820646,0.6073615687673146,0.0882761201292464,0.0,
12.0,0.0,0.0,0.0,0.0,2.0166666666666644,5.056711256717194e-28,0.6676076476617038,0.1308555394823635,0.6124155703496059,0.08709910519418979,0.0,
12.016666666666666,0.0,0.0,0.0,0.0,2.033333333333331,4.551040131045474e-28,0.6668287720727651,0.1286746138243241,0.6174724512976848,0.0859377837916006,0.0,
12.033333333333333,0.0,0.0,0.0,0.0,2.0499999999999976,4.095936117940927e-28,0.6660508051720135,0.12653003692725204,0.6225321921417626,0.08479194667437925,0.0,
12.05,0.0,0.0,0.0,0.0,2.066666666666664,3.686342506146834e-28,0.6652737458993129,0.1244212029784645,0.6275947736662711,0.08366138738538753,0.0,
12.066666666666666,0.0,0.0,0.0,0.0,2.083333333333331,3.3177082555321507e-28,0.6644975931957636,0.12234751626215676,0.6326601769065453,0.08254590222024903,0.0,
12.083333333333334,0.0,0.0,0.0,0.0,2.0999999999999974,2.9859374299789357e-28,0.663722346003702,0.12030839099112081,0.6377283831455478,0.08144529019064571,0.0,
12.1,0.0,0.0,0.0,0.0,2.116666666666664,2.6873436869810423e-28,0.6629480032666977,0.1183032511412688,0.6427993739106379,0.08035935298810377,0.0,
12.116666666666667,0.0,0.0,0.0,0.0,2.1333333333333306,2.418609318282938e-28,0.6621745639295532,0.11633153028891433,0.6478731309703811,0.0792878949482624,0.0,
12.133333333333333,0.0,0.0,0.0,0.0,2.1499999999999972,2.176748386454644e-28,0.6614020269383021,0.11439267145076576,0.6529496363314012,0.0782307230156189,0.0,
12.15,0.0,0.0,0.0,0.0,2.166666666666664,1.9590735478091794e-28,0.6606303912402074,0.11248612692658633,0.6580288722352734,0.07718764670874398,0.0,
12.166666666666666,0.0,0.0,0.0,0.0,2.1833333333333305,1.7631661930282615e-28,0.6598596557837605,0.11061135814447655,0.6631108211554573,0.07615847808596073,0.0,
12.183333333333334,0.0,0.0,0.0,0.0,2.199999999999997,1.5868495737254354e-28,0.6590898195186794,0.10876783550873527,0.15886090684114582,0.5684763650448146,0.0,response_ready
12.2,0.0,0.0,0.0,0.0,2.2166666666666637,1.428164616352892e-28,0.6583208813959076,0.10695503825025635,0.16330878105270405,0.5608966801775503,0.0,
12.216666666666667,0.0,0.0,0.0,0.0,2.2333333333333303,1.2853481547176027e-28,0.6575528403676124,0.10517245427941874,0.16776767403750162,0.553418057775183,0.0,
12.233333333333333,0.0,0.0,0.0,0.0,2.249999999999997,1.1568133392458425e-28,0.6567856953871836,0.10341958004142843,0.17223745999382442,0.5460391503381806,0.0,
12.25,0.0,0.0,0.0,0.0,2.2666666666666635,1.0411320053212583e-28,0.6560194454092318,0.10169592037407128,0.17671801476269128,0.5387586283336715,0.0,
12.266666666666666,0.0,0.0,0.0,0.0,2.28333333333333,9.370188047891325e-29,0.6552540893895877,0.10000098836783676,0.18120921580641247,0.5315751799558892,0.0,
12.283333333333333,0.0,0.0,0.0,0.0,2.2999999999999967,8.433169243102193e-29,0.6544896262852998,0.09833430522837282,0.18571094218742806,0.5244875108898107,0.0,
12.3,0.0,0.0,0.0,0.0,2.3166666666666633,7.589852318791974e-29,0.6537260550546337,0.09669540014123328,0.19022307454742216,0.5174943440779466,0.0,
12.316666666666666,0.0,0.0,0.0,0.0,2.33333333333333,6.830867086912776e-29,0.6529633746570699,0.09508381013887938,0.19474549508670982,0.5105944194902406,0.0,
12.333333333333334,0.0,0.0,0.0,0.0,2.3499999999999965,6.147780378221498e-29,0.6522015840533033,0.09349907996989806,0.1992780875438928,0.5037864938970374,0.0,
12.35,0.0,0.0,0.0,0.0,2.366666666666663,5.533002340399349e-29,0.6514406822052411,0.09194076197039976,0.20382073717578075,0.49706934064507696,0.0,
12.366666666666667,0.0,0.0,0.0,0.0,2.3833333333333298,4.9797021063594137e-29,0.6506806680760017,0.09040841593755976,0.20837333073757433,0.49044174943647595,0.0,
12.383333333333333,0.0,0.0,0.0,0.0,2.3999999999999964,4.4817318957234724e-29,0.649921540629913,0.0889016090052671,0.21293575646330692,0.48390252611065626,0.0,
12.4,0.0,0.0,0.0,0.0,2.416666666666663,4.0335587061511253e-29,0.6491632988325114,0.08741991552184598,0.2175079040465415,0.47745049242918086,0.0,
12.416666666666666,0.0,0.0,0.0,0.0,2.4333333333333296,3.6302028355360127e-29,0.6484059416505402,0.08596291692981521,0.22208966462131938,0.47108448586345847,0.0,
12.433333333333334,0.0,0.0,0.0,0.0,2.449999999999996,3.2671825519824113e-29,0.6476494680519479,0.08453020164765163,0.22668093074335743,0.464803359385279,0.0,
12.45,0.0,0.0,0.0,0.0,2.466666666666663,2.9404642967841704e-29,0.6468938770058873,0.0831213649535241,0.23128159637149076,0.45860598126014196,0.0,
12.466666666666667,0.0,0.0,0.0,0.0,2.4833333333333294,2.646417867105753e-29,0.6461391674827137,0.08173600887096535,0.23589155684935734,0.4524912348433401,0.0,
12.483333333333333,0.0,0.0,0.0,0.0,2.499999999999996,2.3817760803951779e-29,0.6453853384539839,0.08037374205644926,0.24051070888732173,0.4464580183787622,0.0,
12.5,0.0,0.0,0.0,0.0,2.5166666666666626,2.14359847235566e-29,0.6446323888924543,0.07903417968884177,0.24513895054463467,0.4405052448003787,0.0,
12.516666666666666,0.0,0.0,0.0,0.0,2.533333333333329,1.929238625120094e-29,0.6438803177720798,0.0777169433606944,0.2497761812118253,0.4346318415363737,0.0,
12.533333333333333,0.0,0.0,0.0,0.0,2.549999999999996,1.7363147626080846e-29,0.6431291240680124,0.07642166097134949,0.2544223015933232,0.4288367503158887,0.0,
12.55,0.0,0.0,0.0,0.0,2.5666666666666624,1.5626832863472762e-29,0.6423788067565996,0.075147966621827,0.2590772136903073,0.4231189269783435,0.0,
12.566666666666666,0.0,0.0,0.0,0.0,2.583333333333329,1.4064149577125487e-29,0.6416293648153836,0.07389550051146322,0.26374082078377825,0.41747734128529895,0.0,
12.583333333333334,0.0,0.0,0.0,0.0,2.5999999999999956,1.265773461941294e-29,0.640880797223099,0.07266390883627216,0.268413027417852,0.4119109767348283,0.0,
12.6,0.0,0.0,0.0,0.0,2.6166666666666623,1.1391961157471645e-29,0.6401331029596721,0.07145284368900096,0.2730937393832712,0.4064188303783639,0.0,
12.616666666666667,0.0,0.0,0.0,0.0,2.633333333333329,1.0252765041724481e-29,0.6393862810062191,0.07026196296085094,0.27778286370113164,0.40099991263998574,0.0,
12.633333333333333,0.0,0.0,0.0,0.0,2.6499999999999955,9.227488537552034e-30,0.6386403303450452,0.06909093024483676,0.28248030860682133,0.3956532471381193,0.0,
12.65,0.0,0.0,0.0,0.0,2.666666666666662,8.30473968379683e-30,0.6378952499596426,0.06793941474075614,0.2871859835341688,0.39037787050961104,0.0,
12.666666666666666,0.0,0.0,0.0,0.0,2.6833333333333287,7.474265715417147e-30,0.6371510388346897,0.06680709116174353,0.2918997990997984,0.38517283223614956,0.0,
12.683333333333334,0.0,0.0,0.0,0.0,2.6999999999999953,6.726839143875433e-30,0.6364076959560493,0.06569363964238115,0.29662166708768994,0.3800371944730009,0.0,
12.7,0.0,0.0,0.0,0.0,2.716666666666662,6.054155229487889e-30,0.6356652203107672,0.06459874564834146,0.30135150043393927,0.37497003188002753,0.0,
12.716666666666667,0.0,0.0,0.0,0.0,2.7333333333333285,5.4487397065391004e-30,0.6349236108870713,0.06352209988753577,0.3060892132117183,0.3699704314549605,0.0,
12.733333333333333,0.0,0.0,0.0,0.0,2.749999999999995,4.9038657358851904e-30,0.6341828666743697,0.0624633982227435,0.3108347206164308,0.3650374923688944,0.0,
12.75,0.0,0.0,0.0,0.0,2.7666666666666617,4.4134791622966715e-30,0.6334429866632496,0.06142234158569777,0.3155879389510623,0.3601703258039758,0.0,
12.766666666666666,0.0,0.0,0.0,0.0,2.7833333333333283,3.972131246067004e-30,0.6327039698454758,0.06039863589260281,0.32034878561172075,0.3553680547932561,0.0,
12.783333333333333,0.0,0.0,0.0,0.0,2.799999999999995,3.574918121460304e-30,0.6319658152139894,0.05939199196105943,0.32511717907336624,0.35062981406267935,0.0,
12.8,0.0,0.0,0.0,0.0,2.8166666666666615,3.2174263093142736e-30,0.6312285217629064,0.058402125428375105,0.3298930388757266,0.34595474987517694,0.0,
12.816666666666666,0.0,0.0,0.0,0.0,2.833333333333328,2.895683678382846e-30,0.6304920884875164,0.05742875667123552,0.33467628560939694,0.34134201987684126,0.0,
12.833333333333334,0.0,0.0,0.0,0.0,2.8499999999999948,2.6061153105445615e-30,0.6297565143842809,0.05647161072671493,0.3394668409021207,0.33679079294515,0.0,
12.85,0.0,0.0,0.0,0.0,2.8666666666666614,2.3455037794901054e-30,0.6290217984508326,0.055530417214603014,0.3442646274052495,0.3323002490392147,0.0,
12.866666666666667,0.0,0.0,0.0,0.0,2.883333333333328,2.110953401541095e-30,0.6282879396859733,0.0546049102610263,0.3490695687803797,0.32786957905202513,0.0,
12.883333333333333,0.0,0.0,0.0,0.0,2.8999999999999946,1.8998580613869855e-30,0.627554937089673,0.05369482842334253,0.3538815896861636,0.3234979846646648,0.0,
12.9,0.0,0.0,0.0,0.0,2.916666666666661,1.709872255248287e-30,0.6268227896630684,0.05279991461628682,0.3587006157652924,0.31918467820246926,0.0,
12.916666666666666,0.0,0.0,0.0,0.0,2.933333333333328,1.5388850297234582e-30,0.6260914964084614,0.0519199160393487,0.36352657363164914,0.314928882493103,0.0,
12.933333333333334,0.0,0.0,0.0,0.0,2.9499999999999944,1.3849965267511125e-30,0.6253610563293182,0.051054584105359554,0.36835939085762953,0.3107298307265283,0.0,
12.95,0.0,0.0,0.0,0.0,2.966666666666661,1.2464968740760013e-30,0.6246314684302673,0.05020367437027023,0.37319899596162787,0.3065867663168413,0.0,
12.966666666666667,0.0,0.0,0.0,0.0,2.9833333333333276,1.1218471866684011e-30,0.6239027317170986,0.04936694646409906,0.37804531839568645,0.3024989427659501,0.0,
12.983333333333333,0.0,0.0,0.0,0.0,2.9999999999999942,1.009662468001561e-30,0.623174845196762,0.048544164023030745,0.38289828853330615,0.29846562352907074,0.0,
13.0,0.0,0.0,0.0,0.0,3.016666666666661,9.08696221201405e-31,0.6224478078773658,0.0477350946226469,0.38775783765741606,0.29448608188201647,0.0,
13.016666666666666,0.0,0.0,0.0,0.0,3.0333333333333274,8.178265990812644e-31,0.6217216187681754,0.04693950971226945,0.39262389794850017,0.2905596007902562,0.0,
13.033333333333333,0.0,0.0,0.0,0.0,3.049999999999994,7.36043939173138e-31,0.6209962768796126,0.04615718455039829,0.3974964024728788,0.28668547277971945,0.0,
13.049999999999999,0.0,0.0,0.0,0.0,3.0666666666666607,6.624395452558242e-31,0.620271781223253,0.045387898141224986,0.40237528517114324,0.28286299980932317,0.0,
13.066666666666666,0.0,0.0,0.0,0.0,3.0833333333333273,5.961955907302418e-31,0.6195481308118259,0.04463143317220457,0.40726048084674105,0.2790914931451989,0.0,
13.083333333333334,0.0,0.0,0.0,0.0,3.099999999999994,5.365760316572177e-31,0.6188253246592121,0.043887575952667825,0.4121519251547106,0.27537027323659624,0.0,
13.1,0.0,0.0,0.0,0.0,3.1166666666666605,4.829184284914959e-31,0.618103361780443,0.043156116353456696,0.41704955459056237,0.27169866959344163,0.0,
13.116666666666667,0.0,0.0,0.0,0.0,3.133333333333327,4.346265856423463e-31,0.6173822411916992,0.04243684774756575,0.42195330647930546,0.2680760206655291,0.0,
13.133333333333333,0.0,0.0,0.0,0.0,3.1499999999999937,3.9116392707811164e-31,0.6166619619103089,0.04172956695177299,0.42686311896461737,0.26450167372332206,0.0,
13.15,0.0,0.0,0.0,0.0,3.1666666666666603,3.520475343703005e-31,0.6159425229547468,0.04103407416924344,0.43177893099815506,0.2609749847403444,0.0,
13.166666666666666,0.0,0.0,0.0,0.0,3.183333333333327,3.1684278093327043e-31,0.6152239233446329,0.04035017293308939,0.43670068232900555,0.25749531827713984,0.0,
13.183333333333334,0.0,0.0,0.0,0.0,3.1999999999999935,2.851585028399434e-31,0.6145061621007308,0.03967767005087123,0.44162831349327397,0.25406204736677795,0.0,
13.2,0.0,0.0,0.0,0.0,3.21666666666666,2.5664265255594907e-31,0.6137892382449467,0.03901637555002337,0.4465617658038079,0.2506745534018876,0.0,
13.216666666666667,0.0,0.0,0.0,0.0,3.2333333333333267,2.3097838730035416e-31,0.6130731508003275,0.03836610262418965,0.45150098134005556,0.24733222602319577,0.0,
13.233333333333333,0.0,0.0,0.0,0.0,3.2499999999999933,2.0788054857031872e-31,0.6123578987910605,0.037726667580453156,0.45644590293805626,0.24403446300955314,0.0,
13.25,0.0,0.0,0.0,0.0,3.26666666666666,1.8709249371328686e-31,0.6116434812424709,0.037097889787445604,0.46139647418056173,0.24078067016942578,0.0,
13.266666666666666,0.0,0.0,0.0,0.0,3.2833333333333266,1.6838324434195818e-31,0.6109298971810214,0.03647959162432151,0.46635263938728627,0.23757026123383343,0.0,
13.283333333333333,0.0,0.0,0.0,0.0,3.299999999999993,1.5154491990776236e-31,0.6102171456343102,0.03587159843058282,0.4713143436052841,0.23440265775071564,0.0,
13.299999999999999,0.0,0.0,0.0,0.0,3.3166666666666598,1.3639042791698611e-31,0.6095052256310701,0.03527373845673977,0.47628153259945255,0.2312772889807061,0.0,
13.316666666666666,0.0,0.0,0.0,0.0,3.3333333333333264,1.227513851252875e-31,0.6087941362011672,0.03468584281579411,0.4812541528431586,0.22819359179429669,0.0,
13.333333333333334,0.0,0.0,0.0,0.0,3.349999999999993,1.1047624661275876e-31,0.6080838763755991,0.03410774543553087,0.4862321515089884,0.22515101057037273,0.0,
13.35,0.0,0.0,0.0,0.0,3.3666666666666596,9.942862195148288e-32,0.6073744451864943,0.03353928301160536,0.4912154764596174,0.2221489970961011,0.0,
13.366666666666667,0.0,0.0,0.0,0.0,3.383333333333326,8.94857597563346e-32,0.60666584166711,0.032980294961411936,0.49620407623879914,0.21918701046815306,0.0,
13.383333333333333,0.0,0.0,0.0,0.0,3.399999999999993,8.053718378070113e-32,0.6059580648518317,0.03243062337872174,0.5011979000624724,0.21626451699524435,0.0,
13.4,0.0,0.0,0.0,0.0,3.4166666666666594,7.248346540263102e-32,0.6052511137761712,0.031890112989076375,0.5061968978099839,0.21338099010197442,0.0,
13.416666666666666,0.0,0.0,0.0,0.0,3.433333333333326,6.523511886236792e-32,0.6045449874767657,0.031358611105925104,0.5112010200154256,0.2105359102339481,0.0,
13.433333333333334,0.0,0.0,0.0,0.0,3.4499999999999926,5.871160697613113e-32,0.6038396849913761,0.03083596758749302,0.516210217859085,0.3458620980974955,0.0,micro_nod_ready
13.45,0.0,0.0,0.0,0.0,3.4666666666666592,5.284044627851802e-32,0.6031352053588861,0.030322034794368135,0.5210418001960451,0.34125060345619557,0.0,
13.466666666666667,0.0,0.0,0.0,0.0,3.483333333333326,4.7556401650666215e-32,0.6024315476193007,0.02981666754779533,0.5258807503527935,0.33670059541011294,0.0,
13.483333333333333,0.0,0.0,0.0,0.0,3.4999999999999925,4.2800761485599594e-32,0.6017287108137449,0.02931972308866541,0.5307269901901155,0.3322112541379781,0.0,
13.5,0.0,0.0,0.0,0.0,3.516666666666659,3.8520685337039633e-32,0.6010266939844622,0.028831061037187654,0.5355804425895878,0.32778177074947173,0.0,
13.516666666666666,0.0,0.0,0.0,0.0,3.5333333333333257,3.466861680333567e-32,0.6003254961748137,0.028350543353234527,0.5404410314402486,0.3234113471394788,0.0,
13.533333333333333,0.0,0.0,0.0,0.0,3.5499999999999923,3.1201755123002105e-32,0.5996251164292764,0.027878034297347285,0.545308681625442,0.3190991958442857,0.0,
13.549999999999999,0.0,0.0,0.0,0.0,3.566666666666659,2.8081579610701896e-32,0.5989255537934423,0.0274134003923915,0.5501833190098343,0.31484453989969524,0.0,
13.566666666666666,0.0,0.0,0.0,0.0,3.5833333333333255,2.5273421649631703e-32,0.5982268073140166,0.026956510385851642,0.5550648704265991,0.31064661270103266,0.0,
13.583333333333334,0.0,0.0,0.0,0.0,3.599999999999992,2.2746079484668532e-32,0.5975288760388169,0.026507235212754113,0.5599532636647703,0.3065046578650189,0.0,
13.6,0.0,0.0,0.0,0.0,3.6166666666666587,2.047147153620168e-32,0.5968317590167715,0.02606544795920821,0.5648484274567596,0.3024179290934853,0.0,
13.616666666666667,0.0,0.0,0.0,0.0,3.6333333333333253,1.8424324382581511e-32,0.5961354552979187,0.02563102382655474,0.5697502914660377,0.2983856900389055,0.0,
13.633333333333333,0.0,0.0,0.0,0.0,3.649999999999992,1.658189194432336e-32,0.5954399639334045,0.02520384009611216,0.5746587862749757,0.2944072141717201,0.0,
13.65,0.0,0.0,0.0,0.0,3.6666666666666585,1.4923702749891025e-32,0.5947452839754822,0.024783776094510292,0.5795738433728451,0.29048178464943053,0.0,
13.666666666666666,0.0,0.0,0.0,0.0,3.683333333333325,1.3431332474901922e-32,0.5940514144775109,0.02437071315960179,0.5844953951439752,0.2866086941874381,0.0,
13.683333333333334,0.0,0.0,0.0,0.0,3.6999999999999917,1.208819922741173e-32,0.5933583544939538,0.02396453460694176,0.589423374856064,0.2827872449316056,0.0,
13.7,0.0,0.0,0.0,0.0,3.7166666666666583,1.0879379304670558e-32,0.5926661030803775,0.023565125696826065,0.5943577166486427,0.27901674833251755,0.0,
13.716666666666667,0.0,0.0,0.0,0.0,3.733333333333325,9.791441374203502e-33,0.5919746592934504,0.023172373601878963,0.5992983555216901,0.2752965250214173,0.0,
13.733333333333333,0.0,0.0,0.0,0.0,3.7499999999999916,8.812297236783152e-33,0.5912840221909413,0.02278616737518098,0.604245227324396,0.2716259046877984,0.0,
13.75,0.0,0.0,0.0,0.0,3.766666666666658,7.931067513104837e-33,0.5905941908317186,0.022406397918927963,0.6091982687440711,0.2680042259586278,0.0,
13.766666666666666,0.0,0.0,0.0,0.0,3.7833333333333248,7.137960761794353e-33,0.5899051642757482,0.022032957953612497,0.6141574172952018,0.2644308362791794,0.0,
13.783333333333333,0.0,0.0,0.0,0.0,3.7999999999999914,6.424164685614918e-33,0.5892169415840932,0.021665741987718954,0.6191226113086474,0.260905091795457,0.0,
13.799999999999999,0.0,0.0,0.0,0.0,3.816666666666658,5.781748217053426e-33,0.5885295218189117,0.02130464628792364,0.6240937899209791,0.25742635723818424,0.0,
13.816666666666666,0.0,0.0,0.0,0.0,3.8333333333333246,5.2035733953480836e-33,0.5878429040434563,0.02094956884979158,0.6290708930639575,0.2539940058083418,0.0,
13.833333333333334,0.0,0.0,0.0,0.0,3.849999999999991,4.683216055813275e-33,0.5871570873220723,0.02060040936896172,0.6340538614541479,0.25060741906423056,0.0,
13.85,0.0,0.0,0.0,0.0,3.866666666666658,4.214894450231948e-33,0.5864720707201966,0.020257069212812357,0.6390426365826708,0.24726598681004083,0.0,
13.866666666666667,0.0,0.0,0.0,0.0,3.8833333333333244,3.793405005208753e-33,0.5857878533043563,0.01991945139259882,0.6440371607050864,0.24396910698590696,0.0,
13.883333333333333,0.0,0.0,0.0,0.0,3.899999999999991,3.414064504687878e-33,0.585104434142168,0.019587460536055507,0.6490373768314115,0.2407161855594282,0.0,
13.9,0.0,0.0,0.0,0.0,3.9166666666666576,3.0726580542190905e-33,0.5844218123023355,0.019261002860454582,0.6540432287162655,0.2375066364186358,0.0,
13.916666666666666,0.0,0.0,0.0,0.0,3.9333333333333242,2.7653922487971816e-33,0.5837399868546495,0.018939986146113672,0.6590546608491468,0.23433988126638733,0.0,
13.933333333333334,0.0,0.0,0.0,0.0,3.949999999999991,2.4888530239174633e-33,0.5830589568699857,0.01862431971034511,0.6640716184448345,0.23121534951616884,0.0,
13.95,0.0,0.0,0.0,0.0,3.9666666666666575,2.239967721525717e-33,0.582378721420304,0.01831391438183936,0.6690940474339168,0.22813247818928659,0.0,
13.966666666666667,0.0,0.0,0.0,0.0,3.983333333333324,2.0159709493731455e-33,0.581699279578647,0.01800868247547537,0.6741218944534415,0.22509071181342943,0.0,
13.983333333333333,0.0,0.0,0.0,0.0,3.9999999999999907,1.814373854435831e-33,0.5810206304191385,0.01770853776755078,0.6791551068376903,0.2220895023225837,0.0,
14.0,0.0,0.0,0.0,0.0,4.016666666666658,1.632936468992248e-33,0.5803427730169829,0.017413395471424932,0.6841936326090718,0.21912830895828259,0.0,
14.016666666666666,0.0,0.0,0.0,0.0,4.033333333333324,1.4696428220930232e-33,0.579665706448463,0.01712317221356785,0.6892374204691352,0.21620659817217214,0.0,
14.033333333333333,0.0,0.0,0.0,0.0,4.049999999999991,1.3226785398837208e-33,0.5789894297909398,0.016837786010008387,0.6942864197896992,0.21332384352987652,0.0,
14.049999999999999,0.0,0.0,0.0,0.0,4.0666666666666575,1.1904106858953488e-33,0.5783139421228504,0.016557156243174914,0.6993405806040989,0.21047952561614483,0.0,
14.066666666666666,0.0,0.0,0.0,0.0,4.083333333333324,1.071369617305814e-33,0.577639242523707,0.016281203639122,0.7043998535985454,0.2076731319412629,0.0,
14.083333333333334,0.0,0.0,0.0,0.0,4.099999999999991,9.642326555752326e-34,0.576965330074096,0.016009850245136632,0.7094641901035988,0.20490415684871274,0.0,
14.1,0.0,0.0,0.0,0.0,4.116666666666657,8.678093900177093e-34,0.5762922038556763,0.01574301940771769,0.7145335420857527,0.20217210142406325,0.0,
14.116666666666667,0.0,0.0,0.0,0.0,4.133333333333324,7.810284510159383e-34,0.575619862951178,0.015480635750922395,0.14857842757217446,0.6928098067384091,0.0,response_ready
14.133333333333333,0.0,0.0,0.0,0.0,4.149999999999991,7.029256059143445e-34,0.5749483064444015,0.015222625155073688,0.1529983494658772,0.6835723426485636,0.0,
14.15,0.0,0.0,0.0,0.0,4.166666666666657,6.326330453229101e-34,0.5742775334202164,0.01496891473582246,0.1574317683828227,0.6744580447465828,0.0,
14.166666666666666,0.0,0.0,0.0,0.0,4.183333333333324,5.69369740790619e-34,0.5736075429645594,0.014719432823558752,0.16187852604590633,0.6654652708166283,0.0,
14.183333333333334,0.0,0.0,0.0,0.0,4.19999999999999,5.1243276671155715e-34,0.5729383341644341,0.014474108943166105,0.1663384662461891,0.6565924005390733,0.0,
14.2,0.0,0.0,0.0,0.0,4.216666666666657,4.611894900404015e-34,0.5722699061079088,0.014232873794113338,0.17081143481588457,0.6478378351985523,0.0,
14.216666666666667,0.0,0.0,0.0,0.0,4.233333333333324,4.150705410363613e-34,0.5716022578841163,0.013995659230878116,0.17529727960169872,0.6391999973959049,0.0,
14.233333333333333,0.0,0.0,0.0,0.0,4.24999999999999,3.7356348693272517e-34,0.5709353885832515,0.013762398243696813,0.17979585043851773,0.6306773307639595,0.0,
14.25,0.0,0.0,0.0,0.0,4.266666666666657,3.3620713823945264e-34,0.570269297296571,0.013533024939635199,0.1843069991234393,0.6222682996871067,0.0,
14.266666666666666,0.0,0.0,0.0,0.0,4.2833333333333234,3.0258642441550736e-34,0.5696039831163917,0.013307474523974612,0.18883057939014308,0.613971389024612,0.0,
14.283333333333333,0.0,0.0,0.0,0.0,4.29999999999999,2.723277819739566e-34,0.5689394451360893,0.013085683281908369,0.19336644688359553,0.6057851038376172,0.0,
14.299999999999999,0.0,0.0,0.0,0.0,4.316666666666657,2.4509500377656097e-34,0.5682756824500972,0.01286758856054323,0.19791445913508532,0.5977079691197823,0.0,
14.316666666666666,0.0,0.0,0.0,0.0,4.333333333333323,2.205855033989049e-34,0.5676126941539054,0.012653128751200842,0.2024744755375845,0.5897385295315185,0.0,
14.333333333333334,0.0,0.0,0.0,0.0,4.34999999999999,1.985269530590144e-34,0.5669504793440592,0.012442243272014162,0.20704635732143128,0.581875349137765,0.0,
14.35,0.0,0.0,0.0,0.0,4.3666666666666565,1.7867425775311297e-34,0.5662890371181578,0.012234872550813925,0.21162996753033056,0.5741170111492614,0.0,
14.366666666666667,0.0,0.0,0.0,0.0,4.383333333333323,1.6080683197780167e-34,0.5656283665748533,0.01203095800830036,0.2162251709976675,0.5664621176672713,0.0,
14.383333333333333,0.0,0.0,0.0,0.0,4.39999999999999,1.447261487800215e-34,0.5649684668138493,0.011830442041495354,0.22083183432313058,0.5589092894317077,0.0,
14.4,0.0,0.0,0.0,0.0,4.416666666666656,1.3025353390201936e-34,0.5643093369358998,0.011633268007470431,0.22544982584963977,0.5514571655726183,0.0,
14.416666666666666,0.0,0.0,0.0,0.0,4.433333333333323,1.1722818051181743e-34,0.5636509760428079,0.011439380207345924,0.23007901564057598,0.5441044033649833,0.0,
14.433333333333334,0.0,0.0,0.0,0.0,4.4499999999999895,1.0550536246063569e-34,0.5629933832374246,0.011248723870556825,0.23471927545730778,0.5368496779867835,0.0,
14.45,0.0,0.0,0.0,0.0,4.466666666666656,9.495482621457212e-35,0.5623365576236476,0.011061245139380877,0.23937047873701164,0.5296916822802931,0.0,
14.466666666666667,0.0,0.0,0.0,0.0,4.483333333333323,8.545934359311491e-35,0.5616804983064201,0.01087689105372453,0.24403250057078163,0.5226291265165558,0.0,
14.483333333333333,0.0,0.0,0.0,0.0,4.499999999999989,7.691340923380342e-35,0.5610252043917293,0.010695609536162455,0.248705217682025,0.5156607381630017,0.0,
14.5,0.0,0.0,0.0,0.0,4.516666666666656,6.922206831042308e-35,0.5603706749866056,0.010517349377226414,0.25338850840513993,0.5087852616541617,0.0,
14.516666666666666,0.0,0.0,0.0,0.0,4.533333333333323,6.229986147938077e-35,0.5597169091991213,0.010342060220939307,0.25808225266447155,0.5020014581654395,0.0,
14.533333333333333,0.0,0.0,0.0,0.0,4.549999999999989,5.606987533144269e-35,0.559063906138389,0.01016969255059032,0.26278633195354284,0.49530810538990033,0.0,
14.549999999999999,0.0,0.0,0.0,0.0,4.566666666666656,5.046288779829842e-35,0.5584116649145608,0.010000197674747148,0.26750062931455654,0.488703997318035,0.0,
14.566666666666666,0.0,0.0,0.0,0.0,4.583333333333322,4.541659901846858e-35,0.5577601846388272,0.009833527713501362,0.27222502931816506,0.48218794402046117,0.0,
14.583333333333334,0.0,0.0,0.0,0.0,4.599999999999989,4.087493911662172e-35,0.5571094644234151,0.009669635584943007,0.2769594180435042,0.4757587714335217,0.0,
14.6,0.0,0.0,0.0,0.0,4.616666666666656,3.678744520495955e-35,0.5564595033815878,0.009508474991860623,0.28170368305848764,0.46941532114774137,0.0,
14.616666666666667,0.0,0.0,0.0,0.0,4.633333333333322,3.3108700684463594e-35,0.5558103006276426,0.009350000408662946,0.28645771340035886,0.46315645019910484,0.0,
14.633333333333333,0.0,0.0,0.0,0.0,4.649999999999989,2.9797830616017233e-35,0.5551618552769103,0.009194167068518564,0.29122139955649695,0.45698103086311676,0.0,
14.65,0.0,0.0,0.0,0.0,4.666666666666655,2.681804755441551e-35,0.5545141664457539,0.009040930950709921,0.29599463344547305,0.4508879504516085,0.0,
14.666666666666666,0.0,0.0,0.0,0.0,4.683333333333322,2.413624279897396e-35,0.5538672332515672,0.00889024876819809,0.30077730839835404,0.4448761111122537,0.0,
14.683333333333334,0.0,0.0,0.0,0.0,4.699999999999989,2.1722618519076564e-35,0.5532210548127737,0.008742077955394788,0.30556931914025065,0.438944429630757,0.0,
14.7,0.0,0.0,0.0,0.0,4.716666666666655,1.9550356667168907e-35,0.5525756302488255,0.008596376656138209,0.31037056177210615,0.4330918372356803,0.0,
14.716666666666667,0.0,0.0,0.0,0.0,4.733333333333322,1.7595321000452018e-35,0.5519309586802019,0.008453103711869239,0.31518093375272305,0.4273172794058712,0.0,
14.733333333333333,0.0,0.0,0.0,0.0,4.7499999999999885,1.5835788900406817e-35,0.5512870392284084,0.008312218650004751,0.3200003338810245,0.4216197156804596,0.0,
14.75,0.0,0.0,0.0,0.0,4.766666666666655,1.4252210010366136e-35,0.5506438710159752,0.008173681672504672,0.32482866227854734,0.41599811947138676,0.0,
14.766666666666666,0.0,0.0,0.0,0.0,4.783333333333322,1.2826989009329523e-35,0.5500014531664565,0.008037453644629594,0.3296658203721636,0.41045147787843494,0.0,
14.783333333333333,0.0,0.0,0.0,0.0,4.799999999999988,1.1544290108396571e-35,0.549359784804429,0.007903496083885768,0.3345117108770277,0.4049787915067225,0.0,
14.799999999999999,0.0,0.0,0.0,0.0,4.816666666666655,1.0389861097556914e-35,0.5487188650554905,0.007771771149154338,0.33936623777974656,0.39957907428663286,0.0,
14.816666666666666,0.0,0.0,0.0,0.0,4.8333333333333215,9.350874987801223e-36,0.5480786930462591,0.007642241630001766,0.3442293063217691,0.3942513532961444,0.0,
14.833333333333334,0.0,0.0,0.0,0.0,4.849999999999988,8.415787489021101e-36,0.5474392679043718,0.007514870936168403,0.349100822982993,0.38899466858552917,0.0,
14.85,0.0,0.0,0.0,0.0,4.866666666666655,7.574208740118991e-36,0.5468005887584834,0.007389623087232263,0.353980695465585,0.3838080730043888,0.0,
14.866666666666667,0.0,0.0,0.0,0.0,4.883333333333321,6.816787866107092e-36,0.5461626547382651,0.007266462702445058,0.35886883267801345,0.37869063203099695,0.0,
14.883333333333333,0.0,0.0,0.0,0.0,4.899999999999988,6.135109079496383e-36,0.5455254649744038,0.007145354990737641,0.3637651447192882,0.373641423603917,0.0,
14.9,0.0,0.0,0.0,0.0,4.9166666666666545,5.5215981715467444e-36,0.5448890185986003,0.007026265740892014,0.36866954286340725,0.36865953795586476,0.0,
14.916666666666666,0.0,0.0,0.0,0.0,4.933333333333321,4.96943835439207e-36,0.5442533147435685,0.006909161311877147,0.37358193954400587,0.36374407744978654,0.0,
14.933333333333334,0.0,0.0,0.0,0.0,4.949999999999988,4.472494518952863e-36,0.5436183525430344,0.006794008623345861,0.37850224833920665,0.35889415641712274,0.0,
14.95,0.0,0.0,0.0,0.0,4.966666666666654,4.025245067057577e-36,0.5429841311317342,0.006680775146290096,0.38343038395666706,0.3541089009982278,0.0,
14.966666666666667,0.0,0.0,0.0,0.0,4.983333333333321,3.622720560351819e-36,0.5423506496454138,0.006569428893851928,0.3883662622188226,0.3493874489849181,0.0,
14.983333333333333,0.0,0.0,0.0,0.0,4.999999999999988,3.260448504316637e-36,0.5417179072208275,0.006459938412287729,0.39330980004832217,0.3447289496651192,0.0,
15.0,0.0,0.0,0.0,0.0,5.016666666666654,2.9344036538849735e-36,0.5410859029957364,0.006352272772082934,0.3982609154536542,0.3401325636695843,0.0,
15.016666666666666,0.0,0.0,0.0,0.0,5.033333333333321,2.640963288496476e-36,0.5404546361089081,0.006246401559214885,0.4032195275149602,0.3355974628206565,0.0,
15.033333333333333,0.0,0.0,0.0,0.0,5.049999999999987,2.3768669596468285e-36,0.5398241057001144,0.006142294866561303,0.40818555637003345,0.33112282998304776,0.0,
15.049999999999999,0.0,0.0,0.0,0.0,5.066666666666654,2.1391802636821454e-36,0.5391943109101309,0.006039923285451948,0.41315892320050085,0.32670785891660714,0.0,
15.066666666666666,0.0,0.0,0.0,0.0,5.083333333333321,1.925262237313931e-36,0.5385652508807358,0.005939257897361082,0.4181395502181851,0.3223517541310524,0.0,
15.083333333333334,0.0,0.0,0.0,0.0,5.099999999999987,1.7327360135825378e-36,0.5379369247547083,0.005840270265738397,0.42312736065164486,0.3180537307426384,0.0,
15.1,0.0,0.0,0.0,0.0,5.116666666666654,1.559462412224284e-36,0.5373093316758278,0.00574293242797609,0.4281222787328909,0.3138130143327365,0.0,
15.116666666666667,0.0,0.0,0.0,0.0,5.13333333333332,1.4035161710018557e-36,0.5366824707888727,0.005647216887509823,0.4331242296842755,0.3096288408083,0.0,
15.133333333333333,0.0,0.0,0.0,0.0,5.149999999999987,1.26316455390167e-36,0.536056341239619,0.005553096606051326,0.4381331397055534,0.3055004562641893,0.0,
15.15,0.0,0.0,0.0,0.0,5.166666666666654,1.1368480985115031e-36,0.5354309421748394,0.005460544995950471,0.4431489359611114,0.3014271168473335,0.0,
15.166666666666666,0.0,0.0,0.0,0.0,5.18333333333332,1.023163288660353e-36,0.5348062727423021,0.00536953591268463,0.44817154656736485,0.29740808862270235,0.0,
15.183333333333334,0.0,0.0,0.0,0.0,5.199999999999987,9.208469597943176e-37,0.5341823320907694,0.00528004364747322,0.45320090058031903,0.2934426474410663,0.0,
15.2,0.0,0.0,0.0,0.0,5.2166666666666535,8.28762263814886e-37,0.5335591193699968,0.005192042920015333,0.45823692798329235,0.2895300788085187,0.0,
15.216666666666667,0.0,0.0,0.0,0.0,5.23333333333332,7.458860374333973e-37,0.5329366337307317,0.005105508871348411,0.4632795596748005,0.2856696777577385,0.0,
15.233333333333333,0.0,0.0,0.0,0.0,5.249999999999987,6.712974336900576e-37,0.5323148743247126,0.005020417056825937,0.4683287274565986,0.28186074872096867,0.0,
15.25,0.0,0.0,0.0,0.0,5.266666666666653,6.041676903210518e-37,0.531693840304667,0.004936743439212171,0.4733843640218794,0.27810260540468906,0.0,
15.266666666666666,0.0,0.0,0.0,0.0,5.28333333333332,5.437509212889466e-37,0.5310735308243116,0.004854464381891969,0.47844640294362584,0.27439457066595985,0.0,
15.283333333333333,0.0,0.0,0.0,0.0,5.2999999999999865,4.89375829160052e-37,0.53045394503835,0.0047735566421937695,0.4835147786631157,0.2707359763904137,0.0,
15.299999999999999,0.0,0.0,0.0,0.0,5.316666666666653,4.404382462440468e-37,0.5298350821024719,0.0046939973648238735,0.4885894264785761,0.26712616337187484,0.0,
15.316666666666666,0.0,0.0,0.0,0.0,5.33333333333332,3.963944216196421e-37,0.5292169411733523,0.004615764075410142,0.4936702825339866,0.26356448119358317,0.0,
15.333333333333334,0.0,0.0,0.0,0.0,5.349999999999986,3.5675497945767793e-37,0.5285995214086501,0.004538834674153306,0.49875728380802825,0.26005028811100206,0.0,
15.35,0.0,0.0,0.0,0.0,5.366666666666653,3.2107948151191014e-37,0.5279828219670066,0.004463187429584085,0.5038503681031771,0.2565829509361887,0.0,
15.366666666666667,0.0,0.0,0.0,0.0,5.3833333333333195,2.8897153336071913e-37,0.5273668420080452,0.00438880097242435,0.5089494740349401,0.2531618449237062,0.0,
15.383333333333333,0.0,0.0,0.0,0.0,5.399999999999986,2.600743800246472e-37,0.5267515806923692,0.004315654289550611,0.5140545410212315,0.24978635365805676,0.0,
15.4,0.0,0.0,0.0,0.0,5.416666666666653,2.3406694202218248e-37,0.5261370371815614,0.0042437267180581014,0.5191655092718884,0.246455868942616,0.0,
15.416666666666666,0.0,0.0,0.0,0.0,5.433333333333319,2.1066024781996423e-37,0.5255232106381829,0.0041729979394237995,0.5242823197783228,0.2431697906900478,0.0,
15.433333333333334,0.0,0.0,0.0,0.0,5.449999999999986,1.895942230379678e-37,0.5249101002257717,0.004103447973766736,0.529404914303309,0.2399275268141805,0.0,
15.45,0.0,0.0,0.0,0.0,5.466666666666653,1.7063480073417101e-37,0.5242977051088415,0.0040350571742039576,0.5345332353709041,0.23672849312332475,0.0,
15.466666666666667,0.0,0.0,0.0,0.0,5.483333333333319,1.535713206607539e-37,0.5236860244528813,0.0039678062213005585,0.5396672262565009,0.23357211321501375,0.0,
15.483333333333333,0.0,0.0,0.0,0.0,5.499999999999986,1.3821418859467852e-37,0.5230750574243529,0.0039016761176122157,0.5448068309770095,0.2304578183721469,0.0,
15.5,0.0,0.0,0.0,0.0,5.516666666666652,1.2439276973521067e-37,0.5224648031906911,0.0038366481823186786,0.5499519942811689,0.22738504746051827,0.0,
15.516666666666666,0.0,0.0,0.0,0.0,5.533333333333319,1.119534927616896e-37,0.521855260920302,0.0037727040459467004,0.5551026616399832,0.22435324682771135,0.0,
15.533333333333333,0.0,0.0,0.0,0.0,5.549999999999986,1.0075814348552064e-37,0.5212464297825616,0.003709825645180922,0.5602587792372842,0.22136187020334186,0.0,
15.549999999999999,0.0,0.0,0.0,0.0,5.566666666666652,9.068232913696858e-38,0.5206383089478153,0.00364799521776124,0.5654202939604162,0.21841037860063064,0.0,
15.566666666666666,0.0,0.0,0.0,0.0,5.583333333333319,8.161409622327172e-38,0.5200308975873762,0.003587195297465219,0.5705871533910434,0.2154982402192889,0.0,
15.583333333333334,0.0,0.0,0.0,0.0,5.599999999999985,7.345268660094454e-38,0.5194241948735242,0.0035274087091741323,0.575759305796077,0.21262493034969837,0.0,
15.6,0.0,0.0,0.0,0.0,5.616666666666652,6.61074179408501e-38,0.5188181999795051,0.00346861856402123,0.5809367001187206,0.20978993127836906,0.0,
15.616666666666667,0.0,0.0,0.0,0.0,5.633333333333319,5.949667614676509e-38,0.518212912079529,0.003410808254620876,0.5861192859696323,0.20699273219465747,0.0,
15.633333333333333,0.0,0.0,0.0,0.0,5.649999999999985,5.354700853208858e-38,0.5176083303487695,0.0033539614503771947,0.5913070136182035,0.2042328290987287,0.0,
15.65,0.0,0.0,0.0,0.0,5.666666666666652,4.819230767887972e-38,0.5170044539633626,0.003298062092870908,0.5964998339839503,0.20150972471074566,0.0,
15.666666666666666,0.0,0.0,0.0,0.0,5.6833333333333185,4.3373076910991754e-38,0.5164012821004054,0.0032430943913230596,0.601697698628018,0.19882292838126905,0.0,
15.683333333333334,0.0,0.0,0.0,0.0,5.699999999999985,3.903576921989258e-38,0.5157988139379549,0.003189042818134342,0.6069005597447962,0.19617195600285214,0.0,
15.7,0.0,0.0,0.0,0.0,5.716666666666652,3.5132192297903323e-38,0.5151970486550272,0.0031358921044987694,0.6121083701536436,0.1935563299228141,0.0,
15.716666666666667,0.0,0.0,0.0,0.0,5.733333333333318,3.161897306811299e-38,0.5145959854315963,0.0030836272360904565,0.6173210832907216,0.1909755788571766,0.0,
15.733333333333333,0.0,0.0,0.0,0.0,5.749999999999985,2.8457075761301694e-38,0.5139956234485928,0.0030322334488222824,0.6225386532009328,0.18842923780574755,0.0,
15.75,0.0,0.0,0.0,0.0,5.7666666666666515,2.5611368185171526e-38,0.5133959618879028,0.0029816962246752444,0.627761034529967,0.18591684796833757,0.0,
15.766666666666666,0.0,0.0,0.0,0.0,5.783333333333318,2.3050231366654374e-38,0.5127969999323669,0.0029320012875973236,0.6329881825164493,0.18343795666209306,0.0,
15.783333333333333,0.0,0.0,0.0,0.0,5.799999999999985,2.0745208229988936e-38,0.5121987367657792,0.0028831345994707017,0.6382200529841917,0.18099211723993183,0.0,
15.799999999999999,0.0,0.0,0.0,0.0,5.816666666666651,1.8670687406990042e-38,0.5116011715728858,0.00283508235614619,0.6434566023345457,0.17857888901006608,0.0,
15.816666666666666,0.0,0.0,0.0,0.0,5.833333333333318,1.680361866629104e-38,0.5110043035393841,0.002787830983543753,0.6486977875388549,0.17619783715659854,0.0,
15.833333333333334,0.0,0.0,0.0,0.0,5.8499999999999845,1.5123256799661935e-38,0.5104081318519215,0.002741367133818024,0.6539435661310057,0.17384853266117722,0.0,
15.85,0.0,0.0,0.0,0.0,5.866666666666651,1.3610931119695742e-38,0.5098126556980942,0.002695677681587724,0.6591938962000762,0.17153055222569485,0.0,
15.866666666666667,0.0,0.0,0.0,0.0,5.883333333333318,1.2249838007726168e-38,0.5092178742664464,0.0026507497202279285,0.6644487363830803,0.16924347819601893,0.0,
15.883333333333333,0.0,0.0,0.0,0.0,5.899999999999984,1.1024854206953551e-38,0.5086237867464689,0.0026065705582241296,0.6697080458578071,0.16698689848673867,0.0,
15.9,0.0,0.0,0.0,0.0,5.916666666666651,9.922368786258195e-39,0.508030392328598,0.0025631277155870606,0.6749717843357532,0.16476040650691548,0.0,
15.916666666666666,0.0,0.0,0.0,0.0,5.933333333333318,8.930131907632376e-39,0.5074376902042147,0.0025204089203272762,0.6802399120551486,0.16256360108682327,0.0,
15.933333333333334,0.0,0.0,0.0,0.0,5.949999999999984,8.037118716869138e-39,0.5068456795656431,0.002478402104988488,0.6855123897740719,0.16039608640566563,0.0,
15.95,0.0,0.0,0.0,0.0,5.966666666666651,7.233406845182225e-39,0.5062543596061498,0.00243709540323868,0.6907891787636574,0.2963908052535901,0.0,micro_nod_ready
15.966666666666667,0.0,0.0,0.0,0.0,5.983333333333317,6.510066160664002e-39,0.5056637295199427,0.0023964771465180353,0.6958803554310189,0.29243892785020886,0.0,
15.983333333333333,0.0,0.0,0.0,0.0,5.999999999999984,5.8590595445976016e-39,0.5050737885021693,0.0023565358607427348,0.7009782519052249,0.2885397421455394,0.0,
16.0,0.0,0.0,0.0,0.0,6.016666666666651,5.2731535901378415e-39,0.5044845357489168,0.002317260263063689,0.7060827984612532,0.28469254558359885,0.0,
16.016666666666666,0.0,0.0,0.0,0.0,6.033333333333317,4.7458382311240577e-39,0.5038959704572098,0.0022786392586792944,0.7111939262856969,0.2808966449758175,0.0,
16.03333333333333,0.0,0.0,0.0,0.0,6.049999999999984,4.2712544080116516e-39,0.5033080918250097,0.002240661937701306,0.7163115674648499,0.27715135637613997,0.0,
16.05,0.0,0.0,0.0,0.0,6.06666666666665,3.8441289672104863e-39,0.5027208990512139,0.002203317572072951,0.7214356549729488,0.27345600495779143,0.0,
16.066666666666666,0.0,0.0,0.0,0.0,6.083333333333317,3.4597160704894374e-39,0.5021343913356541,0.002166595612538402,0.7265661226605676,0.26980992489168754,0.0,
16.083333333333332,0.0,0.0,0.0,0.0,6.099999999999984,3.1137444634404935e-39,0.5015485678790959,0.002130485685662762,0.7317029052431647,0.266212459226465,0.0,
16.1,0.0,0.0,0.0,0.0,6.11666666666665,2.8023700170964442e-39,0.5009634278832369,0.002094977590901716,0.7368459382897788,0.26266295977011217,0.0,
16.116666666666667,0.0,0.0,0.0,0.0,6.133333333333317,2.5221330153867998e-39,0.5003789705507065,0.0020600612977200207,0.7419951582118733,0.25916078697317735,0.0,
16.133333333333333,0.0,0.0,0.0,0.0,6.1499999999999835,2.2699197138481198e-39,0.499795195085064,0.0020257269427580204,0.7471505022523259,0.255705309813535,0.0,
16.15,0.0,0.0,0.0,0.0,6.16666666666665,2.0429277424633077e-39,0.4992121006907981,0.0019919648270453868,0.7523119084745621,0.2522959056826879,0.0,
16.166666666666668,0.0,0.0,0.0,0.0,6.183333333333317,1.838634968216977e-39,0.49862968657332546,0.001958765413261297,0.7574793157518308,0.24893196027358538,0.0,
16.183333333333334,0.0,0.0,0.0,0.0,6.199999999999983,1.654771471395279e-39,0.49804795193898993,0.0019261193230402755,0.7626526637566201,0.24561286746993757,0.0,
16.2,0.0,0.0,0.0,0.0,6.21666666666665,1.4892943242557513e-39,0.4974668959950611,0.0018940173343229376,0.767831892950211,0.24233802923700506,0.0,
16.216666666666665,0.0,0.0,0.0,0.0,6.2333333333333165,1.3403648918301762e-39,0.49688651794973354,0.0018624503787508886,0.773016944572368,0.239106855513845,0.0,
16.233333333333334,0.0,0.0,0.0,0.0,6.249999999999983,1.2063284026471586e-39,0.49630681701212553,0.0018314095391050405,0.778207760631164,0.23591876410699372,0.0,
16.25,0.0,0.0,0.0,0.0,6.26666666666665,1.0856955623824428e-39,0.49572779239227804,0.0018008860467866232,0.7834042838929386,0.23277318058556715,0.0,
16.266666666666666,0.0,0.0,0.0,0.0,6.283333333333316,9.771260061441985e-40,0.49514944330115374,0.0017708712793401795,0.7886064578723869,0.2296695381777596,0.0,
16.28333333333333,0.0,0.0,0.0,0.0,6.299999999999983,8.794134055297786e-40,0.4945717689506357,0.0017413567580178433,0.7938142268227789,0.2266072776687228,0.0,
16.3,0.0,0.0,0.0,0.0,6.3166666666666496,7.914720649768006e-40,0.49399476855352664,0.0017123341453842125,0.13269449285473894,0.7169191806331399,0.0,response_ready
16.316666666666666,0.0,0.0,0.0,0.0,6.333333333333316,7.123248584791206e-40,0.4934184413235475,0.0016837952429611424,0.13723152815372508,0.707360258224698,0.0,
16.333333333333332,0.0,0.0,0.0,0.0,6.349999999999983,6.410923726312085e-40,0.4928427864753367,0.00165573198891179,0.14178291663011655,0.6979287881150353,0.0,
16.35,0.0,0.0,0.0,0.0,6.366666666666649,5.769831353680877e-40,0.4922678032244488,0.0016281364557632601,0.14634848870154915,0.6886230709401682,0.0,
16.366666666666667,0.0,0.0,0.0,0.0,6.383333333333316,5.192848218312789e-40,0.4916934907873536,0.0016010008481672057,0.15092807700309266,0.6794414299942992,0.0,
16.383333333333333,0.0,0.0,0.0,0.0,6.399999999999983,4.67356339648151e-40,0.491119848381435,0.0015743175006977523,0.15552151635826722,0.6703822109277086,0.0,
16.4,0.0,0.0,0.0,0.0,6.416666666666649,4.206207056833359e-40,0.49054687522499,0.001548078875686123,0.16012864375043842,0.6614437814486724,0.0,
16.416666666666668,0.0,0.0,0.0,0.0,6.433333333333316,3.785586351150023e-40,0.48997457053722754,0.0015222775610913544,0.1647492982945862,0.6526245310293568,0.0,
16.433333333333334,0.0,0.0,0.0,0.0,6.449999999999982,3.4070277160350208e-40,0.4894029335382674,0.0014969062684064985,0.16938332120944244,0.643922870615632,0.0,
16.45,0.0,0.0,0.0,0.0,6.466666666666649,3.0663249444315187e-40,0.48883196344913943,0.0014719578305997236,0.17403055578999274,0.6353372323407569,0.0,
16.466666666666665,0.0,0.0,0.0,0.0,6.483333333333316,2.759692449988367e-40,0.4882616594917821,0.0014474252000897282,0.17869084738033744,0.6268660692428801,0.0,
16.483333333333334,0.0,0.0,0.0,0.0,6.499999999999982,2.4837232049895304e-40,0.4876920208890417,0.0014233014467548994,0.1833640433469072,0.6185078549863084,0.0,
16.5,0.0,0.0,0.0,0.0,6.516666666666649,2.2353508844905775e-40,0.4871230468646711,0.0013995797559756512,0.1880499930520286,0.610261083586491,0.0,
16.516666666666666,0.0,0.0,0.0,0.0,6.5333333333333155,2.0118157960415197e-40,0.486554736643329,0.0013762534267093903,0.1927485478278351,0.6021242691386711,0.0,
16.53333333333333,0.0,0.0,0.0,0.0,6.549999999999982,1.8106342164373677e-40,0.48598708945057845,0.001353315869597567,0.19745956095051886,0.5940959455501555,0.0,
16.55,0.0,0.0,0.0,0.0,6.566666666666649,1.629570794793631e-40,0.4854201045128861,0.0013307606051042743,0.2021828876149191,0.5861746662761534,0.0,
16.566666666666666,0.0,0.0,0.0,0.0,6.583333333333315,1.4666137153142679e-40,0.48485378105762106,0.0013085812616858697,0.20691838490944228,0.5783590040591381,0.0,
16.583333333333332,0.0,0.0,0.0,0.0,6.599999999999982,1.3199523437828411e-40,0.48428811831305385,0.0012867715739911052,0.21166591179131022,0.5706475506716829,0.0,
16.6,0.0,0.0,0.0,0.0,6.6166666666666485,1.187957109404557e-40,0.4837231155083553,0.0012653253810912535,0.2164253290621315,0.5630389166627272,0.0,
16.616666666666667,0.0,0.0,0.0,0.0,6.633333333333315,1.0691613984641012e-40,0.4831587718735955,0.0012442366247397325,0.22119649934379204,0.5555317311072242,0.0,
16.633333333333333,0.0,0.0,0.0,0.0,6.649999999999982,9.62245258617691e-41,0.482595086639743,0.001223499347660737,0.22597928705466086,0.5481246413591279,0.0,
16.65,0.0,0.0,0.0,0.0,6.666666666666648,8.66020732755922e-41,0.4820320590386633,0.0012031076918663914,0.23077355838610653,0.5408163128076728,0.0,
16.666666666666668,0.0,0.0,0.0,0.0,6.683333333333315,7.794186594803298e-41,0.4814696883031182,0.0011830558970019516,0.2355791812793206,0.5336054286369039,0.0,
16.683333333333334,0.0,0.0,0.0,0.0,6.6999999999999815,7.014767935322968e-41,0.4809079736667646,0.0011633382987185858,0.2403960254024439,0.5264906895884118,0.0,
16.7,0.0,0.0,0.0,0.0,6.716666666666648,6.313291141790671e-41,0.48034691436415333,0.001143949327073276,0.24522396212799166,0.519470813727233,0.0,
16.716666666666665,0.0,0.0,0.0,0.0,6.733333333333315,5.681962027611604e-41,0.4797865096307285,0.0011248835049553882,0.25006286451057363,0.5125445362108699,0.0,
16.733333333333334,0.0,0.0,0.0,0.0,6.749999999999981,5.113765824850443e-41,0.479226758702826,0.001106135446539465,0.2549126072649054,0.5057106090613916,0.0,
16.75,0.0,0.0,0.0,0.0,6.766666666666648,4.602389242365399e-41,0.4786676608176727,0.0010876998557638072,0.2597730667441068,0.4989678009405731,0.0,
16.766666666666666,0.0,0.0,0.0,0.0,6.783333333333315,4.1421503181288594e-41,0.4781092152133854,0.0010695715248344104,0.26464412091828426,0.4923148969280321,0.0,
16.78333333333333,0.0,0.0,0.0,0.0,6.799999999999981,3.7279352863159733e-41,0.47755142112896976,0.0010517453327538368,0.26952564935339274,0.485750698302325,0.0,
16.8,0.0,0.0,0.0,0.0,6.816666666666648,3.355141757684376e-41,0.4769942778043193,0.0010342162438746062,0.274417533190374,0.47927402232496064,0.0,
16.816666666666666,0.0,0.0,0.0,0.0,6.833333333333314,3.019627581915938e-41,0.4764377844802143,0.0010169793064766961,0.27931965512456736,0.4728837020272945,0.0,
16.833333333333332,0.0,0.0,0.0,0.0,6.849999999999981,2.7176648237243445e-41,0.4758819403983207,0.0010000296513687512,0.28423189938538973,0.4665785860002639,0.0,
16.85,0.0,0.0,0.0,0.0,6.866666666666648,2.44589834135191e-41,0.47532674480118936,0.0009833624905126054,0.289154151716281,0.46035753818692704,0.0,
16.866666666666667,0.0,0.0,0.0,0.0,6.883333333333314,2.2013085072167189e-41,0.47477219693225464,0.0009669731156707286,0.2940862993549115,0.454219437677768,0.0,
16.883333333333333,0.0,0.0,0.0,0.0,6.899999999999981,1.981177656495047e-41,0.47421829603583365,0.0009508568970762165,0.2990282310136481,0.4481631785087311,0.0,
16.9,0.0,0.0,0.0,0.0,6.916666666666647,1.7830598908455423e-41,0.47366504135712517,0.0009350092821249462,0.3039798368602757,0.44218766946194804,0.0,
16.916666666666668,0.0,0.0,0.0,0.0,6.933333333333314,1.604753901760988e-41,0.47311243214220855,0.0009194257940895304,0.30894100849897044,0.43629183386912207,0.0,
16.933333333333334,0.0,0.0,0.0,0.0,6.949999999999981,1.4442785115848891e-41,0.47256046763804266,0.0009041020308547049,0.31391163895152174,0.4304746094175338,0.0,
16.95,0.0,0.0,0.0,0.0,6.966666666666647,1.2998506604264002e-41,0.47200914709246494,0.0008890336636737931,0.31889162263879967,0.42473494795863337,0.0,
16.966666666666665,0.0,0.0,0.0,0.0,6.983333333333314,1.1698655943837602e-41,0.4714584697541904,0.0008742164359458966,0.32388085536246436,0.4190718153191849,0.0,
16.983333333333334,0.0,0.0,0.0,0.0,6.9999999999999805,1.0528790349453842e-41,0.47090843487281053,0.000859646162013465,0.3288792342869147,0.4134841911149291,0.0,
17.0,0.0,0.0,0.0,0.0,7.016666666666647,9.475911314508457e-42,0.4703590416987923,0.0008453187259799072,0.3338866579214726,0.40797106856673004,0.0,
17.016666666666666,0.0,0.0,0.0,0.0,7.033333333333314,8.528320183057612e-42,0.46981028948347703,0.0008312300805469087,0.3389030261028006,0.40253145431917364,0.0,
17.03333333333333,0.0,0.0,0.0,0.0,7.04999999999998,7.675488164751851e-42,0.4692621774790796,0.0008173762458711269,0.3439282399775485,0.39716436826158463,0.0,
17.05,0.0,0.0,0.0,0.0,7.066666666666647,6.907939348276667e-42,0.46871470493868733,0.0008037533084399415,0.3489622019852275,0.3918688433514302,0.0,
17.066666666666666,0.0,0.0,0.0,0.0,7.0833333333333135,6.217145413449e-42,0.46816787111625885,0.0007903574199659424,0.3540048158413075,0.3866439254400778,0.0,
17.083333333333332,0.0,0.0,0.0,0.0,7.09999999999998,5.5954308721041e-42,0.46762167526662324,0.0007771847962998434,0.35905598652053605,0.38148867310087675,0.0,
17.1,0.0,0.0,0.0,0.0,7.116666666666647,5.0358877848936904e-42,0.4670761166454788,0.0007642317163615127,0.3641156202404745,0.3764021574595317,0.0,
17.116666666666667,0.0,0.0,0.0,0.0,7.133333333333313,4.5322990064043216e-42,0.46653119450939246,0.0007514945210888209,0.3691836244452498,0.37138346202673794,0.0,
17.133333333333333,0.0,0.0,0.0,0.0,7.14999999999998,4.07906910576389e-42,0.4659869081157982,0.0007389696124040072,0.3742599077895187,0.3664316825330481,0.0,
17.15,0.0,0.0,0.0,0.0,7.1666666666666465,3.6711621951875005e-42,0.4654432567229964,0.0007266534521972737,0.3793443801226408,0.3615459267659408,0.0,
17.166666666666668,0.0,0.0,0.0,0.0,7.183333333333313,3.3040459756687504e-42,0.4649002395901529,0.0007145425613273191,0.38443695247305976,0.3567253144090616,0.0,
17.183333333333334,0.0,0.0,0.0,0.0,7.19999999999998,2.9736413781018756e-42,0.46435785597729773,0.0007026335186385305,0.38953753703288707,0.3519689768836074,0.0,
17.2,0.0,0.0,0.0,0.0,7.216666666666646,2.676277240291688e-42,0.46381610514532423,0.0006909229599945549,0.3946460471426886,0.34727605719182597,0.0,
17.216666666666665,0.0,0.0,0.0,0.0,7.233333333333313,2.408649516262519e-42,0.463274986355988,0.0006794075773279791,0.3997623972764692,0.3426457097626016,0.0,
17.233333333333334,0.0,0.0,0.0,0.0,7.24999999999998,2.167784564636267e-42,0.46273449887190604,0.000668084117705846,0.40488650302685386,0.33807710029910026,0.0,
17.25,0.0,0.0,0.0,0.0,7.266666666666646,1.9510061081726402e-42,0.46219464195655546,0.0006569493824107486,0.41001828109046246,0.3335694056284456,0.0,
17.266666666666666,0.0,0.0,0.0,0.0,7.283333333333313,1.755905497355376e-42,0.4616554148742728,0.0006460002260372361,0.41515764925347565,0.32912181355339964,0.0,
17.28333333333333,0.0,0.0,0.0,0.0,7.299999999999979,1.5803149476198385e-42,0.4611168168902528,0.0006352335556032822,0.4203045263773893,0.32473352270602096,0.0,
17.3,0.0,0.0,0.0,0.0,7.316666666666646,1.4222834528578547e-42,0.4605788472705475,0.0006246463296765608,0.4254588323849554,0.320403742403274,0.0,
17.316666666666666,0.0,0.0,0.0,0.0,7.333333333333313,1.2800551075720692e-42,0.46004150528206517,0.0006142355575152848,0.4306204882463064,0.3161316925045637,0.0,
17.333333333333332,0.0,0.0,0.0,0.0,7.349999999999979,1.1520495968148623e-42,0.4595047901925694,0.0006039982982233633,0.43578941596526094,0.3119166032711695,0.0,
17.35,0.0,0.0,0.0,0.0,7.366666666666646,1.036844637133376e-42,0.45896870127067807,0.0005939316599196407,0.44096553856580883,0.3077577152275539,0.0,
17.366666666666667,0.0,0.0,0.0,0.0,7.383333333333312,9.331601734200384e-43,0.45843323778586226,0.00058403279892098,0.4461487800787724,0.30365427902451986,0.0,
17.383333333333333,0.0,0.0,0.0,0.0,7.399999999999979,8.398441560780345e-43,0.4578983990084454,0.0005742989189389637,0.4513390655286421,0.2996055553041929,0.0,
17.4,0.0,0.0,0.0,0.0,7.416666666666646,7.558597404702311e-43,0.45736418420960223,0.0005647272702899809,0.45653632092058466,0.29561081456680366,0.0,
17.416666666666668,0.0,0.0,0.0,0.0,7.433333333333312,6.80273766423208e-43,0.45683059266135767,0.0005553151491184813,0.4617404732276203,0.2916693370392463,0.0,
17.433333333333334,0.0,0.0,0.0,0.0,7.449999999999979,6.122463897808872e-43,0.4562976236365861,0.0005460598966331732,0.46695145037796826,0.28778041254538966,0.0,
17.45,0.0,0.0,0.0,0.0,7.4666666666666455,5.510217508027984e-43,0.4557652764090101,0.0005369588983559537,0.47216918124255725,0.2839433403781178,0.0,
17.466666666666665,0.0,0.0,0.0,0.0,7.483333333333312,4.959195757225185e-43,0.4552335502531996,0.0005280095833833545,0.4773935956226993,0.28015742917307623,0.0,
17.483333333333334,0.0,0.0,0.0,0.0,7.499999999999979,4.463276181502667e-43,0.45470244444457086,0.0005192094236602985,0.4826246242379246,0.2764219967841019,0.0,
17.5,0.0,0.0,0.0,0.0,7.516666666666645,4.0169485633524e-43,0.45417195825938556,0.0005105559332659603,0.48786219871397585,0.2727363701603139,0.0,
17.516666666666666,0.0,0.0,0.0,0.0,7.533333333333312,3.61525370701716e-43,0.4536420909747496,0.0005020466677115276,0.4931062515709586,0.269099885224843,0.0,
17.53333333333333,0.0,0.0,0.0,0.0,7.5499999999999785,3.253728336315444e-43,0.4531128418686124,0.0004936792232496688,0.4983567162116474,0.26551188675517845,0.0,
17.55,0.0,0.0,0.0,0.0,7.566666666666645,2.9283555026838993e-43,0.4525842102197657,0.0004854512361955076,0.5036135269099441,0.2619717282651094,0.0,
17.566666666666666,0.0,0.0,0.0,0.0,7.583333333333312,2.635519952415509e-43,0.45205619530784263,0.00047736038225891584,0.5088766187994875,0.25847877188824125,0.0,
17.583333333333332,0.0,0.0,0.0,0.0,7.599999999999978,2.3719679571739585e-43,0.45152879641331684,0.00046940437588793393,0.5141459278624116,0.2550323882630647,0.0,
17.6,0.0,0.0,0.0,0.0,7.616666666666645,2.1347711614565627e-43,0.4510020128175013,0.00046158096962313505,0.5194213909182508,0.25163195641955716,0.0,
17.616666666666667,0.0,0.0,0.0,0.0,7.6333333333333115,1.9212940453109065e-43,0.45047584380254757,0.00045388795346274944,0.5247029456129901,0.2482768636672964,0.0,
17.633333333333333,0.0,0.0,0.0,0.0,7.649999999999978,1.7291646407798159e-43,0.4499502886514446,0.0004463231542383703,0.529990530408259,0.24496650548506577,0.0,
17.65,0.0,0.0,0.0,0.0,7.666666666666645,1.5562481767018344e-43,0.4494253466480179,0.0004388844350010641,0.5352840845706656,0.24170028541193156,0.0,
17.666666666666668,0.0,0.0,0.0,0.0,7.683333333333311,1.4006233590316508e-43,0.4489010170769286,0.00043156969441771303,0.5405835481612705,0.23847761493977246,0.0,
17.683333333333334,0.0,0.0,0.0,0.0,7.699999999999978,1.2605610231284857e-43,0.4483772992236722,0.00042437686617741784,0.5458888620251993,0.23529791340724215,0.0,
17.7,0.0,0.0,0.0,0.0,7.716666666666645,1.1345049208156372e-43,0.4478541923745779,0.0004173039184077942,0.551199967781389,0.2321606078951456,0.0,
17.716666666666665,0.0,0.0,0.0,0.0,7.733333333333311,1.0210544287340735e-43,0.4473316958168076,0.0004103488531009976,0.5565168078124703,0.2290651331232103,0.0,
17.733333333333334,0.0,0.0,0.0,0.0,7.749999999999978,9.18948985860666e-44,0.44680980883835464,0.0004035097055493143,0.5618393252547808,0.22601093134823416,0.0,
17.75,0.0,0.0,0.0,0.0,7.766666666666644,8.270540872745995e-44,0.4462885307280432,0.0003967845437901591,0.5671674639885093,0.22299745226359105,0.0,
17.766666666666666,0.0,0.0,0.0,0.0,7.783333333333311,7.443486785471395e-44,0.44576786077552716,0.0003901714680603231,0.572501168627969,0.22002415290007651,0.0,
17.78333333333333,0.0,0.0,0.0,0.0,7.799999999999978,6.699138106924255e-44,0.445247798271289,0.00038366861025931773,0.5778403845119976,0.2170904975280755,0.0,
17.8,0.0,0.0,0.0,0.0,7.816666666666644,6.029224296231831e-44,0.4447283425066392,0.0003772741334216624,0.5831850576944831,0.2141959575610345,0.0,
17.816666666666666,0.0,0.0,0.0,0.0,7.833333333333311,5.426301866608647e-44,0.44420949277371474,0.00037098623119796807,0.5885351349350132,0.2113400114602207,0.0,
17.833333333333332,0.0,0.0,0.0,0.0,7.849999999999977,4.883671679947783e-44,0.44369124836547874,0.0003648031273446686,0.593890563689647,0.20852214464075108,0.0,
17.85,0.0,0.0,0.0,0.0,7.866666666666644,4.3953045119530045e-44,0.443173608575719,0.00035872307522225743,0.5992512921018077,0.2057418493788744,0.0,
17.866666666666667,0.0,0.0,0.0,0.0,7.883333333333311,3.955774060757704e-44,0.44265657269904735,0.0003527443573018865,0.6046172689932938,0.2029986247204894,0.0,
17.883333333333333,0.0,0.0,0.0,0.0,7.899999999999977,3.5601966546819333e-44,0.44214014003089847,0.00034686528468018835,0.609988443855408,0.2002919763908829,0.0,
17.9,0.0,0.0,0.0,0.0,7.916666666666644,3.20417698921374e-44,0.4416243098675291,0.00034108419660218523,0.6153647668402021,0.19762141670567113,0.0,
17.916666666666668,0.0,0.0,0.0,0.0,7.9333333333333105,2.883759290292366e-44,0.44110908150601696,0.0003353994599921488,0.6207461887518367,0.19498646448292883,0.0,
17.933333333333334,0.0,0.0,0.0,0.0,7.949999999999977,2.5953833612631294e-44,0.44059445424425997,0.00032980946899227966,0.6261326610380531,0.19238664495648977,0.0,
17.95,0.0,0.0,0.0,0.0,7.966666666666644,2.3358450251368166e-44,0.440080427380975,0.000324312644509075,0.631524135781757,0.18982148969040324,0.0,
17.966666666666665,0.0,0.0,0.0,0.0,7.98333333333331,2.102260522623135e-44,0.4395670002156972,0.0003189074337672571,0.6369205656927129,0.1872905364945312,0.0,
17.983333333333334,0.0,0.0,0.0,0.0,7.999999999999977,1.8920344703608214e-44,0.4390541720487789,0.00031359230987113614,0.6423219040993456,0.1847933293412708,0.0,
18.0,0.0,0.0,0.0,0.0,8.016666666666644,1.7028310233247393e-44,0.43854194218138864,0.0003083657713732839,0.6477281049406506,0.1823294182833872,0.0,
18.016666666666666,0.0,0.0,0.0,0.0,8.033333333333312,1.5325479209922653e-44,0.43803030991551034,0.00030322634185039584,0.6531391227582086,0.17989835937294205,0.0,
18.03333333333333,0.0,0.0,0.0,0.0,8.04999999999998,1.3792931288930388e-44,0.43751927455394224,0.0002981725694862226,0.6585549126883059,0.17749971458130281,0.0,
18.05,0.0,0.0,0.0,0.0,8.066666666666647,1.241363816003735e-44,0.43700883540029595,0.0002932030266614522,0.6639754304541566,0.17513305172021879,0.0,
18.066666666666666,0.0,0.0,0.0,0.0,8.083333333333314,1.1172274344033613e-44,0.4364989917589956,0.000288316309550428,0.6694006323582271,0.1727979443639492,0.0,
18.083333333333332,0.0,0.0,0.0,0.0,8.099999999999982,1.0055046909630252e-44,0.43598974293527676,0.0002835110377245875,0.6748304752746608,0.1704939717724299,0.0,
18.1,0.0,0.0,0.0,0.0,8.11666666666665,9.049542218667227e-45,0.4354810882351856,0.0002787858537625111,0.6802649166418018,0.16822071881546416,0.0,
18.116666666666667,0.0,0.0,0.0,0.0,8.133333333333317,8.144587996800504e-45,0.4349730269655779,0.00027413942286646923,0.6857039144548165,0.16597777589792465,0.0,
18.133333333333333,0.0,0.0,0.0,0.0,8.149999999999984,7.330129197120453e-45,0.43446555843411805,0.0002695704324853614,0.6911474272584114,0.1637647388859523,0.0,
18.15,0.0,0.0,0.0,0.0,8.166666666666652,6.597116277408408e-45,0.4339586819492782,0.0002650775919439387,0.6965954141396462,0.1615812090341396,0.0,
18.166666666666668,0.0,0.0,0.0,0.0,8.18333333333332,5.937404649667567e-45,0.4334523968203374,0.0002606596320782064,0.7020478347208411,0.15942679291368442,0.0,
18.183333333333334,0.0,0.0,0.0,0.0,8.199999999999987,5.3436641847008104e-45,0.43294670235738036,0.000256315304876903,0.7075046491525763,0.15730110234150196,0.0,
18.2,0.0,0.0,0.0,0.0,8.216666666666654,4.8092977662307295e-45,0.43244159787129677,0.0002520433831289546,0.7129658181067833,0.15520375431028194,0.0,
18.216666666666665,0.0,0.0,0.0,0.0,8.233333333333322,4.3283679896076564e-45,0.4319370826737803,0.00024784266007680535,0.718431302769927,0.15313437091947818,0.0,
18.233333333333334,0.0,0.0,0.0,0.0,8.24999999999999,3.8955311906468905e-45,0.4314331560773275,0.00024371194907552525,0.7239010648362758,0.15109257930721848,0.0,
18.25,0.0,0.0,0.0,0.0,8.266666666666657,3.5059780715822014e-45,0.4309298173952373,0.00023965008325759984,0.729375066501261,0.14907801158312223,0.0,
18.266666666666666,0.0,0.0,0.0,0.0,8.283333333333324,3.155380264423981e-45,0.4304270659416095,0.0002356559152033065,0.7348532704549221,0.14709030476201393,0.0,
18.28333333333333,0.0,0.0,0.0,0.0,8.299999999999992,2.839842237981583e-45,0.4299249010313443,0.00023172831661658473,0.7403356398754378,0.14512910069852042,0.0,
18.3,0.0,0.0,0.0,0.0,8.31666666666666,2.5558580141834246e-45,0.42942332198014105,0.00022786617800630833,0.7458221384227423,0.14319404602254016,0.0,
18.316666666666666,0.0,0.0,0.0,0.0,8.333333333333327,2.300272212765082e-45,0.42892232810449754,0.00022406840837286987,0.751312730232224,0.14128479207557296,0.0,
18.333333333333332,0.0,0.0,0.0,0.0,8.349999999999994,2.070244991488574e-45,0.428421918721709,0.00022033393489998872,0.7568073799085081,0.13940099484789864,0.0,
18.35,0.0,0.0,0.0,0.0,8.366666666666662,1.8632204923397165e-45,0.427922093149867,0.00021666170265165557,0.7623060525193185,0.13754231491659333,0.0,
18.366666666666667,0.0,0.0,0.0,0.0,8.38333333333333,1.676898443105745e-45,0.42742285070785885,0.000213050674274128,0.7678087135894217,0.1357084173843721,0.0,
18.383333333333333,0.0,0.0,0.0,0.0,8.399999999999997,1.5092085987951706e-45,0.42692419071536636,0.00020949982970289253,0.773315329094649,0.13389897181924712,0.0,
18.4,0.0,0.0,0.0,0.0,8.416666666666664,1.3582877389156535e-45,0.4264261124928651,0.000206008165874511,0.7788258654559969,0.1321136521949905,0.0,
18.416666666666668,0.0,0.0,0.0,0.0,8.433333333333332,1.2224589650240881e-45,0.4259286153616234,0.00020257469644326915,0.784340289533805,0.1303521368323906,0.0,
18.433333333333334,0.0,0.0,0.0,0.0,8.45,1.1002130685216793e-45,0.4254316986437015,0.00019919845150254798,0.7898585686220096,0.12861410834129205,0.0,
18.45,0.0,0.0,0.0,0.0,8.466666666666667,9.901917616695113e-46,0.4249353616619505,0.00019587847731083885,0.7953806704424728,0.12689925356340817,0.0,
18.466666666666665,0.0,0.0,0.0,0.0,8.483333333333334,8.911725855025603e-46,0.42443960374001155,0.00019261383602232486,0.13231868737212293,0.6185405968492294,0.0,micro_nod_ready;response_ready
18.483333333333334,0.0,0.0,0.0,0.0,8.500000000000002,8.020553269523042e-46,0.4239444242023149,0.0001894036054219528,0.13714431172870267,0.6102933888912396,0.0,
18.5,0.0,0.0,0.0,0.0,8.51666666666667,7.218497942570738e-46,0.42344982237407885,0.00018624687866492025,0.14198288251976798,0.6021561437060231,0.0,
18.516666666666666,0.0,0.0,0.0,0.0,8.533333333333337,6.496648148313665e-46,0.4229557975813091,0.00018314276402050492,0.14683424847014329,0.5941273951232762,0.0,
18.53333333333333,0.0,0.0,0.0,0.0,8.550000000000004,5.8469833334822985e-46,0.42246234915079756,0.00018009038462016316,0.15169826028398287,0.5862056965216325,0.0,
18.55,0.0,0.0,0.0,0.0,8.566666666666672,5.262285000134068e-46,0.4219694764101216,0.0001770888782098271,0.15657477061888217,0.5783896205680107,0.0,
18.566666666666666,0.0,0.0,0.0,0.0,8.58333333333334,4.736056500120661e-46,0.4214771786876431,0.00017413739690632998,0.16146363406032754,0.5706777589604373,0.0,
18.583333333333332,0.0,0.0,0.0,0.0,8.600000000000007,4.262450850108595e-46,0.42098545531250753,0.00017123510695789113,0.1663647070964799,0.5630687221742982,0.0,
18.6,0.0,0.0,0.0,0.0,8.616666666666674,3.836205765097736e-46,0.42049430561464296,0.00016838118850859296,0.1712778480932884,0.5555611392119741,0.0,
18.616666666666667,0.0,0.0,0.0,0.0,8.633333333333342,3.452585188587962e-46,0.42000372892475923,0.00016557483536678308,0.17620291726992904,0.5481536573558144,0.0,
18.633333333333333,0.0,0.0,0.0,0.0,8.65000000000001,3.107326669729166e-46,0.419513724574347,0.0001628152547773367,0.18113977667456493,0.5408449419244036,0.0,
18.65,0.0,0.0,0.0,0.0,8.666666666666677,2.7965940027562494e-46,0.4190242918956769,0.00016010166719771443,0.18608829016042308,0.5336336760320782,0.0,
18.666666666666668,0.0,0.0,0.0,0.0,8.683333333333344,2.5169346024806244e-46,0.4185354302217986,0.0001574333060777525,0.19104832336218414,0.5265185603516506,0.0,
18.683333333333334,0.0,0.0,0.0,0.0,8.700000000000012,2.265241142232562e-46,0.4180471388865399,0.0001548094176431233,0.19601974367268082,0.5194983128802952,0.0,
18.7,0.0,0.0,0.0,0.0,8.71666666666668,2.038717028009306e-46,0.41755941722450557,0.00015222926068240457,0.20100242021990114,0.512571668708558,0.0,
18.716666666666665,0.0,0.0,0.0,0.0,8.733333333333347,1.8348453252083752e-46,0.417072264571077,0.00014969210633769783,0.2059962238442921,0.5057373797924438,0.0,
18.733333333333334,0.0,0.0,0.0,0.0,8.750000000000014,1.6513607926875378e-46,0.4165856802624107,0.0001471972378987362,0.2110010270763602,0.49899421472854455,0.0,
18.75,0.0,0.0,0.0,0.0,8.766666666666682,1.486224713418784e-46,0.41609966363543793,0.00014474395060042392,0.21601670411456508,0.492340958532164,0.0,
18.766666666666666,0.0,0.0,0.0,0.0,8.78333333333335,1.3376022420769056e-46,0.41561421402786325,0.00014233155142375018,0.2210431308035018,0.4857764124184018,0.0,
18.78333333333333,0.0,0.0,0.0,0.0,8.800000000000017,1.203842017869215e-46,0.41512933077816405,0.00013995935890002102,0.22608018461236876,0.4792993935861564,0.0,
18.8,0.0,0.0,0.0,0.0,8.816666666666684,1.0834578160822935e-46,0.41464501322558955,0.00013762670291835402,0.23112774461371693,0.4729087350050077,0.0,
18.816666666666666,0.0,0.0,0.0,0.0,8.833333333333352,9.751120344740642e-47,0.4141612607101597,0.00013533292453638145,0.23618569146247712,0.46660328520494093,0.0,
18.833333333333332,0.0,0.0,0.0,0.0,8.85000000000002,8.776008310266577e-47,0.4136780725726645,0.00013307737579410842,0.24125390737526128,0.4603819080688751,0.0,
18.85,0.0,0.0,0.0,0.0,8.866666666666687,7.898407479239919e-47,0.413195448154663,0.00013085941953087327,0.2463322761099347,0.4542434826279567,0.0,
18.866666666666667,0.0,0.0,0.0,0.0,8.883333333333354,7.108566731315927e-47,0.4127133867984826,0.00012867842920535872,0.25142068294545505,0.44818690285958396,0.0,
18.883333333333333,0.0,0.0,0.0,0.0,8.900000000000022,6.397710058184334e-47,0.4122318878472177,0.00012653378871860273,0.25651901466197535,0.44221107748812283,0.0,
18.9,0.0,0.0,0.0,0.0,8.91666666666669,5.757939052365901e-47,0.4117509506447293,0.00012442489223995937,0.2616271595212068,0.4363149297882812,0.0,
18.916666666666668,0.0,0.0,0.0,0.0,8.933333333333357,5.182145147129311e-47,0.41127057453564375,0.00012235114403596003,0.26674500724703865,0.4304973973911041,0.0,
18.933333333333334,0.0,0.0,0.0,0.0,8.950000000000024,4.66393063241638e-47,0.41079075886535216,0.00012031195830202737,0.2718724490064112,0.42475743209255606,0.0,
18.95,0.0,0.0,0.0,0.0,8.966666666666692,4.197537569174742e-47,0.41031150298000924,0.00011830675899699358,0.27700937739043935,0.4190939996646553,0.0,
18.966666666666665,0.0,0.0,0.0,0.0,8.98333333333336,3.777783812257268e-47,0.40983280622653256,0.00011633497968037703,0.2821556863957824,0.4135060796691266,0.0,
18.983333333333334,0.0,0.0,0.0,0.0,9.000000000000027,3.400005431031541e-47,0.4093546679526016,0.00011439606335237075,0.28731127140625806,0.4079926652735383,0.0,
19.0,0.0,0.0,0.0,0.0,9.016666666666694,3.0600048879283865e-47,0.4088770875066569,0.0001124894622964979,0.29247602917469634,0.40255276306989113,0.0,
19.016666666666666,0.0,0.0,0.0,0.0,9.033333333333362,2.754004399135548e-47,0.40840006423789915,0.00011061463792488961,0.2976498578050312,0.39718539289562593,0.0,
19.03333333333333,0.0,0.0,0.0,0.0,9.05000000000003,2.478603959221993e-47,0.40792359749628826,0.00010877106062614146,0.30283265673462617,0.3918895876570176,0.0,
19.05,0.0,0.0,0.0,0.0,9.066666666666697,2.2307435632997937e-47,0.4074476866325426,0.00010695820961570576,0.3080243267168308,0.386664393154924,0.0,
19.066666666666666,0.0,0.0,0.0,0.0,9.083333333333364,2.0076692069698144e-47,0.40697233099813795,0.00010517557278877733,0.3132247698037658,0.3815088679128584,0.0,
19.083333333333332,0.0,0.0,0.0,0.0,9.100000000000032,1.806902286272833e-47,0.4064975299453068,0.00010342264657563104,0.3184338893293329,0.3764220830073536,0.0,
19.1,0.0,0.0,0.0,0.0,9.1166666666667,1.6262120576455498e-47,0.40602328282703726,0.00010169893579937052,0.32365158989244697,0.3714031219005889,0.0,
19.116666666666667,0.0,0.0,0.0,0.0,9.133333333333367,1.4635908518809948e-47,0.4055495889970724,0.00010000395353604767,0.3288777773404874,0.3664510802752477,0.0,
19.133333333333333,0.0,0.0,0.0,0.0,9.150000000000034,1.3172317666928953e-47,0.40507644780990915,9.833722097711354e-05,0.33411235875296585,0.3615650658715777,0.0,
19.15,0.0,0.0,0.0,0.0,9.166666666666702,1.1855085900236057e-47,0.40460385862079756,9.669826729416165e-05,0.3393552424254079,0.35674419832662335,0.0,
19.166666666666668,0.0,0.0,0.0,0.0,9.183333333333369,1.0669577310212451e-47,0.40413182078573995,9.508662950592562e-05,0.34460633785344474,0.3519876090156017,0.0,
19.183333333333334,0.0,0.0,0.0,0.0,9.200000000000037,9.602619579191206e-48,0.4036603336614899,9.350185234749353e-05,0.3498655557171139,0.3472944408953937,0.0,
19.2,0.0,0.0,0.0,0.0,9.216666666666704,8.642357621272087e-48,0.4031893966055515,9.194348814170197e-05,0.35513280786536444,0.34266384835012176,0.0,
19.216666666666665,0.0,0.0,0.0,0.0,9.233333333333372,7.778121859144878e-48,0.40271900897617835,9.041109667267361e-05,0.360408007300765,0.3380949970387868,0.0,
19.233333333333334,0.0,0.0,0.0,0.0,9.250000000000039,7.00030967323039e-48,0.4022491701323728,8.890424506146238e-05,0.36569106816441216,0.3335870637449363,0.0,
19.25,0.0,0.0,0.0,0.0,9.266666666666707,6.300278705907351e-48,0.40177987943388505,8.742250764377133e-05,0.3709819057210358,0.32913923622833713,0.0,
19.266666666666666,0.0,0.0,0.0,0.0,9.283333333333374,5.670250835316615e-48,0.4013111362412122,8.596546584970848e-05,0.37628043634429925,0.32475071307862596,0.0,
19.28333333333333,0.0,0.0,0.0,0.0,9.300000000000042,5.1032257517849536e-48,0.40084293991559744,8.453270808554667e-05,0.38158657750229197,0.32042070357091096,0.0,
19.3,0.0,0.0,0.0,0.0,9.316666666666709,4.592903176606458e-48,0.40037528981902926,8.312382961745423e-05,0.38690024774321163,0.3161484275232988,0.0,
19.316666666666666,0.0,0.0,0.0,0.0,9.333333333333377,4.1336128589458124e-48,0.3999081853142404,8.173843245716332e-05,0.39222136668123353,0.3119331151563215,0.0,
19.333333333333332,0.0,0.0,0.0,0.0,9.350000000000044,3.720251573051231e-48,0.3994416257647071,8.037612524954394e-05,0.39754985498256495,0.30777400695423723,0.0,
19.35,0.0,0.0,0.0,0.0,9.366666666666712,3.3482264157461075e-48,0.39897561053464825,7.903652316205154e-05,0.4028856343516818,0.3036703535281807,0.0,
19.366666666666667,0.0,0.0,0.0,0.0,9.383333333333379,3.0134037741714966e-48,0.3985101389890245,7.771924777601735e-05,0.408228627517745,0.2996214154811383,0.0,
19.383333333333333,0.0,0.0,0.0,0.0,9.400000000000047,2.712063396754347e-48,0.3980452104935373,7.642392697975039e-05,0.4135787582211952,0.29562646327472314,0.0,
19.4,0.0,0.0,0.0,0.0,9.416666666666714,2.440857057078912e-48,0.39758082441462816,7.515019486342121e-05,0.4189359512005219,0.29168477709772683,0.0,
19.416666666666668,0.0,0.0,0.0,0.0,9.433333333333382,2.1967713513710207e-48,0.39711698011947777,7.389769161569752e-05,0.42430013217920626,0.2877956467364238,0.0,
19.433333333333334,0.0,0.0,0.0,0.0,9.450000000000049,1.9770942162339186e-48,0.39665367697600507,7.266606342210256e-05,0.4296712278528345,0.28395837144660485,0.0,
19.45,0.0,0.0,0.0,0.0,9.466666666666717,1.7793847946105268e-48,0.3961909143528664,7.145496236506752e-05,0.4350491658763799,0.2801722598273168,0.0,
19.466666666666665,0.0,0.0,0.0,0.0,9.483333333333384,1.601446315149474e-48,0.39572869161945473,7.026404632564973e-05,0.4404338748516507,0.2764366296962859,0.0,
19.483333333333334,0.0,0.0,0.0,0.0,9.500000000000052,1.4413016836345268e-48,0.3952670081458987,6.90929788868889e-05,0.445825284314903,0.2727508079670021,0.0,
19.5,0.0,0.0,0.0,0.0,9.516666666666719,1.2971715152710742e-48,0.39480586330306183,6.794142923877409e-05,0.4512233247246147,0.26911413052744204,0.0,
19.516666666666666,0.0,0.0,0.0,0.0,9.533333333333387,1.1674543637439667e-48,0.3943452564625416,6.680907208479452e-05,0.45662792744942005,0.2655259421204095,0.0,
19.53333333333333,0.0,0.0,0.0,0.0,9.550000000000054,1.05070892736957e-48,0.39388518699666863,6.569558755004795e-05,0.46203902475620184,0.2619855962254707,0.0,
19.55,0.0,0.0,0.0,0.0,9.566666666666721,9.45638034632613e-49,0.39342565427850584,6.460066109088048e-05,0.46745654979833895,0.2584924549424644,0.0,
19.566666666666666,0.0,0.0,0.0,0.0,9.583333333333389,8.510742311693518e-49,0.3929666576818476,6.352398340603248e-05,0.4728804366041081,0.2550458888765649,0.0,
19.583333333333332,0.0,0.0,0.0,0.0,9.600000000000056,7.659668080524166e-49,0.39250819658121877,6.246525034926526e-05,0.4783106200652371,0.2516452770248773,0.0,
19.6,0.0,0.0,0.0,0.0,9.616666666666724,6.893701272471749e-49,0.392050270351874,6.142416284344417e-05,0.48374703592560764,0.24829000666454562,0.0,
19.616666666666667,0.0,0.0,0.0,0.0,9.633333333333391,6.204331145224574e-49,0.39159287836979684,6.040042679605344e-05,0.4891896207701061,0.24497947324235167,0.0,
19.633333333333333,0.0,0.0,0.0,0.0,9.650000000000059,5.583898030702116e-49,0.3911360200116987,5.939375301611922e-05,0.4946383120136201,0.24171308026578697,0.0,
19.65,0.0,0.0,0.0,0.0,9.666666666666726,5.025508227631905e-49,0.3906796946550184,5.8403857132517235e-05,0.5000930478901787,0.2384902391955765,0.0,
19.666666666666668,0.0,0.0,0.0,0.0,9.683333333333394,4.5229574048687145e-49,0.39022390167792087,5.7430459513641944e-05,0.5055537674422355,0.23531036933963548,0.0,
19.683333333333334,0.0,0.0,0.0,0.0,9.700000000000061,4.070661664381843e-49,0.38976864045929666,5.647328518841458e-05,0.5110204105100902,0.23217289774844033,0.0,
19.7,0.0,0.0,0.0,0.0,9.716666666666729,3.663595497943659e-49,0.3893139103787608,5.5532063768607666e-05,0.5164929177214507,0.22907725911179447,0.0,
19.716666666666665,0.0,0.0,0.0,0.0,9.733333333333396,3.297235948149293e-49,0.3888597108166522,5.4606529372464205e-05,0.5219712304811299,0.22602289565697053,0.0,
19.733333333333334,0.0,0.0,0.0,0.0,9.750000000000064,2.9675123533343637e-49,0.38840604115403277,5.3696420549589804e-05,0.5274552909608784,0.22300925704821092,0.0,
19.75,0.0,0.0,0.0,0.0,9.766666666666731,2.670761118000927e-49,0.3879529007726864,5.280148020709664e-05,0.5329450420893493,0.2200358002875681,0.0,
19.766666666666666,0.0,0.0,0.0,0.0,9.783333333333399,2.4036850062008344e-49,0.3875002890551183,5.1921455536978364e-05,0.5384404275421951,0.2171019896170672,0.0,
19.78333333333333,0.0,0.0,0.0,0.0,9.800000000000066,2.163316505580751e-49,0.387048205384554,5.105609794469539e-05,0.5439413917322936,0.21420729642217295,0.0,
19.8,0.0,0.0,0.0,0.0,9.816666666666734,1.9469848550226758e-49,0.3865966491449387,5.020516297895047e-05,0.5494478798001018,0.211351199136544,0.0,
19.816666666666666,0.0,0.0,0.0,0.0,9.833333333333401,1.752286369520408e-49,0.38614561972093625,4.936841026263463e-05,0.5549598376041358,0.20853318314805674,0.0,
19.833333333333332,0.0,0.0,0.0,0.0,9.850000000000069,1.5770577325683673e-49,0.3856951164979285,4.854560342492405e-05,0.5604772117115756,0.20575274070608265,0.0,
19.85,0.0,0.0,0.0,0.0,9.866666666666736,1.4193519593115306e-49,0.3852451388620142,4.773651003450865e-05,0.5659999493889923,0.20300937083000156,0.0,
19.866666666666667,0.0,0.0,0.0,0.0,9.883333333333404,1.2774167633803775e-49,0.38479568620000854,4.6940901533933506e-05,0.5715279985931971,0.20030257921893488,0.0,
19.883333333333333,0.0,0.0,0.0,0.0,9.900000000000071,1.1496750870423398e-49,0.38434675789944184,4.6158553175034615e-05,0.5770613079622096,0.1976318781626824,0.0,
19.9,0.0,0.0,0.0,0.0,9.916666666666739,1.0347075783381058e-49,0.38389835334855915,4.5389243955450705e-05,0.5825998268063441,0.19499678645384663,0.0,
19.916666666666668,0.0,0.0,0.0,0.0,9.933333333333406,9.312368205042953e-50,0.38345047193631915,4.463275655619319e-05,0.5881435050994135,0.19239682930112867,0.0,
19.933333333333334,0.0,0.0,0.0,0.0,9.950000000000074,8.381131384538657e-50,0.38300311305239343,4.3888877280256636e-05,0.5936922934700465,0.1898315382437803,0.0,
19.95,0.0,0.0,0.0,0.0,9.966666666666741,7.543018246084791e-50,0.38255627608716564,4.3157395992252356e-05,0.5992461431931203,0.18730045106719656,0.0,
19.966666666666665,0.0,0.0,0.0,0.0,9.983333333333409,6.788716421476312e-50,0.3821099604317306,4.243810605904815e-05,0.604805006181304,0.18480311171963393,0.0,
19.983333333333334,0.0,0.0,0.0,0.0,10.000000000000076,6.109844779328681e-50,0.3816641654778936,4.1730804291397346e-05,0.6103688349767128,0.1823390702300388,0.0,
20.0,0.0,0.0,0.0,0.0,10.016666666666744,5.498860301395814e-50,0.3812188906181694,4.103529088654072e-05,0.6159375827426724,0.17990788262697163,0.0,
20.016666666666666,0.0,0.0,0.0,0.0,10.033333333333411,4.948974271256232e-50,0.3807741352457815,4.035136937176504e-05,0.6215112032555896,0.177509110858612,0.0,
20.03333333333333,0.0,0.0,0.0,0.0,10.050000000000079,4.454076844130609e-50,0.38032989875466144,3.967884654890229e-05,0.6270896508969304,0.1751423227138305,0.0,
20.05,0.0,0.0,0.0,0.0,10.066666666666746,4.008669159717548e-50,0.37988618053944767,3.901753243975392e-05,0.6326728806453022,0.17280709174431277,0.0,
20.066666666666666,0.0,0.0,0.0,0.0,10.083333333333414,3.607802243745793e-50,0.379442979995485,3.8367240232424686e-05,0.6382608480686408,0.17050299718772194,0.0,
20.083333333333332,0.0,0.0,0.0,0.0,10.100000000000081,3.2470220193712137e-50,0.3790002965188236,3.772778622855094e-05,0.6438535093164979,0.16822962389188564,0.0,
20.1,0.0,0.0,0.0,0.0,10.116666666666749,2.922319817434092e-50,0.3785581295062183,3.7098989791408424e-05,0.6494508211124308,0.16598656223999383,0.0,
20.116666666666667,0.0,0.0,0.0,0.0,10.133333333333416,2.630087835690683e-50,0.37811647835512774,3.648067329488495e-05,0.6550527407464912,0.1637734080767939,0.0,
20.133333333333333,0.0,0.0,0.0,0.0,10.150000000000084,2.3670790521216145e-50,0.3776753424637134,3.5872662073303535e-05,0.6606592260678124,0.16158976263577,0.0,
20.15,0.0,0.0,0.0,0.0,10.166666666666751,2.1303711469094532e-50,0.3772347212308391,3.527478437208181e-05,0.6662702354772927,0.15943523246729305,0.0,
20.166666666666668,0.0,0.0,0.0,0.0,10.183333333333419,1.917334032218508e-50,0.3767946140560698,3.4686871299213774e-05,0.6718857279203762,0.15730942936772915,0.0,
20.183333333333334,0.0,0.0,0.0,0.0,10.200000000000086,1.7256006289966572e-50,0.37635502033967105,3.4108756777560214e-05,0.6775056628799259,0.15521197030949277,0.0,
20.2,0.0,0.0,0.0,0.0,10.216666666666754,1.5530405660969914e-50,0.3759159394826081,3.354027749793421e-05,0.6831300003691919,0.15314247737203288,0.0,
20.216666666666665,0.0,0.0,0.0,0.0,10.233333333333421,1.3977365094872923e-50,0.37547737088654504,3.298127287296864e-05,0.6887587009248705,0.1511005776737391,0.0,
20.233333333333334,0.0,0.0,0.0,0.0,10.250000000000089,1.257962858538563e-50,0.37503931395384404,3.2431584991752496e-05,0.6943917256002542,0.1490859033047559,0.0,
20.25,0.0,0.0,0.0,0.0,10.266666666666756,1.1321665726847069e-50,0.37460176808756457,3.189105857522329e-05,0.700029035958472,0.14709809126069248,0.0,
20.266666666666666,0.0,0.0,0.0,0.0,10.283333333333424,1.0189499154162362e-50,0.3741647326914624,3.13595409323029e-05,0.705670594065817,0.14513678337721658,0.0,
20.28333333333333,0.0,0.0,0.0,0.0,10.300000000000091,9.170549238746125e-51,0.373728207169989,3.083688191676452e-05,0.7113163624851625,0.14320162626552035,0.0,
20.3,0.0,0.0,0.0,0.0,10.316666666666759,8.253494314871512e-51,0.3732921909282907,3.0322933884818444e-05,0.7169663042694632,0.14129227124864674,0.0,
20.316666666666666,0.0,0.0,0.0,0.0,10.333333333333426,7.428144883384361e-51,0.3728566833722077,2.9817551653404803e-05,0.14797592340893162,0.6327417076319981,0.0,response_ready
20.333333333333332,0.0,0.0,0.0,0.0,10.350000000000094,6.685330395045924e-51,0.37242168390827346,2.932059245918139e-05,0.15291106134368349,0.6243051515302381,0.0,
20.35,0.0,0.0,0.0,0.0,10.366666666666761,6.016797355541331e-51,0.3719871919437138,2.8831915918195033e-05,0.1578597362222388,0.6159810828431683,0.0,
20.366666666666667,0.0,0.0,0.0,0.0,10.383333333333429,5.415117619987198e-51,0.37155320688644616,2.8351383986225117e-05,0.1628217889608337,0.6077680017385928,0.0,
20.383333333333333,0.0,0.0,0.0,0.0,10.400000000000096,4.873605857988478e-51,0.37111972814507865,2.787886091978803e-05,0.16779706255828378,0.5996644283820782,0.0,
20.4,0.0,0.0,0.0,0.0,10.416666666666764,4.3862452721896305e-51,0.3706867551289094,2.7414213237791566e-05,0.17278540206873022,0.5916689026703172,0.0,
20.416666666666668,0.0,0.0,0.0,0.0,10.433333333333431,3.9476207449706675e-51,0.3702542872479257,2.6957309683828372e-05,0.17778665457474246,0.5837799839680463,0.0,
20.433333333333334,0.0,0.0,0.0,0.0,10.450000000000099,3.5528586704736005e-51,0.3698223239128031,2.6508021189097898e-05,0.1828006691607727,0.5759962508484724,0.0,
20.45,0.0,0.0,0.0,0.0,10.466666666666766,3.1975728034262405e-51,0.36939086453490483,2.6066220835946268e-05,0.18782729688695765,0.5683163008371594,0.0,
20.466666666666665,0.0,0.0,0.0,0.0,10.483333333333434,2.877815523083616e-51,0.3689599085262808,2.563178382201383e-05,0.1928663907632631,0.5607387501593306,0.0,
20.483333333333334,0.0,0.0,0.0,0.0,10.500000000000101,2.5900339707752546e-51,0.3685294552996668,2.520458742498027e-05,0.19791780572396658,0.5532622334905395,0.0,
20.5,0.0,0.0,0.0,0.0,10.516666666666769,2.331030573697729e-51,0.36809950426848387,2.4784510967897265e-05,0.20298139860247408,0.5458854037106656,0.0,
20.516666666666666,0.0,0.0,0.0,0.0,10.533333333333436,2.0979275163279563e-51,0.3676700548468373,2.4371435785098976e-05,0.20805702810646592,0.5386069316611901,0.0,
20.53333333333333,0.0,0.0,0.0,0.0,10.550000000000104,1.8881347646951606e-51,0.36724110644951596,2.396524518868066e-05,0.21314455479336808,0.5314255059057076,0.0,
20.55,0.0,0.0,0.0,0.0,10.566666666666771,1.6993212882256445e-51,0.3668126584919915,2.3565824435535983e-05,0.21824384104614422,0.5243398324936315,0.0,
20.566666666666666,0.0,0.0,0.0,0.0,10.583333333333439,1.52938915940308e-51,0.36638471039041753,2.3173060694943717e-05,0.22335475104940447,0.5173486347270497,0.0,
20.583333333333332,0.0,0.0,0.0,0.0,10.600000000000106,1.376450243462772e-51,0.3659572615616287,2.2786843016694655e-05,0.22847715076582678,0.510450652930689,0.0,
20.6,0.0,0.0,0.0,0.0,10.616666666666774,1.2388052191164949e-51,0.36553031142314013,2.2407062299749744e-05,0.23361090791288674,0.5036446442249465,0.0,
20.616666666666667,0.0,0.0,0.0,0.0,10.633333333333441,1.1149246972048454e-51,0.3651038593931465,2.2033611261420584e-05,0.23875589193989186,0.4969293823019472,0.0,
20.633333333333333,0.0,0.0,0.0,0.0,10.650000000000109,1.0034322274843608e-51,0.36467790489052115,2.1666384407063573e-05,0.2439119740053162,0.4903036572045879,0.0,
20.65,0.0,0.0,0.0,0.0,10.666666666666776,9.030890047359246e-52,0.36425244733481554,2.130527800027918e-05,0.24907902695443168,0.4837662751085267,0.0,
20.666666666666668,0.0,0.0,0.0,0.0,10.683333333333444,8.127801042623322e-52,0.36382748614625826,2.095019003360786e-05,0.25425692529723193,0.47731605810707967,0.0,
20.683333333333334,0.0,0.0,0.0,0.0,10.700000000000111,7.31502093836099e-52,0.3634030207457543,2.0601020199714393e-05,0.25944554518664503,0.47095184399898526,0.0,
20.7,0.0,0.0,0.0,0.0,10.716666666666779,6.5835188445248915e-52,0.3629790505548843,2.0257669863052488e-05,0.2646447643970313,0.4646724860789988,0.0,
20.716666666666665,0.0,0.0,0.0,0.0,10.733333333333446,5.925166960072403e-52,0.3625555749959036,1.9920042032001613e-05,0.2698544623029621,0.4584768529312788,0.0,
20.733333333333334,0.0,0.0,0.0,0.0,10.750000000000114,5.3326502640651626e-52,0.3621325934917417,1.9588041331468253e-05,0.27507451985827697,0.45236382822552845,0.0,
20.75,0.0,0.0,0.0,0.0,10.766666666666781,4.799385237658646e-52,0.36171010546600135,1.926157397594378e-05,0.2803048195754139,0.44633231051585476,0.0,
20.766666666666666,0.0,0.0,0.0,0.0,10.783333333333449,4.3194467138927816e-52,0.36128811034295766,1.8940547743011384e-05,0.28554524550501087,0.44038121304231004,0.0,
20.78333333333333,0.0,0.0,0.0,0.0,10.800000000000116,3.887502042503504e-52,0.36086660754755756,1.862487194729453e-05,0.2907956832157735,0.43450946353507924,0.0,
20.8,0.0,0.0,0.0,0.0,10.816666666666784,3.4987518382531535e-52,0.36044559650541874,1.831445741483962e-05,0.2960560197746066,0.4287160040212782,0.0,
20.816666666666666,0.0,0.0,0.0,0.0,10.833333333333451,3.148876654427838e-52,0.36002507664282907,1.8009216457925626e-05,0.3013261437270058,0.4229997906343278,0.0,
20.833333333333332,0.0,0.0,0.0,0.0,10.850000000000119,2.833988988985054e-52,0.35960504738674576,1.7709062850293532e-05,0.3066059450777049,0.4173597934258701,0.0,
20.85,0.0,0.0,0.0,0.0,10.866666666666786,2.5505900900865487e-52,0.35918550816479455,1.7413911802788638e-05,0.31189531527157754,0.41179499618019183,0.0,
20.866666666666667,0.0,0.0,0.0,0.0,10.883333333333454,2.295531081077894e-52,0.35876645840526894,1.712367993940883e-05,0.31719414717478783,0.4063043962311226,0.0,
20.883333333333333,0.0,0.0,0.0,0.0,10.900000000000121,2.0659779729701044e-52,0.3583478975371295,1.6838285273752016e-05,0.32250233505618814,0.40088700428137425,0.0,
20.9,0.0,0.0,0.0,0.0,10.916666666666789,1.859380175673094e-52,0.3579298249900028,1.655764718585615e-05,0.32781977456895994,0.3955418442242893,0.0,
20.916666666666668,0.0,0.0,0.0,0.0,10.933333333333456,1.6734421581057845e-52,0.35751224019418115,1.6281686399425215e-05,0.33314636273249515,0.3902679529679654,0.0,
20.933333333333334,0.0,0.0,0.0,0.0,10.950000000000124,1.5060979422952062e-52,0.35709514258062125,1.6010324959434796e-05,0.3384819979145144,0.38506438026172585,0.0,
20.95,0.0,0.0,0.0,0.0,10.966666666666791,1.3554881480656855e-52,0.35667853158094387,1.5743486210110884e-05,0.34382657981341913,0.37993018852490285,0.0,
20.966666666666665,0.0,0.0,0.0,0.0,10.983333333333459,1.219939333259117e-52,0.35626240662743275,1.5481094773275704e-05,0.34918000944087485,0.37486445267790414,0.0,
20.983333333333334,0.0,0.0,0.0,0.0,11.000000000000126,1.0979453999332053e-52,0.3558467671530341,1.5223076527054441e-05,0.35454218910462215,0.5079995933088655,0.0,micro_nod_ready
21.0,0.0,0.0,0.0,0.0,11.016666666666794,9.881508599398848e-53,0.35543161259135553,1.4969358584936867e-05,0.35970865220632736,0.5012262653980806,0.0,
21.016666666666666,0.0,0.0,0.0,0.0,11.033333333333461,8.893357739458962e-53,0.3550169423766656,1.471986927518792e-05,0.3648863513927417,0.49454324852610615,0.0,
21.03333333333333,0.0,0.0,0.0,0.0,11.050000000000129,8.004021965513066e-53,0.3546027559438928,1.4474538120601455e-05,0.370075157688413,0.48794933854575806,0.0,
21.05,0.0,0.0,0.0,0.0,11.066666666666796,7.2036197689617595e-53,0.3541890527286249,1.423329581859143e-05,0.37527494380662163,0.48144334736514793,0.0,
21.066666666666666,0.0,0.0,0.0,0.0,11.083333333333464,6.483257792065584e-53,0.3537758321671082,1.3996074221614907e-05,0.38048558412727707,0.4750241027336126,0.0,
21.083333333333332,0.0,0.0,0.0,0.0,11.100000000000131,5.834932012859025e-53,0.3533630936962465,1.3762806317921326e-05,0.3857069546751029,0.4686904480304978,0.0,
21.1,0.0,0.0,0.0,0.0,11.116666666666799,5.251438811573123e-53,0.3529508367536009,1.3533426212622637e-05,0.39093893309810773,0.46244124205675785,0.0,
21.116666666666667,0.0,0.0,0.0,0.0,11.133333333333466,4.726294930415811e-53,0.35253906077738834,1.3307869109078926e-05,0.3961813986463375,0.4562753588293344,0.0,
21.133333333333333,0.0,0.0,0.0,0.0,11.150000000000134,4.253665437374229e-53,0.35212776520648137,1.3086071290594277e-05,0.4014342321509061,0.4501916873782766,0.0,
21.15,0.0,0.0,0.0,0.0,11.166666666666801,3.8282988936368064e-53,0.35171694948040716,1.2867970102417705e-05,0.40669731600330017,0.44418913154656625,0.0,
21.166666666666668,0.0,0.0,0.0,0.0,11.183333333333469,3.4454690042731257e-53,0.3513066130393467,1.2653503934044076e-05,0.41197053413495455,0.43826660979261206,0.0,
21.183333333333334,0.0,0.0,0.0,0.0,11.200000000000136,3.100922103845813e-53,0.3508967553241341,1.2442612201810009e-05,0.4172537719970955,0.43242305499537725,0.0,
21.2,0.0,0.0,0.0,0.0,11.216666666666804,2.790829893461232e-53,0.35048737577625594,1.2235235331779843e-05,0.4225469165408472,0.42665741426210557,0.0,
21.216666666666665,0.0,0.0,0.0,0.0,11.233333333333471,2.5117469041151087e-53,0.3500784738378503,1.2031314742916846e-05,0.4278498561975985,0.42096864873861084,0.0,
21.233333333333334,0.0,0.0,0.0,0.0,11.250000000000139,2.2605722137035976e-53,0.3496700489517061,1.1830792830534899e-05,0.43316248085962716,0.41535573342209603,0.0,
21.25,0.0,0.0,0.0,0.0,11.266666666666806,2.034514992333238e-53,0.34926210056126245,1.1633612950025983e-05,0.4384846818609769,0.4098176569764681,0.0,
21.266666666666666,0.0,0.0,0.0,0.0,11.283333333333474,1.831063493099914e-53,0.34885462811060763,1.1439719400858883e-05,0.4438163519585851,0.4043534215501152,0.0,
21.28333333333333,0.0,0.0,0.0,0.0,11.300000000000141,1.6479571437899226e-53,0.34844763104447857,1.1249057410844569e-05,0.44915738531365756,0.3989620425961137,0.0,
21.3,0.0,0.0,0.0,0.0,11.316666666666809,1.4831614294109302e-53,0.34804110880826,1.1061573120663827e-05,0.45450767747328646,0.3936425486948322,0.0,
21.316666666666666,0.0,0.0,0.0,0.0,11.333333333333476,1.3348452864698373e-53,0.3476350608479837,1.0877213568652762e-05,0.45986712535230945,0.3883939813789011,0.0,
21.333333333333332,0.0,0.0,0.0,0.0,11.350000000000144,1.2013607578228535e-53,0.3472294866103277,1.0695926675841883e-05,0.4652356272154056,0.3832153949605157,0.0,
21.35,0.0,0.0,0.0,0.0,11.366666666666811,1.0812246820405681e-53,0.3468243855426157,1.0517661231244519e-05,0.47061308265942614,0.37810585636104216,0.0,
21.366666666666667,0.0,0.0,0.0,0.0,11.383333333333479,9.731022138365113e-54,0.34641975709281597,1.0342366877390444e-05,0.4759993925959559,0.3730644449428949,0.0,
21.383333333333333,0.0,0.0,0.0,0.0,11.400000000000146,8.757919924528602e-54,0.346015600709541,1.0169994096100604e-05,0.48139445923410334,0.36809025234365633,0.0,
21.4,0.0,0.0,0.0,0.0,11.416666666666814,7.882127932075741e-54,0.34561191584204654,1.0000494194498926e-05,0.48679818606351566,0.36318238231240757,0.0,
21.416666666666668,0.0,0.0,0.0,0.0,11.433333333333481,7.093915138868167e-54,0.3452087019402308,9.833819291257277e-06,0.492210477837616,0.35833995054824214,0.0,
21.433333333333334,0.0,0.0,0.0,0.0,11.450000000000149,6.38452362498135e-54,0.34480595845463385,9.669922303069656e-06,0.4976312405570604,0.35356208454093224,0.0,
21.45,0.0,0.0,0.0,0.0,11.466666666666816,5.746071262483216e-54,0.3444036848364368,9.508756931351829e-06,0.5030603814534106,0.3488479234137198,0.0,
21.466666666666665,0.0,0.0,0.0,0.0,11.483333333333483,5.171464136234894e-54,0.34400188053746095,9.350277649162632e-06,0.5084978089730212,0.34419661776820354,0.0,
21.483333333333334,0.0,0.0,0.0,0.0,11.500000000000151,4.654317722611405e-54,0.34360054501016724,9.194439688343255e-06,0.5139434327611373,0.33960732953129413,0.0,
21.5,0.0,0.0,0.0,0.0,11.516666666666818,4.1888859503502644e-54,0.34319967770765536,9.041199026870868e-06,0.5193971636462003,0.33507923180421023,0.0,
21.516666666666666,0.0,0.0,0.0,0.0,11.533333333333486,3.769997355315238e-54,0.3427992780836631,8.89051237642302e-06,0.5248589136243587,0.33061150871348743,0.0,
21.53333333333333,0.0,0.0,0.0,0.0,11.550000000000153,3.392997619783714e-54,0.3423993455925655,8.742337170149304e-06,0.5303285958441827,0.32620335526397426,0.0,
21.55,0.0,0.0,0.0,0.0,11.566666666666821,3.053697857805343e-54,0.3419998796893742,8.596631550646815e-06,0.5358061245915773,0.32185397719378794,0.0,
21.566666666666666,0.0,0.0,0.0,0.0,11.583333333333488,2.7483280720248086e-54,0.3416008798297366,8.453354358136035e-06,0.5412914152748942,0.3175625908312041,0.0,
21.583333333333332,0.0,0.0,0.0,0.0,11.600000000000156,2.4734952648223277e-54,0.3412023454699352,8.312465118833769e-06,0.5467843844102377,0.3133284229534547,0.0,
21.6,0.0,0.0,0.0,0.0,11.616666666666823,2.226145738340095e-54,0.34080427606688696,8.173924033519872e-06,0.5522849496069631,0.3091507106474086,0.0,
21.616666666666667,0.0,0.0,0.0,0.0,11.633333333333491,2.0035311645060853e-54,0.34040667107814226,8.03769196629454e-06,0.557793029553365,0.30502870117210984,0.0,
21.633333333333333,0.0,0.0,0.0,0.0,11.650000000000158,1.8031780480554767e-54,0.34000952996188444,7.903730433522964e-06,0.5633085440025528,0.3009616518231484,0.0,
21.65,0.0,0.0,0.0,0.0,11.666666666666826,1.622860243249929e-54,0.3396128521769289,7.772001592964248e-06,0.5688314137585113,0.29694882979883974,0.0,
21.666666666666668,0.0,0.0,0.0,0.0,11.683333333333493,1.4605742189249363e-54,0.3392166371827225,7.642468233081511e-06,0.574361560662343,0.2929895120681886,0.0,
21.683333333333334,0.0,0.0,0.0,0.0,11.700000000000161,1.3145167970324426e-54,0.33882088443934266,7.515093762530152e-06,0.5798989075786911,0.2890829852406127,0.0,
21.7,0.0,0.0,0.0,0.0,11.716666666666828,1.1830651173291984e-54,0.3384255934074968,7.3898421998213164e-06,0.5854433783823403,0.28522854543740456,0.0,
21.716666666666665,0.0,0.0,0.0,0.0,11.733333333333496,1.0647586055962785e-54,0.33803076354852135,7.266678163157628e-06,0.5909948979449922,0.2814254981649058,0.0,
21.733333333333334,0.0,0.0,0.0,0.0,11.750000000000163,9.582827450366507e-55,0.3376363943243814,7.145566860438334e-06,0.5965533921222145,0.2776731581893737,0.0,
21.75,0.0,0.0,0.0,0.0,11.766666666666831,8.624544705329856e-55,0.33724248519766964,7.026474079431028e-06,0.6021187877405605,0.2739708494135154,0.0,
21.766666666666666,0.0,0.0,0.0,0.0,11.783333333333498,7.76209023479687e-55,0.3368490356316057,6.909366178107178e-06,0.6076910125848577,0.27031790475466855,0.0,
21.78333333333333,0.0,0.0,0.0,0.0,11.800000000000166,6.985881211317184e-55,0.33645604509003546,6.794210075138725e-06,0.6132699953856622,0.2667136660246063,0.0,
21.8,0.0,0.0,0.0,0.0,11.816666666666833,6.287293090185465e-55,0.33606351303743043,6.680973240553079e-06,0.6188556658068775,0.26315748381094484,0.0,
21.816666666666666,0.0,0.0,0.0,0.0,11.833333333333501,5.658563781166919e-55,0.33567143893888673,6.569623686543861e-06,0.6244479544335354,0.25964871736013223,0.0,
21.833333333333332,0.0,0.0,0.0,0.0,11.850000000000168,5.0927074030502265e-55,0.3352798222601247,6.460129958434796e-06,0.630046792759737,0.25618673446199713,0.0,
21.85,0.0,0.0,0.0,0.0,11.866666666666836,4.583436662745204e-55,0.3348886624674879,6.352461125794216e-06,0.6356521131767509,0.2527709113358372,0.0,
21.866666666666667,0.0,0.0,0.0,0.0,11.883333333333503,4.1250929964706835e-55,0.3344979590279425,6.246586773697646e-06,0.6412638489612678,0.24940063251802602,0.0,
21.883333333333333,0.0,0.0,0.0,0.0,11.90000000000017,3.712583696823615e-55,0.3341077114090766,6.1424769941360185e-06,0.6468819342638085,0.246075290751119,0.0,
21.9,0.0,0.0,0.0,0.0,11.916666666666838,3.341325327141253e-55,0.3337179190790993,6.040102377567085e-06,0.6525063040972838,0.2427942868744374,0.0,
21.916666666666668,0.0,0.0,0.0,0.0,11.933333333333506,3.007192794427128e-55,0.33332858150684036,5.939434004607633e-06,0.658136894325704,0.23955702971611156,0.0,
21.933333333333334,0.0,0.0,0.0,0.0,11.950000000000173,2.7064735149844154e-55,0.33293969816174906,5.840443437864173e-06,0.6637736416530358,0.2363629359865634,0.0,
21.95,0.0,0.0,0.0,0.0,11.96666666666684,2.435826163485974e-55,0.3325512685138937,5.743102713899769e-06,0.669416483612206,0.23321143017340923,0.0,
21.966666666666665,0.0,0.0,0.0,0.0,11.983333333333508,2.1922435471373764e-55,0.33216329203396083,5.647384335334773e-06,0.675065358554248,0.23010194443776377,0.0,
21.983333333333334,0.0,0.0,0.0,0.0,12.000000000000176,1.9730191924236388e-55,0.33177576819325455,5.553261263079193e-06,0.6807202056375914,0.22703391851192692,0.0,
22.0,0.0,0.0,0.0,0.0,12.016666666666843,1.7757172731812748e-55,0.33138869646369573,5.46070690869454e-06,0.6863796547598235,0.22400679959843456,0.0,
22.016666666666666,0.0,0.0,0.0,0.0,12.03333333333351,1.5981455458631474e-55,0.3310020763178214,5.369695126882964e-06,0.6920436445604259,0.22102004227045544,0.0,
22.03333333333333,0.0,0.0,0.0,0.0,12.050000000000178,1.4383309912768326e-55,0.330615907228784,5.280200208101581e-06,0.6977121144970202,0.21807310837351604,0.0,
22.05,0.0,0.0,0.0,0.0,12.066666666666846,1.2944978921491495e-55,0.3302301886703504,5.192196871299888e-06,0.7033850048344599,0.21516546692853583,0.0,
22.066666666666666,0.0,0.0,0.0,0.0,12.083333333333513,1.1650481029342345e-55,0.3298449201169017,5.105660256778223e-06,0.7090622566340671,0.21229659403615536,0.0,
22.083333333333332,0.0,0.0,0.0,0.0,12.10000000000018,1.0485432926408112e-55,0.329460101043432,5.020565919165253e-06,0.7147438117430128,0.20946597278233994,0.0,
22.1,0.0,0.0,0.0,0.0,12.116666666666848,9.436889633767301e-56,0.329075730925548,4.936889820512499e-06,0.7204296127838393,0.20667309314524207,0.0,
22.116666666666667,0.0,0.0,0.0,0.0,12.133333333333516,8.49320067039057e-56,0.32869180923946817,4.854608323503957e-06,0.7261196031441215,0.2039174519033055,0.0,
22.133333333333333,0.0,0.0,0.0,0.0,12.150000000000183,7.643880603351514e-56,0.32830833546202215,4.773698184778892e-06,0.1461372546067467,0.6945318858779281,0.0,response_ready
22.15,0.0,0.0,0.0,0.0,12.16666666666685,6.879492543016363e-56,0.3279253090706498,4.69413654836591e-06,0.15109545677792982,0.6852714607328891,0.0,
22.166666666666668,0.0,0.0,0.0,0.0,12.183333333333518,6.191543288714726e-56,0.32754272954340075,4.615900939226478e-06,0.1560675495868305,0.6761345079231172,0.0,
22.183333333333334,0.0,0.0,0.0,0.0,12.200000000000186,5.572388959843253e-56,0.32716059635893346,4.538969256906037e-06,0.16105334782494582,0.667119381150809,0.0,
22.2,0.0,0.0,0.0,0.0,12.216666666666853,5.015150063858928e-56,0.3267789089965147,4.4633197692909365e-06,0.1660526687532196,0.6582244560687982,0.0,
22.216666666666665,0.0,0.0,0.0,0.0,12.23333333333352,4.513635057473035e-56,0.32639766693601874,4.388931106469421e-06,0.17106533206911642,0.6494481299878809,0.0,
22.233333333333334,0.0,0.0,0.0,0.0,12.250000000000188,4.0622715517257316e-56,0.3260168696579267,4.315782254694931e-06,0.1760911598741346,0.6407888215880425,0.0,
22.25,0.0,0.0,0.0,0.0,12.266666666666856,3.6560443965531583e-56,0.32563651664332577,4.243852550450015e-06,0.18112997664175254,0.6322449706335352,0.0,
22.266666666666666,0.0,0.0,0.0,0.0,12.283333333333523,3.2904399568978425e-56,0.32525660737390855,4.173121674609181e-06,0.18618160918580223,0.6238150376917547,0.0,
22.28333333333333,0.0,0.0,0.0,0.0,12.30000000000019,2.9613959612080584e-56,0.3248771413319723,4.1035696466990285e-06,0.1912458866292646,0.6154975038558647,0.0,
22.3,0.0,0.0,0.0,0.0,12.316666666666858,2.6652563650872527e-56,0.32449811800041833,4.0351768192540445e-06,0.1963226403734808,0.6072908704711198,0.0,
22.316666666666666,0.0,0.0,0.0,0.0,12.333333333333526,2.3987307285785274e-56,0.3241195368627512,3.967923872266477e-06,0.20141170406777412,0.5991936588648382,0.0,
22.333333333333332,0.0,0.0,0.0,0.0,12.350000000000193,2.1588576557206745e-56,0.323741397403078,3.9017918077287025e-06,0.20651291357947685,0.5912044100799737,0.0,
22.35,0.0,0.0,0.0,0.0,12.36666666666686,1.9429718901486072e-56,0.32336369910610774,3.836761944266557e-06,0.21162610696435688,0.5833216846122408,0.0,
22.366666666666667,0.0,0.0,0.0,0.0,12.383333333333528,1.7486747011337465e-56,0.3229864414571506,3.7728159118621147e-06,0.21675112443743852,0.5755440621507443,0.0,
22.383333333333333,0.0,0.0,0.0,0.0,12.400000000000196,1.5738072310203717e-56,0.3226096239421173,3.709935646664413e-06,0.2218878083442124,0.5678701413220677,0.0,
22.4,0.0,0.0,0.0,0.0,12.416666666666863,1.4164265079183346e-56,0.32223324604751813,3.6481033858866726e-06,0.2270360031322293,0.5602985394377734,0.0,
22.416666666666668,0.0,0.0,0.0,0.0,12.43333333333353,1.274783857126501e-56,0.3218573072604627,3.5873016627885612e-06,0.23219555532307265,0.5528278922452697,0.0,
22.433333333333334,0.0,0.0,0.0,0.0,12.450000000000198,1.147305471413851e-56,0.3214818070686588,3.527513301742085e-06,0.23736631348470474,0.5454568536819995,0.0,
22.45,0.0,0.0,0.0,0.0,12.466666666666866,1.0325749242724659e-56,0.321106744960412,3.4687214133797172e-06,0.24254812820418176,0.5381840956329061,0.0,
22.466666666666665,0.0,0.0,0.0,0.0,12.483333333333533,9.293174318452193e-57,0.3207321204246249,3.4109093898233888e-06,0.2477408520607324,0.531008307691134,0.0,
22.483333333333334,0.0,0.0,0.0,0.0,12.5000000000002,8.363856886606974e-57,0.3203579329507962,3.354060899992999e-06,0.2529443395991957,0.5239281969219189,0.0,
22.5,0.0,0.0,0.0,0.0,12.516666666666868,7.527471197946277e-57,0.31998418202902024,3.298159884993116e-06,0.2581584473038128,0.5169424876296267,0.0,
22.516666666666666,0.0,0.0,0.0,0.0,12.533333333333536,6.77472407815165e-57,0.3196108671499864,3.243190553576564e-06,0.26338303357236836,0.5100499211278984,0.0,
22.53333333333333,0.0,0.0,0.0,0.0,12.550000000000203,6.097251670336485e-57,0.3192379878049781,3.1891373776836213e-06,0.2686179586906765,0.5032492555128597,0.0,
22.55,0.0,0.0,0.0,0.0,12.56666666666687,5.487526503302837e-57,0.31886554348587226,3.135985088055561e-06,0.27386308480740723,0.4965392654393549,0.0,
22.566666666666666,0.0,0.0,0.0,0.0,12.583333333333538,4.938773852972553e-57,0.3184935336851387,3.0837186699213017e-06,0.2791182759092482,0.4899187419001635,0.0,
22.583333333333332,0.0,0.0,0.0,0.0,12.600000000000206,4.4448964676752975e-57,0.3181219578958394,3.032323358755947e-06,0.284383397796398,0.4833864920081613,0.0,
22.6,0.0,0.0,0.0,0.0,12.616666666666873,4.0004068209077676e-57,0.3177508156116276,2.9817846361100145e-06,0.28965831805838577,0.47694133878138584,0.0,
22.616666666666667,0.0,0.0,0.0,0.0,12.63333333333354,3.6003661388169907e-57,0.31738010632674735,2.932088225508181e-06,0.29494290605021367,0.47058212093096735,0.0,
22.633333333333333,0.0,0.0,0.0,0.0,12.650000000000208,3.2403295249352913e-57,0.3170098295360328,2.883220088416378e-06,0.3002370328688172,0.46430769265188776,0.0,
22.65,0.0,0.0,0.0,0.0,12.666666666666876,2.916296572441762e-57,0.3166399847349074,2.835166420276105e-06,0.30554057132983936,0.45811692341652926,0.0,
22.666666666666668,0.0,0.0,0.0,0.0,12.683333333333543,2.624666915197586e-57,0.31627057141938336,2.7879136466048363e-06,0.31085339594471456,0.4520086977709755,0.0,
22.683333333333334,0.0,0.0,0.0,0.0,12.70000000000021,2.3622002236778273e-57,0.31590158908606075,2.7414484191614226e-06,0.3161753828980581,0.4459819151340292,0.0,
22.7,0.0,0.0,0.0,0.0,12.716666666666878,2.1259802013100446e-57,0.315533037232127,2.695757612175399e-06,0.321506410025357,0.4400354895989088,0.0,
22.716666666666665,0.0,0.0,0.0,0.0,12.733333333333546,1.9133821811790402e-57,0.3151649153553562,2.6508283186391424e-06,0.32684635679095864,0.43416834973759005,0.0,
22.733333333333334,0.0,0.0,0.0,0.0,12.750000000000213,1.7220439630611362e-57,0.3147972229541083,2.606647846661823e-06,0.33219510426635224,0.4283794384077555,0.0,
22.75,0.0,0.0,0.0,0.0,12.76666666666688,1.5498395667550226e-57,0.3144299595273285,2.563203715884126e-06,0.3375525351087406,0.4226677125623188,0.0,
22.766666666666666,0.0,0.0,0.0,0.0,12.783333333333548,1.3948556100795203e-57,0.3140631245745466,2.520483653952724e-06,0.34291853353989715,0.41703214306148784,0.0,
22.78333333333333,0.0,0.0,0.0,0.0,12.800000000000216,1.2553700490715683e-57,0.3136967175958763,2.478475593053512e-06,0.3482929853253049,0.41147171448733466,0.0,
22.8,0.0,0.0,0.0,0.0,12.816666666666883,1.1298330441644114e-57,0.31333073809201445,2.4371676665026204e-06,0.3536757777535739,0.40598542496083684,0.0,
22.816666666666666,0.0,0.0,0.0,0.0,12.83333333333355,1.0168497397479703e-57,0.3129651855642404,2.3965482053942435e-06,0.35906679961613264,0.400572285961359,0.0,
22.833333333333332,0.0,0.0,0.0,0.0,12.850000000000218,9.151647657731732e-58,0.31260005951441544,2.3566057353043395e-06,0.3644659411871906,0.3952313221485409,0.0,
22.85,0.0,0.0,0.0,0.0,12.866666666666886,8.23648289195856e-58,0.31223535944498193,2.317328973049267e-06,0.3698730942039678,0.38996157118656033,0.0,
22.866666666666667,0.0,0.0,0.0,0.0,12.883333333333553,7.412834602762704e-58,0.3118710848589628,2.278706823498446e-06,0.37528815184718795,0.38476208357073954,0.0,
22.883333333333333,0.0,0.0,0.0,0.0,12.90000000000022,6.671551142486434e-58,0.3115072352599607,2.2407283764401387e-06,0.38071100872183183,0.379631922456463,0.0,
22.9,0.0,0.0,0.0,0.0,12.916666666666888,6.00439602823779e-58,0.3111438101521574,2.2033829034994698e-06,0.38614156083814716,0.3745701634903768,0.0,
22.916666666666668,0.0,0.0,0.0,0.0,12.933333333333556,5.4039564254140115e-58,0.31078080904031324,2.166659855107812e-06,0.3915797055929116,0.36957589464383844,0.0,
22.933333333333334,0.0,0.0,0.0,0.0,12.950000000000223,4.86356078287261e-58,0.3104182314297662,2.130548857522682e-06,0.39702534175094584,0.36464821604858727,0.0,
22.95,0.0,0.0,0.0,0.0,12.96666666666689,4.377204704585349e-58,0.3100560768264315,2.0950397098973037e-06,0.402478369426873,0.3597862398346061,0.0,
22.966666666666665,0.0,0.0,0.0,0.0,12.983333333333558,3.939484234126814e-58,0.30969434473680063,2.0601223813990154e-06,0.4079386900671211,0.3549890899701447,0.0,
22.983333333333334,0.0,0.0,0.0,0.0,13.000000000000226,3.545535810714132e-58,0.30933303466794104,2.0257870083756985e-06,0.41340620643216586,0.35025590210387614,0.0,
23.0,0.0,0.0,0.0,0.0,13.016666666666893,3.190982229642719e-58,0.30897214612749513,1.992023891569437e-06,0.41888082257901005,0.3455858234091578,0.0,
23.016666666666666,0.0,0.0,0.0,0.0,13.03333333333356,2.871884006678447e-58,0.3086116786236797,1.958823493376613e-06,0.4243624438438963,0.340978012430369,0.0,
23.03333333333333,0.0,0.0,0.0,0.0,13.050000000000228,2.5846956060106023e-58,0.3082516316652854,1.9261764351536696e-06,0.42985097682525075,0.3364316389312974,0.0,
23.05,0.0,0.0,0.0,0.0,13.066666666666896,2.326226045409542e-58,0.3078920047616759,1.894073494567775e-06,0.4353463293668538,0.3319458837455468,0.0,
23.066666666666666,0.0,0.0,0.0,0.0,13.083333333333563,2.0936034408685878e-58,0.3075327974227873,1.8625056029916456e-06,0.44084841054123547,0.3275199386289395,0.0,
23.083333333333332,0.0,0.0,0.0,0.0,13.10000000000023,1.884243096781729e-58,0.30717400915912735,1.8314638429417849e-06,0.4463571306332921,0.323153006113887,0.0,
23.1,0.0,0.0,0.0,0.0,13.116666666666898,1.6958187871035562e-58,0.30681563948177504,1.8009394455594219e-06,0.45187240112412125,0.3188442993657018,0.0,
23.116666666666667,0.0,0.0,0.0,0.0,13.133333333333566,1.5262369083932005e-58,0.30645768790237965,1.7709237881334316e-06,0.45739413467507267,0.3145930420408258,0.0,
23.133333333333333,0.0,0.0,0.0,0.0,13.150000000000233,1.3736132175538804e-58,0.3061001539331602,1.741408391664541e-06,0.4629222451120114,0.3103984681469481,0.0,
23.15,0.0,0.0,0.0,0.0,13.1666666666669,1.2362518957984924e-58,0.30574303708690487,1.712384918470132e-06,0.468456647409791,0.3062598219049888,0.0,
23.166666666666668,0.0,0.0,0.0,0.0,13.183333333333568,1.1126267062186433e-58,0.30538633687697014,1.6838451698289631e-06,0.4739972576769335,0.3021763576129223,0.0,
23.183333333333334,0.0,0.0,0.0,0.0,13.200000000000236,1.0013640355967788e-58,0.30503005281728035,1.655781083665147e-06,0.47954399314051416,0.29814733951141664,0.0,
23.2,0.0,0.0,0.0,0.0,13.216666666666903,9.01227632037101e-59,0.30467418442232685,1.6281847322707278e-06,0.485096772131247,0.2941720416512644,0.0,
23.216666666666665,0.0,0.0,0.0,0.0,13.23333333333357,8.111048688333909e-59,0.30431873120716746,1.6010483200662157e-06,0.4906555140687701,0.2902497477625809,0.0,
23.233333333333334,0.0,0.0,0.0,0.0,13.250000000000238,7.299943819500518e-59,0.3039636926874258,1.5743641813984455e-06,0.49622013944712623,0.2863797511257465,0.0,
23.25,0.0,0.0,0.0,0.0,13.266666666666906,6.569949437550467e-59,0.30360906837929047,1.5481247783751381e-06,0.5017905698204376,0.2825613544440699,0.0,
23.266666666666666,0.0,0.0,0.0,0.0,13.283333333333573,5.91295449379542e-59,0.3032548577995146,1.5223226987355526e-06,0.5073667277887715,0.27879386971814896,0.0,
23.28333333333333,0.0,0.0,0.0,0.0,13.30000000000024,5.321659044415878e-59,0.30290106046541515,1.4969506537566266e-06,0.5129485369841942,0.275076618121907,0.0,
23.3,0.0,0.0,0.0,0.0,13.316666666666908,4.789493139974291e-59,0.3025476758948722,1.4720014761940162e-06,0.5185359220570113,0.27140892988028154,0.0,
23.316666666666666,0.0,0.0,0.0,0.0,13.333333333333576,4.310543825976862e-59,0.30219470360632816,1.4474681182574492e-06,0.5241288086621908,0.26779014414854446,0.0,
23.333333333333332,0.0,0.0,0.0,0.0,13.350000000000243,3.8794894433791755e-59,0.30184214311878743,1.423343649619825e-06,0.529727123445968,0.26421960889323054,0.0,
23.35,0.0,0.0,0.0,0.0,13.36666666666691,3.491540499041258e-59,0.3014899939518155,1.3996212554594947e-06,0.5353307940326281,0.26069668077465413,0.0,
23.366666666666667,0.0,0.0,0.0,0.0,13.383333333333578,3.1423864491371318e-59,0.3011382556255384,1.3762942345351697e-06,0.5409397490114661,0.2572207250309921,0.0,
23.383333333333333,0.0,0.0,0.0,0.0,13.400000000000245,2.8281478042234185e-59,0.30078692766064197,1.3533559972929169e-06,0.5465539179239196,0.2537911153639122,0.0,
23.4,0.0,0.0,0.0,0.0,13.416666666666913,2.5453330238010767e-59,0.30043600957837124,1.3308000640047015e-06,0.5521732312508737,0.2504072338257267,0.0,
23.416666666666668,0.0,0.0,0.0,0.0,13.43333333333358,2.290799721420969e-59,0.3000855009005298,1.3086200629379564e-06,0.5577976204001351,0.24706847070805035,0.0,
23.433333333333334,0.0,0.0,0.0,0.0,13.450000000000248,2.061719749278872e-59,0.2997354011494792,1.286809728555657e-06,0.5634270176940731,0.24377422443194302,0.0,
23.45,0.0,0.0,0.0,0.0,13.466666666666915,1.855547774350985e-59,0.29938570984813817,1.265362899746396e-06,0.5690613563574252,0.2405239014395171,0.0,
23.466666666666665,0.0,0.0,0.0,0.0,13.483333333333583,1.6699929969158864e-59,0.299036426519982,1.2442735180839562e-06,0.5747005705052659,0.2373169160869902,0.0,
23.483333333333334,0.0,0.0,0.0,0.0,13.50000000000025,1.5029936972242977e-59,0.29868755068904207,1.2235356261158903e-06,0.5803445951311355,0.23415269053916368,0.0,
23.5,0.0,0.0,0.0,0.0,13.516666666666918,1.352694327501868e-59,0.2983390818799049,1.2031433656806255e-06,0.5859933660953267,0.3691639879986415,0.0,micro_nod_ready
23.516666666666666,0.0,0.0,0.0,0.0,13.533333333333585,1.2174248947516812e-59,0.2979910196177116,1.1830909762526151e-06,0.5914396201133287,0.3642418014919929,0.0,
23.53333333333333,0.0,0.0,0.0,0.0,13.550000000000253,1.0956824052765131e-59,0.2976433634281576,1.1633727933150715e-06,0.5968932574110908,0.3593852441387663,0.0,
23.55,0.0,0.0,0.0,0.0,13.56666666666692,9.861141647488618e-60,0.2972961128374914,1.1439832467598203e-06,0.6023541795448827,0.3545934408835828,0.0,
23.566666666666666,0.0,0.0,0.0,0.0,13.583333333333588,8.875027482739757e-60,0.2969492673725143,1.1249168593138233e-06,0.6078222893835573,0.34986552833846835,0.0,
23.583333333333332,0.0,0.0,0.0,0.0,13.600000000000255,7.987524734465781e-60,0.29660282656057974,1.1061682449919263e-06,0.6132974910910496,0.34520065462728877,0.0,
23.6,0.0,0.0,0.0,0.0,13.616666666666923,7.188772261019203e-60,0.29625678992959237,1.0877321075753942e-06,0.6187796901091086,0.34059797923225826,0.0,
23.616666666666667,0.0,0.0,0.0,0.0,13.63333333333359,6.469895034917283e-60,0.29591115700800785,1.0696032391158043e-06,0.6242687931402602,0.3360566728424948,0.0,
23.633333333333333,0.0,0.0,0.0,0.0,13.650000000000258,5.822905531425554e-60,0.29556592732483183,1.0517765184638742e-06,0.6297647081309964,0.33157591720459484,0.0,
23.65,0.0,0.0,0.0,0.0,13.666666666666925,5.240614978282999e-60,0.2952211004096195,1.0342469098228097e-06,0.6352673442551895,0.3271549049752002,0.0,
23.666666666666668,0.0,0.0,0.0,0.0,13.683333333333593,4.7165534804546993e-60,0.29487667579247495,1.0170094613257628e-06,0.6407766118977267,0.3227928395755309,0.0,
23.683333333333334,0.0,0.0,0.0,0.0,13.70000000000026,4.2448981324092293e-60,0.2945326530040504,1.0000593036370002e-06,0.6462924226383634,0.31848893504785714,0.0,
23.7,0.0,0.0,0.0,0.0,13.716666666666928,3.8204083191683066e-60,0.29418903157554566,9.833916485763834e-07,0.6518146892357916,0.3142424159138857,0.0,
23.716666666666665,0.0,0.0,0.0,0.0,13.733333333333595,3.438367487251476e-60,0.2938458110387075,9.67001787766777e-07,0.6573433256119208,0.3100525170350339,0.0,
23.733333333333334,0.0,0.0,0.0,0.0,13.750000000000263,3.0945307385263285e-60,0.293502990925829,9.508850913039975e-07,0.6628782468363682,0.3059184834745668,0.0,
23.75,0.0,0.0,0.0,0.0,13.76666666666693,2.785077664673696e-60,0.29316057076974883,9.350370064489309e-07,0.6684193691111564,0.30183957036157255,0.0,
23.766666666666666,0.0,0.0,0.0,0.0,13.783333333333598,2.506569898206326e-60,0.29281855010385077,9.194530563414487e-07,0.6739666097556141,0.2978150427567516,0.0,
23.78333333333333,0.0,0.0,0.0,0.0,13.800000000000265,2.2559129083856937e-60,0.29247692846206297,9.04128838735758e-07,0.6795198871914789,0.29384417551999487,0.0,
23.8,0.0,0.0,0.0,0.0,13.816666666666933,2.0303216175471245e-60,0.29213570537885725,8.890600247568286e-07,0.6850791209281989,0.28992625317972825,0.0,
23.816666666666666,0.0,0.0,0.0,0.0,13.8333333333336,1.827289455792412e-60,0.29179488038924856,8.742423576775482e-07,0.6906442315484294,0.2860605698039985,0.0,
23.833333333333332,0.0,0.0,0.0,0.0,13.850000000000268,1.6445605102131708e-60,0.2914544530287944,8.596716517162557e-07,0.6962151406937234,0.28224642887327855,0.0,
23.85,0.0,0.0,0.0,0.0,13.866666666666935,1.4801044591918538e-60,0.2911144228335942,8.453437908543181e-07,0.7017917710504135,0.2784831431549682,0.0,
23.866666666666667,0.0,0.0,0.0,0.0,13.883333333333603,1.3320940132726684e-60,0.29077478934028833,8.312547276734128e-07,0.707374046335681,0.2747700345795686,0.0,
23.883333333333333,0.0,0.0,0.0,0.0,13.90000000000027,1.1988846119454016e-60,0.290435552086058,8.174004822121892e-07,0.7129618912838117,0.2711064341185077,0.0,
23.9,0.0,0.0,0.0,0.0,13.916666666666938,1.0789961507508614e-60,0.29009671060862424,8.03777140841986e-07,0.7185552316326339,0.26749168166359427,0.0,
23.916666666666668,0.0,0.0,0.0,0.0,13.933333333333605,9.710965356757752e-61,0.2897582644462475,7.903808551612863e-07,0.7241539941101385,0.2639251259080797,0.0,
23.933333333333334,0.0,0.0,0.0,0.0,13.950000000000273,8.739868821081977e-61,0.2894202131377269,7.772078409085982e-07,0.7297581064212764,0.2604061242293053,0.0,
23.95,0.0,0.0,0.0,0.0,13.96666666666694,7.86588193897378e-61,0.2890825562223996,7.642543768934548e-07,0.7353674972349324,0.2569340425729146,0.0,
23.966666666666665,0.0,0.0,0.0,0.0,13.983333333333608,7.079293745076402e-61,0.28874529324014014,7.515168039452305e-07,0.740982096171073,0.25350825533860905,0.0,
23.983333333333334,0.0,0.0,0.0,0.0,14.000000000000275,6.371364370568762e-61,0.28840842373136,7.389915238794767e-07,0.7466018337880651,0.2501281452674276,0.0,
24.0,0.0,0.0,0.0,0.0,14.016666666666943,5.734227933511886e-61,0.28807194723700674,7.266749984814855e-07,0.752226641570164,0.24679310333052856,0.0,
24.016666666666666,0.0,0.0,0.0,0.0,14.03333333333361,5.160805140160697e-61,0.28773586329856354,7.145637485067941e-07,0.7578564519151682,0.24350252861945484,0.0,
24.03333333333333,0.0,0.0,0.0,0.0,14.050000000000278,4.644724626144627e-61,0.2874001714580485,7.026543526983475e-07,0.763491198122239,0.24025582823786212,0.0,
24.05,0.0,0.0,0.0,0.0,14.066666666666945,4.1802521635301636e-61,0.2870648712580141,6.909434468200417e-07,0.13867383712402356,0.730385750528024,0.0,response_ready
24.066666666666666,0.0,0.0,0.0,0.0,14.083333333333613,3.762226947177147e-61,0.2867299622415464,6.794277227063743e-07,0.14357825849823153,0.720647273854317,0.0,
24.083333333333332,0.0,0.0,0.0,0.0,14.10000000000028,3.3860042524594325e-61,0.2863954439522646,6.681039273279348e-07,0.14849728758745004,0.7110386435362595,0.0,
24.1,0.0,0.0,0.0,0.0,14.116666666666948,3.047403827213489e-61,0.28606131593432027,6.569688618724692e-07,0.15343072962214566,0.7015581282891094,0.0,
24.116666666666667,0.0,0.0,0.0,0.0,14.133333333333615,2.7426634444921403e-61,0.2857275777323969,6.460193808412613e-07,0.158378392429712,0.6922040199119213,0.0,
24.133333333333333,0.0,0.0,0.0,0.0,14.150000000000283,2.4683971000429263e-61,0.28539422889170907,6.352523911605736e-07,0.16334008639984413,0.6829746329797624,0.0,
24.15,0.0,0.0,0.0,0.0,14.16666666666695,2.2215573900386336e-61,0.2850612689580021,6.246648513078973e-07,0.16831562445037448,0.6738683045400322,0.0,
24.166666666666668,0.0,0.0,0.0,0.0,14.183333333333618,1.99940165103477e-61,0.2847286974775511,6.142537704527657e-07,0.17330482199356445,0.6648833938128318,0.0,
24.183333333333334,0.0,0.0,0.0,0.0,14.200000000000285,1.799461485931293e-61,0.2843965139971606,6.040162076118862e-07,0.1783074969028452,0.6560182818953274,0.0,
24.2,0.0,0.0,0.0,0.0,14.216666666666953,1.6195153373381636e-61,0.2840647180641639,5.939492708183548e-07,0.1833234694800022,0.6472713714700564,0.0,
24.216666666666665,0.0,0.0,0.0,0.0,14.23333333333362,1.4575638036043473e-61,0.28373330922642237,5.840501163047156e-07,0.1883525624227971,0.6386410865171224,0.0,
24.233333333333334,0.0,0.0,0.0,0.0,14.250000000000288,1.3118074232439126e-61,0.2834022870323249,5.74315947699637e-07,0.19339460079302143,0.6301258720302274,0.0,
24.25,0.0,0.0,0.0,0.0,14.266666666666955,1.1806266809195213e-61,0.2830716510307872,5.647440152379764e-07,0.1984494119849761,0.621724193736491,0.0,
24.266666666666666,0.0,0.0,0.0,0.0,14.283333333333623,1.0625640128275692e-61,0.28274140077125126,5.553316149840102e-07,0.20351682569437135,0.6134345378200045,0.0,
24.28333333333333,0.0,0.0,0.0,0.0,14.30000000000029,9.563076115448123e-62,0.2824115358036848,5.4607608806761e-07,0.20859667388764133,0.6052554106490711,0.0,
24.3,0.0,0.0,0.0,0.0,14.316666666666958,8.606768503903311e-62,0.28208205567858047,5.369748199331499e-07,0.21368879077166772,0.5971853385070834,0.0,
24.316666666666666,0.0,0.0,0.0,0.0,14.333333333333625,7.74609165351298e-62,0.2817529599469555,5.280252396009307e-07,0.21879301276390709,0.589222867326989,0.0,
24.333333333333332,0.0,0.0,0.0,0.0,14.350000000000293,6.971482488161682e-62,0.2814242481603507,5.192248189409152e-07,0.2239091784629166,0.5813665624292959,0.0,
24.35,0.0,0.0,0.0,0.0,14.36666666666696,6.274334239345514e-62,0.2810959198708303,5.105710719585666e-07,0.22903712861927267,0.5736150082635719,0.0,
24.366666666666667,0.0,0.0,0.0,0.0,14.383333333333628,5.646900815410963e-62,0.280767974630981,5.020615540925905e-07,0.2341767061068773,0.565966808153391,0.0,
24.383333333333333,0.0,0.0,0.0,0.0,14.400000000000295,5.082210733869866e-62,0.28044041199391156,4.936938615243806e-07,0.23932775589464722,0.5584205840446791,0.0,
24.4,0.0,0.0,0.0,0.0,14.416666666666963,4.57398966048288e-62,0.280113231513252,4.854656304989743e-07,0.2444901250185802,0.5509749762574166,0.0,
24.416666666666668,0.0,0.0,0.0,0.0,14.43333333333363,4.116590694434592e-62,0.27978643274315323,4.773745366573247e-07,0.24966366255419406,0.5436286432406511,0.0,
24.433333333333334,0.0,0.0,0.0,0.0,14.450000000000298,3.7049316249911324e-62,0.27946001523828623,4.694182943797026e-07,0.25484821958933307,0.5363802613307758,0.0,
24.45,0.0,0.0,0.0,0.0,14.466666666666965,3.334438462492019e-62,0.2791339785538416,4.615946561400409e-07,0.2600436491973369,0.529228524513032,0.0,
24.466666666666665,0.0,0.0,0.0,0.0,14.483333333333633,3.000994616242817e-62,0.27880832224552876,4.5390141187104023e-07,0.2652498064105674,0.5221721441861916,0.0,
24.483333333333334,0.0,0.0,0.0,0.0,14.5000000000003,2.7008951546185356e-62,0.2784830458695756,4.4633638833985623e-07,0.2704665481942881,0.5152098489303757,0.0,
24.5,0.0,0.0,0.0,0.0,14.516666666666968,2.430805639156682e-62,0.2781581489827278,4.3889744853419197e-07,0.27569373342089254,0.5083403842779707,0.0,
24.516666666666666,0.0,0.0,0.0,0.0,14.533333333333635,2.1877250752410137e-62,0.2778336311422479,4.315824910586221e-07,0.2809312228444756,0.5015625124875978,0.0,
24.53333333333333,0.0,0.0,0.0,0.0,14.550000000000303,1.9689525677169126e-62,0.2775094919059153,4.2438944954097836e-07,0.2861788790757442,0.49487501232109643,0.0,
24.55,0.0,0.0,0.0,0.0,14.56666666666697,1.7720573109452214e-62,0.277185730832025,4.173162920486287e-07,0.2914365665572625,0.4882766788234818,0.0,
24.566666666666666,0.0,0.0,0.0,0.0,14.583333333333638,1.5948515798506992e-62,0.27686234747938765,4.103610205144849e-07,0.2967041515390273,0.4817663231058354,0.0,
24.583333333333332,0.0,0.0,0.0,0.0,14.600000000000305,1.4353664218656294e-62,0.2765393414073284,4.0352167017257685e-07,0.3019815020543685,0.47534277213109094,0.0,
24.6,0.0,0.0,0.0,0.0,14.616666666666973,1.2918297796790664e-62,0.2762167121756865,3.967963090030339e-07,0.3072684878961719,0.4690048685026764,0.0,
24.616666666666667,0.0,0.0,0.0,0.0,14.63333333333364,1.1626468017111597e-62,0.2758944593448149,3.9018303718631667e-07,0.31256498059341786,0.4627514702559741,0.0,
24.633333333333333,0.0,0.0,0.0,0.0,14.650000000000308,1.0463821215400439e-62,0.27557258247557925,3.836799865665447e-07,0.3178708533880339,0.45658145065256106,0.0,
24.65,0.0,0.0,0.0,0.0,14.666666666666975,9.417439093860395e-63,0.27525108112935776,3.7728532012376896e-07,0.32318598121205505,0.4504936979771936,0.0,
24.666666666666668,0.0,0.0,0.0,0.0,14.683333333333643,8.475695184474356e-63,0.27492995486804017,3.709972314550395e-07,0.32851024066508927,0.4444871153374977,0.0,
24.683333333333334,0.0,0.0,0.0,0.0,14.70000000000031,7.628125666026921e-63,0.27460920325402743,3.6481394426412214e-07,0.333843509992083,0.43856062046633104,0.0,
24.7,0.0,0.0,0.0,0.0,14.716666666666978,6.865313099424229e-63,0.27428882585023107,3.587337118597201e-07,0.33918566906138353,0.43271314552678,0.0,
24.716666666666665,0.0,0.0,0.0,0.0,14.733333333333645,6.178781789481806e-63,0.27396882222007246,3.5275481666205814e-07,0.3445365993430934,0.42694363691975623,0.0,
24.733333333333334,0.0,0.0,0.0,0.0,14.750000000000313,5.560903610533625e-63,0.2736491919274824,3.468755697176905e-07,0.34989618388771376,0.4212510550941595,0.0,
24.75,0.0,0.0,0.0,0.0,14.76666666666698,5.004813249480263e-63,0.2733299345369003,3.4109431022239566e-07,0.3552643073050725,0.4156343743595707,0.0,
24.766666666666666,0.0,0.0,0.0,0.0,14.783333333333648,4.504331924532236e-63,0.27301104961327394,3.354094050520224e-07,0.36064085574353316,0.41009258270144305,0.0,
24.78333333333333,0.0,0.0,0.0,0.0,14.800000000000315,4.0538987320790126e-63,0.27269253672205845,3.2981924830115536e-07,0.366025716869481,0.40462468159875714,0.0,
24.8,0.0,0.0,0.0,0.0,14.816666666666983,3.648508858871111e-63,0.27237439542921604,3.2432226082946943e-07,0.3714187798470828,0.39922968584410706,0.0,
24.816666666666666,0.0,0.0,0.0,0.0,14.83333333333365,3.283657972984e-63,0.27205662530121527,3.189168898156449e-07,0.37681993531831665,0.39390662336618565,0.0,
24.833333333333332,0.0,0.0,0.0,0.0,14.850000000000318,2.9552921756856e-63,0.2717392259050305,3.136016083187175e-07,0.3822290753832674,0.3886545350546365,0.0,
24.85,0.0,0.0,0.0,0.0,14.866666666666985,2.65976295811704e-63,0.27142219680814134,3.0837491484673885e-07,0.3876460935806854,0.3834724745872413,0.0,
24.866666666666667,0.0,0.0,0.0,0.0,14.883333333333653,2.393786662305336e-63,0.27110553757853184,3.0323533293262654e-07,0.39307088486880454,0.37835950825941145,0.0,
24.883333333333333,0.0,0.0,0.0,0.0,14.90000000000032,2.1544079960748023e-63,0.2707892477846902,2.9818141071708276e-07,0.3985033456064154,0.37331471481595263,0.0,
24.9,0.0,0.0,0.0,0.0,14.916666666666988,1.938967196467322e-63,0.27047332699560805,2.9321172053846473e-07,0.4039433735341915,0.36833718528507325,0.0,
24.916666666666668,0.0,0.0,0.0,0.0,14.933333333333655,1.7450704768205898e-63,0.27015777478077985,2.883248585294903e-07,0.40939086775626393,0.3634260228146056,0.0,
24.933333333333334,0.0,0.0,0.0,0.0,14.950000000000323,1.5705634291385308e-63,0.2698425907102023,2.835194442206655e-07,0.414845728722042,0.3585803425104109,0.0,
24.95,0.0,0.0,0.0,0.0,14.96666666666699,1.4135070862246778e-63,0.2695277743543737,2.7879412015032107e-07,0.4203078582082764,0.3537992712769387,0.0,
24.966666666666665,0.0,0.0,0.0,0.0,14.983333333333658,1.27215637760221e-63,0.2692133252842936,2.7414755148114903e-07,0.42577715930136095,0.34908194765991285,0.0,
24.983333333333334,0.0,0.0,0.0,0.0,15.000000000000325,1.144940739841989e-63,0.2688992430714619,2.6957842562312986e-07,0.43125353637987107,0.344427521691114,0.0,
