time,speech_onset,user_speaking,speech_energy,approach_velocity,silence_duration,orient,settle,fidget_inhibit,ttp,recovery,freeze_val,events
0.0,0.0,0.0,0.0,0.0,0.016666666666666666,0.0,0.0,0.0,0.0050013888888888886,0.0,0.0,
0.016666666666666666,0.0,0.0,0.0,0.0,0.03333333333333333,0.0,0.0,0.0,0.010004166666666666,0.0,0.0,
0.03333333333333333,0.0,0.0,0.0,0.0,0.05,0.0,0.0,0.0,0.015008333333333332,0.0,0.0,
0.05,0.0,0.0,0.0,0.0,0.06666666666666667,0.0,0.0,0.0,0.020013888888888887,0.0,0.0,
0.06666666666666667,0.0,0.0,0.0,0.0,0.08333333333333333,0.0,0.0,0.0,0.025020833333333332,0.0,0.0,
0.08333333333333333,0.0,0.0,0.0,0.0,0.09999999999999999,0.0,0.0,0.0,0.030029166666666666,0.0,0.0,
0.1,0.0,0.0,0.0,0.0,0.11666666666666665,0.0,0.0,0.0,0.03503888888888889,0.0,0.0,
0.11666666666666667,0.0,0.0,0.0,0.0,0.13333333333333333,0.0,0.0,0.0,0.04005,0.0,0.0,
0.13333333333333333,0.0,0.0,0.0,0.0,0.15,0.0,0.0,0.0,0.045062500000000005,0.0,0.0,
0.15,0.0,0.0,0.0,0.0,0.16666666666666666,0.0,0.0,0.0,0.05007638888888889,0.0,0.0,
0.16666666666666666,0.0,0.0,0.0,0.0,0.18333333333333332,0.0,0.0,0.0,0.05509166666666667,0.0,0.0,
0.18333333333333332,0.0,0.0,0.0,0.0,0.19999999999999998,0.0,0.0,0.0,0.06010833333333334,0.0,0.0,
0.2,0.0,0.0,0.0,0.0,0.21666666666666665,0.0,0.0,0.0,0.0651263888888889,0.0,0.0,
0.21666666666666667,0.0,0.0,0.0,0.0,0.2333333333333333,0.0,0.0,0.0,0.07014583333333334,0.0,0.0,
0.23333333333333334,0.0,0.0,0.0,0.0,0.24999999999999997,0.0,0.0,0.0,0.07516666666666667,0.0,0.0,
0.25,0.0,0.0,0.0,0.0,0.26666666666666666,0.0,0.0,0.0,0.08018888888888889,0.0,0.0,
0.26666666666666666,0.0,0.0,0.0,0.0,0.2833333333333333,0.0,0.0,0.0,0.0852125,0.0,0.0,
0.2833333333333333,0.0,0.0,0.0,0.0,0.3,0.0,0.0,0.0,0.0902375,0.0,0.0,
0.3,0.0,0.0,0.0,0.0,0.31666666666666665,0.0,0.0,0.0,0.09526388888888888,0.0,0.0,
0.31666666666666665,0.0,0.0,0.0,0.0,0.3333333333333333,0.0,0.0,0.0,0.10029166666666667,0.0,0.0,
0.3333333333333333,0.0,0.0,0.0,0.0,0.35,0.0,0.0,0.0,0.10532083333333334,0.0,0.0,
0.35,0.0,0.0,0.0,0.0,0.36666666666666664,0.0,0.0,0.0,0.11035138888888889,0.0,0.0,
0.36666666666666664,0.0,0.0,0.0,0.0,0.3833333333333333,0.0,0.0,0.0,0.11538333333333334,0.0,0.0,
0.3833333333333333,0.0,0.0,0.0,0.0,0.39999999999999997,0.0,0.0,0.0,0.12041666666666667,0.0,0.0,
0.4,0.0,0.0,0.0,0.0,0.41666666666666663,0.0,0.0,0.0,0.1254513888888889,0.0,0.0,
0.4166666666666667,0.0,0.0,0.0,0.0,0.4333333333333333,0.0,0.0,0.0,0.1304875,0.0,0.0,
0.43333333333333335,0.0,0.0,0.0,0.0,0.44999999999999996,0.0,0.0,0.0,0.135525,0.0,0.0,
0.45,0.0,0.0,0.0,0.0,0.4666666666666666,0.0,0.0,0.0,0.1405638888888889,0.0,0.0,
0.4666666666666667,0.0,0.0,0.0,0.0,0.4833333333333333,0.0,0.0,0.0,0.14560416666666667,0.0,0.0,
0.48333333333333334,0.0,0.0,0.0,0.0,0.49999999999999994,0.0,0.0,0.0,0.15064583333333334,0.0,0.0,
0.5,0.0,0.0,0.0,0.0,0.5166666666666666,0.0,0.0,0.0,0.1556888888888889,0.0,0.0,
0.5166666666666666,0.0,0.0,0.0,0.0,0.5333333333333333,0.0,0.0,0.0,0.16073333333333334,0.0,0.0,
0.5333333333333333,0.0,0.0,0.0,0.0,0.55,0.0,0.0,0.0,0.16577916666666667,0.0,0.0,
0.55,0.0,0.0,0.0,0.0,0.5666666666666668,0.0,0.0,0.0,0.1708263888888889,0.0,0.0,
0.5666666666666667,0.0,0.0,0.0,0.0,0.5833333333333335,0.0,0.0,0.0,0.175875,0.0,0.0,
0.5833333333333334,0.0,0.0,0.0,0.0,0.6000000000000002,0.0,0.0,0.0,0.180925,0.0,0.0,
0.6,0.0,0.0,0.0,0.0,0.6166666666666669,0.0,0.0,0.0,0.1859763888888889,0.0,0.0,
0.6166666666666667,0.0,0.0,0.0,0.0,0.6333333333333336,0.0,0.0,0.0,0.19102916666666667,0.0,0.0,
0.6333333333333333,0.0,0.0,0.0,0.0,0.6500000000000004,0.0,0.0,0.0,0.19608333333333333,0.0,0.0,
0.65,0.0,0.0,0.0,0.0,0.6666666666666671,0.0,0.0,0.0,0.2011388888888889,0.0,0.0,
0.6666666666666666,0.0,0.0,0.0,0.0,0.6833333333333338,0.0,0.0,0.0,0.20619583333333333,0.0,0.0,
0.6833333333333333,0.0,0.0,0.0,0.0,0.7000000000000005,0.0,0.0,0.0,0.21125416666666666,0.0,0.0,
0.7,0.0,0.0,0.0,0.0,0.7166666666666672,0.0,0.0,0.0,0.2163138888888889,0.0,0.0,
0.7166666666666667,0.0,0.0,0.0,0.0,0.733333333333334,0.0,0.0,0.0,0.221375,0.0,0.0,
0.7333333333333333,0.0,0.0,0.0,0.0,0.7500000000000007,0.0,0.0,0.0,0.22643749999999999,0.0,0.0,
0.75,0.0,0.0,0.0,0.0,0.7666666666666674,0.0,0.0,0.0,0.23150138888888888,0.0,0.0,
0.7666666666666666,0.0,0.0,0.0,0.0,0.7833333333333341,0.0,0.0,0.0,0.23656666666666665,0.0,0.0,
0.7833333333333333,0.0,0.0,0.0,0.0,0.8000000000000008,0.0,0.0,0.0,0.2416333333333333,0.0,0.0,
0.8,0.0,0.0,0.0,0.0,0.8166666666666675,0.0,0.0,0.0,0.24670138888888887,0.0,0.0,
0.8166666666666667,0.0,0.0,0.0,0.0,0.8333333333333343,0.0,0.0,0.0,0.25177083333333333,0.0,0.0,
0.8333333333333334,0.0,0.0,0.0,0.0,0.850000000000001,0.0,0.0,0.0,0.2568416666666667,0.0,0.0,
0.85,0.0,0.0,0.0,0.0,0.8666666666666677,0.0,0.0,0.0,0.2619138888888889,0.0,0.0,
0.8666666666666667,0.0,0.0,0.0,0.0,0.8833333333333344,0.0,0.0,0.0,0.2669875,0.0,0.0,
0.8833333333333333,0.0,0.0,0.0,0.0,0.9000000000000011,0.0,0.0,0.0,0.2720625,0.0,0.0,
0.9,0.0,0.0,0.0,0.0,0.9166666666666679,0.0,0.0,0.0,0.2771388888888889,0.0,0.0,
0.9166666666666666,0.0,0.0,0.0,0.0,0.9333333333333346,0.0,0.0,0.0,0.28221666666666667,0.13813333333333336,0.0,micro_nod_ready
0.9333333333333333,0.0,0.0,0.0,0.0,0.9500000000000013,0.0,0.0,0.0,0.28729583333333336,0.13629155555555558,0.0,
0.95,0.0,0.0,0.0,0.0,0.966666666666668,0.0,0.0,0.0,0.2923763888888889,0.13447433481481483,0.0,
0.9666666666666667,0.0,0.0,0.0,0.0,0.9833333333333347,0.0,0.0,0.0,0.2974583333333333,0.13268134368395063,0.0,
0.9833333333333333,0.0,0.0,0.0,0.0,1.0000000000000013,0.0,0.0,0.0,0.30254166666666665,0.13091225910149795,0.0,
1.0,0.0,0.0,0.0,0.0,1.016666666666668,0.0,0.0,0.0,0.3076263888888889,0.12916676231347798,0.0,
1.0166666666666666,0.0,0.0,0.0,0.0,1.0333333333333345,0.0,0.0,0.0,0.3127125,0.12744453881596493,0.0,
1.0333333333333332,0.0,0.0,0.0,0.0,1.0500000000000012,0.0,0.0,0.0,0.3178,0.12574527829841872,0.0,
1.05,0.0,0.0,0.0,0.0,1.0666666666666678,0.0,0.0,0.0,0.3228888888888889,0.12406867458777314,0.0,
1.0666666666666667,0.0,0.0,0.0,0.0,1.0833333333333344,0.0,0.0,0.0,0.32797916666666665,0.1224144255932695,0.0,
1.0833333333333333,0.0,0.0,0.0,0.0,1.100000000000001,0.0,0.0,0.0,0.3330708333333333,0.1207822332520259,0.0,
1.1,0.0,0.0,0.0,0.0,1.1166666666666676,0.0,0.0,0.0,0.3381638888888889,0.11917180347533222,0.0,
1.1166666666666667,0.0,0.0,0.0,0.0,1.1333333333333342,0.0,0.0,0.0,0.34325833333333333,0.11758284609566112,0.0,
1.1333333333333333,0.0,0.0,0.0,0.0,1.1500000000000008,0.0,0.0,0.0,0.3483541666666667,0.11601507481438564,0.0,
1.15,0.0,0.0,0.0,0.0,1.1666666666666674,0.0,0.0,0.0,0.3534513888888889,0.11446820715019383,0.0,
1.1666666666666667,0.0,0.0,0.0,0.0,1.183333333333334,0.0,0.0,0.0,0.35855,0.11294196438819125,0.0,
1.1833333333333333,0.0,0.0,0.0,0.0,1.2000000000000006,0.0,0.0,0.0,0.36365,0.11143607152968203,0.0,
1.2,0.0,0.0,0.0,0.0,1.2166666666666672,0.0,0.0,0.0,0.36875138888888886,0.1099502572426196,0.0,
1.2166666666666666,0.0,0.0,0.0,0.0,1.2333333333333338,0.0,0.0,0.0,0.37385416666666665,0.108484253812718,0.0,
1.2333333333333334,0.0,0.0,0.0,0.0,1.2500000000000004,0.0,0.0,0.0,0.37895833333333334,0.1070377970952151,0.0,
1.25,0.0,0.0,0.0,0.0,1.266666666666667,0.0,0.0,0.0,0.38406388888888887,0.1056106264672789,0.0,
1.2666666666666666,0.0,0.0,0.0,0.0,1.2833333333333337,0.0,0.0,0.0,0.3891708333333333,0.10420248478104852,0.0,
1.2833333333333332,0.0,0.0,0.0,0.0,1.3000000000000003,0.0,0.0,0.0,0.3942791666666666,0.10281311831730121,0.0,
1.3,0.0,0.0,0.0,0.0,1.3166666666666669,0.0,0.0,0.0,0.39938888888888885,0.10144227673973719,0.0,
1.3166666666666667,0.0,0.0,0.0,0.0,1.3333333333333335,0.0,0.0,0.0,0.40449999999999997,0.10008971304987402,0.0,
1.3333333333333333,0.0,0.0,0.0,0.0,1.35,0.0,0.0,0.0,0.4096125,0.09875518354254237,0.0,
1.35,0.0,0.0,0.0,0.0,1.3666666666666667,0.0,0.0,0.0,0.41472638888888885,0.09743844776197513,0.0,
1.3666666666666667,0.0,0.0,0.0,0.0,1.3833333333333333,0.0,0.0,0.0,0.4198416666666666,0.09613926845848213,0.0,
1.3833333333333333,0.0,0.0,0.0,0.0,1.4,0.0,0.0,0.0,0.42495833333333327,0.09485741154570236,0.0,
1.4,0.0,0.0,0.0,0.0,1.4166666666666665,0.0,0.0,0.0,0.4300763888888888,0.09359264605842633,0.0,
1.4166666666666667,0.0,0.0,0.0,0.0,1.4333333333333331,0.0,0.0,0.0,0.4351958333333333,0.09234474411098065,0.0,
1.4333333333333333,0.0,0.0,0.0,0.0,1.4499999999999997,0.0,0.0,0.0,0.44031666666666663,0.09111348085616758,0.0,
1.45,0.0,0.0,0.0,0.0,1.4666666666666663,0.0,0.0,0.0,0.44543888888888883,0.089898634444752,0.0,
1.4666666666666666,0.0,0.0,0.0,0.0,1.483333333333333,0.0,0.0,0.0,0.4505624999999999,0.08869998598548864,0.0,
1.4833333333333334,0.0,0.0,0.0,0.0,1.4999999999999996,0.0,0.0,0.0,0.4556874999999999,0.08751731950568213,0.0,
1.5,0.0,0.0,0.0,0.0,1.5166666666666662,0.0,0.0,0.0,0.4608138888888888,0.08635042191227303,0.0,
1.5166666666666666,0.0,0.0,0.0,0.0,1.5333333333333328,0.0,0.0,0.0,0.4659416666666666,0.08519908295344272,0.0,
1.5333333333333332,0.0,0.0,0.0,0.0,1.5499999999999994,0.0,0.0,0.0,0.47107083333333327,0.08406309518073016,0.0,
1.55,0.0,0.0,0.0,0.0,1.566666666666666,0.0,0.0,0.0,0.47620138888888885,0.08294225391165376,0.0,
1.5666666666666667,0.0,0.0,0.0,0.0,1.5833333333333326,0.0,0.0,0.0,0.4813333333333333,0.08183635719283171,0.0,
1.5833333333333333,0.0,0.0,0.0,0.0,1.5999999999999992,0.0,0.0,0.0,0.4864666666666666,0.08074520576359395,0.0,
1.6,0.0,0.0,0.0,0.0,1.6166666666666658,0.0,0.0,0.0,0.4916013888888888,0.07966860302007936,0.0,
1.6166666666666667,0.0,0.0,0.0,0.0,1.6333333333333324,0.0,0.0,0.0,0.49673749999999994,0.07860635497981164,0.0,
1.6333333333333333,0.0,0.0,0.0,0.0,1.649999999999999,0.0,0.0,0.0,0.501875,0.07755827024674748,0.0,
1.65,0.0,0.0,0.0,0.0,1.6666666666666656,0.0,0.0,0.0,0.5070138888888889,0.07652415997679085,0.0,
1.6666666666666667,0.0,0.0,0.0,0.0,1.6833333333333322,0.0,0.0,0.0,0.5121541666666667,0.07550383784376698,0.0,
1.6833333333333333,0.0,0.0,0.0,0.0,1.6999999999999988,0.0,0.0,0.0,0.5172958333333334,0.07449712000585008,0.0,
1.7,0.0,0.0,0.0,0.0,1.7166666666666655,0.0,0.0,0.0,0.522438888888889,0.07350382507243874,0.0,
1.7166666666666666,0.0,0.0,0.0,0.0,1.733333333333332,0.0,0.0,0.0,0.5275833333333334,0.0725237740714729,0.0,
1.7333333333333334,0.0,0.0,0.0,0.0,1.7499999999999987,0.0,0.0,0.0,0.5327291666666667,0.07155679041718659,0.0,
1.75,0.0,0.0,0.0,0.0,1.7666666666666653,0.0,0.0,0.0,0.5378763888888889,0.07060269987829076,0.0,
1.7666666666666666,0.0,0.0,0.0,0.0,1.7833333333333319,0.0,0.0,0.0,0.543025,0.06966133054658022,0.0,
1.7833333333333332,0.0,0.0,0.0,0.0,1.7999999999999985,0.0,0.0,0.0,0.548175,0.06873251280595916,0.0,
1.8,0.0,0.0,0.0,0.0,1.816666666666665,0.0,0.0,0.0,0.5533263888888889,0.0678160793018797,0.0,
1.8166666666666667,0.0,0.0,0.0,0.0,1.8333333333333317,0.0,0.0,0.0,0.5584791666666666,0.06691186491118797,0.0,
1.8333333333333333,0.0,0.0,0.0,0.0,1.8499999999999983,0.0,0.0,0.0,0.5636333333333333,0.06601970671237213,0.0,
1.8499999999999999,0.0,0.0,0.0,0.0,1.866666666666665,0.0,0.0,0.0,0.5687888888888889,0.06513944395620717,0.0,
1.8666666666666667,0.0,0.0,0.0,0.0,1.8833333333333315,0.0,0.0,0.0,0.5739458333333334,0.06427091803679108,0.0,
1.8833333333333333,0.0,0.0,0.0,0.0,1.8999999999999981,0.0,0.0,0.0,0.5791041666666668,0.0634139724629672,0.0,
1.9,0.0,0.0,0.0,0.0,1.9166666666666647,0.0,0.0,0.0,0.584263888888889,0.06256845283012764,0.0,
1.9166666666666667,0.0,0.0,0.0,0.0,1.9333333333333313,0.0,0.0,0.0,0.5894250000000001,0.06173420679239261,0.0,
1.9333333333333333,0.0,0.0,0.0,0.0,1.949999999999998,0.0,0.0,0.0,0.5945875,0.060911084035160705,0.0,
1.95,0.0,0.0,0.0,0.0,1.9666666666666646,0.0,0.0,0.0,0.5997513888888889,0.06009893624802523,0.0,
1.9666666666666666,0.0,0.0,0.0,0.0,1.9833333333333312,0.0,0.0,0.0,0.6049166666666667,0.059297617098051564,0.0,
1.9833333333333334,0.0,0.0,0.0,0.0,1.9999999999999978,0.0,0.0,0.0,0.6100833333333333,0.05850698220341088,0.0,
2.0,1.0,1.0,0.0,0.0,0.0,1.4400000000000002,0.004994166666666667,0.05,0.6055077083333333,0.3537268891073654,0.0,gaze_shift
2.0166666666666666,0.0,1.0,0.020511227819586034,0.0,0.0,1.2960000000000003,0.009957565104861111,0.0975,0.6009664005208334,0.34901053058593384,0.0,
2.033333333333333,0.0,1.0,0.0833524290674545,0.0,0.0,1.1664000000000003,0.014890384872510912,0.142625,0.5964591525169272,0.34435705684478807,0.0,
2.05,0.0,1.0,0.1087630542305501,0.0,0.0,1.0497600000000002,0.01979281435970885,0.18549375,0.5919857088730502,0.3397656294201909,0.0,
2.0666666666666664,0.0,1.0,0.15161880562781951,0.0,0.0,0.9447840000000002,0.02466504079590774,0.2262190625,0.5875458160565024,0.3352354210279217,0.0,
2.0833333333333335,0.0,1.0,0.20020025640503786,0.0,0.0,0.8503056000000002,0.029507250257070954,0.26490810937500003,0.5831392224360786,0.33076561541421606,0.0,
2.1,0.0,1.0,0.16920055483411012,0.0,0.0,0.7652750400000002,0.03431962767277885,0.30166270390625005,0.578765678267808,0.32635540720869316,0.0,
2.1166666666666667,0.0,1.0,0.27951804895451277,0.0,0.0,0.6887475360000002,0.039102356833291475,0.3365795687109375,0.5744249356807994,0.32200400177924393,0.0,
2.1333333333333333,0.0,1.0,0.2812342094335338,0.0,0.0,0.6198727824000001,0.04385562039656771,0.36975059027539064,0.5701167486631934,0.317710615088854,0.0,
2.15,0.0,1.0,0.55973531005802,0.0,0.0,0.55788550416,0.04857959989524119,0.4012630607616211,0.5658408730482194,0.31347447355433594,0.0,
2.1666666666666665,0.0,1.0,0.4039413297707501,0.0,0.0,0.5020969537440001,0.053274475743553255,0.43119990772354005,0.5615970665003578,0.3092948139069448,0.0,
2.183333333333333,0.0,1.0,0.38717935006010373,0.0,0.0,0.4518872583696001,0.05794042724424318,0.45963991233736307,0.5573850885016051,0.3051708830548522,0.0,
2.2,0.0,1.0,0.4108303398812256,0.0,0.0,0.4066985325326401,0.06257763259539594,0.4866579167204949,0.5532047003378431,0.30110193794745416,0.0,
2.216666666666667,0.0,1.0,0.39285460785759785,0.0,0.0,0.3660286792793761,0.0671862688972478,0.5123250208844702,0.5490556650853092,0.2970872454414881,0.0,
2.2333333333333334,0.0,1.0,0.36818594855418896,0.0,0.0,0.3294258113514385,0.07176651215895001,0.5367087698402466,0.5449377475971694,0.29312608216893493,0.0,
2.25,0.0,1.0,0.4436610038443223,0.0,0.0,0.29648323021629464,0.07631853730529074,0.5598733313482342,0.5408507144901906,0.28921773440668247,0.0,
2.2666666666666666,0.0,1.0,0.552205249993218,0.0,0.0,0.2668349071946652,0.08084251818337573,0.5818796647808225,0.5367943341315142,0.2853614979479267,0.0,
2.283333333333333,0.0,1.0,0.4956264854388286,0.0,0.0,0.24015141647519866,0.08533862756926765,0.6027856815417814,0.5327683766255279,0.28155667797528766,0.0,
2.3,0.0,1.0,0.6649310443551714,0.0,0.0,0.2161362748276788,0.08980703717458466,0.6226463974646923,0.5287726138008364,0.27780258893561716,0.0,
2.3166666666666664,0.0,1.0,0.5294311618831035,0.0,0.0,0.19452264734491093,0.09424791765305823,0.6415140775914577,0.5248068191973301,0.27409855441647557,0.0,
2.3333333333333335,0.0,1.0,0.566308607430756,0.0,0.0,0.17507038261041982,0.09866143860705068,0.6594383737118849,0.5208707680533501,0.2704439070242559,0.0,
2.35,0.0,1.0,0.7647878240268828,0.0,0.0,0.15756334434937785,0.1030477685940324,0.6764664550262907,0.5169642372929499,0.2668379882639325,0.0,
2.3666666666666667,0.0,1.0,0.665412662722517,0.0,0.0,0.14180700991444006,0.10740707513301934,0.6926431322749761,0.5130870055132528,0.2632801484204134,0.0,
2.3833333333333333,0.0,1.0,0.5634906472160655,0.0,0.0,0.12762630892299606,0.11173952471097066,0.7080109756612273,0.5092388529719034,0.25976974644147455,0.0,
2.4,0.0,1.0,0.6280593230482717,0.0,0.0,0.11486367803069646,0.11604528278914716,0.7226104268781659,0.5054195615746141,0.25630614982225486,0.0,
2.4166666666666665,0.0,1.0,0.7407449203208277,0.0,0.0,0.1033773102276268,0.12032451380943036,0.7364799055342576,0.5016289148628045,0.25288873449129146,0.0,
2.433333333333333,0.0,1.0,0.9322105640918619,0.0,0.0,0.09303957920486412,0.12457738120060277,0.7496559102575447,0.49786669800133343,0.24951688469807423,0.0,
2.45,0.0,1.0,0.6883562388376253,0.0,0.0,0.08373562128437771,0.1288040473845894,0.7621731147446675,0.4941326977663234,0.24618999290209992,0.0,
2.466666666666667,0.0,1.0,0.7073754988889512,0.0,0.0,0.07536205915593994,0.13300467378266084,0.7740644590074341,0.49042670253307596,0.24290745966340524,0.0,
2.4833333333333334,0.0,1.0,0.8668702147819898,0.0,0.0,0.06782585324034594,0.13717942082159817,0.7853612360570624,0.4867485022640779,0.23966869353455983,0.0,
2.5,0.0,1.0,0.6436248068207295,0.0,0.0,0.06104326791631135,0.14132844793981977,0.7960931742542093,0.48309788849709734,0.23647311095409904,0.0,
2.5166666666666666,0.0,1.0,0.7115861547361233,0.0,0.0,0.054938941124680216,0.14545191359347054,0.8062885155414988,0.4794746543333691,0.23332013614137773,0.0,
2.533333333333333,0.0,1.0,0.8425072164732221,0.0,0.0,0.049445047012212195,0.14954997526247343,0.8159740897644239,0.47587859442586883,0.23020920099282602,0.0,
2.55,0.0,1.0,0.7903526800615629,0.0,0.0,0.04450054231099097,0.15362278945654387,0.8251753852762027,0.4723095049676748,0.22713974497958833,0.0,
2.5666666666666664,0.0,1.0,0.710982004393883,0.0,0.0,0.04005048807989188,0.15767051172116703,0.8339166160123925,0.46876718368041725,0.22411121504652715,0.0,
2.5833333333333335,0.0,1.0,0.7562944270896697,0.0,0.0,0.03604543927190269,0.1616932966435382,0.8422207852117729,0.46525142980281414,0.22112306551257346,0.0,
2.6,0.0,1.0,0.3106205231787483,0.0,0.0,0.03244089534471242,0.1656912978584668,0.8501097459511843,0.46176204407929305,0.21817475797240582,0.0,
2.6166666666666667,0.0,1.0,0.7466749135897579,0.0,0.0,0.02919680581024118,0.16966466805424377,0.8576042586536251,0.4582988287486984,0.2152657611994404,0.0,
2.6333333333333333,0.0,1.0,0.4848426288230232,0.0,0.0,0.02627712522921706,0.17361355897847291,0.8647240457209439,0.45486158753308314,0.21239555105011454,0.0,
2.65,0.0,1.0,0.37905494076262897,0.0,0.0,0.023649412706295354,0.17753812144386638,0.8714878434348967,0.45145012562658504,0.20956361036944635,0.0,
2.6666666666666665,0.0,1.0,0.5965709507640764,0.0,0.0,0.02128447143566582,0.1814385053340043,0.8779134512631519,0.44806424968438563,0.20676942889785374,0.0,
2.683333333333333,0.0,1.0,0.6374728036130202,0.0,0.0,0.019156024292099238,0.18531485960905905,0.8840177786999943,0.44470376781175275,0.20401250317921568,0.0,
2.7,0.0,1.0,0.496627905318066,0.0,0.0,0.017240421862889314,0.18916733231148425,0.8898168897649946,0.4413684895531646,0.20129233647015948,0.0,
2.716666666666667,0.0,1.0,0.42423871655899625,0.0,0.0,0.015516379676600384,0.1929960705716686,0.8953260452767449,0.4380582258815159,0.19860843865055736,0.0,
2.7333333333333334,0.0,1.0,0.5665324396456402,0.0,0.0,0.013964741708940345,0.19680122061355496,0.9005597430129076,0.43477278918740453,0.19596032613521658,0.0,
2.75,0.0,1.0,0.5729596448921997,0.0,0.0,0.01256826753804631,0.20058292776022493,0.9055317558622623,0.431511993268499,0.19334752178674702,0.0,
2.7666666666666666,0.0,1.0,0.7686717799221707,0.0,0.0,0.01131144078424168,0.20434133643944882,0.9102551680691492,0.42827565331898526,0.1907695548295904,0.0,
2.783333333333333,0.0,1.0,0.7138070539872696,0.0,0.0,0.01018029670581751,0.20807659018920144,0.9147424096656918,0.4250635859190929,0.18822596076519588,0.0,
2.8,0.0,1.0,0.6732578775517541,0.0,0.0,0.009162267035235759,0.21178883166314413,0.9190052891824072,0.42187560902469967,0.1857162812883266,0.0,
2.8166666666666664,0.0,1.0,0.8092778891371305,0.0,0.0,0.008246040331712183,0.21547820263607279,0.9230550247232868,0.41871154195701443,0.18324006420448224,0.0,
2.8333333333333335,0.0,1.0,0.6753372340113051,0.0,0.0,0.0074214362985409645,0.2191448440093324,0.9269022734871225,0.41557120539233683,0.1807968633484225,0.0,
2.85,0.0,1.0,0.6096027292808508,0.0,0.0,0.006679292668686868,0.22278889581619823,0.9305571598127664,0.4124544213518943,0.17838623850377686,0.0,
2.8666666666666667,0.0,1.0,0.8066895377014734,0.0,0.0,0.006011363401818181,0.22641049722722392,0.9340293018221281,0.4093610131917551,0.1760077553237265,0.0,
2.8833333333333333,0.0,1.0,0.8164971928675896,0.0,0.0,0.005410227061636363,0.23000978655555654,0.9373278367310217,0.40629080559281694,0.17366098525274348,0.0,
2.9,0.0,1.0,0.7242205306647773,0.0,0.0,0.004869204355472726,0.23358690126221884,0.9404614448944706,0.4032436245508708,0.17134550544937358,0.0,
2.9166666666666665,0.0,1.0,0.6526555532732311,0.0,0.0,0.004382283919925453,0.2371419779613592,0.9434383726497471,0.4002192973667393,0.1690608987100486,0.0,
2.933333333333333,0.0,1.0,0.7641010090040355,0.0,0.0,0.003944055527932908,0.2406751524254689,0.9462664540172597,0.3972176526364887,0.1668067533939146,0.0,
2.95,0.0,1.0,0.42144336470369564,0.0,0.0,0.003549649975139617,0.24418655959056768,0.9489531313163967,0.3942385202417151,0.1645826633486624,0.0,
2.966666666666667,0.0,1.0,0.7828149724195376,0.0,0.0,0.003194684977625655,0.24767633356135677,0.9515054747505769,0.3912817313399022,0.16238822783734688,0.0,
2.9833333333333334,0.0,1.0,0.734846095799651,0.0,0.0,0.0028752164798630897,0.2511446076163409,0.953930201013048,0.3883471183548529,0.16022305146618226,0.0,
3.0,0.0,1.0,0.45333714273314196,0.0,0.0,0.0025876948318767808,0.2545915142129179,0.9562336909623956,0.3854345149671915,0.15808674411329984,0.0,
3.0166666666666666,0.0,1.0,0.6314805166703289,0.0,0.0,0.0023289253486891027,0.2580171849924378,0.9584220064142759,0.38254375610493757,0.15597892085845586,0.0,
3.033333333333333,0.0,1.0,0.4843080403750514,0.0,0.0,0.0020960328138201925,0.2614217507852302,0.9605009060935621,0.37967467793415055,0.15389920191367645,0.0,
3.05,0.0,1.0,0.6701558472523239,0.0,0.0,0.0018864295324381732,0.2648053416156009,0.962475860788884,0.3768271178496444,0.15184721255482744,0.0,
3.0666666666666664,0.0,1.0,0.31929738680834513,0.0,0.0,0.0016977865791943558,0.2681680867067974,0.9643520677494398,0.37400091446577205,0.1498225830540964,0.0,
3.0833333333333335,0.0,1.0,0.4436680728117425,0.0,0.0,0.0015280079212749201,0.27151011448594464,0.9661344643619678,0.3711959076072788,0.1478249486133751,0.0,
3.1,0.0,1.0,0.6351495985290482,0.0,0.0,0.0013752071291474282,0.2748315525889492,0.9678277411438694,0.3684119383002242,0.1458539492985301,0.0,
3.1166666666666667,0.0,1.0,0.6921755431829519,0.0,0.0,0.0012376864162326855,0.2781325278653741,0.9694363540866759,0.3656488487629725,0.1439092299745497,0.0,
3.1333333333333333,0.0,1.0,0.30443681400641115,0.0,0.0,0.0011139177746094168,0.28141316638328356,0.9709645363823421,0.3629064823972502,0.1419904402415557,0.0,
3.15,0.0,1.0,0.5195245405111885,0.0,0.0,0.001002525997148475,0.28467359343405724,0.972416309563225,0.3601846837792708,0.14009723437166827,0.0,
3.1666666666666665,0.0,1.0,0.6393624111051088,0.0,0.0,0.0009022733974336276,0.2879139335371756,0.9737954940850637,0.35748329865092626,0.1382292712467127,0.0,
3.183333333333333,0.0,1.0,0.5510121589357632,0.0,0.0,0.0008120460576902648,0.2911343104449753,0.9751057193808106,0.3548021739110443,0.1363862142967565,0.0,
3.2,0.0,1.0,0.840876827758777,0.0,0.0,0.0007308414519212383,0.29433484714737557,0.9763504334117701,0.35214115760671144,0.13456773143946643,0.0,
3.216666666666667,0.0,1.0,0.5329347027161184,0.0,0.0,0.0006577573067291145,0.2975156658765751,0.9775329117411816,0.3495000989246611,0.13277349502027355,0.0,
3.2333333333333334,0.0,1.0,0.7425438335544312,0.0,0.0,0.0005919815760562031,0.30067688811172044,0.9786562661541225,0.34687884818272613,0.13100318175333658,0.0,
3.25,0.0,1.0,0.594902015893313,0.0,0.0,0.0005327834184505828,0.3038186345835455,0.9797234528464164,0.3442772568213557,0.1292564726632921,0.0,
3.2666666666666666,0.0,1.0,0.90531809355463,0.0,0.0,0.0004795050766055245,0.3069410252789821,0.9807372802040956,0.3416951773951955,0.12753305302778153,0.0,
3.283333333333333,0.0,1.0,0.7439944351422398,0.0,0.0,0.0004315545689449721,0.3100441794457425,0.9817004161938908,0.33913246356473153,0.12583261232074444,0.0,
3.3,0.0,1.0,0.7053299323199261,0.0,0.0,0.0003883991120504749,0.3131282155968738,0.9826153953841963,0.33658897008799604,0.12415484415646785,0.0,
3.3166666666666664,0.0,1.0,0.5404103886609931,0.0,0.0,0.0003495592008454274,0.3161932515152841,0.9834846256149865,0.33406455281233605,0.12249944623438161,0.0,
3.3333333333333335,0.0,1.0,0.9384216057864454,0.0,0.0,0.0003146032807608847,0.3192394042582404,0.9843103943342372,0.3315590686662435,0.12086612028458986,0.0,
3.35,0.0,1.0,0.8110441092423415,0.0,0.0,0.00028314295268479624,0.3222667901618394,0.9850948746175253,0.3290723756512467,0.11925457201412866,0.0,
3.3666666666666667,0.0,1.0,0.7904276605011236,0.0,0.0,0.0002548286574163166,0.3252755248454507,0.985840130886649,0.32660433283386237,0.11766451105394028,0.0,
3.3833333333333333,0.0,1.0,0.8124276555803859,0.0,0.0,0.00022934579167468495,0.328265723216132,0.9865481243423165,0.3241548003376084,0.11609565090655441,0.0,
3.4,0.0,1.0,0.6919071893747641,0.0,0.0,0.00020641121250721645,0.33123749947301795,0.9872207181252007,0.32172363933507636,0.11454770889446701,0.0,
3.4166666666666665,0.0,1.0,0.5474085022205779,0.0,0.0,0.0001857700912564948,0.3341909671116813,0.9878596822189407,0.3193107120400633,0.11302040610920745,0.0,
3.433333333333333,0.0,1.0,0.5039710527563881,0.0,0.0,0.0001671930821308453,0.3371262389284674,0.9884666981079937,0.3169158816997628,0.24964680069441803,0.0,micro_nod_ready
3.4499999999999997,0.0,1.0,0.48326532435802527,0.0,0.0,0.00015047377391776078,0.3400434270248023,0.989043363202594,0.3145390125870146,0.24631817668515912,0.0,
3.466666666666667,0.0,1.0,0.7278061405816016,0.0,0.0,0.0001354263965259847,0.34294264281147363,0.9895911950424643,0.312179969992612,0.243033934329357,0.0,
3.4833333333333334,0.0,1.0,0.3781616732276436,0.0,0.0,0.00012188375687338623,0.34582399701288596,0.9901116352903411,0.3098386202176674,0.23979348187163224,0.0,
3.5,0.0,1.0,0.47843565858750536,0.0,0.0,0.00010969538118604761,0.3486875996712891,0.990606053525824,0.3075148305660349,0.23659623544667716,0.0,
3.5166666666666666,0.0,1.0,0.5148581470567497,0.0,0.0,9.872584306744284e-05,0.35153356015098086,0.9910757508495328,0.30520846933678963,0.2334416189740548,0.0,
3.533333333333333,0.0,1.0,0.5903517426634474,0.0,0.0,8.885325876069856e-05,0.354361987142484,0.9915219633070562,0.3029194058167637,0.23032906405440073,0.0,
3.55,0.0,1.0,0.6483312485022819,0.0,0.0,7.99679328846287e-05,0.35717298866669706,0.9919458651417035,0.30064751027313796,0.22725800986700873,0.0,
3.5666666666666664,0.0,1.0,0.45010835890853446,0.0,0.0,7.197113959616584e-05,0.35996667207901967,0.9923485718846183,0.29839265394608944,0.22422790306878193,0.0,
3.5833333333333335,0.0,1.0,0.41651648133704566,0.0,0.0,6.477402563654925e-05,0.3627431440734529,0.9927311432903874,0.29615470904149377,0.2212381976945315,0.0,
3.6,0.0,1.0,0.6494702920853637,0.0,0.0,5.829662307289433e-05,0.36550251068667367,0.993094586125868,0.29393354872368255,0.21828835505860442,0.0,
3.6166666666666667,0.0,1.0,0.8215095635445818,0.0,0.0,5.24669607656049e-05,0.3682448773020848,0.9934398568195746,0.2917290471082549,0.21537784365782303,0.0,
3.6333333333333333,0.0,1.0,0.790846967115583,0.0,0.0,4.722026468904441e-05,0.3709703486538396,0.9937678639785958,0.289541079254943,0.21250613907571872,0.0,
3.65,0.0,1.0,0.7465887721626496,0.0,0.0,4.249823822013997e-05,0.37367902883084136,0.9940794707796661,0.28736952116053094,0.20967272388804248,0.0,
3.6666666666666665,0.0,1.0,0.6985438630963611,0.0,0.0,3.824841439812597e-05,0.37637102128071936,0.9943754972406827,0.28521424975182696,0.20687708756953524,0.0,
3.683333333333333,0.0,1.0,0.7817806261249338,0.0,0.0,3.4423572958313375e-05,0.3790464288137791,0.9946567223786487,0.28307514287868824,0.20411872640194142,0.0,
3.6999999999999997,0.0,1.0,0.7207997897109389,0.0,0.0,3.0981215662482034e-05,0.38170535360692887,0.9949238862597163,0.2809520793070981,0.20139714338324888,0.0,
3.716666666666667,0.0,1.0,0.8446573722880182,0.0,0.0,2.788309409623383e-05,0.38434789720758217,0.9951776919467304,0.2788449387122949,0.19871184813813889,0.0,
3.7333333333333334,0.0,1.0,0.6412688597120183,0.0,0.0,2.509478468661045e-05,0.3869741605375358,0.9954188073493939,0.2767536016719527,0.19606235682963036,0.0,
3.75,0.0,1.0,0.7368194717690156,0.0,0.0,2.2585306217949402e-05,0.38958424389682417,0.9956478669819242,0.27467794965941306,0.19344819207190195,0.0,
3.7666666666666666,0.0,1.0,0.6867063836666089,0.0,0.0,2.032677559615446e-05,0.3921782469675498,0.995865473632828,0.27261786503696744,0.19086888284427658,0.0,
3.783333333333333,0.0,1.0,0.741085031253871,0.0,0.0,1.8294098036539015e-05,0.39475626881769055,0.9960721999511866,0.2705732310491902,0.1883239644063529,0.0,
3.8,0.0,1.0,0.6769566228379258,0.0,0.0,1.6464688232885114e-05,0.39731840790488293,0.9962685899536272,0.26854393181632125,0.1858129782142682,0.0,
3.8166666666666664,0.0,1.0,0.9301222518466972,0.0,0.0,1.4818219409596604e-05,0.3998647620801823,0.9964551604559458,0.2665298523276988,0.18333547183807797,0.0,
3.8333333333333335,0.0,1.0,0.7798385709762582,0.0,0.0,1.3336397468636943e-05,0.4023954285918,0.9966324024331485,0.2645308784352411,0.18089099888023694,0.0,
3.85,0.0,1.0,0.7588977817435667,0.0,0.0,1.200275772177325e-05,0.40491050408881735,0.9968007823114912,0.2625468968469768,0.1784791188951671,0.0,
3.8666666666666667,0.0,1.0,0.31865699911019907,0.0,0.0,1.0802481949595925e-05,0.4074100846248768,0.9969607431959167,0.26057779512062446,0.1760993973098982,0.0,
3.8833333333333333,0.0,1.0,0.512569422406808,0.0,0.0,9.722233754636332e-06,0.4098942656618504,0.9971127060361208,0.2586234616572198,0.17375140534576622,0.0,
3.9,0.0,1.0,0.47696672609044843,0.0,0.0,8.7500103791727e-06,0.41236314207348534,0.9972570707343148,0.2566837856947906,0.171434719941156,0.0,
3.9166666666666665,0.0,1.0,0.6173340093577778,0.0,0.0,7.87500934125543e-06,0.4148168081490276,0.997394217197599,0.2547586573020797,0.16914892367527393,0.0,
3.933333333333333,0.0,1.0,0.2899142809349165,0.0,0.0,7.0875084071298874e-06,0.4172553575968228,0.997524506337719,0.2528479673723141,0.16689360469293693,0.0,
3.9499999999999997,0.0,1.0,0.7202291633624472,0.0,0.0,6.378757566416899e-06,0.41967888354789507,0.9976482810208331,0.25095160761702173,0.16466835663036444,0.0,
3.966666666666667,0.0,1.0,0.7280379973074379,0.0,0.0,5.740881809775209e-06,0.42208747855950374,0.9977658669697915,0.24906947055989406,0.16247277854195957,0.0,
3.9833333333333334,0.0,1.0,0.46786959250025223,0.0,0.0,5.166793628797688e-06,0.42448123461867837,0.9978775736213019,0.24720144953069487,0.1603064748280668,0.0,
4.0,0.0,1.0,0.5325741765654303,0.0,0.0,4.650114265917919e-06,0.4268602431457318,0.9979836949402369,0.24534743865921466,0.15816905516369256,0.0,
4.016666666666667,0.0,1.0,0.5797412632165102,0.0,0.0,4.185102839326127e-06,0.42922459499775145,0.998084510193225,0.24350733286927054,0.15606013442817665,0.0,
4.033333333333333,0.0,1.0,0.7051955080339769,0.0,0.0,3.7665925553935144e-06,0.4315743804720695,0.9981802846835637,0.241681027872751,0.15397933263580096,0.0,
4.05,0.0,1.0,0.7976272058813909,0.0,0.0,3.389933299854163e-06,0.43390968930971113,0.9982712704493855,0.23986842016370538,0.15192627486732363,0.0,
4.066666666666666,0.0,1.0,0.9823488670213236,0.0,0.0,3.0509399698687466e-06,0.43623061069882224,0.9983577069269162,0.23806940701247759,0.149900591202426,0.0,
4.083333333333333,0.0,1.0,0.7228991310423863,0.0,0.0,2.7458459728818718e-06,0.43853723327807526,0.9984398215805703,0.236283886459884,0.14790191665306032,0.0,
4.1,0.0,1.0,0.8421003070684343,0.0,0.0,2.4712613755936847e-06,0.44082964514005457,0.9985178305015419,0.23451175731143487,0.14592989109768617,0.0,
4.116666666666666,0.0,1.0,0.7652427198360394,0.0,0.0,2.2241352380343164e-06,0.4431079338346209,0.9985919389764648,0.2327529191315991,0.1439841592163837,0.0,
4.133333333333333,0.0,1.0,0.9477936944474346,0.0,0.0,2.0017217142308847e-06,0.4453721863722548,0.9986623420276416,0.2310072722381121,0.1420643704268319,0.0,
4.15,0.0,1.0,0.8097696214640427,1e-323,0.0,1.8015495428077962e-06,0.44762248922737974,0.9987292249262595,0.22927471769632626,0.1401701788211408,0.0,
4.166666666666667,0.0,1.0,0.8642260541049377,1e-322,0.0,1.6213945885270166e-06,0.4498589283416647,0.9987927636799465,0.22755515731360382,0.1383012431035256,0.0,
4.183333333333334,0.0,1.0,0.546560881736236,1.225e-321,0.0,1.459255129674315e-06,0.45208158912730645,0.9988531254959492,0.22584849363375178,0.13645722652881193,3e-323,
4.2,0.0,1.0,0.6269311146168858,1.59e-320,0.0,1.3133296167068836e-06,0.4542905564702913,0.9989104692211517,0.22415462993149865,0.1346377968417611,4.2e-322,
4.216666666666667,0.0,1.0,0.5264654048687035,2.05176e-319,0.0,1.1819966550361951e-06,0.45648591473363725,0.9989649457600941,0.2224734702070124,0.1328426262172043,5.464e-321,
4.233333333333333,0.0,1.0,0.7805936884809965,2.63652e-318,0.0,1.0637969895325756e-06,0.45866774776061575,0.9990166984720894,0.22080491918045983,0.1310713912009749,7.0306e-320,
4.25,0.0,1.0,0.6582061103394782,3.3728735e-317,0.0,9.57417290579318e-07,0.4608361388779539,0.9990658635484849,0.2191488822866064,0.1293237726516286,8.9982e-319,
4.266666666666667,0.0,1.0,0.5267801285282546,4.2957432e-316,0.0,8.616755615213862e-07,0.46299117089901665,0.9991125703710607,0.21750526566945685,0.1275994556829402,1.146459e-317,
4.283333333333333,0.0,1.0,0.499111270922645,5.44686095e-315,0.0,7.755080053692476e-07,0.4651329261269696,0.9991569418525077,0.21587397617693593,0.12589812960716767,1.45421573e-316,
4.3,0.0,1.0,0.6081597853848042,6.8758132815e-314,0.0,6.979572048323229e-07,0.4672614863579224,0.9991990947598823,0.21425492135560892,0.12421948787907211,1.83640927e-315,
4.316666666666666,0.0,1.0,0.46922795374954657,8.6411523703e-313,0.0,6.281614843490906e-07,0.4693769328840523,0.9992391400218882,0.21264800944544185,0.12256322804068448,2.308770084e-314,
4.333333333333333,0.0,1.0,0.4517267944760974,1.081157720911e-311,0.0,5.653453359141815e-07,0.4714793464967091,0.9992771830207938,0.21105314937460104,0.12092905166680869,2.889764741e-313,
4.35,0.0,1.0,0.6370422609539286,1.3467167053168e-310,0.0,5.088108023227634e-07,0.47356880748950064,0.9993133238697541,0.20947025075429154,0.11931666431125124,3.600931713835e-312,
4.366666666666666,0.0,1.0,0.895575843852626,1.670064493945546e-309,0.0,4.5792972209048707e-07,0.4756453956613591,0.9993476576762664,0.20789922387363435,0.11772577545376789,4.4672255901538e-311,
4.383333333333333,0.0,1.0,0.5945820690019699,2.0618641177627566e-308,0.0,4.1213674988143836e-07,0.47770919031958875,0.9993802747924531,0.2063399796945821,0.11615609844771765,5.51736211062095e-310,
4.4,0.0,1.0,0.5832961063047739,2.5342919314536155e-307,0.0,3.709230748932945e-07,0.4797602702828948,0.9994112610528304,0.20479242984687274,0.11460735046841475,6.78415404910069e-309,
4.416666666666667,0.0,1.0,0.5353430844271868,3.1011519290868955e-306,0.0,3.3383076740396504e-07,0.4817987138843936,0.9994406980001889,0.2032564866230212,0.11307925246216922,8.304825799212899e-308,
4.433333333333334,0.0,1.0,0.5397986850928748,3.777976464732074e-305,0.0,3.0044769066356853e-07,0.48382459897460417,0.9994686631001795,0.20173206297334856,0.11157152909600697,1.0121292385625202e-306,
4.45,0.0,1.0,0.7837086662663619,4.582107302681394e-304,0.0,2.704029215972117e-07,0.4858380029244215,0.9994952299451705,0.20021907250104845,0.11008390870806022,1.2280386532837015e-305,
4.466666666666667,0.0,1.0,0.83869890431187,5.53275022535215e-303,0.0,2.4336262943749054e-07,0.4878390026280713,0.999520468447912,0.1987174294572906,0.10861612325861941,1.4834015503414114e-304,
4.483333333333333,0.0,1.0,0.7476935491348058,6.650995840142877e-302,0.0,2.1902636649374148e-07,0.4898276745060468,0.9995444450255164,0.1972270487363609,0.10716790828183782,1.783922778343813e-303,
4.5,0.0,1.0,0.789909118641145,7.959798799418172e-301,0.0,1.9712372984436734e-07,0.4918040945080275,0.9995672227742406,0.1957478458708382,0.10573900283807998,2.1358168480235902e-302,
4.516666666666667,0.0,1.0,0.7605025719297596,9.483907433408756e-300,0.0,1.774113568599306e-07,0.49376833811577925,0.9995888616355285,0.19427973702680693,0.10432914946690558,2.54579016500723e-301,
4.533333333333333,0.0,1.0,0.7532411219041104,1.1249735848088556e-298,0.0,1.5967022117393753e-07,0.4957204803460376,0.9996094185537521,0.19282263899910587,0.10293809414068017,3.021007783845019e-300,
4.55,0.0,1.0,0.5375715918087134,1.3285170911136348e-297,0.0,1.437031990565438e-07,0.4976605957533724,0.9996289476260645,0.19137646920661258,0.10156558621880443,3.56904260357606e-299,
4.566666666666666,0.0,1.0,0.6450258072340943,1.5619307286144153e-296,0.0,1.293328791508894e-07,0.49958875843303513,0.9996475002447612,0.18994114568756298,0.1002113784025537,4.197805115665239e-298,
4.583333333333333,0.0,1.0,0.6892594214210459,1.828210481693322e-295,0.0,1.1639959123580047e-07,0.5015050420237889,0.9996651252325232,0.18851658709490626,0.09887522669051965,4.9154521150628316e-297,
4.6,0.0,1.0,0.5560199863323585,2.1303964137001908e-294,0.0,1.0475963211222043e-07,0.5034095197107206,0.999681868970897,0.18710271269169446,0.09755689033464605,5.730273202070409e-296,
4.616666666666666,0.0,1.0,0.5669465262265709,2.471521839446374e-293,0.0,9.428366890099838e-08,0.505302264228036,0.9996977755223521,0.18569944234650676,0.09625613179685077,6.650554440040631e-295,
4.633333333333333,0.0,1.0,0.5017055783606722,2.854554143216307e-292,0.0,8.485530201089855e-08,0.5071833478618377,0.9997128867462345,0.18430669652890797,0.0949727167062261,7.684419190014158e-294,
4.65,0.0,1.0,0.5392697209775319,3.282327561499032e-291,0.0,7.636977180980869e-08,0.5090528424528856,0.9997272424089227,0.18292439630494114,0.09370641381680976,8.83964691040776e-293,
4.666666666666667,0.0,1.0,0.6657704525405725,3.757468569696935e-290,0.0,6.873279462882781e-08,0.5109108193993405,0.9997408802884766,0.1815524633326541,0.09245699496591897,1.0123471573553865e-291,
4.683333333333334,0.0,1.0,0.5046177752924216,4.282314858886087e-289,0.0,6.185951516594503e-08,0.512757349659491,0.9997538362740528,0.1801908198576592,0.09122423503304006,1.1542362290002044e-290,
4.7,0.0,1.0,0.5315355183763475,4.858829251595e-288,0.0,5.567356364935053e-08,0.5145925037544639,0.9997661444603502,0.17883938870872676,0.09000791189926619,1.310178971761789e-289,
4.716666666666667,0.0,1.0,0.6510536205036672,5.488510271541836e-287,0.0,5.0106207284415474e-08,0.5164163517709165,0.9997778372373327,0.17749809329341132,0.266407806407276,1.4805982830857135e-288,posture_settle
4.733333333333333,0.0,1.0,0.6407698853203857,6.1723014362054965e-286,0.0,4.509558655597393e-08,0.5182289633637145,0.999788945375466,0.17616685759371073,0.2628557023218457,1.6657681595495463e-287,
4.75,0.0,1.0,0.7827142289565013,6.910501666226028e-285,0.0,4.058602790037654e-08,0.5200304077585912,0.9997994981066928,0.1748456061617579,0.25935095962422106,1.8657891990237895e-286,
4.766666666666667,0.0,1.0,0.34914179062456896,7.702679484246799e-284,0.0,3.6527425110338886e-08,0.5218207537547919,0.9998095232013582,0.1735342641155447,0.2558929468292314,2.0805650590996172e-285,
4.783333333333333,0.0,1.0,0.7269411688325196,8.547593889977375e-283,0.0,3.2874682599305e-08,0.5236000697277009,0.9998190470412903,0.17223275713467812,0.25248104087150836,2.3097806537282412e-284,
4.8,0.0,1.0,0.5921259095872299,9.443124930905312e-282,0.0,2.9587214339374498e-08,0.5253684236314535,0.9998280946892258,0.17094101145616802,0.24911462699322157,2.552882908627665e-283,
4.816666666666666,0.0,1.0,0.692044922768397,1.0386217023516909e-280,0.0,2.6628492905437047e-08,0.5271258830015308,0.9998366899547646,0.16965895387024676,0.24579309863331195,2.8090649085408637e-282,
4.833333333333333,0.0,1.0,0.8005263261878865,1.1372838005454704e-279,0.0,2.3965643614893344e-08,0.528872514957339,0.9998448554570264,0.1683865117162199,0.24251585731820113,3.077254252334496e-281,
4.85,0.0,1.0,0.8507010568016158,1.2397956705429046e-278,0.0,2.156907925340401e-08,0.5306083862047727,0.999852612684175,0.16712361287834826,0.23928231255395846,3.35610638256685e-280,
4.866666666666666,0.0,1.0,0.8613246232155036,1.3455541500434374e-277,0.0,1.941217132806361e-08,0.5323335630387628,0.9998599820499663,0.16587018578176066,0.23609188171990567,3.644003573164799e-279,
4.883333333333333,0.0,1.0,0.7652053855582968,1.4538581889375555e-276,0.0,1.7470954195257247e-08,0.5340481113458081,0.999866982947468,0.16462615938839745,0.23294398996364027,3.939060142215463e-278,
4.9,0.0,1.0,0.9431595219621977,1.5639134555041425e-275,0.0,1.5723858775731524e-08,0.5357520966064918,0.9998736338000946,0.16339146319298448,0.2298380700974584,4.2391343081871737e-277,
4.916666666666667,0.0,1.0,0.7126356753629705,1.6748394724713454e-274,0.0,1.415147289815837e-08,0.5374455838979819,0.99987995211009,0.16216602721903708,0.22677356249615896,4.541846930317125e-276,
4.933333333333334,0.0,1.0,0.7196847108099498,1.785679289223957e-273,0.0,1.2736325608342534e-08,0.5391286378965171,0.9998859545045855,0.1609497820148943,0.22374991499621016,4.8446071723502305e-275,
4.95,0.0,1.0,0.8166328207859449,1.8954116154267596e-272,0.0,1.1462693047508281e-08,0.5408013228798764,0.9998916567793562,0.1597426586497826,0.22076658279626069,5.144644909464892e-274,
4.966666666666667,0.0,1.0,0.6338353110423447,2.0029652569735225e-271,0.0,1.0316423742757453e-08,0.5424637027298339,0.9998970739403884,0.15854458870990923,0.2178230283589772,5.439049468879592e-273,
4.983333333333333,0.0,1.0,0.9351906555544025,2.10723561065503e-270,0.0,9.284781368481707e-09,0.5441158409345992,0.9999022202433689,0.15735550429458492,0.21491872131419085,5.7248140639226513e-272,
5.0,0.0,1.0,0.7723047878425546,2.2071028927334434e-269,0.0,8.356303231633537e-09,0.5457578005912413,0.9999071092312005,0.15617533801237554,0.21205313836333498,5.998885058652486e-271,
5.016666666666667,0.0,1.0,0.8851871342041957,2.3014517022576188e-268,0.0,7.520672908470184e-09,0.5473896444080988,0.9999117537696405,0.15500402297728272,0.20922576318515718,6.258214995086656e-270,
5.033333333333333,0.0,1.0,0.5968092975413074,2.389191455884171e-267,0.0,6.768605617623166e-09,0.5490114347071745,0.9999161660811584,0.1538414928049531,0.20643608634268842,6.499818137130806e-269,
5.05,0.0,1.0,0.5333186958499886,2.4692771803799727e-266,0.0,6.091745055860849e-09,0.550623233426516,0.9999203577771005,0.15268768160891596,0.20368360519145257,6.720827143193068e-268,
5.066666666666666,0.0,1.0,0.5834432198815875,2.5407301145715125e-265,0.0,5.482570550274764e-09,0.5522251021225808,0.9999243398882455,0.1515425239968491,0.20096782378889985,6.918549380736867e-267,
5.083333333333333,0.0,1.0,0.6415565976838364,2.6026575564045532e-264,0.0,4.934313495247288e-09,0.5538171019725873,0.9999281228938331,0.1504059550668727,0.19828825280504786,7.090521346648794e-266,
5.1,0.0,1.0,0.4795086775751186,2.6542713943937108e-263,0.0,4.440882145722559e-09,0.5553992937768512,0.9999317167491415,0.14927791040387117,0.19564440943431388,7.234559661339419e-265,
5.116666666666666,0.0,1.0,0.5989716270077866,2.694904786606636e-262,0.0,3.996793931150303e-09,0.5569717379611075,0.9999351309116844,0.14815832607584214,0.19303581730852304,7.348807163660775e-264,
5.133333333333333,0.0,1.0,0.5613809461510553,2.7240264941445124e-261,0.0,3.597114538035273e-09,0.5585344945788189,0.9999383743661002,0.14704713863027333,0.19046200641107605,7.431772747451446e-263,
5.15,0.0,1.0,0.773171133150519,2.74125243855138e-260,0.0,3.2374030842317457e-09,0.560087623313468,0.9999414556477952,0.14594428509054627,0.1879225129922617,7.482363745556741e-262,
5.166666666666667,0.0,1.0,0.5204757825238963,2.7463541316997784e-259,0.0,2.9136627758085712e-09,0.5616311834808375,0.9999443828654054,0.14484970295236718,0.1854168794856982,7.499909878248043e-261,
5.183333333333334,0.0,1.0,0.7496575080971938,2.739263719510349e-258,0.0,2.622296498227714e-09,0.5631652340312759,0.9999471637221352,0.14376333018022444,0.1829446544258889,7.484178032301668e-260,
5.2,0.0,1.0,0.5727363757351994,2.720075483864783e-257,0.0,2.3600668484049426e-09,0.5646898335519482,0.9999498055360284,0.14268510520387276,0.18050539236687704,7.435377415198743e-259,
5.216666666666667,0.0,1.0,0.5606058013373613,2.68904375623245e-256,0.0,2.1240601635644483e-09,0.5662050402690736,0.999952315259227,0.1416149669148437,0.17809865380198536,7.354154925119485e-258,
5.233333333333333,0.0,1.0,0.6147640687149246,2.646577307558231e-255,0.0,1.9116541472080034e-09,0.5677109120501492,0.9999546994962657,0.14055285466298237,0.17572400508462555,7.241580879986413e-257,
5.25,0.0,1.0,0.5778883746975851,2.5932303874071613e-254,0.0,1.7204887324872031e-09,0.5692075064061602,0.9999569645214524,0.13949870825301,0.17338101835016387,7.099125545668795e-256,
5.266666666666667,0.0,1.0,0.7541645835864179,2.52969068695632e-253,0.0,1.5484398592384827e-09,0.5706948804937763,0.9999591162953798,0.13845246794111243,0.17106927143882836,6.928627182878314e-255,
5.283333333333333,0.0,1.0,0.8703438781583464,2.456764591232494e-252,0.0,1.3935958733146346e-09,0.5721730911175342,0.9999611604806108,0.1374140744315541,0.16878834781964397,6.732252583423531e-254,
5.3,0.0,1.0,0.7697177854241758,2.3753601625520105e-251,0.0,1.254236285983171e-09,0.5736421947320076,0.9999631024565803,0.13638346887331743,0.16653783651538204,6.512451279751544e-253,
5.316666666666666,0.0,1.0,0.8215115960910921,2.2864683566912543e-250,0.0,1.128812657384854e-09,0.5751022474439628,0.9999649473337513,0.13536059285676755,0.1643173320285103,6.271904779407741e-252,
5.333333333333333,0.0,1.0,0.9324634438474604,2.1911430139154818e-249,0.0,1.0159313916463686e-09,0.5765533050145017,0.9999666999670638,0.1343453884103418,0.16212643426813014,6.013472292538536e-251,
5.35,0.0,1.0,0.7531138517801172,2.0904801875533565e-248,0.0,9.143382524817317e-10,0.5779954228611917,0.9999683649687106,0.13333779799726422,0.1599647484778884,5.740134482665186e-250,
5.366666666666666,0.0,1.0,0.7234194833155722,1.9855973731448277e-247,0.0,8.229044272335586e-10,0.579428656060181,0.9999699467202751,0.13233776451228474,0.1578318851648499,5.45493677791166e-249,
5.383333333333333,0.0,1.0,0.6428745283550206,1.8776131819855123e-246,0.0,7.406139845102027e-10,0.5808530593483036,0.9999714493842613,0.1313452312784426,0.15572746002931856,5.160933733263623e-248,
5.4,0.0,1.0,0.4570109257986454,1.7676279656698461e-245,0.0,6.665525860591824e-10,0.5822686871251685,0.9999728769150482,0.1303601420438543,0.1536510938955943,4.861135838188462e-247,
5.416666666666667,0.0,1.0,0.7152867673139178,1.6567058452402078e-244,0.0,5.998973274532642e-10,0.5836755934552382,0.9999742330692958,0.1293824409785254,0.15160241264365304,4.558460023965575e-246,
5.433333333333334,0.0,1.0,0.3892247462848829,1.5458585325897374e-243,0.0,5.399075947079378e-10,0.5850738320698927,0.999975521415831,0.12841207267118646,0.14958104714173767,4.255684948862838e-245,
5.45,0.0,1.0,0.6576104942474044,1.4360312560389759e-242,0.0,4.859168352371441e-10,0.5864634563694822,0.9999767453450394,0.12744898212615255,0.14758663317984783,3.9554119354589675e-244,
5.466666666666667,0.0,1.0,0.5616790193334816,1.328091020028342e-241,0.0,4.3732515171342966e-10,0.5878445194253659,0.9999779080777875,0.12649311476020642,0.14561881140411653,3.6600322124625e-243,
5.483333333333333,0.0,1.0,0.6886211914683456,1.222817344140972e-240,0.0,3.935926365420867e-10,0.5892170739819393,0.9999790126738981,0.12554441639950487,0.14367722725206164,3.3717008828747e-242,
5.5,0.0,1.0,0.5418675687387446,1.1208955426446958e-239,0.0,3.54233372887878e-10,0.5905811724586489,0.9999800620402032,0.12460283327650858,0.1417615308887008,3.092317810725722e-241,
5.516666666666667,0.0,1.0,0.45462339841617305,1.0229125255762622e-238,0.0,3.188100355990902e-10,0.5919368669519933,0.999981058938193,0.12366831202693476,0.13987137714351813,2.8235153985880297e-240,
5.533333333333333,0.0,1.0,0.606346691631866,9.293550288830084e-238,0.0,2.869290320391812e-10,0.5932842092375132,0.9999820059912834,0.12274079968673275,0.1380064254482712,2.566653025385329e-239,
5.55,0.0,1.0,0.51206098559637,8.406101165810519e-237,0.0,2.5823612883526306e-10,0.5946232507717691,0.9999829056917192,0.12182024368908226,0.1361663397756276,2.3228177350812953e-238,
5.566666666666666,0.0,1.0,0.5782851810405818,7.569677440067586e-236,0.0,2.3241251595173676e-10,0.5959540426943061,0.9999837604071332,0.12090659186141414,0.1343507885786192,2.0928306165221505e-237,
5.583333333333333,0.0,1.0,0.6291425899131868,6.786251291750584e-235,0.0,2.091712643565631e-10,0.5972766358296069,0.9999845723867765,0.11999979242245354,0.13255944473090428,1.877258196321013e-236,
5.6,0.0,1.0,0.6338540345905194,6.056926495612564e-234,0.0,1.882541379209068e-10,0.5985910806890333,0.9999853437674376,0.11909979397928513,0.13079198546782556,1.6764280818822136e-235,
5.616666666666666,0.0,1.0,0.6532256315133932,5.382009642542346e-233,0.0,1.6942872412881613e-10,0.599897427472755,0.9999860765790658,0.1182065455244405,0.12904809232825454,1.490448040541451e-234,
5.633333333333333,0.0,1.0,0.6001066014055526,4.761090558531612e-232,0.0,1.524858517159345e-10,0.6011957260716666,0.9999867727501125,0.1173199964330072,0.12732745109721114,1.3192276820317424e-233,
5.65,0.0,1.0,0.6980146240275181,4.193128917066982e-231,0.0,1.3723726654434106e-10,0.6024860260692934,0.9999874341126068,0.11644009645975964,0.12562975174924831,1.1625019225078708e-232,
5.666666666666667,0.0,1.0,0.48000166752392165,3.676544187978134e-230,0.0,1.2351353988990696e-10,0.6037683767436848,0.9999880624069765,0.11556679573631144,0.12395468839259167,1.0198554456566407e-231,
5.683333333333334,0.0,1.0,0.7277127312018792,3.2093062917187343e-229,0.0,1.1116218590091626e-10,0.6050428270692964,0.9999886592866276,0.1147000447682891,0.12230195921402379,8.907474357329173e-231,
5.7,0.0,1.0,0.6062332816881694,2.7890246154628347e-228,0.0,1.0004596731082464e-10,0.6063094257188603,0.9999892263222963,0.11383979443252693,0.12067126642450347,7.745359339774154e-230,
5.716666666666667,0.0,1.0,0.8810242254705495,2.41303337843303e-227,0.0,9.004137057974218e-11,0.607568221065244,0.9999897650061814,0.11298599597428298,0.1190623162055101,6.70501258935909e-229,
5.733333333333333,0.0,1.0,0.8889937500569945,2.0784716908753386e-226,0.0,8.103723352176796e-11,0.6088192611832979,0.9999902767558724,0.11213860100447585,0.11747481865610329,5.778680278832392e-228,
5.75,0.0,1.0,0.4865875844561039,1.7823570175564376e-225,0.0,7.293351016959116e-11,0.6100625938516911,0.9999907629180788,0.11129756149694228,0.11590848774068858,4.958254163197718e-227,
5.766666666666667,0.0,1.0,0.7173900148439071,1.5216511177562204e-224,0.0,6.564015915263205e-11,0.6112982665547365,0.9999912247721748,0.11046282978571521,0.11436304123747941,4.235453912549667e-226,
5.783333333333333,0.0,1.0,0.6607182338502422,1.2933178768295143e-223,0.0,5.907614323736884e-11,0.6125263264842039,0.999991663533566,0.10963435856232234,0.11283820068764636,3.6019874820788216e-225,
5.8,0.0,1.0,0.5243941243902958,1.0943727592632628e-222,0.0,5.316852891363196e-11,0.6137468205411225,0.9999920803568878,0.10881210087310493,0.1113336913451444,3.0496886866705486e-224,
5.816666666666666,0.0,1.0,0.6879164726076284,9.219238921288025e-222,0.0,4.785167602226876e-11,0.6149597953375721,0.9999924763390434,0.10799601011655664,0.10984924212720915,2.5706319200042253e-223,
5.833333333333333,0.0,1.0,0.5445972546414315,7.732050258084802e-221,0.0,4.306650842004189e-11,0.6161652971984632,0.9999928525220912,0.10718604004068247,0.10838458556551302,2.1572246201737984e-222,
5.85,0.0,1.0,0.36717743039895295,6.456008131959736e-220,0.0,3.87598575780377e-11,0.6173633721633064,0.9999932098959867,0.10638214474037735,0.10693945775797284,1.8022786275822043e-221,
5.866666666666666,0.0,1.0,0.5313962613747205,5.366649987229331e-219,0.0,3.488387182023393e-11,0.6185540659879702,0.9999935494011873,0.10558427865482452,0.10551359832119987,1.4990620041720699e-220,
5.883333333333333,0.0,1.0,0.5356170431750822,4.4413221590582623e-218,0.0,3.1395484638210536e-11,0.6197374241464294,0.999993871931128,0.10479239656491333,0.10410675034358387,1.241333189079046e-219,
5.9,0.0,1.0,0.562771722188977,3.65924159544469e-217,0.0,2.825593617438948e-11,0.6209134918325007,0.9999941783345716,0.10400645359067648,0.10271866033900275,1.0233595620025408e-218,
5.916666666666667,0.0,1.0,0.4056594575231614,3.0015093026313734e-216,0.0,2.5430342556950532e-11,0.6220823139615692,0.999994469417843,0.1032264051887464,0.10134907820114937,8.399225826302259e-218,
5.933333333333334,0.0,1.0,0.6372791708521468,2.451083495943939e-215,0.0,2.2887308301255478e-11,0.6232439351723044,0.9999947459469508,0.1024522071498308,0.09999775715846738,6.863116852652722e-217,
5.95,0.0,1.0,0.6675441724652127,1.9927201852434763e-214,0.0,2.059857747112993e-11,0.6243983998283636,0.9999950086496032,0.10168381559620707,0.09866445372968782,5.583090466148353e-216,
5.966666666666667,0.0,1.0,0.46250072677741083,1.6128884674448035e-213,0.0,1.853871972401694e-11,0.6255457520200877,0.9999952582171231,0.10092118697923551,0.09734892767995865,4.521672261998441e-215,
5.983333333333333,0.0,1.0,0.5450554272117663,1.299667190506732e-212,0.0,1.6684847751615244e-11,0.6266860355661839,0.999995495306267,0.10016427807689124,0.0960509419775592,3.6458151744296743e-214,
6.0,0.0,1.0,0.6403595223404761,1.042628943254901e-211,0.0,1.501636297645372e-11,0.6278192940153998,0.9999957205409536,0.09941304599131455,0.09477026275119174,2.926586567446516e-213,
6.016666666666667,0.0,1.0,0.6079708652687679,8.32716557689503e-211,0.0,1.3514726678808349e-11,0.6289455706481866,0.999995934513906,0.09866744814637969,0.09350665924784252,2.338833300203883e-212,
6.033333333333333,0.0,1.0,0.9092505531819617,6.621165234361011e-210,0.0,1.2163254010927514e-11,0.6300649084783515,0.9999961377882107,0.09792744228528184,0.09225990379120462,1.8608370190314816e-211,
6.05,0.0,1.0,0.7457153320576434,5.241329395720696e-209,0.0,1.0946928609834763e-11,0.6311773502547011,0.9999963308988002,0.09719298646814223,0.09102977174065523,1.473969810070822e-210,
6.066666666666666,0.0,1.0,0.6153326960159398,4.130648923977746e-208,0.0,9.852235748851287e-12,0.6322829384626736,0.9999965143538603,0.09646403906963116,0.08981604145077983,1.1623583238214959e-209,
6.083333333333333,0.0,1.0,0.6520195113139328,3.240894675455201e-207,0.0,8.867012173966159e-12,0.6333817153259614,0.9999966886361673,0.09574055877660893,0.0886184942314361,9.125626087272605e-209,
6.1,0.0,1.0,0.7431035690093135,2.53151993872852e-206,0.0,7.980310956569542e-12,0.6344737228081241,0.9999968542043589,0.09502250458578437,0.08743691430835028,7.132742018715332e-208,
6.116666666666666,0.0,1.0,1.0,1.968645822752624e-205,0.0,7.182279860912588e-12,0.6355590026141904,0.999997011494141,0.09430983580139099,0.08627108878423895,5.5503654273717974e-207,
6.133333333333333,0.0,1.0,0.7152108217596765,1.5241356773542857e-204,0.0,6.464051874821329e-12,0.6366375961922515,0.9999971609194339,0.09360251203288056,0.0851208076004491,4.2998951000810506e-206,
6.15,0.0,1.0,0.7360078484274318,1.1747608672684768e-203,0.0,5.817646687339196e-12,0.6377095447350437,0.9999973028734622,0.09290049319263395,0.08398586349910978,3.3163883030066076e-205,
6.166666666666667,0.0,1.0,0.7616854453789808,9.01457207520966e-203,0.0,5.235882018605276e-12,0.6387748891815218,0.9999974377297891,0.0922037394936892,0.08286605198578831,2.5465026213665295e-204,
6.183333333333334,0.0,1.0,0.6710667921586873,6.886690444708437e-202,0.0,4.712293816744749e-12,0.6398336702184227,0.9999975658432997,0.09151221144748653,0.08176117129264446,1.9466780302140557e-203,
6.2,0.0,1.0,0.9236793047080057,5.237762606605386e-201,0.0,4.241064435070274e-12,0.6408859282818188,0.9999976875511347,0.09082586986163038,0.08067102234207586,1.4815468278526608e-202,
6.216666666666667,0.0,1.0,0.5603351018467286,3.96598312482523e-200,0.0,3.816957991563247e-12,0.6419317035586626,0.999997803173578,0.09014467583766815,0.07959540871084818,1.1225557070317e-201,
6.233333333333333,0.0,1.0,0.6893043750174948,2.989686947635191e-199,0.0,3.4352621924069223e-12,0.6429710359883216,0.9999979130148992,0.08946859076888564,0.07853413659470354,8.467821479977882e-201,
6.25,0.0,1.0,0.5985418781593745,2.2437288447696973e-198,0.0,3.0917359731662303e-12,0.6440039652641036,0.9999980173641542,0.088797576338119,0.07748701477344083,6.3592626960232e-200,
6.266666666666667,0.0,1.0,0.6379410244075262,1.6764277039851494e-197,0.0,2.7825623758496074e-12,0.6450305308347725,0.9999981164959465,0.0881315945155831,0.07645385457646162,4.754590596621716e-199,
6.283333333333333,0.0,1.0,0.41221026236072483,1.247007569047229e-196,0.0,2.5043061382646465e-12,0.6460507719060545,0.9999982106711491,0.08747060755671622,0.07543446984877546,3.539083312546041e-198,
6.3,0.0,1.0,0.7621735234128629,9.23470767121709e-196,0.0,2.253875524438182e-12,0.6470647274421367,0.9999983001375917,0.08681457800004085,0.07442867691745846,2.6226464703229934e-197,
6.316666666666666,0.0,1.0,0.5388241165114778,6.8084306347307085e-195,0.0,2.0284879719943637e-12,0.6480724361671536,0.9999983851307122,0.08616346866504054,0.073436294558559,1.934906721129252e-196,
6.333333333333333,0.0,1.0,0.5674970510696575,4.9973605538922734e-194,0.0,1.8256391747949273e-12,0.6490739365666671,0.9999984658741765,0.08551724265005274,0.07245714396444489,1.4211883484272037e-195,
6.35,0.0,1.0,0.46709217045709417,3.651776201312739e-193,0.0,1.6430752573154347e-12,0.650069266889136,0.9999985425804677,0.08487586333017734,0.07149104871158563,1.0392369418933418e-194,
6.366666666666666,0.0,1.0,0.5124365678180095,2.6566688638404633e-192,0.0,1.4787677315838912e-12,0.6510584651473765,0.9999986154514443,0.08423929435520101,0.07053783472876449,7.565695464972082e-194,
6.383333333333333,0.0,1.0,0.6918268274699104,1.9241569777475446e-191,0.0,1.3308909584255021e-12,0.6520415691200144,0.9999986846788721,0.08360749964753701,0.0695973302657143,5.483457561003078e-193,
6.4,0.0,1.0,0.7683799863332811,1.3874373337349737e-190,0.0,1.197801862582952e-12,0.6530186163529275,0.9999987504449285,0.08298044340018049,0.06866936586217144,3.956685004081176e-192,
6.416666666666667,0.0,1.0,0.7662724674007007,9.959924705248177e-190,0.0,1.0780216763246567e-12,0.6539896441606798,0.999998812922682,0.08235809007467913,0.06775377431734249,2.842364931569359e-191,
6.433333333333334,0.0,1.0,0.8450764299626283,7.118172958386452e-189,0.0,9.70219508692191e-13,0.6549546896279466,0.9999988722765479,0.08174040439911905,0.06685039065977792,2.0328230367622456e-190,
6.45,0.0,1.0,0.806449347581406,5.064666111284263e-188,0.0,8.731975578229718e-13,0.6559137896109304,0.9999989286627206,0.08112735136612566,0.06595905211764755,1.4474070990248312e-189,
6.466666666666667,0.0,1.0,0.7400179603812662,3.5875908310988115e-187,0.0,7.858778020406747e-13,0.656866980738769,0.9999989822295845,0.08051889623087971,0.06507959808941224,1.0260138414120282e-188,
6.483333333333333,0.0,1.0,0.8469757013622483,2.5300248880822036e-186,0.0,7.072900218366072e-13,0.6578142994149343,0.9999990331181052,0.07991500450914811,0.06421187011488674,7.240809920693274e-188,
6.5,0.0,1.0,0.8212323888489574,1.7763006866267604e-185,0.0,6.365610196529464e-13,0.6587557818186222,0.9999990814622,0.0793156419753295,0.06335571184668826,5.087360218006684e-187,
6.516666666666667,0.0,1.0,0.7345235506439327,1.2415893431149335e-184,0.0,5.729049176876518e-13,0.6596914639061346,0.9999991273890899,0.07872077466051454,0.06251096902206575,3.558518738894182e-186,
6.533333333333333,0.0,1.0,0.8237312666032643,8.639911046533917e-184,0.0,5.156144259188867e-13,0.6606213814122529,0.9999991710196354,0.07813036885056068,0.06167748943510488,2.478092190990054e-185,
6.55,0.0,1.0,0.8749943654621439,5.98563690237121e-183,0.0,4.64052983326998e-13,0.6615455698516023,0.9999992124686536,0.07754439108418147,0.06085512290930348,1.7180551680214307e-184,
6.566666666666666,0.0,1.0,0.7281485588721043,4.1283952324927886e-182,0.0,4.1764768499429824e-13,0.6624640645200082,0.999999251845221,0.07696280815105011,0.060043721270512766,1.18584576005146e-183,
6.583333333333333,0.0,1.0,0.6331372928185542,2.834797033723817e-181,0.0,3.7588291649486844e-13,0.6633769004958444,0.9999992892529599,0.07638558708991723,0.05924313832023926,8.148745769195588e-183,
6.6,0.0,1.0,0.7362453647553601,1.9379049576432228e-180,0.0,3.382946248453816e-13,0.6642841126413729,0.9999993247903118,0.07581269518674286,0.05845322980930274,5.574742416462201e-182,
6.616666666666666,0.0,1.0,0.8522047040296586,1.318902769345119e-179,0.0,3.0446516236084347e-13,0.6651857356040749,0.9999993585507962,0.07524409997284229,0.05767385341184537,3.7969101975338824e-181,
6.633333333333333,0.0,1.0,0.5747325548205084,8.936405946254313e-179,0.0,2.740186461247591e-13,0.6660818038179741,0.9999993906232565,0.07467976922304596,0.05690486869968743,2.5745856187222118e-180,
6.6499999999999995,0.0,1.0,0.5682121672274287,6.028132641872157e-178,0.0,2.4661678151228317e-13,0.6669723515049522,0.9999994210920937,0.07411967095387312,0.05614613711702493,1.7380243465051565e-179,
6.666666666666667,0.0,1.0,0.5470297557774009,4.048298365918684e-177,0.0,2.2195510336105485e-13,0.6678574126760555,0.999999450037489,0.07356377342171908,0.055397521955464595,1.168088870738234e-178,
6.683333333333334,0.0,1.0,0.7001695063506517,2.7066495545383362e-176,0.0,1.9975959302494935e-13,0.6687370211327938,0.9999994775356146,0.07301204512105618,0.05465888832939173,7.815692065727813e-178,
6.7,0.0,1.0,0.3295362091704217,1.801612335361112e-175,0.0,1.797836337224544e-13,0.6696112104684315,0.9999995036588338,0.07246445478264825,0.053930103151666506,5.2063160443009275e-177,
6.716666666666667,0.0,1.0,0.5973088618607886,1.1938794228093042e-174,0.0,1.6180527035020896e-13,0.6704800140692706,0.9999995284758921,0.07192097137177839,0.053211035109644284,3.452750209031553e-176,
6.733333333333333,0.0,1.0,0.7064691295128603,7.8764294887211245e-174,0.0,1.4562474331518805e-13,0.6713434651159256,0.9999995520520976,0.07138156408649005,0.052501554641515694,2.279666657187185e-175,
6.75,0.0,1.0,0.4816833413731568,5.17330536511199e-173,0.0,1.3106226898366925e-13,0.6722015965845906,0.9999995744494927,0.07084620235584137,0.051801533912962154,1.4984736118917653e-174,
6.766666666666667,0.0,1.0,0.7786772889794966,3.382802488732825e-172,0.0,1.1795604208530232e-13,0.673054441248299,0.9999995957270181,0.07031485583817255,0.05111084679412266,9.80614763621797e-174,
6.783333333333333,0.0,1.0,0.6883551765061817,2.202190936357218e-171,0.0,1.0616043787677208e-13,0.6739020316781752,0.9999996159406672,0.06978749441938627,0.05042936883686769,6.388800722947118e-173,
6.8,0.0,1.0,0.5841156899293943,1.427260026465863e-170,0.0,9.554439408909488e-14,0.6747444002446779,0.9999996351436339,0.06926408821124087,0.04975697725237612,4.143924686382479e-172,
6.816666666666666,0.0,1.0,0.7003786828355784,9.209181590074312e-170,0.0,8.59899546801854e-14,0.6755815791188371,0.9999996533864521,0.06874460754965657,0.04909355088901111,2.6759375481644733e-171,
6.833333333333333,0.0,1.0,0.5158609454480548,5.915735841492602e-169,0.0,7.739095921216685e-14,0.6764136002734824,0.9999996707171295,0.06822902299303414,0.048438970210490956,1.7203297994617537e-170,
6.85,0.0,1.0,0.6528421537763968,3.7832610708979293e-168,0.0,6.965186329095016e-14,0.6772404954844642,0.999999687181273,0.06771730532058638,0.04779311727435108,1.101080523955598e-169,
6.866666666666666,0.0,1.0,0.955830998484361,2.4087606761921424e-167,0.0,6.268667696185515e-14,0.678062296331867,0.9999997028222093,0.06720942553068199,0.04715587571069307,7.016137481219415e-169,
6.883333333333333,0.0,1.0,0.63933609684031,1.5268303909121048e-166,0.0,5.6418009265669634e-14,0.6788790342012158,0.9999997176810989,0.06670535483920187,0.04652713070121716,4.450909379521171e-168,
6.8999999999999995,0.0,1.0,0.9713486078293402,9.635133609657335e-166,0.0,5.077620833910267e-14,0.6796907402846745,0.9999997317970439,0.06620506467790785,0.045906768958534266,2.8110662252609536e-167,
6.916666666666667,0.0,1.0,0.7368037520460737,6.053331936008522e-165,0.0,4.5698587505192405e-14,0.6804974455822373,0.9999997452071917,0.06570852669282354,0.04529467870575381,1.767523012430302e-166,
6.933333333333334,0.0,1.0,0.8559620864556171,3.786178102253837e-164,0.0,4.112872875467316e-14,0.6812991809029129,0.9999997579468322,0.06521571274262736,0.04469074965634376,1.1064473744043923e-165,
6.95,0.0,1.0,0.725978320836592,2.35763946057112e-163,0.0,3.701585587920585e-14,0.6820959768659002,0.9999997700494906,0.06472659489705765,0.044094872994259175,6.895537835444709e-165,
6.966666666666667,0.0,1.0,0.4310222147651605,1.4615832140183796e-162,0.0,3.331427029128526e-14,0.6828878639017588,0.9999997815470161,0.06424114543532972,0.04350694135433572,4.278359141311564e-164,
6.983333333333333,0.0,1.0,0.6071637471921124,9.020684709647236e-162,0.0,2.998284326215674e-14,0.6836748722535707,0.9999997924696653,0.06375933684456474,0.042926848802944576,2.642761985169821e-163,
7.0,0.0,1.0,0.6727824315897671,5.542749647621093e-161,0.0,2.6984558935941063e-14,0.6844570319780952,0.9999998028461821,0.0632811418182305,0.04235449081890531,1.6252141562659217e-162,
7.016666666666667,0.0,1.0,0.4860041304147766,3.3906333133197886e-160,0.0,2.4286103042346957e-14,0.6852343729469167,0.999999812703873,0.06280653325459377,0.041789764274653245,9.95027047797191e-162,
7.033333333333333,0.0,1.0,0.4383107120072893,2.0649340641408742e-159,0.0,2.185749273811226e-14,0.6860069248475862,0.9999998220686793,0.06233548425518432,0.04123256741765787,6.065001775027136e-161,
7.05,0.0,1.0,0.6232316243280971,1.2519914266530554e-158,0.0,1.9671743464301035e-14,0.6867747171847544,0.9999998309652454,0.06186796812327044,0.0406827998520891,3.6804315629733214e-160,
7.066666666666666,0.0,1.0,0.48546765964826005,7.557294099016621e-158,0.0,1.770456911787093e-14,0.6875377792812987,0.9999998394169831,0.06140395836234591,0.04014036252072791,2.223506180835715e-159,
7.083333333333333,0.0,1.0,0.34990815085341626,4.541518570641051e-157,0.0,1.593411220608384e-14,0.6882961402794431,0.999999847446134,0.06094342867462832,0.039605157687118205,1.3373643068326766e-158,
7.1,0.0,1.0,0.46790617916722665,2.7171002822477114e-156,0.0,1.4340700985475457e-14,0.6890498291418714,0.9999998550738273,0.060486352959568605,0.03907708891795663,8.008163287265175e-158,
7.116666666666666,0.0,1.0,0.6566959261742604,1.6183782869211433e-155,0.0,1.2906630886927912e-14,0.6897988746528332,0.9999998623201359,0.06003270531237184,0.038556061065717205,4.774060615338935e-157,
7.133333333333333,0.0,1.0,0.5065479312116634,9.596750872408169e-155,0.0,1.161596779823512e-14,0.6905433054192428,0.9999998692041291,0.05958246002252905,0.038041980251507644,2.833444872941397e-156,
7.1499999999999995,0.0,1.0,0.6914620304555675,5.665499439787246e-154,0.0,1.0454371018411607e-14,0.6912831498717724,0.9999998757439227,0.059135591572360084,0.03753475384815421,1.674223557032337e-155,
7.166666666666667,0.0,1.0,0.7832727315179816,3.329829398752876e-153,0.0,9.408933916570447e-15,0.6920184362659374,0.9999998819567265,0.05869207463556738,0.03703429046351216,9.84881509810581e-155,
7.183333333333334,0.0,1.0,0.6280199435492103,1.948388546942121e-152,0.0,8.468040524913401e-15,0.6927491926831757,0.9999998878588902,0.058251884075800626,0.03654049992399866,5.768015084008396e-154,
7.2,0.0,1.0,0.5144379987841539,1.1350080846810236e-151,0.0,7.621236472422062e-15,0.6934754470319201,0.9999998934659456,0.05781499494523212,0.036053293258345345,3.363106894301848e-153,
7.216666666666667,0.0,1.0,0.5196940930334758,6.582519348394866e-151,0.0,6.859112825179855e-15,0.6941972270486644,0.9999998987926484,0.05738138248314288,0.035572582681567405,1.9522114186309675e-152,
7.233333333333333,0.0,1.0,0.6968495374975403,3.8006260079251825e-150,0.0,6.17320154266187e-15,0.6949145602990221,0.999999903853016,0.05695102211451931,0.035098281579146504,1.1281969791867265e-151,
7.25,0.0,1.0,0.8264373593596429,2.1846804877383193e-149,0.0,5.555881388395683e-15,0.6956274741787799,0.9999999086603651,0.056523889448660415,0.03463030449142455,6.491049725554537e-151,
7.266666666666667,0.0,1.0,0.7688843797760467,1.2502317566356636e-148,0.0,5.000293249556114e-15,0.6963359959149436,0.9999999132273469,0.056099960277795465,0.03416856709820555,3.7180640986824436e-150,
7.283333333333333,0.0,1.0,0.8122634454514938,7.122999675483507e-148,0.0,4.500263924600503e-15,0.6970401525667775,0.9999999175659796,0.055679210575712,0.03371298620356281,2.1202679838080343e-149,
7.3,0.0,1.0,0.6967989862913606,4.0402210345501686e-147,0.0,4.050237532140453e-15,0.697739971026839,0.9999999216876806,0.05526161649639416,0.03326347972084864,1.2037508261630705e-148,
7.316666666666666,0.0,1.0,0.7826433137266592,2.2814824296213805e-146,0.0,3.645213778926408e-15,0.6984354780220045,0.9999999256032965,0.05484715437267121,0.032819966657903994,6.803845046713275e-148,
7.333333333333333,0.0,1.0,0.6800454884731415,1.2826227356406988e-145,0.0,3.2806924010337667e-15,0.6991267001144906,0.9999999293231318,0.05443580071487617,0.032382367102465275,3.828637223616478e-147,
7.35,0.0,1.0,0.6816374896930055,7.178778304533978e-145,0.0,2.95262316093039e-15,0.6998136637028686,0.9999999328569752,0.0540275322095146,0.03195060220776574,2.1448949240177148e-146,
7.366666666666666,0.0,1.0,0.5449304232016888,4.000110160214902e-144,0.0,2.657360844837351e-15,0.7004963950230725,0.9999999362141264,0.053622325717943245,0.03152459417832886,1.1962992769686645e-145,
7.383333333333333,0.0,1.0,0.48721634484329196,2.2190299504516507e-143,0.0,2.3916247603536163e-15,0.7011749201494012,0.9999999394034201,0.053220158275058674,0.031104266255951144,6.642716040801323e-145,
7.3999999999999995,0.0,1.0,0.5921651969793282,1.2255306538669448e-142,0.0,2.1524622843182544e-15,0.701849264995514,0.9999999424332491,0.05282100708799573,0.030689542705871795,3.6721767651662815e-144,
7.416666666666667,0.0,1.0,0.49120617462641425,6.73837219373987e-142,0.0,1.937216055886429e-15,0.7025194553154208,0.9999999453115866,0.05242484953483576,0.030280348803126838,2.0210335640773215e-143,
7.433333333333334,0.0,1.0,0.484950513585621,3.688549489440904e-141,0.0,1.7434944502977862e-15,0.703185516704465,0.9999999480460073,0.05203166316332449,0.02987661081908515,1.1073771178364386e-142,
7.45,0.0,1.0,0.6598150174371918,2.01013875301768e-140,0.0,1.5691450052680076e-15,0.7038474746003016,0.999999950643707,0.051641425689599556,0.029478256008164012,6.0407331403749286e-142,
7.466666666666667,0.0,1.0,0.5505477490447526,1.0906019256170926e-139,0.0,1.4122305047412069e-15,0.7045053542838683,0.9999999531115216,0.05125411499692756,0.029085212594721827,3.280619456159021e-141,
7.483333333333333,0.0,1.0,0.9031025239337989,5.890827238853152e-139,0.0,1.271007454267086e-15,0.705159180880351,0.9999999554559454,0.0508697091344506,0.028697409760125536,1.7737572239992522e-140,
7.5,0.0,1.0,0.6611610490507865,3.167788039696479e-138,0.0,1.1439067088403775e-15,0.705808979360144,0.9999999576831482,0.05048818631594222,0.028314777629990528,9.547828913391842e-140,
7.516666666666667,0.0,1.0,0.47742490354954703,1.695921498159878e-137,0.0,1.0295160379563398e-15,0.7064547745398027,0.9999999597989908,0.05010952491857265,0.027937247261590654,5.116667837187795e-139,
7.533333333333333,0.0,1.0,0.6567583406729445,9.039099740068823e-137,0.0,9.265644341607058e-16,0.7070965910829919,0.9999999618090413,0.04973370348168336,0.02756475063143611,2.729870092954945e-138,
7.55,0.0,1.0,0.6221057884341429,4.796389172336417e-136,0.0,8.339079907446352e-16,0.7077344535014282,0.9999999637185892,0.049360700705570734,0.027197220623016962,1.4500030378439045e-137,
7.566666666666666,0.0,1.0,0.5177182704579187,2.5338065329781313e-135,0.0,7.505171916701717e-16,0.7083683861558148,0.9999999655326598,0.048990495450278955,0.026834591014710068,7.667751579734894e-137,
7.583333333333333,0.0,1.0,0.7564294915399401,1.332607617662186e-134,0.0,6.754654725031545e-16,0.7089984132567732,0.9999999672560268,0.048623066734401865,0.026476796467847268,4.03681978909702e-136,
7.6,0.0,1.0,0.5569605670562875,6.977517490157232e-134,0.0,6.07918925252839e-16,0.709624558865767,0.9999999688932255,0.04825839373389385,0.026123772514942637,2.115840431177275e-135,
7.616666666666666,0.0,1.0,0.30887615422685755,3.6372183909067704e-133,0.0,5.471270327275551e-16,0.7102468468960216,0.9999999704485643,0.04789645578088965,0.025775455548076736,1.1040753112317536e-134,
7.633333333333333,0.0,1.0,0.7952877710967831,1.8875898145298538e-132,0.0,4.924143294547996e-16,0.7108653011134364,0.9999999719261361,0.047537232362532975,0.025431782807435712,5.735704099843042e-134,
7.6499999999999995,0.0,1.0,0.6466395838845208,9.752493609085596e-132,0.0,4.431728965093197e-16,0.7114799451374934,0.9999999733298293,0.047180703119813976,0.025092692370003236,2.9665184050718677e-133,
7.666666666666667,0.0,1.0,0.9149270394609886,5.016415786154697e-131,0.0,3.988556068583877e-16,0.7120908024421588,0.9999999746633378,0.04682684784641537,0.02475812313840319,1.527494450240173e-132,
7.683333333333334,0.0,1.0,0.6686319178228788,2.5688643965593065e-130,0.0,3.5897004617254893e-16,0.7126978963567797,0.9999999759301709,0.04647564648756726,0.02442801482989115,7.830410610013863e-132,
7.7,0.0,1.0,0.6082374903857569,1.3096602181428905e-129,0.0,3.2307304155529404e-16,0.713301250066975,0.9999999771336623,0.0461270791389105,0.024102307965492602,3.996333732263233e-131,
7.716666666666667,0.0,1.0,0.9324079825419415,6.647309408373738e-129,0.0,2.9076573739976464e-16,0.7139008866155208,0.9999999782769792,0.04578112604536867,0.023780943859286034,2.0305388144399612e-130,
7.733333333333333,0.0,1.0,0.6075427413622017,3.358945480265737e-128,0.0,2.6168916365978816e-16,0.7144968289032303,0.9999999793631302,0.045437767600028406,0.023463864607828885,1.027148397737774e-129,
7.75,0.0,1.0,0.7451179210989619,1.6897786467766365e-127,0.0,2.3552024729380934e-16,0.7150890996898289,0.9999999803949737,0.045096984343028196,0.0231510130797245,5.1728210894591746e-129,
7.766666666666667,0.0,1.0,0.873967263495609,8.463041744197637e-127,0.0,2.119682225644284e-16,0.7156777215948232,0.999999981375225,0.04475875696045548,0.022842332905328173,2.5935469068203967e-128,
7.783333333333333,0.0,1.0,0.6896215857195591,4.219810521416591e-126,0.0,1.9077140030798558e-16,0.7162627170983645,0.9999999823064638,0.044423066283252065,0.022537768466590464,1.2945927112206445e-127,
7.8,0.0,1.0,0.6403298101618665,2.094735633454604e-125,0.0,1.7169426027718702e-16,0.7168441085421077,0.9999999831911406,0.044089893286127675,0.022237264887035924,6.433460317934298e-127,
7.816666666666666,0.0,1.0,0.6364089079583781,1.0352262904273107e-124,0.0,1.5452483424946833e-16,0.7174219181300645,0.9999999840315835,0.04375921908648172,0.021940768021875445,3.182940581493781e-126,
7.833333333333333,0.0,1.0,0.7006864382686604,5.093439679049522e-124,0.0,1.390723508245215e-16,0.7179961679294515,0.9999999848300043,0.043431024943333105,0.02164822444825044,1.5677791682430825e-125,
7.85,0.0,1.0,0.4824718627197706,2.494921261383294e-123,0.0,1.2516511574206934e-16,0.7185668798715329,0.9999999855885041,0.04310529225625811,0.021359581455607103,7.688006086875797e-125,
7.866666666666666,0.0,1.0,0.6366743795370491,1.2166686652450283e-122,0.0,1.126486041678624e-16,0.7191340757524577,0.9999999863090789,0.042782002564336175,0.021074787036199007,3.7533151877231484e-124,
7.883333333333333,0.0,1.0,0.62265646740383,5.906872606681747e-122,0.0,1.0138374375107617e-16,0.7196977772340928,0.999999986993625,0.04246113754510365,0.020793789875716354,1.8242689253861103e-123,
7.8999999999999995,0.0,1.0,0.8299254430459051,2.8550432280123816e-121,0.0,9.124536937596855e-17,0.7202580058448498,0.9999999876439438,0.04214267901351538,0.020516539344040137,8.827448840485807e-123,
7.916666666666667,0.0,1.0,0.5130243537796717,1.3738444836402372e-120,0.0,8.212083243837169e-17,0.7208147829805073,0.9999999882617466,0.04182660892091401,0.0202429854861196,4.252595751751936e-122,
7.933333333333334,0.0,1.0,0.45361787651750674,6.581611794664017e-120,0.0,7.390874919453451e-17,0.7213681299050282,0.9999999888486593,0.04151290935400716,0.01997307901297134,2.0396025859835797e-121,
7.95,0.0,1.0,0.6675717646421445,3.139039301485768e-119,0.0,6.651787427508106e-17,0.7219180677513717,0.9999999894062263,0.041201562533852105,0.019706771292798388,9.73889282710253e-121,
7.966666666666667,0.0,1.0,0.5523411300390928,1.4904967936596296e-118,0.0,5.986608684757296e-17,0.7224646175223001,0.999999989935915,0.040892550814848216,0.01944401434222774,4.6296292978564364e-120,
7.983333333333333,0.0,1.0,0.6588120354557535,7.045878361467581e-118,0.0,5.3879478162815664e-17,0.7230078000911815,0.9999999904391192,0.040585856683736855,0.019184760817664705,2.1910660323502508e-119,
8.0,0.0,1.0,0.6659091827036301,3.31595813544723e-117,0.0,4.84915303465341e-17,0.7235476362027864,0.9999999909171633,0.040281462758608826,0.01892896400676251,1.03237469504038e-118,
8.016666666666666,0.0,1.0,0.8160891798693224,1.5536483877386736e-116,0.0,4.364237731188069e-17,0.7240841464740804,0.9999999913713051,0.03997935178791926,0.018676577820005678,4.842748229421258e-118,
8.033333333333333,0.0,1.0,0.6211795017795926,7.247133153982764e-116,0.0,3.927813958069262e-17,0.7246173513950113,0.9999999918027399,0.039679506649509866,0.018427556782405603,2.2616172397662496e-117,
8.05,0.0,1.0,0.7096371346556758,3.3654996153933005e-115,0.0,3.535032562262336e-17,0.7251472713292918,0.9999999922126029,0.03938191034963854,0.01818185602530686,1.0515235784075758e-116,
8.066666666666666,0.0,1.0,0.43034902247289175,1.5559751330628293e-114,0.0,3.181529306036102e-17,0.7256739265151773,0.9999999926019728,0.03908654602201625,0.01793943127830277,4.8673394898986794e-116,
8.083333333333334,0.0,1.0,0.6397789150753757,7.161855611215844e-114,0.0,2.863376375432492e-17,0.7261973370662383,0.9999999929718741,0.038793396926851124,0.01770023886125873,2.2430398840169217e-115,
8.1,0.0,1.0,0.9343606573846266,3.2818465619912706e-113,0.0,2.577038737889243e-17,0.7267175229721294,0.9999999933232804,0.03850244644989974,0.01746423567644195,1.0290941444660172e-114,
8.116666666666667,0.0,1.0,0.6648118728715836,1.4972033356708416e-112,0.0,2.3193348641003186e-17,0.727234504099352,0.9999999936571163,0.03821367810152549,0.017231379200756056,4.700520946388474e-114,
8.133333333333333,0.0,1.0,0.6524253222313496,6.800065594042793e-112,0.0,2.0874013776902868e-17,0.7277483001920132,0.9999999939742605,0.03792707551576405,0.017001627478079307,2.1375174657523022e-113,
8.15,0.0,1.0,0.5745618162804558,3.0747883026232197e-111,0.0,1.878661239921258e-17,0.7282589308725802,0.9999999942755475,0.03764262244939582,0.016774939111704915,9.677120898975696e-113,
8.166666666666666,0.0,1.0,0.7695801147623109,1.384162696641929e-110,0.0,1.6907951159291324e-17,0.7287664156426293,0.9999999945617701,0.037360302781025354,0.016551273256882184,4.361697049029857e-112,
8.183333333333334,0.0,1.0,0.6972407241148632,6.203386829110324e-110,0.0,1.5217156043362192e-17,0.7292707738835911,0.9999999948336816,0.03708010051016766,0.016330589613457087,1.957211165997858e-111,
8.2,0.0,1.0,0.507575976844351,2.7678362235851154e-109,0.0,1.3695440439025973e-17,0.7297720248574899,0.9999999950919976,0.03680199975634141,0.016112848418610992,8.743649699086238e-111,
8.216666666666667,0.0,1.0,0.7042121403804672,1.2294807015113085e-108,0.0,1.2325896395123376e-17,0.7302701877076804,0.9999999953373977,0.036525984758168845,0.01589801043969618,3.8888457228315916e-110,
8.233333333333333,0.0,1.0,0.6312127055811799,5.4371691740439255e-108,0.0,1.1093306755611038e-17,0.730765281459578,0.9999999955705278,0.03625203987248258,0.015686036967166896,1.7219542128072283e-109,
8.25,0.0,1.0,0.669773327413208,2.3938326056448315e-107,0.0,9.983976080049934e-18,0.7312573250213857,0.9999999957920014,0.03598014957343896,0.01547688980760467,7.590937691015517e-109,
8.266666666666666,0.0,1.0,0.48641991861029366,1.049263371505878e-106,0.0,8.98557847204494e-18,0.7317463371848164,0.9999999960024013,0.035710298451638166,0.015270531276836608,3.331518414898253e-108,
8.283333333333333,0.0,1.0,0.7619684682993543,4.578730152275116e-106,0.0,8.087020624840446e-18,0.7322323366258102,0.9999999962022812,0.03544247121325088,0.015066924193145453,1.4556668638652253e-107,
8.3,0.0,1.0,0.5991841127121295,1.98918597298785e-105,0.0,7.278318562356401e-18,0.7327153419052481,0.9999999963921671,0.035176652679151495,0.01486603187057018,6.332202319389828e-107,
8.316666666666666,0.0,1.0,0.5393806753339491,8.603507256902428e-105,0.0,6.550486706120761e-18,0.7331953714696602,0.9999999965725588,0.03491282778405786,0.014667818112295911,2.7423355904721205e-106,
8.333333333333334,0.0,1.0,0.501137345828676,3.70463540500496e-104,0.0,5.895438035508685e-18,0.7336724436519309,0.9999999967439308,0.03465098157567743,0.014472247204131965,1.1823865241439752e-105,
8.35,0.0,1.0,0.5499100372787574,1.5881269616031523e-103,0.0,5.305894231957816e-18,0.7341465766719987,0.9999999969067342,0.03439109921385985,0.014279283908076873,5.075413369229578e-105,
8.366666666666667,0.0,1.0,0.7030550393183426,6.777893912842297e-103,0.0,4.7753048087620346e-18,0.734617788637552,0.9999999970613975,0.0341331659697559,0.01408889345596918,2.1689845929065292e-104,
8.383333333333333,0.0,1.0,0.591842092437942,2.879878181158774e-102,0.0,4.297774327885831e-18,0.7350860975447209,0.9999999972083277,0.033877167224982734,0.013901041543222924,9.228149845116414e-104,
8.4,0.0,1.0,0.7793772648449737,1.2182131138138901e-101,0.0,3.867996895097248e-18,0.7355515212787641,0.9999999973479112,0.03362308847079536,0.013715694322646618,3.9088225525106717e-103,
8.416666666666666,0.0,1.0,0.7455630452176412,5.130293664316542e-101,0.0,3.481197205587523e-18,0.7360140776147526,0.9999999974805157,0.033370915307264395,0.013532818398344663,1.6483538362602495e-102,
8.433333333333334,0.0,1.0,0.8615794208573816,2.1509533068229545e-100,0.0,3.1330774850287706e-18,0.7364737842182477,0.9999999976064899,0.03312063344245991,0.013352380819700067,6.920351046767871e-102,
8.45,0.0,1.0,0.8184031855255938,8.978205517021675e-100,0.0,2.8197697365258936e-18,0.7369306586459765,0.9999999977261654,0.03287222869164146,0.0131743490754374,2.892537686673223e-101,
8.466666666666667,0.0,1.0,0.7290498284181443,3.7309369036899325e-99,0.0,2.537792762873304e-18,0.7373847183465018,0.9999999978398572,0.032625686976454155,0.012998691087764901,1.2036581746709584e-100,
8.483333333333333,0.0,1.0,0.5174717895701204,1.543533532554235e-98,0.0,2.2840134865859737e-18,0.7378359806608887,0.9999999979478643,0.032380994324130746,0.012825375206594703,4.986554625965697e-100,
8.5,0.0,1.0,0.7858284696596484,6.357465841094478e-98,0.0,2.055612137927376e-18,0.7382844628233671,0.9999999980504711,0.032138136866699765,0.012654370203840108,2.0567015940271364e-99,
8.516666666666666,0.0,1.0,0.8412817065755163,2.6068845866401127e-97,0.0,1.8500509241346385e-18,0.7387301819619896,0.9999999981479476,0.03189710084019952,0.012485645267788906,8.445304364718005e-99,
8.533333333333333,0.0,1.0,0.7561496141448977,1.0642149988341998e-96,0.0,1.6650458317211746e-18,0.7391731550992854,0.9999999982405502,0.031657872583898024,0.01231916999755172,3.4524919145539406e-98,
8.55,0.0,1.0,0.7874824841286471,4.325205524206475e-96,0.0,1.4985412485490572e-18,0.7396133991529112,0.9999999983285227,0.031420438539518786,0.012154914397584364,1.4051523139194077e-97,
8.566666666666666,0.0,1.0,0.643405588258306,1.750063974433158e-95,0.0,1.3486871236941514e-18,0.7400509309362967,0.9999999984120965,0.031184785250472396,0.011992848872283239,5.693607566252267e-97,
8.583333333333334,0.0,1.0,0.6302245946749249,7.049704333397728e-95,0.0,1.2138184113247364e-18,0.7404857671592867,0.9999999984914917,0.030950899361093853,0.011832944220652796,2.2968100373750386e-96,
8.6,0.0,1.0,0.5369133147321141,2.8272074941568306e-94,0.0,1.0924365701922628e-18,0.7409179244287796,0.9999999985669171,0.03071876761588565,0.011675171631044092,9.224356341175609e-96,
8.616666666666667,0.0,1.0,0.7875461438284543,1.1287928922039858e-93,0.0,9.831929131730365e-19,0.7413474192493612,0.9999999986385713,0.030488376858766507,0.011519502675963503,3.6882515966581125e-95,
8.633333333333333,0.0,1.0,0.6190073116311766,4.4868407043257245e-93,0.0,8.84873621855733e-19,0.7417742680239358,0.9999999987066427,0.030259714032325757,0.011365909306950656,1.4681773057110337e-94,
8.65,0.0,1.0,0.5201909917356273,1.7755660745538397e-92,0.0,7.963862596701596e-19,0.7421984870543517,0.9999999987713105,0.030032766177083312,0.011214363849524648,5.818486104714198e-94,
8.666666666666666,0.0,1.0,0.4035751587539995,6.995243362521192e-92,0.0,7.167476337031436e-19,0.7426200925420243,0.999999998832745,0.02980752043075519,0.011064838998197653,2.295699559335192e-93,
8.683333333333334,0.0,1.0,0.5350105442231251,2.7437126146544804e-91,0.0,6.450728703328292e-19,0.743039100588555,0.9999999988911078,0.029583964027524525,0.010917307811555019,9.017656379531822e-93,
8.7,0.0,1.0,0.7231157430355061,1.07138167586688e-90,0.0,5.805655832995463e-19,0.7434555271963458,0.9999999989465524,0.02936208429731809,0.010771743707400952,3.5265165302060763e-92,
8.716666666666667,0.0,1.0,0.6088380149411708,4.165044163799998e-90,0.0,5.225090249695916e-19,0.7438693882692103,0.9999999989992249,0.029141868665088205,0.01062812045796894,1.373004003561048e-91,
8.733333333333333,0.0,1.0,0.4764548708585341,1.611999154297898e-89,0.0,4.702581224726325e-19,0.7442806996129818,0.9999999990492636,0.028923304650100044,0.01048641218519602,5.321956860966205e-91,
8.75,0.0,1.0,0.7508287171095682,6.21126145610069e-89,0.0,4.232323102253693e-19,0.7446894769361162,0.9999999990968005,0.028706379865224292,0.010346593356060073,2.053735884369966e-90,
8.766666666666666,0.0,1.0,0.7714212179397645,2.3826739365878833e-88,0.0,3.8090907920283235e-19,0.7450957358502923,0.9999999991419605,0.02849108201623511,0.010208638777979272,7.890264414952079e-90,
8.783333333333333,0.0,1.0,0.7418112360360644,9.099535422932144e-88,0.0,3.428181712825491e-19,0.7454994918710081,0.9999999991848625,0.02827739890111335,0.010072523594272883,3.0179516427698203e-89,
8.8,0.0,1.0,0.7446580241921802,3.4597413168418437e-87,0.0,3.085363541542942e-19,0.7459007604181728,0.9999999992256193,0.028065318409355,0.009938223279682577,1.1492295360851313e-88,
8.816666666666666,0.0,1.0,0.8145601181179389,1.3095975031168248e-86,0.0,2.776827187388648e-19,0.7462995568166965,0.9999999992643384,0.027854828521284836,0.009805713635953476,4.3568749444690355e-88,
8.833333333333334,0.0,1.0,0.7651910855614789,4.935166974870212e-86,0.0,2.499144468649783e-19,0.746695896297075,0.9999999993011215,0.0276459173073752,0.009674970787474096,1.64443704959199e-87,
8.85,0.0,1.0,0.8137107762215509,1.8515509447167263e-85,0.0,2.249230021784805e-19,0.7470897939959714,0.9999999993360654,0.027438572927569887,0.009545971176974442,6.179214695213048e-87,
8.866666666666667,0.0,1.0,0.6429995000846923,6.915749965701809e-85,0.0,2.0243070196063246e-19,0.7474812649567946,0.9999999993692622,0.027232783630613114,0.00941869156128145,2.3116560765325556e-86,
8.883333333333333,0.0,1.0,0.9265395199071198,2.5716549844807757e-84,0.0,1.8218763176456922e-19,0.7478703241302732,0.9999999994007991,0.027028537753383517,0.009293109007131031,8.609681634668477e-86,
8.9,0.0,1.0,0.7777416228032972,9.520415981400849e-84,0.0,1.639688685881123e-19,0.7482569863750272,0.9999999994307591,0.02682582372023314,0.00916920088703595,3.192456076434804e-85,
8.916666666666666,0.0,1.0,0.9894979995605112,3.5088834968993215e-83,0.0,1.4757198172930108e-19,0.7486412664581351,0.9999999994592211,0.02662463004233139,0.009046944875208804,1.1785194846402861e-84,
8.933333333333334,0.0,1.0,0.49153278354384805,1.2875134522237719e-82,0.0,1.3281478355637098e-19,0.7490231790556977,0.9999999994862601,0.026424945317013906,0.008926318943539353,4.33134356847172e-84,
8.95,0.0,1.0,0.805359742294542,4.703318659845941e-82,0.0,1.1953330520073387e-19,0.7494027387533987,0.9999999995119471,0.026226758227136302,0.008807301357625495,1.5848295614815273e-83,
8.966666666666667,0.0,1.0,0.8177753848544005,1.7105147960042647e-81,0.0,1.0757997468066049e-19,0.7497799600470622,0.9999999995363498,0.02603005754043278,0.008689870672857156,5.773199803219807e-83,
8.983333333333333,0.0,1.0,0.6347299911960779,6.193256520695321e-81,0.0,9.682197721259443e-20,0.7501548573432055,0.9999999995595323,0.025834832108879536,0.008574005730552394,2.0937495988383737e-82,
9.0,0.0,1.0,0.7042933168970321,2.2324467278928863e-80,0.0,8.713977949133499e-20,0.7505274449595903,0.9999999995815557,0.02564107086806294,0.008459685654145028,7.559743422292031e-82,
9.016666666666666,0.0,1.0,0.7139172632896792,8.011483494001078e-80,0.0,7.842580154220149e-20,0.7508977371257685,0.999999999602478,0.025448762836552466,0.008346889845423094,2.7174625374935304e-81,
9.033333333333333,0.0,1.0,0.669285781475389,2.8622962563174235e-79,0.0,7.058322138798134e-20,0.7512657479836261,0.9999999996223541,0.025257897115278323,0.008235597980817452,9.725105130612782e-81,
9.05,0.0,1.0,0.5145302111511996,1.0180896564402939e-78,0.0,6.35248992491832e-20,0.7516314915879236,0.9999999996412364,0.025068462886913737,0.008125790007739886,3.464968634349583e-80,
9.066666666666666,0.0,1.0,0.5463649200268881,3.6051826307433184e-78,0.0,5.717240932426488e-20,0.7519949819068323,0.9999999996591746,0.024880449415261883,0.008017446140970021,1.2290756333039761e-79,
9.083333333333334,0.0,1.0,0.6756921533847743,1.270978831229992e-77,0.0,5.145516839183839e-20,0.752356232822468,0.9999999996762159,0.02469384604464742,0.007910546859090421,4.3404248707082715e-79,
9.1,0.0,1.0,0.7032784101062878,4.460865887714033e-77,0.0,4.630965155265455e-20,0.7527152581314209,0.999999999692405,0.024508642199312564,0.007805072900969216,1.5260200746143455e-78,
9.116666666666667,0.0,1.0,0.5652846386040569,1.5587261396491373e-76,0.0,4.1678686397389096e-20,0.7530720715452829,0.9999999997077847,0.02432482738281772,0.007701005262289626,5.341492892381131e-78,
9.133333333333333,0.0,1.0,0.5726413571063557,5.4223840328376535e-76,0.0,3.751081775765019e-20,0.753426686691171,0.9999999997223955,0.024142391177446584,0.0075983251921257645,1.8613991179858135e-77,
9.15,0.0,1.0,0.6033488843310014,1.8779348826836792e-75,0.0,3.375973598188517e-20,0.7537791171122479,0.9999999997362757,0.023961323243615735,0.007497014189564087,6.457892779824587e-77,
9.166666666666666,0.0,1.0,0.7245198251810255,6.475012151123673e-75,0.0,3.0383762383696656e-20,0.7541293762682388,0.999999999749462,0.023781613319288616,0.0073970540003698996,2.2305741810269265e-76,
9.183333333333334,0.0,1.0,0.4976334793365067,2.222646770164262e-74,0.0,2.734538614532699e-20,0.7544774775359463,0.9999999997619888,0.023603251219393953,0.007298426613698301,7.670383239841018e-76,
9.2,0.0,1.0,0.49051209992613154,7.595740376828689e-74,0.0,2.461084753079429e-20,0.7548234342097603,0.9999999997738894,0.023426226835248497,0.00720111425884899,2.625983816918405e-75,
9.216666666666667,0.0,1.0,0.6907997004528954,2.584280066418154e-73,0.0,2.214976277771486e-20,0.7551672595021663,0.9999999997851949,0.023250530133984135,0.007105099402064337,8.950383723219334e-75,
9.233333333333333,0.0,1.0,0.5672165478395764,8.753441741213192e-73,0.0,1.9934786499943373e-20,0.75550896654425,0.9999999997959352,0.023076151157979254,0.007010364743370146,3.0371478255108525e-74,
9.25,0.0,1.0,0.6502575411588428,2.9518067114557946e-72,0.0,1.7941307849949037e-20,0.7558485683861986,0.9999999998061385,0.02290308002429441,0.006916893213458544,1.0260414635088084e-73,
9.266666666666666,0.0,1.0,0.7469580289742798,9.909843326264564e-72,0.0,1.6147177064954134e-20,0.7561860779977994,0.9999999998158315,0.022731306924112203,0.006824667970612429,3.450949760648825e-73,
9.283333333333333,0.0,1.0,0.8044931742787765,3.3121916898856777e-71,0.0,1.453245935845872e-20,0.7565215082689345,0.99999999982504,0.02256082212218136,0.0067336723976709305,1.1555457550582573e-72,
9.3,0.0,1.0,0.6213489797423676,1.1021328328658067e-70,0.0,1.3079213422612847e-20,0.7568548720100744,0.999999999833788,0.022391615956265,0.006643890099035318,3.852214669664432e-72,
9.316666666666666,0.0,1.0,0.8427852362395314,3.651087320410436e-70,0.0,1.1771292080351562e-20,0.7571861819527657,0.9999999998420985,0.022223678836593014,0.0065553048977148465,1.2785233976130162e-71,
9.333333333333334,0.0,1.0,0.5237567857150276,1.2041492001198064e-69,0.0,1.0594162872316406e-20,0.7575154507501183,0.9999999998499935,0.022057001245318567,0.006467900832411982,4.224562951943844e-71,
9.35,0.0,1.0,0.7861606040317501,3.953740719869763e-69,0.0,9.534746585084766e-21,0.7578426909772886,0.9999999998574939,0.02189157373597868,0.006381662154646489,1.3897281030343977e-70,
9.366666666666667,0.0,1.0,0.5106721898608624,1.2924265525602942e-68,0.0,8.581271926576289e-21,0.7581679151319594,0.9999999998646192,0.021727386932958836,0.006296573325917869,4.551482567168607e-70,
9.383333333333333,0.0,1.0,0.5228910974472747,4.2060396317816425e-68,0.0,7.72314473391866e-21,0.7584911356348172,0.9999999998713882,0.021564431530961645,0.0062126190149056305,1.4840582921923372e-69,
9.4,0.0,1.0,0.7270666315492833,1.362732618933601e-67,0.0,6.950830260526795e-21,0.758812364830027,0.9999999998778188,0.02140269829447943,0.006129784094706889,4.817526491933445e-69,
9.416666666666666,0.0,1.0,0.5753546286655934,4.3955957494374765e-67,0.0,6.255747234474115e-21,0.7591316149857034,0.999999999883928,0.021242178057270834,0.006048053640110797,1.5569418127544229e-68,
9.433333333333334,0.0,1.0,0.5045330042699574,1.411544714978064e-66,0.0,5.630172511026703e-21,0.7594488982943789,0.9999999998897315,0.021082861721841303,0.00596741292490932,5.009516546196589e-68,
9.45,0.0,1.0,0.5259161107665793,4.512750657483477e-66,0.0,5.067155259924033e-21,0.7597642268734702,0.9999999998952449,0.020924740258927495,0.005887847419243863,1.6047022292056702e-67,
9.466666666666667,0.0,1.0,0.6192013709202017,1.4363419288075795e-65,0.0,4.5604397339316296e-21,0.7600776127657406,0.9999999999004827,0.020767804706985537,0.005809342786987278,5.1176236954562497e-67,
9.483333333333333,0.0,1.0,0.5469218018354494,4.551390941153406e-65,0.0,4.104395760538467e-21,0.7603890679397597,0.9999999999054586,0.020612046171683145,0.005731884883160781,1.6248659532614668e-66,
9.5,0.0,1.0,0.5464740669450107,1.435820816857123e-64,0.0,3.6939561844846205e-21,0.7606986042903608,0.9999999999101857,0.020457455825395522,0.005655459751385304,5.13620172547321e-66,
9.516666666666666,0.0,1.0,0.6799805854079045,4.509476755002481e-64,0.0,3.3245605660361586e-21,0.7610062336390954,0.9999999999146765,0.020304024906705055,0.005580053621366833,1.616374520878472e-65,
9.533333333333333,0.0,1.0,0.47743058855475756,1.4100089261084687e-63,0.0,2.9921045094325426e-21,0.7613119677346838,0.9999999999189426,0.020151744719904767,0.005505652906415275,5.0642758836074e-65,
9.55,0.0,1.0,0.5226572804522868,4.3892202446370663e-63,0.0,2.6928940584892885e-21,0.761615818253465,0.9999999999229955,0.02000060663450548,0.0054322442009964046,1.5796766597772063e-64,
9.566666666666666,0.0,1.0,0.53730840253904,1.3602623813676024e-62,0.0,2.4236046526403597e-21,0.7619177967998418,0.9999999999268457,0.019850602084746687,0.005359814278316452,4.905627623998269e-64,
9.583333333333334,0.0,1.0,0.7643887547721481,4.196892100425649e-62,0.0,2.1812441873763235e-21,0.7622179149067242,0.9999999999305035,0.019701722569111086,0.0052883500879389,1.5166890006936458e-63,
9.6,0.0,1.0,0.7689686789693687,1.2891478317104361e-61,0.0,1.963119768638691e-21,0.7625161840359698,0.9999999999339783,0.019553959649842752,0.0052178387534330475,4.6684652012701903e-63,
9.616666666666667,0.0,1.0,0.8303310910344417,3.942279787695007e-61,0.0,1.766807791774822e-21,0.7628126155788215,0.9999999999372794,0.01940730495246893,0.0051482675700539405,1.4306302200450093e-62,
9.633333333333333,0.0,1.0,0.6959499271573393,1.2002230597297137e-60,0.0,1.5901270125973397e-21,0.763107220856343,0.9999999999404154,0.019261750165325414,0.005079624002453221,4.364720051328754e-62,
9.65,0.0,1.0,0.7018943718980172,3.637862600504073e-60,0.0,1.4311143113376057e-21,0.7634000111198505,0.9999999999433946,0.019117287039085475,0.005011895682420511,1.3257485904300104e-61,
9.666666666666666,0.0,1.0,0.8389352999017501,1.0977423514617844e-59,0.0,1.2880028802038452e-21,0.763690997551343,0.9999999999462249,0.018973907386292333,0.004945070406654904,4.009052902048205e-61,
9.683333333333334,0.0,1.0,0.6992631810480371,3.2978002753087256e-59,0.0,1.1592025921834606e-21,0.7639801912639288,0.9999999999489136,0.01883160308089514,0.0048791361345661725,1.2069750286465218e-60,
9.7,0.0,1.0,0.8496799630049825,9.863205513042517e-59,0.0,1.0432823329651146e-21,0.7642676033022503,0.9999999999514679,0.018690366057788427,0.00481408098610529,3.617684760803544e-60,
9.716666666666667,0.0,1.0,0.8335077128185195,2.9368489963335518e-58,0.0,9.389540996686031e-22,0.7645532446429056,0.9999999999538945,0.018550188312355012,0.0047498932396238865,1.0795410142862862e-59,
9.733333333333333,0.0,1.0,0.6528043787959095,8.705925652612958e-58,0.0,8.450586897017428e-22,0.7648371261948681,0.9999999999561998,0.01841106190001235,0.18228656132976223,3.207182091027933e-59,posture_settle
9.75,0.0,1.0,0.7107273178098376,2.5693193835630496e-57,0.0,7.605528207315685e-22,0.7651192587999026,0.9999999999583898,0.018272978935762255,0.1798560738453654,9.486023341686524e-59,
9.766666666666666,0.0,1.0,0.6856898808902984,7.549027977815499e-57,0.0,6.844975386584117e-22,0.7653996532329795,0.9999999999604704,0.018135931593744038,0.17745799286076053,2.793321438693189e-58,
9.783333333333333,0.0,1.0,0.8838827501256261,2.208176475351167e-56,0.0,6.160477847925705e-22,0.7656783202026867,0.9999999999624469,0.017999912106790958,0.1750918862892837,8.18905618766504e-58,
9.8,0.0,1.0,0.9605388006902077,6.430523431606037e-56,0.0,5.544430063133134e-22,0.7659552703516379,0.9999999999643245,0.017864912765990025,0.1727573278054266,2.3901384295179932e-57,
9.816666666666666,0.0,1.0,0.61212682559952,1.86435526514356e-55,0.0,4.989987056819821e-22,0.7662305142568798,0.9999999999661083,0.0177309259202451,0.17045389676802092,6.945261193491239e-57,
9.833333333333334,0.0,1.0,0.6016877614690554,5.381220950999585e-55,0.0,4.490988351137838e-22,0.7665040624302956,0.9999999999678029,0.01759794397584326,0.1681811781444473,2.0092338867425349e-56,
9.85,0.0,1.0,0.30549918730668113,1.546332121705965e-54,0.0,4.0418895160240544e-22,0.7667759253190062,0.9999999999694127,0.01746595939602444,0.16593876243585468,5.786938228142335e-56,
9.866666666666667,0.0,1.0,0.5887813355771381,4.4237903093324965e-54,0.0,3.637700564421649e-22,0.7670461133057701,0.999999999970942,0.017334964700554255,0.16372624560337662,1.659371779145147e-55,
9.883333333333333,0.0,1.0,0.5525634606921138,1.2599580645877057e-53,0.0,3.273930507979484e-22,0.7673146367093787,0.999999999972395,0.0172049524653001,0.1615432289953316,4.7371279365051955e-55,
9.9,0.0,1.0,0.42125874498602467,3.5726251459261546e-53,0.0,2.9465374571815356e-22,0.7675815057850517,0.9999999999737752,0.01707591532181035,0.15938931927539385,1.3463660439300775e-54,
9.916666666666666,0.0,1.0,0.6476787253025595,1.0085295161309269e-52,0.0,2.651883711463382e-22,0.7678467307248277,0.9999999999750865,0.016947845956896773,0.15726412835172193,3.809674486743534e-54,
9.933333333333334,0.0,1.0,0.3755070022772537,2.834389807817767e-52,0.0,2.386695340317044e-22,0.7681103216579538,0.9999999999763322,0.016820737112220048,0.1551672733070323,1.073221427119363e-53,
9.95,0.0,1.0,0.5535069676655284,7.930495893611712e-52,0.0,2.1480258062853397e-22,0.7683722886512727,0.9999999999775155,0.016694581583878397,0.1530983763296052,3.0100077195144567e-53,
9.966666666666667,0.0,1.0,0.6166628114667695,2.2090773043730236e-51,0.0,1.9332232256568057e-22,0.768632641709607,0.9999999999786398,0.01656937222199931,0.1510570646452105,8.40471046574031e-53,
9.983333333333333,0.0,1.0,0.4742381023519419,6.126201613679262e-51,0.0,1.739900903091125e-22,0.768891390776141,0.9999999999797078,0.016445101930334317,0.14904297044994103,2.336441128243939e-52,
10.0,0.0,1.0,0.7528088890648094,1.6913810449423102e-50,0.0,1.5659108127820125e-22,0.769148545732801,0.9999999999807224,0.01632176366585681,0.1470557308439418,6.466420334490718e-52,
10.016666666666666,0.0,1.0,0.8025493144169272,4.649020223096364e-50,0.0,1.4093197315038113e-22,0.7694041164006322,0.9999999999816863,0.016199350438362885,0.1450949877660226,1.7817636328848153e-51,
10.033333333333333,0.0,1.0,0.533629497619185,1.2721877628911627e-49,0.0,1.2683877583534302e-22,0.769658112540174,0.999999999982602,0.016077855310075165,0.1431603879291423,4.887799544511031e-51,
10.05,0.0,1.0,0.5517700462883511,3.465858234102926e-49,0.0,1.141548982518087e-22,0.7699105438518328,0.9999999999834719,0.015957271395249602,0.14125158275675373,1.3349158452821821e-50,
10.066666666666666,0.0,1.0,0.8088736784259338,9.400266748375886e-49,0.0,1.0273940842662784e-22,0.7701614199762523,0.9999999999842983,0.01583759185978523,0.139368228319997,3.6297077943905106e-50,
10.083333333333334,0.0,1.0,0.7429329422219894,2.5382790364776224e-48,0.0,9.246546758396506e-23,0.7704107504946819,0.9999999999850834,0.01571880992083684,0.13750998527573038,9.825774304800798e-50,
10.1,0.0,1.0,0.6046316232336622,6.823518142975385e-48,0.0,8.321892082556856e-23,0.7706585449293425,0.9999999999858292,0.015600918846430565,0.1356765188053873,2.648130111730567e-49,
10.116666666666667,0.0,1.0,0.7111653746844641,1.8261949630526418e-47,0.0,7.489702874301171e-23,0.7709048127437903,0.9999999999865378,0.015483911955082336,0.1338674985546488,7.105413256571738e-49,
10.133333333333333,0.0,1.0,0.7237005387029332,4.865816568285416e-47,0.0,6.740732586871053e-23,0.7711495633432779,0.9999999999872109,0.015367782615419217,0.13208259857392016,1.8980905357126002e-48,
10.15,0.0,1.0,0.7035460060677243,1.2907262050141147e-46,0.0,6.066659328183947e-23,0.7713928060751138,0.9999999999878504,0.015252524245803574,0.1303214972596012,5.0480324575241687e-48,
10.166666666666666,0.0,1.0,0.7992986378552405,3.4086493258744314e-46,0.0,5.459993395365553e-23,0.7716345502290194,0.9999999999884579,0.015138130313960047,0.12858387729613985,1.3366110935627094e-47,
10.183333333333334,0.0,1.0,0.7219856944952113,8.961904743534253e-46,0.0,4.913994055828997e-23,0.7718748050374834,0.999999999989035,0.015024594336605347,0.12686942559885797,3.5234309702545787e-47,
10.2,0.0,1.0,0.8623356567512327,2.345784568207489e-45,0.0,4.4225946502460973e-23,0.7721135796761149,0.9999999999895832,0.014911909879080806,0.12517783325753987,9.247074004911702e-47,
10.216666666666667,0.0,1.0,0.7890413545312737,6.112878006138615e-45,0.0,3.9803351852214876e-23,0.7723508832639936,0.999999999990104,0.0148000705549877,0.12350879548077266,2.4161329984954367e-46,
10.233333333333333,0.0,1.0,0.6814168526751643,1.5858902708517384e-44,0.0,3.582301666699339e-23,0.772586724864018,0.9999999999905989,0.014689070025825292,0.12186201154102903,6.2851457954904115e-46,
10.25,0.0,1.0,0.7085388468368827,4.0960980425170453e-44,0.0,3.224071500029405e-23,0.7728211134832516,0.9999999999910689,0.014578902000631602,0.12023718472048198,1.627751003825628e-45,
10.266666666666666,0.0,1.0,0.7222558201151003,1.0532642749893433e-43,0.0,2.9016643500264645e-23,0.7730540580732669,0.9999999999915155,0.014469560235626865,0.11863402225754222,4.196998015929502e-45,
10.283333333333333,0.0,1.0,0.6381267977798806,2.696336972562918e-43,0.0,2.611497915023818e-23,0.7732855675304872,0.9999999999919397,0.014361038533859663,0.11705223529410833,1.0773772840626745e-44,
10.3,0.0,1.0,0.40291092652313965,6.871962519775537e-43,0.0,2.3503481235214363e-23,0.7735156506965264,0.9999999999923427,0.014253330744855715,0.11549153882352022,2.7534373952964604e-44,
10.316666666666666,0.0,1.0,0.6565374767516114,1.7436415109948887e-42,0.0,2.115313311169293e-23,0.7737443163585269,0.9999999999927256,0.014146430764269297,0.1139516516392066,7.005853055191926e-44,
10.333333333333334,0.0,1.0,0.5720701700615376,4.404569018325178e-42,0.0,1.9037819800523635e-23,0.7739715732494947,0.9999999999930893,0.014040332533537278,0.11243229628401719,1.7747016466989798e-43,
10.35,0.0,1.0,0.7735466423072417,1.1076930781031588e-41,0.0,1.7134037820471272e-23,0.7741974300486334,0.9999999999934348,0.013935030039535749,0.11093319900023028,4.475775326827523e-43,
10.366666666666667,0.0,1.0,0.6112169023927205,2.773353734721681e-41,0.0,1.5420634038424145e-23,0.7744218953816755,0.9999999999937631,0.01383051731423923,0.10945408968022721,1.1238022268677249e-42,
10.383333333333333,0.0,1.0,0.6872371895768364,6.912909846619779e-41,0.0,1.387857063458173e-23,0.7746449778212116,0.999999999994075,0.013726788434382436,0.10799470181782418,2.8092492431948295e-42,
10.4,0.0,1.0,0.6895567887299915,1.715482619190317e-40,0.0,1.2490713571123558e-23,0.7748666858870181,0.9999999999943712,0.013623837521124569,0.10655477246025319,6.991486454303064e-42,
10.416666666666666,0.0,1.0,0.8776289650786786,4.238201039528997e-40,0.0,1.1241642214011202e-23,0.7750870280463825,0.9999999999946526,0.013521658739716134,0.10513404216078315,1.7323184217328674e-41,
10.433333333333334,0.0,1.0,0.721261878180302,1.0424292462534642e-39,0.0,1.0117477992610082e-23,0.7753060127144268,0.99999999999492,0.013420246299168263,0.1037322549319727,4.27331566430603e-41,
10.45,0.0,1.0,0.6883658899561151,2.5525921152232726e-39,0.0,9.105730193349074e-24,0.7755236482544287,0.999999999995174,0.013319594451924502,0.1023491581995464,1.0494974013078747e-40,
10.466666666666667,0.0,1.0,0.7736935563487513,6.222803133318693e-39,0.0,8.195157174014167e-24,0.7757399429781411,0.9999999999954152,0.013219697493535068,0.10098450275688578,2.566120211867985e-40,
10.483333333333333,0.0,1.0,0.6938515905193692,1.5102905407721747e-38,0.0,7.37564145661275e-24,0.7759549051461099,0.9999999999956445,0.013120549762333554,0.0996380427201273,6.246718865341445e-40,
10.5,0.0,1.0,0.7694447084348236,3.6492594830238295e-38,0.0,6.638077310951475e-24,0.7761685429679889,0.9999999999958623,0.013022145639116052,0.09830953548385894,1.5139319559307505e-39,
10.516666666666666,0.0,1.0,0.7456959389584655,8.778469215596615e-38,0.0,5.9742695798563276e-24,0.7763808646028536,0.9999999999960691,0.012924479546822682,0.09699874167740749,3.652921020932455e-39,
10.533333333333333,0.0,1.0,0.7691972482384494,2.1023384730222043e-37,0.0,5.376842621870695e-24,0.7765918781595128,0.9999999999962657,0.012827545950221512,0.09570542512170872,8.775135695435647e-39,
10.55,0.0,1.0,0.9515047625383254,5.012521954904135e-37,0.0,4.839158359683625e-24,0.7768015916968185,0.9999999999964524,0.01273133935559485,0.0944293527867526,2.0986843973955545e-38,
10.566666666666666,0.0,1.0,0.6513171315278967,1.1898158224612542e-36,0.0,4.3552425237152625e-24,0.777010013223973,0.9999999999966298,0.012635854310427888,0.0931702947495959,4.997125594245459e-38,
10.583333333333334,0.0,1.0,0.6803186894071939,2.8117259843897867e-36,0.0,3.9197182713437366e-24,0.7772171507008356,0.9999999999967983,0.012541085403099679,0.09192802415293462,1.1846043946891626e-37,
10.6,0.0,1.0,0.6260609902983119,6.61509447671868e-36,0.0,3.527746444209363e-24,0.7774230120382263,0.9999999999969584,0.012447027262576432,0.09070231716422883,2.7958023436608e-37,
10.616666666666667,0.0,1.0,0.7048314803087999,1.5494191174846367e-35,0.0,3.174971799788427e-24,0.7776276050982275,0.9999999999971105,0.01235367455810711,0.08949295293537245,6.569309885311806e-37,
10.633333333333333,0.0,1.0,0.4582110440124622,3.6130300323851083e-35,0.0,2.8574746198095844e-24,0.7778309376944849,0.999999999997255,0.012261021998921305,0.08829971356290081,1.5367856691780455e-36,
10.65,0.0,1.0,0.4961617836861987,8.387722140577626e-35,0.0,2.571727157828626e-24,0.7780330175925054,0.9999999999973922,0.012169064333929395,0.0871223840487288,3.5792104612576155e-36,
10.666666666666666,0.0,1.0,0.5586587073785846,1.9385914864106795e-34,0.0,2.3145544420457635e-24,0.7782338525099542,0.9999999999975225,0.012077796351424924,0.08596075226141241,8.299303839625049e-36,
10.683333333333334,0.0,1.0,0.6189451594055716,4.460652272521291e-34,0.0,2.083098997841187e-24,0.7784334501169492,0.9999999999976464,0.011987212878789236,0.08481460889792691,1.9159170503114353e-35,
10.7,0.0,1.0,0.5444462547428873,1.0218337432164137e-33,0.0,1.8747890980570684e-24,0.7786318180363537,0.9999999999977641,0.011897308782198317,0.08368374744595455,4.403443887227183e-35,
10.716666666666667,0.0,1.0,0.49337306480142784,2.3304077333496598e-33,0.0,1.6873101882513614e-24,0.7788289638440682,0.9999999999978759,0.01180807896633183,0.08256796414667517,1.0076021272292314e-34,
10.733333333333333,0.0,1.0,0.45937817116899027,5.291190379954403e-33,0.0,1.5185791694262252e-24,0.7790248950693188,0.9999999999979822,0.011719518374084342,0.08146705795805283,2.295443726384565e-34,
10.75,0.0,1.0,0.6406996380076195,1.1960371389541749e-32,0.0,1.3667212524836027e-24,0.779219619194946,0.9999999999980831,0.01163162198627871,0.08038083051861213,5.206253525163452e-34,
10.766666666666666,0.0,1.0,0.7730638311314157,2.691570409957441e-32,0.0,1.2300491272352424e-24,0.7794131436576892,0.9999999999981789,0.01154438482138162,0.07930908611169729,1.17561518568062e-33,
10.783333333333333,0.0,1.0,0.6628631545461001,6.030268188539035e-32,0.0,1.1070442145117183e-24,0.7796054758484715,0.9999999999982699,0.011457801935221258,0.078251631630208,2.642934499323148e-33,
10.8,0.0,1.0,0.6725762030278584,1.3450465400052845e-31,0.0,9.963397930605464e-25,0.7797966231126817,0.9999999999983564,0.011371868420707098,0.07720827654180523,5.9154675865963136e-33,
10.816666666666666,0.0,1.0,0.7291466652598405,2.9868113865632063e-31,0.0,8.967058137544918e-25,0.779986592750455,0.9999999999984386,0.011286579407551794,0.07617883285458116,1.3181758612209263e-32,
10.833333333333334,0.0,1.0,0.5868816500058074,6.603103235993179e-31,0.0,8.070352323790426e-25,0.7801753920169516,0.9999999999985166,0.011201930061995156,0.07516311508318674,2.9244173951659327e-32,
10.85,0.0,1.0,0.6833096918084749,1.4533097212223246e-30,0.0,7.263317091411383e-25,0.7803630281226338,0.9999999999985908,0.011117915586530193,0.07416094021541092,6.459326322748418e-32,
10.866666666666667,0.0,1.0,0.7044513698343088,3.184476674612253e-30,0.0,6.536985382270245e-25,0.7805495082335416,0.9999999999986613,0.011034531219631216,0.07317212767920545,1.4204210239139863e-31,
10.883333333333333,0.0,1.0,0.7820214369447381,6.946847545792282e-30,0.0,5.883286844043221e-25,0.7807348394715662,0.9999999999987282,0.010951772235483982,0.07219649931014938,3.109775916706626e-31,
10.9,0.0,1.0,0.7461569171280579,1.5087152014927298e-29,0.0,5.294958159638898e-25,0.7809190289147218,0.9999999999987919,0.010869633943717852,0.07123387931934738,6.7783404616318735e-31,
10.916666666666666,0.0,1.0,0.6006245763937147,3.2620947155469796e-29,0.0,4.765462343675009e-25,0.7811020835974163,0.9999999999988523,0.010788111689139969,0.07028409426175608,1.4709573591741833e-30,
10.933333333333334,0.0,1.0,0.8716300269874553,7.021916640457923e-29,0.0,4.288916109307508e-25,0.7812840105107199,0.9999999999989096,0.01070720085147142,0.06934697300493267,3.178039971499334e-30,
10.95,0.0,1.0,0.9237996914581138,1.504820069204036e-28,0.0,3.860024498376757e-25,0.7814648166026318,0.9999999999989642,0.010626896845085384,0.06842234669820024,6.835988792341784e-30,
10.966666666666667,0.0,1.0,0.6684163463224183,3.2105784181689574e-28,0.0,3.4740220485390812e-25,0.7816445087783457,0.9999999999990159,0.010547195118747243,0.06751004874222424,1.4639498315197717e-29,
10.983333333333333,0.0,1.0,0.7237428112220247,6.8194883484419784e-28,0.0,3.126619843685173e-25,0.7818230939005137,0.9999999999990651,0.01046809115535664,0.06660991475899458,3.121289589850812e-29,
11.0,0.0,1.0,0.6820593898383325,1.44208249031192e-27,0.0,2.8139578593166556e-25,0.7820005787895083,0.9999999999991118,0.010389580471691464,0.06572178256220798,6.625598378396153e-29,
11.016666666666666,0.0,1.0,0.71827772944733,3.0359751887689866e-27,0.0,2.53256207338499e-25,0.7821769702236827,0.9999999999991562,0.010311658618153778,0.0648454921280452,1.400230330506384e-28,
11.033333333333333,0.0,1.0,0.42242602824546016,6.3632082192648894e-27,0.0,2.279305866046491e-25,0.7823522749396296,0.9999999999991984,0.010234321178517624,0.06398088556633794,2.9461668995427673e-28,
11.05,0.0,1.0,0.7728504887339793,1.3277730624197737e-26,0.0,2.051375279441842e-25,0.7825264996324389,0.9999999999992385,0.010157563769678742,0.0631278070921201,6.171615562258319e-28,
11.066666666666666,0.0,1.0,0.5072551798785863,2.7582992080937264e-26,0.0,1.8462377514976577e-25,0.7826996509559534,0.9999999999992766,0.010081382041406151,0.0622861029975585,1.2871353128755247e-27,
11.083333333333334,0.0,1.0,0.7051145544471473,5.704645982548977e-26,0.0,1.661613976347892e-25,0.7828717355230222,0.9999999999993128,0.010005771676095605,0.06145562162425772,2.6725973563850778e-27,
11.1,0.0,1.0,0.5596805373451864,1.1745887152244535e-25,0.0,1.495452578713103e-25,0.7830427599057541,0.9999999999993472,0.009930728388524887,0.06063621333593428,5.5249331072795175e-27,
11.116666666666667,0.0,1.0,0.5066607412712452,2.4077575435990604e-25,0.0,1.3459073208417927e-25,0.7832127306357681,0.9999999999993798,0.009856247925610951,0.05982773049145516,1.137116206178301e-26,
11.133333333333333,0.0,1.0,0.5465431357571617,4.913709560408907e-25,0.0,1.2113165887576134e-25,0.783381654204443,0.9999999999994108,0.009782326066168868,0.05903002741823576,2.3300604423363198e-26,
11.15,0.0,1.0,0.6869500753802272,9.983343524644016e-25,0.0,1.0901849298818522e-25,0.7835495370631651,0.9999999999994402,0.009708958620672602,0.058242960385992616,4.7535078786448637e-26,
11.166666666666666,0.0,1.0,0.4964068645046354,2.0193534949400113e-24,0.0,9.811664368936669e-26,0.7837163856235752,0.9999999999994682,0.009636141431017558,0.057466387580846046,9.654863241754968e-26,
11.183333333333334,0.0,1.0,0.5790967458028626,4.066478567775545e-24,0.0,8.830497932043003e-26,0.7838822062578126,0.9999999999994948,0.009563870370284926,0.0567001690797681,1.9523743766275922e-25,
11.2,0.0,1.0,0.5921383731333478,8.152567951777109e-24,0.0,7.947448138838702e-26,0.7840470052987591,0.9999999999995202,0.009492141342507789,0.05594416682537119,3.9306586191032918e-25,
11.216666666666667,0.0,1.0,0.47002809705837295,1.627197128866929e-23,0.0,7.152703324954831e-26,0.7842107890402811,0.9999999999995441,0.00942095028243898,0.05519824460103291,7.878671669651554e-25,
11.233333333333333,0.0,1.0,0.8560510386656675,3.2333723006464275e-23,0.0,6.437432992459349e-26,0.7843735637374688,0.9999999999995669,0.009350293155320688,0.054462268006352475,1.572267088494861e-24,
11.25,0.0,1.0,0.7901773380237539,6.396480202621487e-23,0.0,5.793689693213414e-26,0.7845353356068763,0.9999999999995886,0.009280165956655782,0.053736104432934445,3.1238163320629793e-24,
11.266666666666666,0.0,1.0,0.7340447377972943,1.2597843499988698e-22,0.0,5.214320723892073e-26,0.7846961108267583,0.9999999999996091,0.009210564711980864,0.05301962304049532,6.1791780489542515e-24,
11.283333333333333,0.0,1.0,0.8862321073786921,2.470137677226355e-22,0.0,4.692888651502865e-26,0.7848558955373064,0.9999999999996286,0.009141485476641007,0.052312694733288714,1.2169204408389836e-23,
11.3,0.0,1.0,0.635228417809084,4.821874619909794e-22,0.0,4.2235997863525784e-26,0.7850146958408836,0.9999999999996472,0.0090729243355662,0.051615192136844866,2.3860532593791856e-23,
11.316666666666666,0.0,1.0,0.7377786049199223,9.370882001540858e-22,0.0,3.8012398077173203e-26,0.7851725178022572,0.9999999999996648,0.009004877403049453,0.050926989575020266,4.657842153367934e-23,
11.333333333333334,0.0,1.0,0.9436508807705996,1.8130710663167798e-21,0.0,3.4211158269455884e-26,0.7853293674488304,0.9999999999996816,0.008937340822526582,0.05024796304735333,9.052662021872485e-23,
11.35,0.0,1.0,0.8382706477540195,3.4923598578676236e-21,0.0,3.0790042442510295e-26,0.7854852507708727,0.9999999999996975,0.008870310766357633,0.049577990206721954,1.7516808241543422e-22,
11.366666666666667,0.0,1.0,0.4329459511407439,6.6971950926952455e-21,0.0,2.7711038198259266e-26,0.7856401737217485,0.9999999999997126,0.00880378343560995,0.048916950337298995,3.3745899033682317e-22,
11.383333333333333,0.0,1.0,0.27603214822227123,1.2786059329508642e-20,0.0,2.493993437843334e-26,0.7857941422181445,0.9999999999997269,0.008737755059842875,0.04826472433280168,6.472538164709212e-22,
11.4,0.0,1.0,0.52545153654874,2.430246255075161e-20,0.0,2.2445940940590007e-26,0.7859471621402955,0.9999999999997405,0.008672221896894053,0.04762119467503099,1.2359931495361158e-21,
11.416666666666666,0.0,1.0,0.7514720925324397,4.598684891799657e-20,0.0,2.0201346846531007e-26,0.7860992393322095,0.9999999999997535,0.008607180232667348,0.04698624541269724,2.3498794068987396e-21,
11.433333333333334,0.0,1.0,0.5433065053548587,8.663369224565623e-20,0.0,1.8181212161877906e-26,0.7862503796018903,0.9999999999997659,0.008542626380922343,0.04635976214052794,4.447985887344543e-21,
11.45,0.0,1.0,0.5531600341082755,1.6248369930176308e-19,0.0,1.6363090945690115e-26,0.7864005887215596,0.9999999999997775,0.008478556683065425,0.04574163197865424,8.38242719434029e-21,
11.466666666666667,0.0,1.0,0.6363900326771125,3.0339091703144256e-19,0.0,1.4726781851121103e-26,0.7865498724278774,0.9999999999997886,0.008414967507942435,0.04513174355227218,1.572769211832446e-20,
11.483333333333333,0.0,1.0,0.44718314089420463,5.63981883311208e-19,0.0,1.3254103666008992e-26,0.7866982364221614,0.9999999999997992,0.008351855251632867,0.04452998697157522,2.937983061308809e-20,
11.5,0.0,1.0,0.5755453474573623,1.0437525139625989e-18,0.0,1.1928693299408092e-26,0.7868456863706038,0.9999999999998092,0.00828921633724562,0.043936253811954214,5.464153881022077e-20,
11.516666666666666,0.0,1.0,0.6484592044683392,1.923090479800406e-18,0.0,1.0735823969467283e-26,0.786992227904489,0.9999999999998187,0.008227047214716279,0.04335043709446149,1.0117801879315246e-19,
11.533333333333333,0.0,1.0,0.6194390460491774,3.52753802242154e-18,0.0,9.662241572520554e-27,0.7871378666204074,0.9999999999998278,0.008165344360605908,0.04277243126653534,1.865259723133856e-19,
11.55,0.0,1.0,0.6268027775584206,6.441892772887452e-18,0.0,8.696017415268499e-27,0.7872826080804701,0.9999999999998365,0.008104104277901364,0.042202132182981536,3.4235969226103835e-19,
11.566666666666666,0.0,1.0,0.527754466205698,1.1711838683838321e-17,0.0,7.826415673741649e-27,0.787426457812521,0.9999999999998447,0.008043323495817104,0.04163943708720845,6.256283244666414e-19,
11.583333333333334,0.0,1.0,0.6858325529096705,2.1198565554773732e-17,0.0,7.043774106367484e-27,0.7875694213103477,0.9999999999998525,0.007982998569598476,0.041084244592712336,1.138258576385945e-18,
11.6,0.0,1.0,0.5986843912498031,3.819949920718126e-17,0.0,6.3393966957307354e-27,0.7877115040338915,0.9999999999998598,0.007923126080326488,0.040536454664809506,2.0618473657169944e-18,
11.616666666666667,0.0,1.0,0.8324755385776517,6.852967411415052e-17,0.0,5.705457026157662e-27,0.787852711409456,0.9999999999998668,0.00786370263472404,0.03999596860261204,3.718462880292196e-18,
11.633333333333333,0.0,1.0,1.0,1.2239663161464675e-16,0.0,5.1349113235418956e-27,0.7879930488299142,0.9999999999998734,0.007804724864963608,0.039462689021243884,6.676702990598489e-18,
11.65,0.0,1.0,0.6319219722433433,2.1763566555740316e-16,0.0,4.621420191187706e-27,0.7881325216549145,0.9999999999998798,0.007746189428476382,0.03893651983429396,1.1935830710090565e-17,
11.666666666666666,0.0,1.0,0.4756622916455937,3.85265812016112e-16,0.0,4.159278172068935e-27,0.7882711352110856,0.9999999999998858,0.007688093007762809,0.038417366236503374,2.1243963870335963e-17,
11.683333333333334,0.0,1.0,0.6955397950693482,6.789857791634431e-16,0.0,3.743350354862042e-27,0.7884088947922393,0.9999999999998914,0.007630432310204587,0.03790513468668333,3.764532922418071e-17,
11.7,0.0,1.0,0.7952214128796684,1.1913261838247127e-15,0.0,3.369015319375838e-27,0.7885458056595734,0.9999999999998969,0.007573204067878053,0.03739973289086088,6.641705656250156e-17,
11.716666666666667,0.0,1.0,0.8726083418629502,2.0809924192452473e-15,0.0,3.032113787438254e-27,0.7886818730418724,0.999999999999902,0.007516405037368968,0.0369010697856494,1.1666523903797826e-16,
11.733333333333333,0.0,1.0,0.8660844019985989,3.6189294059929754e-15,0.0,2.7289024086944285e-27,0.788817102135707,0.9999999999999069,0.007460031999588701,0.03640905552184074,2.040313970749856e-16,
11.75,0.0,1.0,0.6266365141608614,6.265554717863009e-15,0.0,2.4560121678249855e-27,0.7889514981056327,0.9999999999999115,0.007404081759591785,0.0359236014482162,3.5526021104623746e-16,
11.766666666666666,0.0,1.0,0.6048117590795016,1.0799626727120542e-14,0.0,2.210410951042487e-27,0.7890850660843869,0.999999999999916,0.007348551146394847,0.035444620095573316,6.158721160358873e-16,
11.783333333333333,0.0,1.0,0.8279580147555118,1.8532233572774365e-14,0.0,1.9893698559382382e-27,0.7892178111730853,0.9999999999999202,0.007293437012796886,0.034972025160965675,1.0629902860249178e-15,
11.8,0.0,1.0,0.5189134757082354,3.166041387273544e-14,0.0,1.7904328703444143e-27,0.7893497384414164,0.9999999999999242,0.007238736235200909,0.0345057314921528,1.826683123350654e-15,
11.816666666666666,0.0,1.0,0.7549458576355043,5.384869869242979e-14,0.0,1.611389583309973e-27,0.7894808529278352,0.999999999999928,0.007184445713436902,0.03404565507225743,3.125307081801478e-15,
11.833333333333334,0.0,1.0,0.5727734487355846,9.11808506930642e-14,0.0,1.4502506249789757e-27,0.7896111596397557,0.9999999999999315,0.007130562370586125,0.03359171300462733,5.323755923891162e-15,
11.85,0.0,1.0,0.671257752497884,1.53709910317614e-13,0.0,1.3052255624810782e-27,0.7897406635537417,0.9999999999999349,0.00707708315280673,0.03314382349789896,9.029006126604038e-15,
11.866666666666667,0.0,1.0,0.6481372252732105,2.5797041416386623e-13,0.0,1.1747030062329703e-27,0.7898693696156976,0.9999999999999382,0.007024005029160679,0.03270190585126031,1.5246092483490184e-14,
11.883333333333333,0.0,1.0,0.6466057150984232,4.3103023475886266e-13,0.0,1.0572327056096732e-27,0.789997282741057,0.9999999999999413,0.006971324991441974,0.032265880439910175,2.5631520627174824e-14,
11.9,0.0,1.0,0.6484512036632328,7.169937522220168e-13,0.0,9.51509435048706e-28,0.7901244078149698,0.9999999999999442,0.006919040054006159,0.031835668700711375,4.2903018966234366e-14,
11.916666666666666,0.0,1.0,0.4346804997517305,1.1873884221853004e-12,0.0,8.563584915438355e-28,0.7902507496924899,0.9999999999999469,0.006867147253601113,0.031411193118035224,7.149891357805387e-14,
11.933333333333334,0.0,1.0,0.599099992654911,1.957672548240024e-12,0.0,7.707226423894519e-28,0.7903763131987593,0.9999999999999496,0.006815643649199105,0.030992377209794756,1.1863411637479366e-13,
11.95,0.0,1.0,0.5809672112392322,3.2133430628339886e-12,0.0,6.936503781505067e-28,0.790501103129194,0.9999999999999521,0.006764526321830111,0.03057914551366416,1.9598317755145872e-13,
11.966666666666667,0.0,1.0,0.637008963437715,5.251023231830538e-12,0.0,6.242853403354561e-28,0.7906251242496656,0.9999999999999546,0.006713792374416386,0.03017142357348197,3.2234987697201384e-13,
11.983333333333333,0.0,1.0,0.7721079027986193,8.542806857007136e-12,0.0,5.618568063019105e-28,0.7907483812966841,0.9999999999999568,0.006663438931608263,0.029769137925835545,5.278812476712343e-13,
12.0,0.0,1.0,0.6174670110646463,1.3836525179252287e-11,0.0,5.056711256717194e-28,0.7908708789775788,0.9999999999999589,0.006613463139621201,0.029372216086824405,8.606874614952534e-13,
12.016666666666666,0.0,1.0,0.5904454537957311,2.231121854158031e-11,0.0,4.551040131045474e-28,0.7909926219706778,0.9999999999999609,0.006563862166074042,0.02898058653900008,1.3971909061592397e-12,
12.033333333333333,0.0,1.0,0.6126261428577177,3.58170113855968e-11,0.0,4.095936117940927e-28,0.7911136149254867,0.9999999999999629,0.006514633199828487,0.02859417871848008,2.2582269479371723e-12,
12.05,0.0,1.0,0.6834124727847071,5.7243371141138825e-11,0.0,3.686342506146834e-28,0.7912338624628665,0.9999999999999648,0.006465773450829773,0.02821292300223368,3.633971558068658e-12,
12.066666666666666,0.0,1.0,0.8269158064697727,9.108164410461696e-11,0.0,3.3177082555321507e-28,0.7913533691752099,0.9999999999999666,0.006417280149948549,0.02783675069553723,5.822347470773821e-12,
12.083333333333334,0.0,1.0,0.6488147075391514,1.4428006293665291e-10,0.0,2.9859374299789357e-28,0.7914721396266163,0.9999999999999682,0.006369150548823935,0.027465594019596733,9.287908808527293e-12,
12.1,0.0,1.0,0.8891109474121555,2.2753676911219191e-10,0.0,2.6873436869810423e-28,0.7915901783530667,0.9999999999999698,0.006321381919707755,0.027099386099335442,1.4751683115787107e-11,
12.116666666666667,0.0,1.0,0.7814467584928075,3.572454065461253e-10,0.0,2.418609318282938e-28,0.7917074898625965,0.9999999999999714,0.006273971555309947,0.026738060951344303,2.3327576005248637e-11,
12.133333333333333,0.0,1.0,0.7094692299010071,5.584078590507737e-10,0.0,2.176748386454644e-28,0.7918240786354681,0.9999999999999728,0.006226916768645122,0.026381553471993044,3.672845589429521e-11,
12.15,0.0,1.0,0.5609125607843067,8.689728203099745e-10,0.0,1.9590735478091794e-28,0.7919399491243414,0.9999999999999741,0.0061802148928802834,0.026029799425699805,5.757598475601391e-11,
12.166666666666666,0.0,1.0,0.729391982138214,1.3462653434465668e-09,0.0,1.7631661930282615e-28,0.7920551057544445,0.9999999999999755,0.006133863281183681,0.02568273543335714,8.98641290670454e-11,
12.183333333333334,0.0,1.0,0.758858223161345,2.0764665599872428e-09,0.0,1.5868495737254354e-28,0.7921695529237424,0.9999999999999767,0.006087859306574804,0.025340298960912378,1.396491561707256e-10,
12.2,0.0,1.0,0.438108105592846,3.1885190738149974e-09,0.0,1.428164616352892e-28,0.7922832950031047,0.9999999999999778,0.0060422003617754926,0.025002428308100212,2.1607170102085902e-10,
12.216666666666667,0.0,1.0,0.7671532440440256,4.874419465043007e-09,0.0,1.2853481547176027e-28,0.792396336336473,0.9999999999999789,0.005996883859062176,0.024669062597325542,3.3286320483223023e-10,
12.233333333333333,0.0,1.0,0.7977296417871951,7.418679031754433e-09,0.0,1.1568133392458425e-28,0.7925086812410267,0.99999999999998,0.0059519072301192095,0.024340141762694535,5.105552279166997e-10,
12.25,0.0,1.0,0.6199095975105368,1.1240873655701974e-08,0.0,1.0411320053212583e-28,0.7926203340073475,0.999999999999981,0.005907267925893315,0.024015606539191943,7.797034132696102e-10,
12.266666666666666,0.0,1.0,0.6224111674254567,1.695677874662015e-08,0.0,9.370188047891325e-29,0.7927312988995839,0.999999999999982,0.005862963416449115,0.023695398452002716,1.1855685387060873e-09,
12.283333333333333,0.0,1.0,0.8430508169616635,2.54657483321509e-08,0.0,8.433169243102193e-29,0.7928415801556135,0.9999999999999829,0.005818991190825747,0.023379459805976013,1.7948790633047117e-09,
12.3,0.0,1.0,0.6978268815821436,3.807494936178157e-08,0.0,7.589852318791974e-29,0.7929511819872047,0.9999999999999838,0.005775348756894554,0.023067733675229667,2.7055515053890123e-09,
12.316666666666666,0.0,1.0,0.44567655349909346,5.667506518789046e-08,0.0,6.830867086912776e-29,0.7930601085801785,0.9999999999999846,0.0057320336412178445,0.022760163892893273,4.06059171305998e-09,
12.333333333333334,0.0,1.0,0.5614000372838658,8.398747494530667e-08,0.0,6.147780378221498e-29,0.7931683640945675,0.9999999999999853,0.00568904338890871,0.02245669504098803,6.067874407892257e-09,
12.35,0.0,1.0,0.5604575937672772,1.2391013297930935e-07,0.0,5.533002340399349e-29,0.7932759526647748,0.9999999999999861,0.005646375563491895,0.022157272440441526,9.028143316389365e-09,
12.366666666666667,0.0,1.0,0.5818947844685819,1.819989673691839e-07,0.0,4.9797021063594137e-29,0.7933828783997325,0.9999999999999868,0.005604027746765706,0.021861842141235637,1.337444573810968e-08,
12.383333333333333,0.0,1.0,0.34040595735840706,2.66134285276894e-07,0.0,4.4817318957234724e-29,0.7934891453830581,0.9999999999999875,0.005561997538664963,0.08077035091268583,1.972738582698155e-08,fidget_suppression
12.4,0.0,1.0,0.740840580867528,3.8743828392572077e-07,0.0,4.0335587061511253e-29,0.7935947576732106,0.9999999999999881,0.005520282557124976,0.0796934129005167,2.89721427812477e-08,
12.416666666666666,0.0,1.0,0.5994735704626828,5.615313919578815e-07,0.0,3.6302028355360127e-29,0.7936997193036456,0.9999999999999887,0.005478880437946539,0.07863083406184314,4.2365271166491816e-08,
12.433333333333334,0.0,1.0,0.7196381757373258,8.10243116612491e-07,0.0,3.2671825519824113e-29,0.793804034282969,0.9999999999999892,0.005437788834661939,0.07758242294101857,6.168202884557703e-08,
12.45,0.0,1.0,0.7043739568696138,1.1639289289457365e-06,0.0,2.9404642967841704e-29,0.7939077065950906,0.9999999999999898,0.005397005418401974,0.07654799063513831,8.941854828818213e-08,
12.466666666666667,0.0,1.0,0.8411339856206063,1.664590367464305e-06,0.0,2.646417867105753e-29,0.794010740199376,0.9999999999999903,0.005356527877763959,0.07552735076000314,1.2906780786266792e-07,
12.483333333333333,0.0,1.0,0.7110955397955896,2.3700531971488723e-06,0.0,2.3817760803951779e-29,0.7941131390307977,0.9999999999999908,0.00531635391868073,0.07452031941653643,1.854943507245189e-07,
12.5,0.0,1.0,0.6545486327051775,3.3595306940787494e-06,0.0,2.14359847235566e-29,0.7942149070000855,0.9999999999999912,0.0052764812642906245,0.07352671515764928,2.654403788053403e-07,
12.516666666666666,0.0,1.0,0.8104832802360169,4.740988860383396e-06,0.0,1.929238625120094e-29,0.7943160479938758,0.9999999999999917,0.005236907654808445,0.07254635895554729,3.782056238102013e-07,
12.533333333333333,0.0,1.0,0.9051888225592699,6.6608408762846084e-06,0.0,1.7363147626080846e-29,0.7944165658748602,0.9999999999999921,0.005197630847397381,0.07157907416947332,5.365557460315567e-07,
12.55,0.0,1.0,0.6823333961122455,9.316632930196677e-06,0.0,1.5626832863472762e-29,0.7945164644819328,0.9999999999999926,0.005158648616041901,0.07062468651388033,7.579294957471765e-07,
12.566666666666666,0.0,1.0,0.8643937633391492,1.2973546516787957e-05,0.0,1.4064149577125487e-29,0.7946157476303369,0.9999999999999929,0.005119958751421586,0.0696830240270286,1.0660341362868723e-06,
12.583333333333334,0.0,1.0,0.7073438825110642,1.798573722868766e-05,0.0,1.265773461941294e-29,0.7947144191118111,0.9999999999999932,0.005081559060785924,0.06875391704000156,1.4929424034990029e-06,
12.6,0.0,1.0,0.5860724617662729,2.4823760764627173e-05,0.0,1.1391961157471645e-29,0.794812482694733,0.9999999999999936,0.00504344736783003,0.06783719814613487,2.081833376275462e-06,
12.616666666666667,0.0,1.0,0.8071370315327254,3.410960675440927e-05,0.0,1.0252765041724481e-29,0.7949099421242646,0.9999999999999939,0.005005621512571305,0.06693270217085306,2.890554941958658e-06,
12.633333333333333,0.0,1.0,0.5017648397335781,4.666117278380043e-05,0.0,9.227488537552034e-30,0.795006801122494,0.9999999999999942,0.00496807935122702,0.06604026614190836,3.996227997630364e-06,
12.65,0.0,1.0,0.7009751057751116,6.354836629049767e-05,0.0,8.30473968379683e-30,0.7951030633885785,0.9999999999999946,0.004930818756092818,0.06515972926001624,5.501163097569414e-06,
12.666666666666666,0.0,1.0,0.5036151436069556,8.616342074351897e-05,0.0,7.474265715417147e-30,0.7951987325988854,0.9999999999999948,0.004893837615422122,0.06429093286988269,7.540419886915028e-06,
12.683333333333334,0.0,1.0,0.6074336548481564,0.00011630845238151772,0.0,6.726839143875433e-30,0.7952938124071325,0.999999999999995,0.004857133833306456,0.06343372043161759,1.0291409228506176e-05,
12.7,0.0,1.0,0.4019022033667031,0.00015630375943704675,0.0,6.054155229487889e-30,0.7953883064445276,0.9999999999999952,0.004820705329556658,0.06258793749252935,1.398601816621586e-05,
12.716666666666667,0.0,1.0,0.4277353971083376,0.00020912086807431662,0.0,5.4487397065391004e-30,0.7954822183199073,0.9999999999999954,0.004784550039584983,0.06175343165929562,1.892582927005267e-05,
12.733333333333333,0.0,1.0,0.6144033206271268,0.00027854484440736525,0.0,4.9038657358851904e-30,0.7955755516198747,0.9999999999999957,0.004748665914288096,0.06093005257050502,2.5501108624533253e-05,
12.75,0.0,1.0,0.501552786759247,0.0003693709005800795,0.0,4.4134791622966715e-30,0.7956683099089367,0.9999999999999959,0.004713050919930935,0.06011765186956495,3.421435042194971e-05,
12.766666666666666,0.0,1.0,0.4702406815368579,0.0004876407992032299,0.0,3.972131246067004e-30,0.7957604967296393,0.9999999999999961,0.004677703038031453,0.05931608317797075,4.5709289846000004e-05,
12.783333333333333,0.0,1.0,0.41263524354405623,0.0006409249715138489,0.0,3.574918121460304e-30,0.7958521156027041,0.9999999999999963,0.004642620265246217,0.05852520206893114,6.080642792183853e-05,
12.8,0.0,1.0,0.4690517872315572,0.0008386565697562796,0.0,3.2174263093142736e-30,0.7959431700271618,0.9999999999999966,0.004607800613256871,0.05774486604134539,8.054624953325934e-05,
12.816666666666666,0.0,1.0,0.3105725279546491,0.0010925238247493528,0.0,2.895683678382846e-30,0.7960336634804861,0.9999999999999968,0.004573242108657445,0.05697493449412745,0.00010624145497471327,
12.833333333333334,0.0,1.0,0.31422653926713,0.0014169270187166171,0.0,2.6061153105445615e-30,0.7961235994187267,0.9999999999999969,0.0045389427928425145,0.05621526870087242,0.0001395396609859893,
12.85,0.0,1.0,0.35088791713954387,0.001829506047201151,0.0,2.3455037794901054e-30,0.7962129812766412,0.999999999999997,0.004504900721896196,0.05546573178486079,0.0001824981524835278,
12.866666666666667,0.0,1.0,0.2828839185053395,0.0023517438621697495,0.0,2.110953401541095e-30,0.796301812467826,0.9999999999999971,0.004471113966481974,0.05472618869439598,0.00023767237280220496,
12.883333333333333,0.0,1.0,0.25764718405698295,0.003009649987070457,0.0,1.8998580613869855e-30,0.7963900963848471,0.9999999999999972,0.004437580611733359,0.0539965061784707,0.0003082199181417819,
12.9,0.0,1.0,0.24713986967806117,0.0038345266983111407,0.0,1.709872255248287e-30,0.7964778363993694,0.9999999999999973,0.0044042987571453595,0.05327655276275776,0.000398021839315567,
12.916666666666666,0.0,1.0,0.20280278410981614,0.004863818303664731,0.0,1.5388850297234582e-30,0.7965650358622856,0.9999999999999974,0.004371266516466769,0.052566198725920985,0.0005118230374535775,
12.933333333333334,0.0,1.0,0.15775594140043178,0.0061420411512231755,0.0,1.3849965267511125e-30,0.796651698103844,0.9999999999999976,0.004338482017593268,0.051865316076242035,0.0006553934552406445,
12.95,0.0,1.0,0.15342395873448783,0.007721788520591778,0.0,1.2464968740760013e-30,0.7967378264337759,0.9999999999999977,0.004305943402461319,0.05117377852855881,0.0008357115957316074,
12.966666666666667,0.0,1.0,0.09125878844810663,0.009664800348681942,0.0,1.1218471866684011e-30,0.7968234241414218,0.9999999999999978,0.004273648826942859,0.05049146148151136,0.0010611716303819262,
12.983333333333333,0.0,1.0,0.04574722481854237,0.01204308282026522,0.0,1.009662468001561e-30,0.7969084944958572,0.9999999999999979,0.004241596460740788,0.04981824199509121,0.0013418149703752285,
13.0,0.0,0.0,0.0,0.014940057237514725,0.016666666666666666,9.08696221201405e-31,0.7959787679189454,0.9833333333333313,0.009242985349629676,0.04915399876848999,0.0016895866552934001,
13.016666666666666,0.0,0.0,0.0,0.01845171134418525,0.03333333333333333,8.178265990812644e-31,0.7950501260230399,0.9669444444444424,0.014245763127407454,0.04849861211824346,0.002118616247314561,
13.033333333333333,0.0,0.0,0.0,0.02268771953912866,0.05,7.36043939173138e-31,0.7941225675426797,0.9508287037037016,0.01924992979407412,0.04785196395666688,0.002645522097255886,
13.049999999999999,0.0,0.0,0.0,0.027772491345605176,0.06666666666666667,6.624395452558242e-31,0.7931960912138799,0.9349815586419733,0.024255485349629676,0.04721393777057799,0.0032897368651825755,
13.066666666666666,0.0,0.0,0.0,0.03384610034163053,0.08333333333333333,5.961955907302418e-31,0.7922706957741303,0.919398532664607,0.02926242979407412,0.046584418600303615,0.004073851033117489,
13.083333333333334,0.0,0.0,0.0,0.04106503879721383,0.09999999999999999,5.365760316572177e-31,0.7913463799623939,0.9040752237868636,0.034270763127407455,0.045963293018966234,0.005023969848002117,
13.1,0.0,0.0,0.0,0.04960273686092513,0.11666666666666665,4.829184284914959e-31,0.7904231425191044,0.8890073033904158,0.039280485349629676,0.045350449112046685,0.0061700776954823665,
13.116666666666667,0.0,0.0,0.0,0.059649779698450464,0.13333333333333333,4.346265856423463e-31,0.7895009821861655,0.8741905150005755,0.04429159646074079,0.044745776457219395,0.007546402355124473,
13.133333333333333,0.0,0.0,0.0,0.07141375196137502,0.15,3.9116392707811164e-31,0.7885798977069483,0.8596206730838993,0.049304096460740784,0.04414916610445647,0.009191769961846466,
13.15,0.0,0.0,0.0,0.08511863683649804,0.16666666666666666,3.520475343703005e-31,0.7876598878262902,0.8452936618658343,0.05431798534962967,0.04356051055639705,0.011149939844517533,
13.166666666666666,0.0,0.0,0.0,0.10100369718540675,0.18333333333333332,3.1684278093327043e-31,0.7867409512904928,0.8312054341680705,0.05933326312740745,0.04297970374897842,0.013469906790040412,
13.183333333333334,0.0,0.0,0.0,0.11932176940790978,0.19999999999999998,2.851585028399434e-31,0.7858230868473206,0.8173520102652693,0.06434992979407411,0.04240664103232537,0.016206156759859584,
13.2,0.0,0.0,0.0,0.1403369070853324,0.21666666666666665,2.5664265255594907e-31,0.7849062932459987,0.8037294767608482,0.06936798534962967,0.04184121915189437,0.019418860745438,
13.216666666666667,0.0,0.0,0.0,0.1643213215413253,0.2333333333333333,2.3097838730035416e-31,0.7839905692372117,0.7903339854815007,0.0743874297940741,0.041283336229869114,0.023173990377211563,
13.233333333333333,0.0,0.0,0.0,0.19155158045123108,0.24999999999999997,2.0788054857031872e-31,0.7830759135731016,0.7771617523901423,0.07940826312740744,0.040732891746804195,0.027543338190164954,
13.25,0.0,0.0,0.0,0.22230404364846446,0.26666666666666666,1.8709249371328686e-31,0.7821623250072663,0.7642090565169732,0.08443048534962966,0.040189786523513474,0.032604425192155916,
13.266666666666666,0.0,0.0,0.0,0.2568495372562322,0.2833333333333333,1.6838324434195818e-31,0.7812498022947578,0.751472238908357,0.08945409646074076,0.03965392270319996,0.038440278669208294,
13.283333333333333,0.0,0.0,0.0,0.2954472929544493,0.3,1.5154491990776236e-31,0.7803383441920806,0.7389477015932178,0.09447909646074076,0.03912520373382396,0.04513906407817349,
13.299999999999999,0.0,0.0,0.0,0.3383382080915269,0.31666666666666665,1.3639042791698611e-31,0.7794279494571899,0.7266319065666641,0.09950548534962965,0.038603534350706306,0.05279355649125474,
13.316666666666666,0.0,0.0,0.0,0.38573751375391796,0.3333333333333333,1.227513851252875e-31,0.7785186168494898,0.714521374790553,0.10453326312740743,0.03808882055936356,0.061500439420076145,
13.333333333333334,0.0,0.0,0.0,0.4378269708628771,0.35,1.1047624661275876e-31,0.7776103451298321,0.7026126852107104,0.1095624297940741,0.03758096961857205,0.07135942198627336,
13.35,0.0,0.0,0.0,0.4947467477090329,0.36666666666666664,9.942862195148288e-32,0.776703133060514,0.6909024737905319,0.11459298534962965,0.037079890023657754,0.0824721693188142,
13.366666666666667,0.0,0.0,0.0,0.5565871646972264,0.3833333333333333,8.94857597563346e-32,0.7757969794052767,0.6793874325606898,0.1196249297940741,0.03658549149000898,0.09494104570970119,
13.383333333333333,0.0,0.0,0.0,0.6233805219432356,0.39999999999999997,8.053718378070113e-32,0.7748918829293039,0.6680643086846783,0.12465826312740744,0.036097684936808865,0.10886767537690784,
13.4,0.0,0.0,0.0,0.6950932511329838,0.41666666666666663,7.248346540263102e-32,0.7739878423992197,0.6569299035399336,0.12969298534962967,0.035616382470984746,0.12435133155540393,
13.416666666666666,0.0,0.0,0.0,0.7716186530915413,0.4333333333333333,6.523511886236792e-32,0.7730848565830872,0.6459810718142681,0.13472909646074077,0.035141497371371615,0.14148717091445207,
13.433333333333334,0.0,0.0,0.0,0.8527704952414777,0.44999999999999996,5.871160697613113e-32,0.7721829242504069,0.6352147206173636,0.13976659646074077,0.03467294407308666,0.16036433679605666,
13.45,0.0,0.0,0.0,0.9382777471284913,0.4666666666666666,5.284044627851802e-32,0.7712820441721148,0.6246278086070742,0.14480548534962967,0.03421063815211217,0.1810639612671549,
13.466666666666667,0.0,0.0,0.0,1.0277807262679652,0.4833333333333333,4.7556401650666215e-32,0.7703822151205806,0.6142173451302897,0.14984576312740744,0.4284211629767507,0.20365710223249622,freeze
13.483333333333333,0.0,0.0,0.0,1.1208289098523487,0.49999999999999994,4.2800761485599594e-32,0.7694834358696065,0.6039803893781182,0.1548874297940741,0.42270888080372737,0.2282026576041229,
13.5,0.0,0.0,0.0,1.216880639899925,0.5166666666666666,3.8520685337039633e-32,0.7685857051944254,0.5939140495551495,0.15993048534962967,0.417072762393011,0.25474530349759666,
13.516666666666666,0.0,0.0,0.0,1.3153049102336314,0.5333333333333333,3.466861680333567e-32,0.7676890218716985,0.5840154820625637,0.1649749297940741,0.41151179222777085,0.2833135073596359,
13.533333333333333,0.0,0.0,0.0,1.415385373792989,0.55,3.1201755123002105e-32,0.7667933846795149,0.5742818906948544,0.17002076312740744,0.40602496833140056,0.3139176695788937,
13.549999999999999,0.0,0.0,0.0,1.5163266492815728,0.5666666666666668,2.8081579610701896e-32,0.7658987923973888,0.5647105258499401,0.17506798534962967,0.40061130208698187,0.346548448273769,
13.566666666666666,0.0,0.0,0.0,1.6172629386608752,0.5833333333333335,2.5273421649631703e-32,0.7650052438062585,0.5552986837524411,0.18011659646074077,0.39526981805915545,0.38117532141418653,
13.583333333333334,0.0,0.0,0.0,1.7172688936434688,0.6000000000000002,2.2746079484668532e-32,0.7641127376884845,0.5460437056899003,0.18516659646074077,0.3899995538183667,0.41774543809894416,
13.6,0.0,0.0,0.0,1.8153725926842212,0.6166666666666669,2.047147153620168e-32,0.763221272827848,0.5369429772617353,0.19021798534962966,0.38479955976745517,0.4561828066223089,
13.616666666666667,0.0,0.0,0.0,1.9105704129287249,0.6333333333333336,1.8424324382581511e-32,0.7623308480095489,0.5279939276407064,0.19527076312740743,0.3796688989705558,0.49638786094134413,
13.633333333333333,0.0,0.0,0.0,2.0018435072920138,0.6500000000000004,1.658189194432336e-32,0.7614414620202044,0.5191940288466946,0.2003249297940741,0.3746066469842817,0.5382374393942898,
13.65,0.0,0.0,0.0,2.0881755285281782,0.6666666666666671,1.4923702749891025e-32,0.7605531136478475,0.5105407950325831,0.20538048534962966,0.36961189169115793,0.5815852001933819,
13.666666666666666,0.0,0.0,0.0,2.1685711829585212,0.6833333333333338,1.3431332474901922e-32,0.759665801681925,0.50203178178204,0.2104374297940741,0.3646837331352758,0.6262624875708348,
13.683333333333334,0.0,0.0,0.0,2.24207514936717,0.7000000000000005,1.208819922741173e-32,0.758779524913296,0.493664585419006,0.21549576312740742,0.3598212833601388,0.6720796508104389,
13.7,0.0,0.0,0.0,2.307790865966584,0.7166666666666672,1.0879379304670558e-32,0.7578942821342305,0.4854368423286892,0.22055548534962965,0.35502366624867027,0.7188278061227094,
13.716666666666667,0.0,0.0,0.0,2.3648986722669116,0.733333333333334,9.791441374203502e-33,0.7570100721384072,0.4773462282898777,0.22561659646074075,0.35029001736535464,0.7662810188354414,
13.733333333333333,0.0,0.0,0.0,2.412672794474197,0.7500000000000007,8.812297236783152e-33,0.7561268937209124,0.46939045781837974,0.23067909646074075,0.34561948380048324,0.8141988711168369,
13.75,0.0,0.0,0.0,2.450496683266887,0.7666666666666674,7.931067513104837e-33,0.755244745678238,0.46156728352140675,0.23574298534962965,0.3410112240164768,0.8623293688755314,
13.766666666666666,0.0,0.0,0.0,2.47787625122071,0.7833333333333341,7.137960761794353e-33,0.7543636268082801,0.45387449546271663,0.2408082631274074,0.33646440769625713,0.9104121310287084,
13.783333333333333,0.0,0.0,0.0,2.494450612714015,0.8000000000000008,6.424164685614918e-33,0.7534835359103371,0.446309920538338,0.24587492979407408,0.3319782155936404,0.9581817954013604,
13.799999999999999,0.0,0.0,0.0,2.5,0.8166666666666675,5.781748217053426e-33,0.7526044717851084,0.43887142186269906,0.2509429853496296,0.3275518393857252,1.0,
13.816666666666666,0.0,0.0,0.0,2.494450612714017,0.8333333333333343,5.2035733953480836e-33,0.7517264332346925,0.43155689816498743,0.25601242979407407,0.3231844815272488,1.0,
13.833333333333334,0.0,0.0,0.0,2.4778762512207124,0.850000000000001,4.683216055813275e-33,0.7508494190625853,0.42436428319557096,0.26108326312740743,0.3188753551068855,1.0,
13.85,0.0,0.0,0.0,2.4504966832668904,0.8666666666666677,4.214894450231948e-33,0.749973428073679,0.4172915451423114,0.26615548534962963,0.3146236837054604,1.0,
13.866666666666667,0.0,0.0,0.0,2.4126727944742017,0.8833333333333344,3.793405005208753e-33,0.7490984590742596,0.4103366860566062,0.2712290964607407,0.31042870125605426,1.0,
13.883333333333333,0.0,0.0,0.0,2.3648986722669174,0.9000000000000011,3.414064504687878e-33,0.7482245108720064,0.4034977412889961,0.2763040964607407,0.3062896519059735,1.0,
13.9,0.0,0.0,0.0,2.3077908659665907,0.9166666666666679,3.0726580542190905e-33,0.7473515822759891,0.3967727789341795,0.2813804853496296,0.3022057898805605,1.0,
13.916666666666666,0.0,0.0,0.0,2.242075149367177,0.9333333333333346,2.7653922487971816e-33,0.7464796720966671,0.3901598992852765,0.2864582631274074,0.2981763793488197,1.0,
13.933333333333334,0.0,0.0,0.0,2.1685711829585292,0.9500000000000013,2.4888530239174633e-33,0.7456087791458876,0.38365723429718857,0.2915374297940741,0.2942006942908354,1.0,
13.95,0.0,0.0,0.0,2.088175528528187,0.966666666666668,2.239967721525717e-33,0.7447389022368841,0.37726294705890207,0.29661798534962963,0.2902780183669576,1.0,
13.966666666666667,0.0,0.0,0.0,2.001843507292023,0.9833333333333347,2.0159709493731455e-33,0.7438700401842744,0.37097523127458704,0.30169992979407406,0.2864076447887315,1.0,
13.983333333333333,0.0,0.0,0.0,1.9105704129287349,1.0000000000000013,1.814373854435831e-33,0.7430021918040594,0.3647923107533439,0.3067832631274074,0.2825888761915484,1.0,
14.0,0.0,0.0,0.0,1.8153725926842315,1.016666666666668,1.632936468992248e-33,0.7421353559136212,0.35871243890745486,0.3118679853496296,0.2788210245089944,1.0,
14.016666666666666,0.0,0.0,0.0,1.7172688936434795,1.0333333333333345,1.4696428220930232e-33,0.741269531331722,0.35273389825899726,0.31695409646074074,0.27510341084887446,1.0,
14.033333333333333,0.0,0.0,0.0,1.6172629386608859,1.0500000000000012,1.3226785398837208e-33,0.7404047168785016,0.3468549999546806,0.32204159646074076,0.27143536537088947,1.0,
14.049999999999999,0.0,0.0,0.0,1.5163266492815943,1.0666666666666678,1.1904106858953488e-33,0.7395409113754767,0.34107408328876926,0.32713048534962963,0.2678162271659443,1.0,
14.066666666666666,0.0,0.0,0.0,1.4153853737929993,1.0833333333333344,1.071369617305814e-33,0.7386781136455387,0.33538951523395644,0.3322207631274074,0.264245344137065,1.0,
14.083333333333334,0.0,0.0,0.0,1.315304910233642,1.100000000000001,9.642326555752326e-34,0.7378163225129523,0.32979968998005715,0.33731242979407405,0.26072207288190413,1.0,
14.1,0.0,0.0,0.0,1.2168806398999352,1.1166666666666676,8.678093900177093e-34,0.7369555368033538,0.32430302848038955,0.3424054853496296,0.2572457785768121,1.0,
14.116666666666667,0.0,0.0,0.0,1.1208289098523587,1.1333333333333342,7.810284510159383e-34,0.7360957553437499,0.3188979780057164,0.34749992979407407,0.25381583486245457,1.0,
14.133333333333333,0.0,0.0,0.0,1.027780726267975,1.1500000000000008,7.029256059143445e-34,0.7352369769625156,0.31358301170562114,0.3525957631274074,0.2504316237309552,1.0,
14.15,0.0,0.0,0.0,0.9382777471285008,1.1666666666666674,6.326330453229101e-34,0.7343792004893926,0.3083566281771941,0.3576929853496296,0.24709253541454243,1.0,
14.166666666666666,0.0,0.0,0.0,0.8527704952414866,1.183333333333334,5.69369740790619e-34,0.7335224247554883,0.3032173510409075,0.3627915964607407,0.24379796827568187,1.0,
14.183333333333334,0.0,0.0,0.0,0.7716186530915496,1.2000000000000006,5.1243276671155715e-34,0.7326666485932736,0.29816372852355905,0.3678915964607407,0.2405473286986728,1.0,
14.2,0.0,0.0,0.0,0.6950932511329916,1.2166666666666672,4.611894900404015e-34,0.7318118708365814,0.2931943330481664,0.3729929853496296,0.2373400309826905,1.0,
14.216666666666667,0.0,0.0,0.0,0.623380521943243,1.2333333333333338,4.150705410363613e-34,0.7309580903206053,0.2883077608306969,0.3780957631274074,0.2341754972362546,1.0,
14.233333333333333,0.0,0.0,0.0,0.5565871646972332,1.2500000000000004,3.7356348693272517e-34,0.7301053058818979,0.2835026314835186,0.3831999297940741,0.23105315727310455,0.9987059589306695,
14.25,0.0,0.0,0.0,0.49474674770903926,1.266666666666667,3.3620713823945264e-34,0.729253516358369,0.27877758762545995,0.3883054853496296,0.22797244850946316,0.9959085082090445,
14.266666666666666,0.0,0.0,0.0,0.4378269708628828,1.2833333333333337,3.0258642441550736e-34,0.7284027205892842,0.274131294498369,0.39341242979407404,0.2249328158626703,0.9917513697434073,
14.283333333333333,0.0,0.0,0.0,0.38573751375392323,1.3000000000000003,2.723277819739566e-34,0.7275529174152634,0.2695624395900628,0.39852076312740736,0.22193371165116804,0.9863738854734466,
14.299999999999999,0.0,0.0,0.0,0.33833820809153653,1.3166666666666669,2.4509500377656097e-34,0.7267041056782789,0.2650697322635618,0.4036304853496296,0.21897459549581913,0.979909855565599,
14.316666666666666,0.0,0.0,0.0,0.2954472929544536,1.3333333333333335,2.205855033989049e-34,0.7258562842216543,0.26065190339250244,0.4087415964607407,0.21605493422254154,0.9724865973211184,
14.333333333333334,0.0,0.0,0.0,0.2568495372562361,1.35,1.985269530590144e-34,0.7250094518900624,0.2563077050026274,0.41385409646074073,0.213174201766241,0.9642242182162364,
14.35,0.0,0.0,0.0,0.22230404364846795,1.3666666666666667,1.7867425775311297e-34,0.724163607529524,0.2520359099192503,0.4189679853496296,0.21033187907602444,0.9552350920178364,
14.366666666666667,0.0,0.0,0.0,0.19155158045123413,1.3833333333333333,1.6080683197780167e-34,0.7233187499874062,0.24783531142059612,0.42408326312740735,0.20752745402167744,0.9456235233061805,
14.383333333333333,0.0,0.0,0.0,0.16432132154132803,1.4,1.447261487800215e-34,0.7224748781124208,0.24370472289691952,0.429199929794074,0.2047604213013884,0.935485582999543,
14.4,0.0,0.0,0.0,0.14033690708533475,1.4166666666666665,1.3025353390201936e-34,0.721631990754623,0.2396429775153042,0.43431798534962957,0.20203028235070322,0.9249090955915262,
14.416666666666666,0.0,0.0,0.0,0.11932176940791192,1.4333333333333331,1.1722818051181743e-34,0.7207900867654093,0.23564892789004913,0.439437429794074,0.19933654525269384,0.9139737577293232,
14.433333333333334,0.0,0.0,0.0,0.10100369718540855,1.4499999999999997,1.0550536246063569e-34,0.7199491649975164,0.2317214457585483,0.44455826312740737,0.1966787246493246,0.902751367406574,
14.45,0.0,0.0,0.0,0.08511863683649962,1.4666666666666663,9.495482621457212e-35,0.7191092243050192,0.2278594216625725,0.44968048534962957,0.19405634165400026,0.8913061433275742,
14.466666666666667,0.0,0.0,0.0,0.07141375196137639,1.483333333333333,8.545934359311491e-35,0.71827026354333,0.22406176463486296,0.45480409646074066,0.19146892376528027,0.8796951148197094,
14.483333333333333,0.0,0.0,0.0,0.05964977969845162,1.4999999999999996,7.691340923380342e-35,0.7174322815691961,0.22032740189094857,0.45992909646074065,0.1889160047817432,0.8679685639224881,
14.5,0.0,0.0,0.0,0.04960273686092612,1.5166666666666662,6.922206831042308e-35,0.7165952772406987,0.21665527852609942,0.46505548534962954,0.1863971247179866,0.8561705028588511,
14.516666666666666,0.0,0.0,0.0,0.04106503879721467,1.5333333333333328,6.229986147938077e-35,0.7157592494172512,0.2130443572173311,0.4701832631274073,0.1839118297217468,0.8443391718963498,
14.533333333333333,0.0,0.0,0.0,0.03384610034163123,1.5499999999999994,5.606987533144269e-35,0.7149241969595977,0.20949361793037558,0.475312429794074,0.1814596719921235,0.8325075445388173,
14.549999999999999,0.0,0.0,0.0,0.02777249134560636,1.566666666666666,5.046288779829842e-35,0.7140901187298115,0.20600205763153598,0.4804429853496296,0.1790402096988952,0.8207038289701205,
14.566666666666666,0.0,0.0,0.0,0.022687719539129163,1.5833333333333326,4.541659901846858e-35,0.7132570135912935,0.20256869000434372,0.485574929794074,0.17665300690290991,0.8089519566292197,
14.583333333333334,0.0,0.0,0.0,0.018451711344185658,1.5999999999999992,4.087493911662172e-35,0.7124248804087703,0.19919254517093798,0.49070826312740734,0.1742976334775378,0.797272050671632,
14.6,0.0,0.0,0.0,0.014940057237515056,1.6166666666666658,3.678744520495955e-35,0.7115937180482934,0.195872669418089,0.49584298534962956,0.17197366503117062,0.7856808688210313,
14.616666666666667,0.0,0.0,0.0,0.012043082820265508,1.6333333333333324,3.3108700684463594e-35,0.7107635253772371,0.19260812492778753,0.5009790964607407,0.16968068283075502,0.7741922167031648,
14.633333333333333,0.0,0.0,0.0,0.009664800348682173,1.649999999999999,2.9797830616017233e-35,0.709934301264297,0.1893979895123244,0.5061165964607407,0.16741827372634496,0.7628173291612037,
14.65,0.0,0.0,0.0,0.007721788520591963,1.6666666666666656,2.681804755441551e-35,0.7091060445794887,0.18624135635378566,0.5112554853496296,0.16518603007666036,0.7515652182661052,
14.666666666666666,0.0,0.0,0.0,0.006142041151223328,1.6833333333333322,2.413624279897396e-35,0.708278754194146,0.18313733374788924,0.5163957631274074,0.16298354967563822,0.7404429877554625,
14.683333333333334,0.0,0.0,0.0,0.004863818303664853,1.6999999999999988,2.1722618519076564e-35,0.7074524289809195,0.1800850448520911,0.5215374297940741,0.16081043567996303,0.7294561144648583,
14.7,0.0,0.0,0.0,0.0038345266983112396,1.7166666666666655,1.9550356667168907e-35,0.7066270678137752,0.17708362743788958,0.5266804853496297,0.15866629653756353,0.7186086979678313,
14.716666666666667,0.0,0.0,0.0,0.0030096499870705343,1.733333333333332,1.7595321000452018e-35,0.7058026695679924,0.17413223364725808,0.5318249297940741,0.1565507459170627,0.7079036801292454,
14.733333333333333,0.0,0.0,0.0,0.00235174386216981,1.7499999999999987,1.5835788900406817e-35,0.7049792331201631,0.17123002975313711,0.5369707631274074,0.15446340263816852,0.6973430366199127,
14.75,0.0,0.0,0.0,0.0018295060472012016,1.7666666666666653,1.4252210010366136e-35,0.7041567573481896,0.16837619592391817,0.5421179853496296,0.15240389060299295,0.6869279426570263,
14.766666666666666,0.0,0.0,0.0,0.0014169270187166562,1.7833333333333319,1.2826989009329523e-35,0.7033352411312834,0.16556992599185286,0.5472665964607407,0.15037183872828638,0.6766589153450068,
14.783333333333333,0.0,0.0,0.0,0.0010925238247493827,1.7999999999999985,1.1544290108396571e-35,0.7025146833499636,0.16281042722532196,0.5524165964607407,0.14836688087857589,0.6665359350140162,
14.799999999999999,0.0,0.0,0.0,0.0008386565697563035,1.816666666666665,1.0389861097556914e-35,0.7016950828860553,0.16009692010489993,0.5575679853496296,0.14638865580019486,0.6565585479068362,
14.816666666666666,0.0,0.0,0.0,0.0006409249715138671,1.8333333333333317,9.350874987801223e-36,0.7008764386226882,0.15742863810315158,0.5627207631274074,0.14443680705619227,0.6467259524656572,
14.833333333333334,0.0,0.0,0.0,0.0004876407992032447,1.8499999999999983,8.415787489021101e-36,0.7000587494442951,0.15480482746809907,0.5678749297940741,0.1425109829621097,0.6370370713333527,
14.85,0.0,0.0,0.0,0.0003693709005800907,1.866666666666665,7.574208740118991e-36,0.6992420142366101,0.15222474701029742,0.5730304853496296,0.1406108365226149,0.6274906110217793,
14.866666666666667,0.0,0.0,0.0,0.00027854484440737365,1.8833333333333315,6.816787866107092e-36,0.6984262318866674,0.14968766789345914,0.5781874297940741,0.13873602536898005,0.6180851110232461,
14.883333333333333,0.0,0.0,0.0,0.00020912086807432328,1.8999999999999981,6.135109079496383e-36,0.6976114012827996,0.14719287342856816,0.5833457631274075,0.13688621169739365,0.6088189839592738,
14.9,0.0,0.0,0.0,0.0001563037594370515,1.9166666666666647,5.5215981715467444e-36,0.6967975213146363,0.14473965887142534,0.5885054853496298,0.13506106220809508,0.5996905481799608,
14.916666666666666,0.0,0.0,0.0,0.00011630845238152143,1.9333333333333313,4.96943835439207e-36,0.6959845908731026,0.14232733122356825,0.5936665964607408,0.13326024804532047,0.5906980540529012,
14.933333333333334,0.0,0.0,0.0,8.616342074352174e-05,1.949999999999998,4.472494518952863e-36,0.6951726088504173,0.13995520903650877,0.5988290964607408,0.13148344473804952,0.5818397050163435,
14.95,0.0,0.0,0.0,6.354836629049981e-05,1.9666666666666646,4.025245067057577e-36,0.6943615741400918,0.13762262221923363,0.6039929853496296,0.1297303321415422,0.5731136743196182,
14.966666666666667,0.0,0.0,0.0,4.666117278380192e-05,1.9833333333333312,3.622720560351819e-36,0.6935514856369284,0.13532891184891307,0.6091582631274074,0.12800059437965497,0.5645181182362038,
14.983333333333333,0.0,0.0,0.0,3.410960675441042e-05,1.9999999999999978,3.260448504316637e-36,0.6927423422370186,0.1330734299847645,0.614324929794074,0.12629391978792623,0.556051186411727,
15.0,0.0,0.0,0.0,2.4823760764628014e-05,2.0166666666666644,2.9344036538849735e-36,0.691934142837742,0.13085553948501844,0.6194929853496296,0.12461000085742055,0.5477110299006599,
15.016666666666666,0.0,0.0,0.0,1.7985737228688268e-05,2.033333333333331,2.640963288496476e-36,0.6911268863377646,0.1286746138269348,0.624662429794074,0.12294853417932161,0.5394958073509293,
15.033333333333333,0.0,0.0,0.0,1.2973546516788418e-05,2.0499999999999976,2.3768669596468285e-36,0.6903205716370373,0.1265300369298192,0.6298332631274074,0.12130922039026398,0.5314036897142483,
15.049999999999999,0.0,0.0,0.0,9.31663293019701e-06,2.066666666666664,2.1391802636821454e-36,0.6895151976367941,0.12442120298098888,0.6350054853496296,0.1196917641183938,0.5234328637906206,
15.066666666666666,0.0,0.0,0.0,6.660840876284844e-06,2.083333333333331,1.925262237313931e-36,0.6887107632395512,0.12234751626463906,0.6401790964607408,0.11809587393014855,0.5155815348569678,
15.083333333333334,0.0,0.0,0.0,4.740988860383573e-06,2.0999999999999974,1.7327360135825378e-36,0.687907267349105,0.12030839099356175,0.6453540964607408,0.11652126227774656,0.507847928580964,
15.1,0.0,0.0,0.0,3.3595306940788752e-06,2.116666666666664,1.559462412224284e-36,0.6871047088705311,0.11830325114366905,0.6505304853496298,0.1149676454473766,0.5002302923806928,
15.116666666666667,0.0,0.0,0.0,2.370053197148961e-06,2.1333333333333306,1.4035161710018557e-36,0.6863030867101821,0.11633153029127456,0.6557082631274075,0.11343474350807825,0.49272689635754247,
15.133333333333333,0.0,0.0,0.0,1.6645903674643702e-06,2.1499999999999972,1.26316455390167e-36,0.6855023997756869,0.11439267145308665,0.6608874297940741,0.11192228026130388,0.4853360339027171,
15.15,0.0,0.0,0.0,1.16392892894578e-06,2.166666666666664,1.1368480985115031e-36,0.6847026469759486,0.11248612692886854,0.6660679853496296,0.11042998319115316,0.47805602205592623,
15.166666666666666,0.0,0.0,0.0,8.102431166125228e-07,2.1833333333333305,1.023163288660353e-36,0.6839038272211434,0.11061135814672074,0.671249929794074,0.10895758341527112,0.4708852016773241,
15.183333333333334,0.0,0.0,0.0,5.615313919579034e-07,2.199999999999997,9.208469597943176e-37,0.6831059394227187,0.10876783551094206,0.6764332631274074,0.10750481563640084,0.46382193747987477,
15.2,0.0,0.0,0.0,3.8743828392573655e-07,2.2166666666666637,8.28762263814886e-37,0.6823089824933922,0.10695503825242636,0.6816179853496296,0.10607141809458216,0.4568646179583444,
15.216666666666667,0.0,0.0,0.0,2.661342852769044e-07,2.2333333333333303,7.458860374333973e-37,0.68151295534715,0.10517245428155259,0.6868040964607407,0.10465713251998773,0.450011655242526,
15.233333333333333,0.0,0.0,0.0,1.81998967369191e-07,2.249999999999997,6.712974336900576e-37,0.6807178568992449,0.10341958004352671,0.6919915964607407,0.10326170408638789,0.4432614848956127,
15.25,0.0,0.0,0.0,1.2391013297931464e-07,2.2666666666666635,6.041676903210518e-37,0.6799236860661958,0.10169592037613459,0.6971804853496296,0.10188488136523606,0.4366125656734655,
15.266666666666666,0.0,0.0,0.0,8.398747494531024e-08,2.28333333333333,5.437509212889466e-37,0.6791304417657852,0.10000098836986568,0.7023707631274074,0.10052641628036625,0.4300633792565551,
15.283333333333333,0.0,0.0,0.0,5.667506518789287e-08,2.2999999999999967,4.89375829160052e-37,0.6783381229170584,0.09833430523036792,0.7075624297940741,0.09918606406329471,0.4236124299633302,
15.299999999999999,0.0,0.0,0.0,3.807494936178319e-08,2.3166666666666633,4.404382462440468e-37,0.6775467284403218,0.09669540014319512,0.7127554853496297,0.09786358320911745,0.4172582444514759,
15.316666666666666,0.0,0.0,0.0,2.5465748332151986e-08,2.33333333333333,3.963944216196421e-37,0.6767562572571414,0.09508381014080854,0.7179499297940741,0.09655873543299588,0.4109993714117978,
15.333333333333334,0.0,0.0,0.0,1.6956778746620874e-08,2.3499999999999965,3.5675497945767793e-37,0.6759667082903414,0.09349907997179506,0.7231457631274074,0.0952712856272226,0.4048343812581815,
15.35,0.0,0.0,0.0,1.1240873655702454e-08,2.366666666666663,3.2107948151191014e-37,0.6751780804640027,0.09194076197226514,0.7283429853496296,0.09400100181885963,0.3987618658161153,
15.366666666666667,0.0,0.0,0.0,7.418679031754776e-09,2.3833333333333298,2.8897153336071913e-37,0.6743903727034614,0.09040841593939405,0.7335415964607407,0.0927476551279415,0.39278043801155854,
15.383333333333333,0.0,0.0,0.0,4.874419465043232e-09,2.3999999999999964,2.600743800246472e-37,0.6736035839353073,0.08890160900707082,0.7387415964607407,0.09151101972623561,0.38688873156141773,
15.4,0.0,0.0,0.0,3.1885190738151438e-09,2.416666666666663,2.3406694202218248e-37,0.6728177130873828,0.08741991552361965,0.7439429853496295,0.09029087279655247,0.38108540066651375,
15.416666666666666,0.0,0.0,0.0,2.0764665599873313e-09,2.4333333333333296,2.1066024781996423e-37,0.6720327590887809,0.08596291693155932,0.7491457631274073,0.08908699449259844,0.375369119707649,
15.433333333333334,0.0,0.0,0.0,1.3462653434466338e-09,2.449999999999996,1.895942230379678e-37,0.671248720869844,0.08453020164936666,0.754349929794074,0.08789916789936379,0.3697385829451861,
15.45,0.0,0.0,0.0,8.689728203100145e-10,2.466666666666663,1.7063480073417101e-37,0.6704655973621625,0.08312136495521055,0.7595554853496296,0.08672717899403894,0.3641925042224068,
15.466666666666667,0.0,0.0,0.0,5.584078590507994e-10,2.4833333333333294,1.535713206607539e-37,0.6696833874985733,0.08173600887262371,0.764762429794074,0.08557081660745175,0.3587296166728215,
15.483333333333333,0.0,0.0,0.0,3.572454065461418e-10,2.499999999999996,1.3821418859467852e-37,0.6689020902131583,0.08037374205807998,0.7699707631274074,0.08442987238601905,0.35334867243152634,
15.5,0.0,0.0,0.0,2.2753676911220324e-10,2.5166666666666626,1.2439276973521067e-37,0.668121704441243,0.07903417969044532,0.7751804853496297,0.08330414075420546,0.3480484423506565,
15.516666666666666,0.0,0.0,0.0,1.442800629366601e-10,2.533333333333329,1.119534927616896e-37,0.6673422291193949,0.07771694336227124,0.7803915964607409,0.08219341887748272,0.34282771571894954,
15.533333333333333,0.0,0.0,0.0,9.108164410462148e-11,2.549999999999996,1.0075814348552064e-37,0.6665636631854223,0.07642166097290005,0.7856040964607408,0.08109750662578294,0.3376852999854082,
15.549999999999999,0.0,0.0,0.0,5.724337114114167e-11,2.5666666666666624,9.068232913696858e-38,0.6657860055783726,0.07514796662335171,0.7908179853496297,0.08001620653743917,0.3326200204870367,
15.566666666666666,0.0,0.0,0.0,3.581701138559858e-11,2.583333333333329,8.161409622327172e-38,0.6650092552385312,0.07389550051296252,0.7960332631274074,0.07894932378360664,0.3276307201806132,
15.583333333333334,0.0,0.0,0.0,2.2311218541581417e-11,2.5999999999999956,7.345268660094454e-38,0.6642334111074195,0.07266390883774648,0.8012499297940741,0.07789666613315856,0.3227162593784534,
15.6,0.0,0.0,0.0,1.3836525179252976e-11,2.6166666666666623,6.61074179408501e-38,0.6634584721277942,0.07145284369045071,0.8064679853496296,0.07685804391804978,0.31787551548811727,
15.616666666666667,0.0,0.0,0.0,8.542806857007592e-12,2.633333333333329,5.949667614676509e-38,0.6626844372436451,0.07026196296227653,0.811687429794074,0.07583326999914244,0.31310738275600586,
15.633333333333333,0.0,0.0,0.0,5.2510232318308185e-12,2.6499999999999955,5.354700853208858e-38,0.6619113054001942,0.0690909302462386,0.8169082631274074,0.07482215973248721,0.3084107720147951,
15.65,0.0,0.0,0.0,3.21334306283416e-12,2.666666666666662,4.819230767887972e-38,0.661139075543894,0.06793941474213462,0.8221304853496296,0.07382453093605404,0.3037846104346523,
15.666666666666666,0.0,0.0,0.0,1.957672548240122e-12,2.6833333333333287,4.3373076910991754e-38,0.660367746622426,0.06680709116309905,0.8273540964607408,0.07284020385690665,0.29922784127818075,
15.683333333333334,0.0,0.0,0.0,1.1873884221853679e-12,2.6999999999999953,3.903576921989258e-38,0.6595973175846999,0.06569363964371407,0.8325790964607408,0.07186900113881456,0.29473942365903727,
15.7,0.0,0.0,0.0,7.16993752222055e-13,2.716666666666662,3.5132192297903323e-38,0.658827787380851,0.06459874564965216,0.8378054853496297,0.07091074779029703,0.29031833230416937,
15.716666666666667,0.0,0.0,0.0,4.3103023475888563e-13,2.7333333333333285,3.161897306811299e-38,0.65805915496224,0.06352209988882462,0.8430332631274076,0.06996527115309308,0.2859635573196174,
15.733333333333333,0.0,0.0,0.0,2.5797041416387996e-13,2.749999999999995,2.8457075761301694e-38,0.6572914192814507,0.06246339822401088,0.8482624297940742,0.06903240087105184,0.2816741039598295,
15.75,0.0,0.0,0.0,1.5370991031762273e-13,2.7666666666666617,2.5611368185171526e-38,0.656524579292289,0.06142234158694403,0.8534929853496297,0.06811196885943781,0.27744899240043586,
15.766666666666666,0.0,0.0,0.0,9.118085069306937e-14,2.7833333333333283,2.3050231366654374e-38,0.6557586339497814,0.0603986358938283,0.8587249297940741,0.06720380927464531,0.27328725751443156,
15.783333333333333,0.0,0.0,0.0,5.384869869243286e-14,2.799999999999995,2.0745208229988936e-38,0.6549935822101733,0.059391991962264495,0.8639582631274074,0.0663077584843167,0.2691879486517164,
15.799999999999999,0.0,0.0,0.0,3.166041387273724e-14,2.8166666666666615,1.8670687406990042e-38,0.6542294230309281,0.05840212542956009,0.8691929853496296,0.06542365503785914,0.26515012942194144,
15.816666666666666,0.0,0.0,0.0,1.853223357277542e-14,2.833333333333328,1.680361866629104e-38,0.6534661553707254,0.05742875667240075,0.8744290964607407,0.06455133963735435,0.26117287748061274,
15.833333333333334,0.0,0.0,0.0,1.0799626727121156e-14,2.8499999999999948,1.5123256799661935e-38,0.6527037781894596,0.056471610727860735,0.8796665964607407,0.0636906551088563,0.25725528431840383,
15.85,0.0,0.0,0.0,6.265554717863409e-15,2.8666666666666614,1.3610931119695742e-38,0.6519422904482385,0.055530417215729724,0.8849054853496297,0.06284144637407155,0.25339645505362796,
15.866666666666667,0.0,0.0,0.0,3.618929405993181e-15,2.883333333333328,1.2249838007726168e-38,0.6511816911093822,0.05460491026213423,0.8901457631274075,0.06200356042241726,0.24959550822782364,
15.883333333333333,0.0,0.0,0.0,2.0809924192453657e-15,2.8999999999999946,1.1024854206953551e-38,0.6504219791364212,0.053694828424431996,0.8953874297940742,0.0611768462834517,0.24585157560440635,
15.9,0.0,0.0,0.0,1.191326183824789e-15,2.916666666666661,9.922368786258195e-39,0.6496631534940953,0.05279991461735813,0.9006304853496298,0.060361154999672345,0.2421638019703403,
15.916666666666666,0.0,0.0,0.0,6.789857791634865e-16,2.933333333333328,8.930131907632376e-39,0.6489052131483523,0.051919916040402164,0.9058749297940742,0.05955633959967671,0.2385313449407852,
15.933333333333334,0.0,0.0,0.0,3.8526581201613383e-16,2.9499999999999944,8.037118716869138e-39,0.6481481570663459,0.05105458410639546,0.9111207631274075,0.05876225507168102,0.23495337476667344,
15.95,0.0,0.0,0.0,2.1763566555741554e-16,2.966666666666661,7.233406845182225e-39,0.6473919842164352,0.05020367437128887,0.9163679853496297,0.05797875833739194,0.23142907414517333,
15.966666666666667,0.0,0.0,0.0,1.223966316146546e-16,2.9833333333333276,6.510066160664002e-39,0.6466366935681827,0.049366946465100724,0.9216165964607408,0.05720570822622671,0.22795763803299574,
15.983333333333333,0.0,0.0,0.0,6.852967411415491e-17,2.9999999999999942,5.8590595445976016e-39,0.6458822840923532,0.048544164024015714,0.9268665964607408,0.05644296544987702,0.2245382734625008,
16.0,0.0,0.0,0.0,3.8199499207183426e-17,3.016666666666661,5.2731535901378415e-39,0.645128754760912,0.04773509462361545,0.9321179853496296,0.05569039257721199,0.22117019936056329,
16.016666666666666,0.0,0.0,0.0,2.1198565554775088e-17,3.0333333333333274,4.7458382311240577e-39,0.6443761045470243,0.04693950971322186,0.9373707631274074,0.05494785400951583,0.21785264637015483,
16.03333333333333,0.0,0.0,0.0,1.1711838683839819e-17,3.049999999999994,4.2712544080116516e-39,0.6436243324250528,0.04615718455133483,0.9426249297940741,0.05421521595605562,0.2145848566746025,
16.05,0.0,0.0,0.0,6.441892772887452e-18,3.0666666666666607,3.8441289672104863e-39,0.6428734373705569,0.045387898142145916,0.9478804853496297,0.05349234640997488,0.21136608382448346,
16.066666666666666,0.0,0.0,0.0,3.527538022421766e-18,3.0833333333333273,3.4597160704894374e-39,0.6421234183602913,0.04463143317311015,0.9531374297940741,0.052779115124508544,0.2081955925671162,
16.083333333333332,0.0,0.0,0.0,1.9230904798006517e-18,3.099999999999994,3.1137444634404935e-39,0.6413742743722043,0.043887575953558314,0.9583957631274075,0.052075393589515094,0.20507265867860947,
16.1,0.0,0.0,0.0,1.0437525139625989e-18,3.1166666666666605,2.8023700170964442e-39,0.6406260043854367,0.04315611635433234,0.9636554853496297,0.05138105500832156,0.2019965687984303,
16.116666666666667,0.0,0.0,0.0,5.639818833112442e-19,3.133333333333327,2.5221330153867998e-39,0.6398786073803203,0.042436847748426806,0.24222914911518523,0.5440293076082107,0.19896662026645384,posture_settle;micro_nod_ready;response_ready
16.133333333333333,0.0,0.0,0.0,3.033909170314619e-19,3.1499999999999937,2.2699197138481198e-39,0.6391320823383766,0.041729566952619694,0.24749164911518523,0.5367755835067679,0.19598212096245704,
16.15,0.0,0.0,0.0,1.6248369930178503e-19,3.1666666666666603,2.0429277424633077e-39,0.6383864282423152,0.04103407417007603,0.25275553800407413,0.5296185757266777,0.1930423891480202,
16.166666666666668,0.0,0.0,0.0,8.663369224565623e-20,3.183333333333327,1.838634968216977e-39,0.6376416440760325,0.0403501729339081,0.25802081578185193,0.5225569947169887,0.1901467533107999,
16.183333333333334,0.0,0.0,0.0,4.5986848917999504e-20,3.1999999999999935,1.654771471395279e-39,0.6368977288246105,0.0396776700516763,0.2632874824485186,0.5155895681207622,0.1872945520111379,
16.2,0.0,0.0,0.0,2.4302462550753162e-20,3.21666666666666,1.4892943242557513e-39,0.6361546814743151,0.03901637555081503,0.2685555380040741,0.5087150405458187,0.18448513373097084,
16.216666666666665,0.0,0.0,0.0,1.2786059329510458e-20,3.2333333333333267,1.3403648918301762e-39,0.635412501012595,0.03836610262496811,0.27382498244851855,0.5019321733385411,0.18171785672500626,
16.233333333333334,0.0,0.0,0.0,6.6971950926952455e-21,3.2499999999999933,1.2063284026471586e-39,0.6346711864280804,0.03772666758121864,0.2790958157818519,0.4952397443606939,0.17899208887413118,
16.25,0.0,0.0,0.0,3.492359857867847e-21,3.26666666666666,1.0856955623824428e-39,0.633930736710581,0.03709788978819833,0.2843680380040741,0.488636547769218,0.17630720754101922,
16.266666666666666,0.0,0.0,0.0,1.8130710663169084e-21,3.2833333333333266,9.771260061441985e-40,0.6331911508510853,0.03647959162506169,0.28964164911518525,0.48212139379896174,0.17366259942790394,
16.28333333333333,0.0,0.0,0.0,9.37088200154219e-22,3.299999999999993,8.794134055297786e-40,0.632452427841759,0.03587159843131066,0.2949166491151852,0.47569310854830893,0.17105766043648538,
16.3,0.0,0.0,0.0,4.821874619909794e-22,3.3166666666666598,7.914720649768006e-40,0.6317145666759436,0.03527373845745548,0.3001930380040741,0.46935053376766483,0.1684917955299381,
16.316666666666666,0.0,0.0,0.0,2.4701376772265306e-22,3.3333333333333264,7.123248584791206e-40,0.630977566348155,0.03468584281649789,0.30547081578185187,0.4630925266507626,0.16596441859698902,
16.333333333333332,0.0,0.0,0.0,1.2597843499990487e-22,3.349999999999993,6.410923726312085e-40,0.6302414258540822,0.03410774543622293,0.31074998244851854,0.4569179596287524,0.1634749523180342,
16.35,0.0,0.0,0.0,6.396480202621487e-23,3.3666666666666596,5.769831353680877e-40,0.6295061441905857,0.03353928301228588,0.3160305380040741,0.4508257201670357,0.16102282803326368,
16.366666666666667,0.0,0.0,0.0,3.2333723006466573e-23,3.383333333333326,5.192848218312789e-40,0.6287717203556967,0.03298029496208111,0.32131248244851857,0.44481471056480854,0.15860748561276472,
16.383333333333333,0.0,0.0,0.0,1.6271971288670444e-23,3.399999999999993,4.67356339648151e-40,0.6280381533486151,0.032430623379379755,0.3265958157818519,0.43888384775727773,0.15622837332857326,
16.4,0.0,0.0,0.0,8.152567951778326e-24,3.4166666666666594,4.206207056833359e-40,0.6273054421697084,0.031890112989723426,0.3318805380040741,0.433032063120514,0.15388494772864467,
16.416666666666668,0.0,0.0,0.0,4.066478567775545e-24,3.433333333333326,3.785586351150023e-40,0.6265735858205104,0.03135861110656137,0.3371666491151852,0.42725830227890715,0.151576673512715,
16.433333333333334,0.0,0.0,0.0,2.019353494940155e-24,3.4499999999999926,3.4070277160350208e-40,0.6258425833037198,0.030835967588118685,0.3424541491151852,0.4215615249151884,0.14930302341002427,
16.45,0.0,0.0,0.0,9.983343524644725e-25,3.4666666666666592,3.0663249444315187e-40,0.6251124336231988,0.030322034794983372,0.3477430380040741,0.4159407045829859,0.1470634780588739,
16.466666666666665,0.0,0.0,0.0,4.913709560409675e-25,3.483333333333326,2.759692449988367e-40,0.6243831357839718,0.029816667548400316,0.3530333157818519,0.4103948285218794,0.1448575258879908,
16.483333333333334,0.0,0.0,0.0,2.4077575435990604e-25,3.4999999999999925,2.4837232049895304e-40,0.6236546887922237,0.02931972308926031,0.3583249824485185,0.40492289747492105,0.14268466299967095,
16.5,0.0,0.0,0.0,1.1745887152245368e-25,3.516666666666659,2.2353508844905775e-40,0.6229270916552995,0.028831061037772637,0.36361803800407405,0.3995239255085888,0.1405443930546759,
16.516666666666666,0.0,0.0,0.0,5.704645982549424e-26,3.5333333333333257,2.0118157960415197e-40,0.6222003433817016,0.02835054335380976,0.3689124824485185,0.3941969398351409,0.13843622715885576,
16.53333333333333,0.0,0.0,0.0,2.7582992080941574e-26,3.5499999999999923,1.8106342164373677e-40,0.6214744429810897,0.027878034297912933,0.3742083157818518,0.38894098063733906,0.13635968375147292,
16.55,0.0,0.0,0.0,1.3277730624197737e-26,3.566666666666659,1.629570794793631e-40,0.6207493894642784,0.027413400392947717,0.37950553800407405,0.38375510089550785,0.13431428849520083,
16.566666666666666,0.0,0.0,0.0,6.3632082192653874e-27,3.5833333333333255,1.4666137153142679e-40,0.6200251818432367,0.02695651038639859,0.3848041491151852,0.37863836621690106,0.13229957416777283,
16.583333333333332,0.0,0.0,0.0,3.035975188769461e-27,3.599999999999992,1.3199523437828411e-40,0.6193018191310863,0.026507235213291947,0.3901041491151852,0.3735898546673424,0.13031508055525623,
16.6,0.0,0.0,0.0,1.44208249031192e-27,3.6166666666666587,1.187957109404557e-40,0.6185793003421001,0.02606544795973708,0.3954055380040741,0.36860865660511116,0.12836035434692739,
16.616666666666667,0.0,0.0,0.0,6.81948834844251e-28,3.6333333333333253,1.0691613984641012e-40,0.617857624491701,0.025631023827074797,0.40070831578185184,0.363693874517043,0.12643494903172348,
16.633333333333333,0.0,0.0,0.0,3.2105784181691856e-28,3.649999999999992,9.62245258617691e-41,0.6171367905964606,0.02520384009662355,0.4060124824485185,0.35884462285681573,0.12453842479624762,
16.65,0.0,0.0,0.0,1.5048200692042712e-28,3.6666666666666585,8.66020732755922e-41,0.6164167976740981,0.024783776095013157,0.41131803800407407,0.35406002788539154,0.12267034842430391,
16.666666666666668,0.0,0.0,0.0,7.021916640457923e-29,3.683333333333325,7.794186594803298e-41,0.6156976447434783,0.024370713160096272,0.41662498244851853,0.3493392275135863,0.12083029319793935,
16.683333333333334,0.0,0.0,0.0,3.2620947155472577e-29,3.6999999999999917,7.014767935322968e-41,0.614979330824611,0.023964534607428,0.4219333157818519,0.34468137114673847,0.11901783879997026,
16.7,0.0,0.0,0.0,1.5087152014928585e-29,3.7166666666666583,6.313291141790671e-41,0.6142618549386489,0.0235651256973042,0.4272430380040741,0.3400856195314486,0.1172325712179707,
16.716666666666665,0.0,0.0,0.0,6.946847545793466e-30,3.733333333333325,5.681962027611604e-41,0.6135452161078871,0.02317237360234913,0.4325541491151852,0.33555114460436264,0.11547408264970115,
16.733333333333334,0.0,0.0,0.0,3.184476674612253e-30,3.7499999999999916,5.113765824850443e-41,0.6128294133557612,0.02278616737564331,0.4378666491151852,0.3310771293429711,0.11374197140995562,
16.75,0.0,0.0,0.0,1.4533097212224484e-30,3.766666666666658,4.602389242365399e-41,0.6121144457068461,0.02240639791938259,0.4431805380040741,0.3266627676183982,0.11203584183880629,
16.766666666666666,0.0,0.0,0.0,6.6031032359937425e-31,3.7833333333333248,4.1421503181288594e-41,0.6114003121868549,0.022032957954059545,0.4484958157818519,0.32230726405015286,0.11035530421122419,
16.78333333333333,0.0,0.0,0.0,2.986811386563673e-31,3.7999999999999914,3.7279352863159733e-41,0.6106870118226368,0.021665741988158554,0.4538124824485186,0.3180098338628175,0.10869997464805584,
16.8,0.0,0.0,0.0,1.3450465400052845e-31,3.816666666666658,3.355141757684376e-41,0.6099745436421771,0.021304646288355912,0.4591305380040741,0.3137697027446466,0.107069475028335,
16.816666666666666,0.0,0.0,0.0,6.03026818853955e-32,3.8333333333333246,3.019627581915938e-41,0.6092629066745945,0.020949568850216645,0.46444998244851854,0.3095861067080513,0.10546343290290998,
16.833333333333332,0.0,0.0,0.0,2.6915704099579e-32,3.849999999999991,2.7176648237243445e-41,0.6085520999501408,0.0206004093693797,0.46977081578185187,0.30545829195194396,0.10388148140936633,
16.85,0.0,0.0,0.0,1.1960371389541749e-32,3.866666666666658,2.44589834135191e-41,0.607842122500199,0.020257069213223372,0.4750930380040741,0.301385514725918,0.10232325918822584,
16.866666666666667,0.0,0.0,0.0,5.2911903799548544e-33,3.8833333333333244,2.2013085072167189e-41,0.6071329733572821,0.019919451393002982,0.4804166491151852,0.29736704119623913,0.10078841030040245,
16.883333333333333,0.0,0.0,0.0,2.330407733349859e-33,3.899999999999991,1.981177656495047e-41,0.606424651555032,0.01958746053645293,0.48574164911518525,0.29340214731362263,0.09927658414589641,
16.9,0.0,0.0,0.0,1.021833743216588e-33,3.9166666666666576,1.7830598908455423e-41,0.6057171561282177,0.019261002860845384,0.4910680380040741,0.2894901186827743,0.09778743538370796,
16.916666666666668,0.0,0.0,0.0,4.460652272521291e-34,3.9333333333333242,1.604753901760988e-41,0.6050104861127348,0.018939986146497962,0.4963958157818519,0.28563025043367063,0.09632062385295234,
16.933333333333334,0.0,0.0,0.0,1.9385914864108723e-34,3.949999999999991,1.4442785115848891e-41,0.6043046405456033,0.018624319710722995,0.5017249824485186,0.28182184709455504,0.09487581449515806,
16.95,0.0,0.0,0.0,8.387722140578461e-35,3.9666666666666575,1.2998506604264002e-41,0.6035996184649668,0.018313914382210944,0.5070555380040741,0.27806422246662765,0.09345267727773068,
16.966666666666665,0.0,0.0,0.0,3.6130300323857754e-35,3.983333333333324,1.1698655943837602e-41,0.602895418910091,0.01800868247584076,0.5123874824485185,0.274356699500406,0.09205088711856473,
16.983333333333334,0.0,0.0,0.0,1.5494191174846367e-35,3.9999999999999907,1.0528790349453842e-41,0.6021920409213626,0.017708537767910083,0.5177208157818518,0.2706986101737339,0.09067012381178625,
17.0,0.0,0.0,0.0,6.615094476719337e-36,4.016666666666658,9.475911314508457e-42,0.6014894835402876,0.017413395471778247,0.523055538004074,0.26708929537141746,0.08931007195460947,
17.016666666666666,0.0,0.0,0.0,2.8117259843900263e-36,4.033333333333324,8.528320183057612e-42,0.6007877458094907,0.017123172213915277,0.5283916491151851,0.2635281047664652,0.08797042087529032,
17.03333333333333,0.0,0.0,0.0,1.189815822461457e-36,4.049999999999991,7.675488164751851e-42,0.600086826772713,0.016837786010350023,0.5337291491151851,0.2600143967029123,0.08665086456216096,
17.05,0.0,0.0,0.0,5.012521954904135e-37,4.0666666666666575,6.907939348276667e-42,0.5993867254748114,0.016557156243510857,0.539068038004074,0.2565475380802068,0.08535110159372855,
17.066666666666666,0.0,0.0,0.0,2.102338473022413e-37,4.083333333333324,6.217145413449e-42,0.5986874409617575,0.016281203639452343,0.5444083157818518,0.25312690423913736,0.08407083506982262,
17.083333333333332,0.0,0.0,0.0,8.778469215598236e-38,4.099999999999991,5.5954308721041e-42,0.5979889722806355,0.01600985024546147,0.5497499824485185,0.2497518788492822,0.08280977254377528,
17.1,0.0,0.0,0.0,3.6492594830238295e-38,4.116666666666657,5.0358877848936904e-42,0.5972913184796415,0.01574301940803711,0.5550930380040741,0.24642185379795845,0.08156762595561864,
17.116666666666667,0.0,0.0,0.0,1.510290540772303e-38,4.133333333333324,4.5322990064043216e-42,0.5965944786080819,0.015480635751236493,0.5604374824485185,0.24313622908065233,0.08034411156628436,
17.133333333333333,0.0,0.0,0.0,6.222803133319224e-39,4.149999999999991,4.07906910576389e-42,0.5958984517163725,0.01522262515538255,0.5657833157818519,0.23989441269291029,0.07913894989279009,
17.15,0.0,0.0,0.0,2.552592115223744e-39,4.166666666666657,3.6711621951875005e-42,0.5952032368560367,0.014968914736126175,0.5711305380040741,0.23669582052367147,0.07795186564439824,
17.166666666666668,0.0,0.0,0.0,1.0424292462534642e-39,4.183333333333324,3.3040459756687504e-42,0.5945088330797047,0.014719432823857405,0.5764791491151852,0.2335398762500225,0.07678258765973227,
17.183333333333334,0.0,0.0,0.0,4.2382010395294186e-40,4.19999999999999,2.9736413781018756e-42,0.5938152394411117,0.014474108943459782,0.5818291491151851,0.23042601123335554,0.07563084884483628,
17.2,0.0,0.0,0.0,1.7154826191904877e-40,4.216666666666657,2.676277240291688e-42,0.5931224549950971,0.014232873794402119,0.587180538004074,0.2273536644169108,0.07449638611216373,
17.216666666666665,0.0,0.0,0.0,6.912909846621154e-41,4.233333333333324,2.408649516262519e-42,0.5924304787976028,0.013995659231162083,0.5925333157818518,0.2243222822246853,0.07337894032048128,
17.233333333333334,0.0,0.0,0.0,2.773353734721681e-41,4.24999999999999,2.167784564636267e-42,0.5917393099056723,0.013762398243976048,0.5978874824485184,0.22133131846168952,0.07227825621567406,
17.25,0.0,0.0,0.0,1.1076930781032689e-41,4.266666666666657,1.9510061081726402e-42,0.591048947377449,0.013533024939909781,0.603243038004074,0.21838023421553365,0.07119408237243895,
17.266666666666666,0.0,0.0,0.0,4.4045690183256165e-42,4.2833333333333234,1.755905497355376e-42,0.5903593902721752,0.013307474524244618,0.6085999824485184,0.21546849775932653,0.07012617113685236,
17.28333333333333,0.0,0.0,0.0,1.7436415109952108e-42,4.29999999999999,1.5803149476198385e-42,0.589670637650191,0.013085683282173874,0.6139583157818518,0.21259558445586885,0.06907427856979959,
17.3,0.0,0.0,0.0,6.871962519775537e-43,4.316666666666657,1.4222834528578547e-42,0.5889826885729325,0.012867588560804308,0.619318038004074,0.20976097666312393,0.0680381643912526,
17.316666666666666,0.0,0.0,0.0,2.696336972563186e-43,4.333333333333323,1.2800551075720692e-42,0.5882955421029307,0.01265312875145757,0.6246791491151852,0.20696416364094894,0.06701759192538381,
17.333333333333332,0.0,0.0,0.0,1.0532642749895526e-43,4.34999999999999,1.1520495968148623e-42,0.5876091973038106,0.01244224327226661,0.6300416491151852,0.2042046414590696,0.06601232804650306,
17.35,0.0,0.0,0.0,4.0960980425170453e-44,4.3666666666666565,1.036844637133376e-42,0.5869236532402895,0.012234872551062167,0.6354055380040741,0.201481912906282,0.06502214312580551,
17.366666666666667,0.0,0.0,0.0,1.5858902708518962e-44,4.383333333333323,9.331601734200384e-43,0.5862389089781759,0.012030958008544465,0.6407708157818518,0.19879548740086492,0.06404681097891843,
17.383333333333333,0.0,0.0,0.0,6.112878006139222e-45,4.39999999999999,8.398441560780345e-43,0.585554963584368,0.011830442041735391,0.6461374824485184,0.1961448809021867,0.06308610881423465,
17.4,0.0,0.0,0.0,2.3457845682079558e-45,4.416666666666656,7.558597404702311e-43,0.5848718161268529,0.011633268007706468,0.651505538004074,0.19352961582349087,0.062139817182021134,
17.416666666666668,0.0,0.0,0.0,8.961904743534253e-46,4.433333333333323,6.80273766423208e-43,0.5841894656747049,0.011439380207578027,0.6568749824485184,0.19094922094584432,0.06120771992429082,
17.433333333333334,0.0,0.0,0.0,3.4086493258748188e-46,4.4499999999999895,6.122463897808872e-43,0.5835079112980843,0.011248723870785059,0.6622458157818517,0.18840323133323306,0.06028960412542646,
17.45,0.0,0.0,0.0,1.2907262050142617e-46,4.466666666666656,5.510217508027984e-43,0.5828271520682365,0.011061245139605307,0.6676180380040739,0.18589118824878995,0.05938526006354506,
17.466666666666665,0.0,0.0,0.0,4.865816568286453e-47,4.483333333333323,4.959195757225185e-43,0.5821471870574902,0.01087689105394522,0.672991649115185,0.18341263907213942,0.058494481162591885,
17.483333333333334,0.0,0.0,0.0,1.8261949630526418e-47,4.499999999999989,4.463276181502667e-43,0.5814680153392565,0.010695609536379465,0.6783666491151851,0.18096713721784424,0.05761706394515301,
17.5,0.0,0.0,0.0,6.82351814297616e-48,4.516666666666656,4.0169485633524e-43,0.5807896359880274,0.010517349377439807,0.683743038004074,0.17855424205493967,0.05675280798597571,
17.516666666666666,0.0,0.0,0.0,2.538279036477875e-48,4.533333333333323,3.61525370701716e-43,0.5801120480793747,0.010342060221149144,0.6891208157818518,0.17617351882754048,0.05590151586618608,
17.53333333333333,0.0,0.0,0.0,9.400266748377755e-49,4.549999999999989,3.253728336315444e-43,0.5794352506899487,0.01016969255079666,0.6944999824485185,0.17382453857650662,0.05506299312819329,
17.55,0.0,0.0,0.0,3.465858234102926e-49,4.566666666666656,2.9283555026838993e-43,0.5787592428974772,0.010000197674950048,0.699880538004074,0.1715068780621532,0.05423704823127039,
17.566666666666666,0.0,0.0,0.0,1.2721877628913072e-49,4.583333333333322,2.635519952415509e-43,0.5780840237807634,0.00983352771370088,0.7052624824485184,0.16922011968799117,0.05342349250780133,
17.583333333333332,0.0,0.0,0.0,4.649020223097355e-50,4.599999999999989,2.3719679571739585e-43,0.5774095924196858,0.009669635585139199,0.7106458157818517,0.16696385142548462,0.05262214012018431,
17.6,0.0,0.0,0.0,1.6913810449423102e-50,4.616666666666656,2.1347711614565627e-43,0.5767359478951962,0.009508474992053545,0.7160305380040739,0.1647376667398115,0.05183280801838155,
17.616666666666667,0.0,0.0,0.0,6.126201613679871e-51,4.633333333333322,1.9212940453109065e-43,0.5760630892893185,0.009350000408852652,0.721416649115185,0.16254116451661402,0.05105531589810582,
17.633333333333333,0.0,0.0,0.0,2.209077304373243e-51,4.649999999999989,1.7291646407798159e-43,0.5753910156851476,0.009194167068705107,0.726804149115185,0.16037394898972582,0.05028948615963424,
17.65,0.0,0.0,0.0,7.930495893613402e-52,4.666666666666655,1.5562481767018344e-43,0.5747197261668483,0.009040930950893356,0.7321930380040739,0.1582356296698628,0.04953514386723972,
17.666666666666668,0.0,0.0,0.0,2.834389807817767e-52,4.683333333333322,1.4006233590316508e-43,0.5740492198196536,0.008890248768378467,0.7375833157818517,0.1561258212742646,0.04879211670923113,
17.683333333333334,0.0,0.0,0.0,1.0085295161310415e-52,4.699999999999989,1.2605610231284857e-43,0.573379495729864,0.008742077955572159,0.7429749824485183,0.15404414365727442,0.048060234958592664,
17.7,0.0,0.0,0.0,3.572625145926561e-53,4.716666666666655,1.1345049208156372e-43,0.5727105529848459,0.008596376656312623,0.7483680380040739,0.1519902217418441,0.047339331434213774,
17.716666666666665,0.0,0.0,0.0,1.2599580645879923e-53,4.733333333333322,1.0210544287340735e-43,0.5720423906730302,0.008453103712040746,0.7537624824485184,0.14996368545195285,0.04662924146270057,
17.733333333333334,0.0,0.0,0.0,4.4237903093324965e-54,4.7499999999999885,9.18948985860666e-44,0.5713750078839117,0.008312218650173401,0.7591583157818518,0.14796416964592682,0.04592980284076006,
17.75,0.0,0.0,0.0,1.5463321217061407e-54,4.766666666666655,8.270540872745995e-44,0.5707084037080471,0.008173681672670512,0.764555538004074,0.1459913140506478,0.045240855798148655,
17.766666666666666,0.0,0.0,0.0,5.3812209510001965e-55,4.783333333333322,7.443486785471395e-44,0.5700425772370544,0.00803745364479267,0.7699541491151851,0.14404476319663917,0.044562242961176425,
17.78333333333333,0.0,0.0,0.0,1.8643552651439573e-55,4.799999999999988,6.699138106924255e-44,0.5693775275636112,0.007903496084046125,0.7753541491151851,0.1421241663540173,0.04389380931675878,
17.8,0.0,0.0,0.0,6.430523431606037e-56,4.816666666666655,6.029224296231831e-44,0.5687132537814537,0.007771771149312023,0.7807555380040739,0.14022917746929708,0.043235402177007394,
17.816666666666666,0.0,0.0,0.0,2.208176475351418e-56,4.8333333333333215,5.426301866608647e-44,0.5680497549853752,0.007642241630156823,0.7861583157818517,0.1383594551030398,0.042586871144352285,
17.833333333333332,0.0,0.0,0.0,7.549027977817216e-57,4.849999999999988,4.883671679947783e-44,0.5673870302712256,0.007514870936320876,0.7915624824485183,0.1365146623683326,0.041948068077187,
17.85,0.0,0.0,0.0,2.5693193835630496e-57,4.866666666666655,4.3953045119530045e-44,0.5667250787359092,0.007389623087382195,0.7969680380040739,0.13469446687008815,0.041318847056029194,
17.866666666666667,0.0,0.0,0.0,8.705925652613949e-58,4.883333333333321,3.955774060757704e-44,0.5660638994773839,0.007266462702592492,0.8023749824485183,0.13289854064515363,0.04069906435018875,
17.883333333333333,0.0,0.0,0.0,2.9368489963338854e-58,4.899999999999988,3.5601966546819333e-44,0.5654034915946603,0.007145354990882617,0.8077833157818517,0.13112656010321824,0.04008857838493592,
17.9,0.0,0.0,0.0,9.86320551304504e-59,4.9166666666666545,3.20417698921374e-44,0.5647438541877998,0.007026265741034573,0.8131930380040739,0.12937820596850866,0.039487249709161884,
17.916666666666668,0.0,0.0,0.0,3.2978002753087256e-59,4.933333333333321,2.883759290292366e-44,0.564084986357914,0.006909161312017331,0.8186041491151851,0.1276531632222619,0.03889494096352446,
17.933333333333334,0.0,0.0,0.0,1.0977423514619091e-59,4.949999999999988,2.5953833612631294e-44,0.5634268872071632,0.006794008623483709,0.8240166491151851,0.12595112104596506,0.03831151684907159,
17.95,0.0,0.0,0.0,3.637862600504487e-60,4.966666666666654,2.3358450251368166e-44,0.5627695558387548,0.006680775146425647,0.8294305380040741,0.1242717727653522,0.037736844096335515,
17.966666666666665,0.0,0.0,0.0,1.2002230597299866e-60,4.983333333333321,2.102260522623135e-44,0.5621129913569429,0.00656942889398522,0.8348458157818518,0.1226148157951475,0.03717079143489048,
17.983333333333334,0.0,0.0,0.0,3.942279787695007e-61,4.999999999999988,1.8920344703608214e-44,0.5614571928670264,0.006459938412418799,0.8402624824485184,0.12097995158454554,0.03661322956336712,
18.0,0.0,0.0,0.0,1.2891478317105828e-61,5.016666666666654,1.7028310233247393e-44,0.5608021594753483,0.006352272772211819,0.845680538004074,0.11936688556341826,0.036064031119916615,
18.016666666666666,0.0,0.0,0.0,4.196892100426245e-62,5.033333333333321,1.5325479209922653e-44,0.5601478902892937,0.006246401559341622,0.8510999824485184,0.11777532708923935,0.03552307065311786,
18.03333333333333,0.0,0.0,0.0,1.3602623813679504e-62,5.049999999999987,1.3792931288930388e-44,0.5594943844172895,0.006142294866685928,0.8565208157818517,0.11620498939471616,0.034990224593321094,
18.05,0.0,0.0,0.0,4.3892202446370663e-63,5.066666666666654,1.241363816003735e-44,0.5588416409688026,0.006039923285574496,0.8619430380040739,0.11465558953611994,0.034465371224421275,
18.066666666666666,0.0,0.0,0.0,1.410008926108629e-63,5.083333333333321,1.1172274344033613e-44,0.558189659054339,0.005939257897481588,0.867366649115185,0.113126848342305,0.033948390656054955,
18.083333333333332,0.0,0.0,0.0,4.509476755003506e-64,5.099999999999987,1.0055046909630252e-44,0.5575384377854423,0.0058402702658568945,0.872791649115185,0.1116184903644076,0.03343916479621413,
18.1,0.0,0.0,0.0,1.435820816857123e-64,5.116666666666654,9.049542218667227e-45,0.5568879762746927,0.005742932428092613,0.8782180380040739,0.1101302438262155,0.03293757732427092,
18.116666666666667,0.0,0.0,0.0,4.551390941154053e-65,5.13333333333332,8.144587996800504e-45,0.5562382736357055,0.005647216887624403,0.8836458157818518,0.1086618405751993,0.032443513664406856,
18.133333333333333,0.0,0.0,0.0,1.4363419288077429e-65,5.149999999999987,7.330129197120453e-45,0.5555893289831305,0.005553096606163996,0.8890749824485185,0.10721301603419664,0.03195686095944075,
18.15,0.0,0.0,0.0,4.5127506574846314e-66,5.166666666666654,6.597116277408408e-45,0.5549411414326502,0.0054605449960612625,0.8945055380040741,0.10578350915374068,0.03147750804504914,
18.166666666666668,0.0,0.0,0.0,1.411544714978064e-66,5.18333333333332,5.937404649667567e-45,0.5542937101009787,0.005369535912793575,0.8999374824485185,0.10437306236502414,0.0310053454243734,
18.183333333333334,0.0,0.0,0.0,4.395595749438101e-67,5.199999999999987,5.3436641847008104e-45,0.5536470341058609,0.005280043647580349,0.9053708157818517,0.10298142153349048,0.0305402652430078,
18.2,0.0,0.0,0.0,1.3627326189337558e-67,5.2166666666666535,4.8092977662307295e-45,0.5530011125660708,0.005192042920120676,0.9108055380040739,0.10160833591304394,0.03008216126436268,
18.216666666666665,0.0,0.0,0.0,4.206039631782599e-68,5.23333333333332,4.3283679896076564e-45,0.5523559446014104,0.005105508871451998,0.916241649115185,0.10025355810087003,0.02963092884539724,
18.233333333333334,0.0,0.0,0.0,1.2924265525602942e-68,5.249999999999987,3.8955311906468905e-45,0.5517115293327087,0.0050204170569277985,0.921679149115185,0.09891684399285842,0.02918646491271628,
18.25,0.0,0.0,0.0,3.9537407198702123e-69,5.266666666666653,3.5059780715822014e-45,0.5510678658818206,0.004936743439312335,0.9271180380040739,0.09759795273962031,0.028748667939025536,
18.266666666666666,0.0,0.0,0.0,1.2041492001199433e-69,5.28333333333332,3.155380264423981e-45,0.5504249533716251,0.004854464381990463,0.9325583157818517,0.09629664670309204,0.028317437919940153,
18.28333333333333,0.0,0.0,0.0,3.65108732041137e-70,5.2999999999999865,2.839842237981583e-45,0.5497827909260249,0.004773556642290622,0.9379999824485183,0.09501269141371749,0.027892676351141052,
18.3,0.0,0.0,0.0,1.1021328328658067e-70,5.316666666666653,2.5558580141834246e-45,0.5491413776699445,0.0046939973649191115,0.9434430380040739,0.09374585552820125,0.027474286205873936,
18.316666666666666,0.0,0.0,0.0,3.312191689886054e-71,5.33333333333332,2.300272212765082e-45,0.5485007127293295,0.004615764075503793,0.9488874824485184,0.09249591078782524,0.02706217191278583,
18.333333333333332,0.0,0.0,0.0,9.9098433262671e-72,5.349999999999986,2.070244991488574e-45,0.5478607952311453,0.004538834674245397,0.9543333157818518,0.0912626319773209,0.026656239334094042,
18.35,0.0,0.0,0.0,2.9518067114557946e-72,5.366666666666653,1.8632204923397165e-45,0.5472216243033756,0.00446318742967464,0.959780538004074,0.09004579688428996,0.02625639574408263,
18.366666666666667,0.0,0.0,0.0,8.753441741214186e-73,5.3833333333333195,1.676898443105745e-45,0.5465831990750217,0.004388800972513396,0.9652291491151851,0.0888451862591661,0.02586254980792139,
18.383333333333333,0.0,0.0,0.0,2.584280066418521e-73,5.399999999999986,1.5092085987951706e-45,0.5459455186761009,0.004315654289638173,0.970679149115185,0.08766058377571055,0.025474611560802572,
18.4,0.0,0.0,0.0,7.595740376830846e-74,5.416666666666653,1.3582877389156535e-45,0.5453085822376454,0.004243726718144204,0.9761305380040739,0.0864917759920344,0.025092492387390534,
18.416666666666668,0.0,0.0,0.0,2.222646770164262e-74,5.433333333333319,1.2224589650240881e-45,0.5446723888917016,0.004172997939508467,0.9815833157818517,0.08533855231214062,0.024716105001579676,
18.433333333333334,0.0,0.0,0.0,6.475012151124594e-75,5.449999999999986,1.1002130685216793e-45,0.5440369377713279,0.0041034479738499925,0.9870374824485183,0.08420070494797874,0.02434536342655598,
18.45,0.0,0.0,0.0,1.8779348826838927e-75,5.466666666666653,9.901917616695113e-46,0.5434022280105947,0.004035057174285826,0.9924930380040738,0.08307802888200569,0.02398018297515764,
18.466666666666665,0.0,0.0,0.0,5.42238403283904e-76,5.483333333333319,8.911725855025603e-46,0.5427682587445823,0.003967806221381063,0.9979499824485183,0.08197032183024561,0.023620480230530278,
18.483333333333334,0.0,0.0,0.0,1.5587261396491373e-76,5.499999999999986,8.020553269523042e-46,0.5421350291093804,0.0039016761176913785,1.0,0.08087738420584233,0.023266173027072325,
18.5,0.0,0.0,0.0,4.460865887714667e-77,5.516666666666652,7.218497942570738e-46,0.5415025382420862,0.003836648182396522,1.0,0.07979901908309776,0.02291718043166624,
18.516666666666666,0.0,0.0,0.0,1.2709788312301725e-77,5.533333333333319,6.496648148313665e-46,0.5408707852808037,0.003772704046023247,1.0,0.07873503216198979,0.022573422725191247,
18.53333333333333,0.0,0.0,0.0,3.605182630744343e-78,5.549999999999986,5.8469833334822985e-46,0.5402397693646427,0.0037098256452561926,1.0,0.07768523173316326,0.022234821384313378,
18.55,0.0,0.0,0.0,1.0180896564402939e-78,5.566666666666652,5.262285000134068e-46,0.5396094896337172,0.003647995217835256,1.0,0.07664942864338775,0.021901299063548676,
18.566666666666666,0.0,0.0,0.0,2.862296256317749e-79,5.583333333333319,4.736056500120661e-46,0.5389799452291446,0.0035871952975380017,1.0,0.07562743626147592,0.021572779577595444,
18.583333333333332,0.0,0.0,0.0,8.011483494003128e-80,5.599999999999985,4.262450850108595e-46,0.5383511352930439,0.0035274087092457018,1.0,0.07461907044465624,0.021249187883931514,
18.6,0.0,0.0,0.0,2.2324467278928863e-80,5.616666666666652,3.836205765097736e-46,0.5377230589685353,0.003468618564091607,1.0,0.07362414950539416,0.02093045006567254,
18.616666666666667,0.0,0.0,0.0,6.1932565206962015e-81,5.633333333333319,3.452585188587962e-46,0.5370957153997387,0.00341080825469008,1.0,0.07264249417865556,0.020616493314687453,
18.633333333333333,0.0,0.0,0.0,1.710514796004508e-81,5.649999999999985,3.107326669729166e-46,0.5364691037317723,0.0033539614504452457,1.0,0.20980726092294016,0.020307245914967142,micro_nod_ready
18.65,0.0,0.0,0.0,4.703318659847278e-82,5.666666666666652,2.7965940027562494e-46,0.5358432231107518,0.003298062092937825,1.0,0.20700983077730095,0.020002637226242636,
18.666666666666668,0.0,0.0,0.0,1.2875134522237719e-82,5.6833333333333185,2.5169346024806244e-46,0.5352180726837893,0.003243094391388861,1.0,0.20424969970027027,0.019702597667848997,
18.683333333333334,0.0,0.0,0.0,3.50888349689982e-83,5.699999999999985,2.265241142232562e-46,0.5345936515989915,0.0031890428181990467,1.0,0.20152637037093332,0.019407058702831263,
18.7,0.0,0.0,0.0,9.520415981402202e-84,5.716666666666652,2.038717028009306e-46,0.5339699590054594,0.003135892104562396,1.0,0.19883935209932088,0.019115952822288795,
18.716666666666665,0.0,0.0,0.0,2.5716549844814336e-84,5.733333333333318,1.8348453252083752e-46,0.5333469940532863,0.0030836272361530227,1.0,0.1961881607379966,0.018829213529954463,
18.733333333333334,0.0,0.0,0.0,6.915749965701809e-85,5.749999999999985,1.6513607926875378e-46,0.5327247558935575,0.0030322334488838056,1.0,0.19357231859482332,0.018546775327005147,
18.75,0.0,0.0,0.0,1.8515509447169895e-85,5.7666666666666515,1.486224713418784e-46,0.5321032436783484,0.002981696224735742,1.0,0.19099135434689235,0.01826857369710007,
18.766666666666666,0.0,0.0,0.0,4.935166974870914e-86,5.783333333333318,1.3376022420769056e-46,0.5314824565607237,0.002932001287656813,1.0,0.18844480295560045,0.01799454509164357,
18.78333333333333,0.0,0.0,0.0,1.3095975031171973e-86,5.799999999999985,1.203842017869215e-46,0.5308623936947362,0.002883134599529199,1.0,0.1859322055828591,0.017724626915268916,
18.8,0.0,0.0,0.0,3.4597413168418437e-87,5.816666666666651,1.0834578160822935e-46,0.5302430542354257,0.0028350823562037124,1.0,0.183453109508421,0.01745875751153988,
18.816666666666666,0.0,0.0,0.0,9.099535422933438e-88,5.833333333333318,9.751120344740642e-47,0.5296244373388177,0.0027878309836003173,1.0,0.1810070680483087,0.017196876148866783,
18.833333333333332,0.0,0.0,0.0,2.3826739365885606e-88,5.8499999999999845,8.776008310266577e-47,0.5290065421619224,0.0027413671338736454,1.0,0.17859364047433127,0.016938923006633782,
18.85,0.0,0.0,0.0,6.21126145610069e-89,5.866666666666651,7.898407479239919e-47,0.5283893678627335,0.002695677681642418,1.0,0.17621239193467353,0.016684839161534275,
18.866666666666667,0.0,0.0,0.0,1.611999154298127e-89,5.883333333333318,7.108566731315927e-47,0.5277729136002269,0.002650749720281711,1.0,0.17386289337554456,0.01643456657411126,
18.883333333333333,0.0,0.0,0.0,4.16504416380059e-90,5.899999999999984,6.397710058184334e-47,0.52715717853436,0.0026065705582770157,1.0,0.17154472146387062,0.01618804807549959,
18.9,0.0,0.0,0.0,1.071381675867215e-90,5.916666666666651,5.757939052365901e-47,0.5265421618260698,0.0025631277156390655,1.0,0.169257458511019,0.015945227354367094,
18.916666666666668,0.0,0.0,0.0,2.7437126146544804e-91,5.933333333333318,5.182145147129311e-47,0.5259278626372728,0.0025204089203784146,1.0,0.16700069239753876,0.015706048944051587,
18.933333333333334,0.0,0.0,0.0,6.995243362522186e-92,5.949999999999984,4.66393063241638e-47,0.5253142801308626,0.0024784021050387743,1.0,0.1647740164989049,0.015470458209890812,
18.95,0.0,0.0,0.0,1.775566074554092e-92,5.966666666666651,4.197537569174742e-47,0.5247014134707099,0.002437095403288128,1.0,0.16257702961225284,0.01523840133674245,
18.966666666666665,0.0,0.0,0.0,4.486840704326999e-93,5.983333333333317,3.777783812257268e-47,0.5240892618216607,0.002396477146566659,1.0,0.16040933588408948,0.015009825316691313,
18.983333333333334,0.0,0.0,0.0,1.1287928922039858e-93,5.999999999999984,3.400005431031541e-47,0.5234778243495355,0.002356535860790548,1.0,0.1582705447389683,0.014784677936940943,
19.0,0.0,0.0,0.0,2.8272074941572325e-94,6.016666666666651,3.0600048879283865e-47,0.5228671002211277,0.0023172602631107058,1.0,0.15616027080911538,0.014562907767886829,
19.016666666666666,0.0,0.0,0.0,7.04970433339893e-95,6.033333333333317,2.754004399135548e-47,0.5222570886042031,0.0022786392587255274,1.0,0.15407813386499383,0.014344464151368527,
19.03333333333333,0.0,0.0,0.0,1.750063974433705e-95,6.049999999999984,2.478603959221993e-47,0.5216477886674982,0.0022406619377467684,1.0,0.1520237587467939,0.014129297189097998,
19.05,0.0,0.0,0.0,4.325205524206475e-96,6.06666666666665,2.2307435632997937e-47,0.5210391995807194,0.0022033175721176555,1.0,0.14999677529683667,0.013917357731261529,
19.066666666666666,0.0,0.0,0.0,1.0642149988343512e-96,6.083333333333317,2.0076692069698144e-47,0.5204313205145419,0.0021665956125823615,1.0,0.14799681829287883,0.013708597365292606,
19.083333333333332,0.0,0.0,0.0,2.6068845866408534e-97,6.099999999999984,1.806902286272833e-47,0.5198241506406083,0.0021304856857059886,1.0,0.14602352738230712,0.013502968404813217,
19.1,0.0,0.0,0.0,6.357465841094478e-98,6.11666666666665,1.6262120576455498e-47,0.5192176891315275,0.002094977590944222,1.0,0.14407654701720968,0.013300423878741018,
19.116666666666667,0.0,0.0,0.0,1.5435335325544983e-98,6.133333333333317,1.4635908518809948e-47,0.5186119351608741,0.0020600612977618184,1.0,0.14215552639031354,0.013100917520559903,
19.133333333333333,0.0,0.0,0.0,3.730936903690462e-99,6.1499999999999835,1.3172317666928953e-47,0.5180068879031864,0.0020257269427991216,1.0,0.14026011937177602,0.012904403757751504,
19.15,0.0,0.0,0.0,8.978205517024481e-100,6.16666666666665,1.1855085900236057e-47,0.517402546533966,0.0019919648270858028,1.0,0.138389984446819,0.012710837701385232,
19.166666666666668,0.0,0.0,0.0,2.1509533068229545e-100,6.183333333333317,1.0669577310212451e-47,0.5167989102296764,0.0019587654133010396,1.0,0.13654478465419473,0.012520175135864453,
19.183333333333334,0.0,0.0,0.0,5.130293664317417e-101,6.199999999999983,9.602619579191206e-48,0.5161959781677418,0.0019261193230793556,1.0,0.13472418752547213,0.012332372508826486,
19.2,0.0,0.0,0.0,1.2182131138140634e-101,6.21666666666665,8.642357621272087e-48,0.515593749526546,0.0018940173343613663,1.0,0.1329278650251325,0.012147386921194088,
19.216666666666665,0.0,0.0,0.0,2.8798781811595926e-102,6.2333333333333165,7.778121859144878e-48,0.5149922234854317,0.001862450378788677,1.0,0.13115549349146408,0.011965176117376176,
19.233333333333334,0.0,0.0,0.0,6.777893912842297e-103,6.249999999999983,7.00030967323039e-48,0.5143913992246987,0.001831409539142199,1.0,0.12940675357824455,0.011785698475615534,
19.25,0.0,0.0,0.0,1.588126961603378e-103,6.26666666666665,6.300278705907351e-48,0.5137912759256031,0.0018008860468231623,1.0,0.1276813301972013,0.0116089129984813,
19.266666666666666,0.0,0.0,0.0,3.704635405005485e-104,6.283333333333316,5.670250835316615e-48,0.5131918527703566,0.0017708712793761097,1.0,0.1259789124612386,0.01143477930350408,
19.28333333333333,0.0,0.0,0.0,8.603507256905119e-105,6.299999999999983,5.1032257517849536e-48,0.5125931289421245,0.0017413567580531746,1.0,0.12429919362842208,0.011263257613951519,
19.3,0.0,0.0,0.0,1.98918597298785e-105,6.3166666666666496,4.592903176606458e-48,0.5119951036250253,0.0017123341454189551,1.0,0.12264187104670979,0.011094308749742246,
19.316666666666666,0.0,0.0,0.0,4.578730152275766e-106,6.333333333333316,4.1336128589458124e-48,0.5113977760041295,0.0016837952429953058,1.0,0.12100664609942033,0.010927894118496113,
19.333333333333332,0.0,0.0,0.0,1.049263371506206e-106,6.349999999999983,3.720251573051231e-48,0.5108011452654581,0.001655731988945384,1.0,0.11939322415142806,0.010763975706718672,
19.35,0.0,0.0,0.0,2.3938326056448315e-107,6.366666666666649,3.3482264157461075e-48,0.5102052105959817,0.0016281364557962942,1.0,0.11780131449607568,0.010602516071117892,
19.366666666666667,0.0,0.0,0.0,5.4371691740446986e-108,6.383333333333316,3.0134037741714966e-48,0.5096099711836197,0.0016010008481996893,1.0,0.11623063030279468,0.010443478330051124,
19.383333333333333,0.0,0.0,0.0,1.2294807015115182e-108,6.399999999999983,2.712063396754347e-48,0.5090154262172388,0.0015743175007296945,1.0,0.11468088856542408,0.010286826155100357,
19.4,0.0,0.0,0.0,2.767836223586059e-109,6.416666666666649,2.440857057078912e-48,0.5084215748866521,0.0015480788757175328,1.0,0.11315181005121842,0.010132523762773852,
19.416666666666668,0.0,0.0,0.0,6.203386829110324e-110,6.433333333333316,2.1967713513710207e-48,0.5078284163826177,0.0015222775611222405,1.0,0.11164311925053551,0.009980535906332244,
19.433333333333334,0.0,0.0,0.0,1.3841626966421647e-110,6.449999999999982,1.9770942162339186e-48,0.507235949896838,0.0014969062684368698,1.0,0.11015454432719503,0.00983082786773726,
19.45,0.0,0.0,0.0,3.074788302623657e-111,6.466666666666649,1.7793847946105268e-48,0.5066441746219583,0.0014719578306295886,1.0,0.10868581706949909,0.009683365449721202,
19.466666666666665,0.0,0.0,0.0,6.800065594044727e-112,6.483333333333316,1.601446315149474e-48,0.506053089751566,0.0014474252001190956,1.0,0.10723667284190577,0.009538114967975384,
19.483333333333334,0.0,0.0,0.0,1.4972033356708416e-112,6.499999999999982,1.4413016836345268e-48,0.5054626944801892,0.0014233014467837774,1.0,0.10580685053734702,0.009395043243455753,
19.5,0.0,0.0,0.0,3.2818465619916433e-113,6.516666666666649,1.2971715152710742e-48,0.5048729880032956,0.0013995797560040477,1.0,0.1043960925301824,0.009254117594803917,
19.516666666666666,0.0,0.0,0.0,7.161855611217065e-114,6.5333333333333155,1.1674543637439667e-48,0.5042839695172918,0.0013762534267373137,1.0,0.10300414462977996,0.009115305830881859,
19.53333333333333,0.0,0.0,0.0,1.5559751330632714e-114,6.549999999999982,1.05070892736957e-48,0.5036956382195217,0.001353315869625025,1.0,0.10163075603471622,0.008978576243418631,
19.55,0.0,0.0,0.0,3.3654996153933005e-115,6.566666666666649,9.45638034632613e-49,0.5031079933082656,0.0013307606051312748,1.0,0.10027567928758667,0.008843897599767352,
19.566666666666666,0.0,0.0,0.0,7.247133153983999e-116,6.583333333333315,8.510742311693518e-49,0.5025210339827393,0.0013085812617124202,1.0,0.09893867023041884,0.008711239135770842,
19.583333333333332,0.0,0.0,0.0,1.5536483877392036e-116,6.599999999999982,7.659668080524166e-49,0.5019347594430927,0.0012867715740172132,1.0,0.09761948796067993,0.00858057054873428,
19.6,0.0,0.0,0.0,3.31595813544723e-117,6.6166666666666485,6.893701272471749e-49,0.5013491688904091,0.0012653253811169263,1.0,0.09631789478787087,0.008451861990503266,
19.616666666666667,0.0,0.0,0.0,7.0458783614679815e-118,6.633333333333315,6.204331145224574e-49,0.5007642615267037,0.0012442366247649775,1.0,0.09503365619069926,0.008325084060645718,
19.633333333333333,0.0,0.0,0.0,1.4904967936598839e-118,6.649999999999982,5.583898030702116e-49,0.5001800365549226,0.0012234993476855612,1.0,0.09376654077482327,0.008200207799736032,
19.65,0.0,0.0,0.0,3.1390393014864815e-119,6.666666666666648,5.025508227631905e-49,0.49959649317894184,0.0012031076918908017,1.0,0.09251632023115897,0.00807720468273999,
19.666666666666668,0.0,0.0,0.0,6.581611794664017e-120,6.683333333333315,4.5229574048687145e-49,0.4990136306035664,0.001183055897025955,1.0,0.09128276929474351,0.007956046612498891,
19.683333333333334,0.0,0.0,0.0,1.3738444836403931e-120,6.6999999999999815,4.070661664381843e-49,0.49843144803452893,0.001163338298742189,1.0,0.09006566570414692,0.007836705913311409,
19.7,0.0,0.0,0.0,2.855043228013193e-121,6.716666666666648,3.663595497943659e-49,0.49784994467848864,0.001143949327096486,1.0,0.08886479016142497,0.007719155324611738,
19.716666666666665,0.0,0.0,0.0,5.906872606683763e-122,6.733333333333315,3.297235948149293e-49,0.4972691197430304,0.0011248835049782113,1.0,0.08767992629260597,0.0076033679947425615,
19.733333333333334,0.0,0.0,0.0,1.2166686652450974e-122,6.749999999999981,2.9675123533343637e-49,0.49668897243666355,0.0011061354465619077,1.0,0.08651086060870455,0.007489317474821423,
19.75,0.0,0.0,0.0,2.4949212613837196e-123,6.766666666666648,2.670761118000927e-49,0.49610950196882075,0.0010876998557858759,1.0,0.08535738246725516,0.007376977712699102,
19.766666666666666,0.0,0.0,0.0,5.09343967905097e-124,6.783333333333315,2.4036850062008344e-49,0.4955307075498571,0.0010695715248561113,1.0,0.08421928403435842,0.007266323047008616,
19.78333333333333,0.0,0.0,0.0,1.0352262904276638e-124,6.799999999999981,2.163316505580751e-49,0.49495258839104894,0.001051745332775176,1.0,0.08309636024723364,0.007157328201303486,
19.8,0.0,0.0,0.0,2.0947356334548423e-125,6.816666666666648,1.9469848550226758e-49,0.49437514370459273,0.0010342162438955898,1.0,0.08198840877727052,0.007049968278283934,
19.816666666666666,0.0,0.0,0.0,4.21981052141731e-126,6.833333333333314,1.752286369520408e-49,0.49379837270360405,0.00101697930649733,1.0,0.08089522999357358,0.006944218754109675,
19.833333333333332,0.0,0.0,0.0,8.463041744200042e-127,6.849999999999981,1.5770577325683673e-49,0.4932222746021165,0.0010000296513890412,1.0,0.0798166269269926,0.00684005547279803,
19.85,0.0,0.0,0.0,1.6897786467766365e-127,6.866666666666648,1.4193519593115306e-49,0.4926468486150807,0.000983362490532557,1.0,0.0787524052346327,0.00673745464070606,
19.866666666666667,0.0,0.0,0.0,3.3589454802659283e-128,6.883333333333314,1.2774167633803775e-49,0.4920720939583631,0.0009669731156903478,1.0,0.0777023731648376,0.006636392821095469,
19.883333333333333,0.0,0.0,0.0,6.647309408374872e-129,6.899999999999981,1.1496750870423398e-49,0.49149800984874503,0.0009508568970955087,1.0,0.07666634152263976,0.006536846928779037,
19.9,0.0,0.0,0.0,1.3096602181432629e-129,6.916666666666647,1.0347075783381058e-49,0.4909245955039215,0.0009350092821439168,1.0,0.07564412363567123,0.006438794224847351,
19.916666666666668,0.0,0.0,0.0,2.5688643965593065e-130,6.933333333333314,9.312368205042953e-50,0.4903518501425002,0.0009194257941081849,1.0,0.07463553532052895,0.006342212311474641,
19.933333333333334,0.0,0.0,0.0,5.016415786154982e-131,6.949999999999981,8.381131384538657e-50,0.4897797729840006,0.0009041020308730485,1.0,0.07364039484958856,0.006247079126802522,
19.95,0.0,0.0,0.0,9.752493609087813e-132,6.966666666666647,7.543018246084791e-50,0.4892083632488526,0.0008890336636918311,1.0,0.07265852291826072,0.006153372939900484,
19.966666666666665,0.0,0.0,0.0,1.887589814530498e-132,6.983333333333314,6.788716421476312e-50,0.48863762015839557,0.0008742164359636339,1.0,0.0716897426126839,0.006061072345801976,
19.983333333333334,0.0,0.0,0.0,3.637218390906977e-133,6.9999999999999805,6.109844779328681e-50,0.4880675429348774,0.0008596461620309067,1.0,0.07073387937784811,0.005970156260614947,
20.0,0.0,0.0,0.0,6.977517490158421e-134,7.016666666666647,5.498860301395814e-50,0.4874981308014534,0.0008453187259970583,1.0,0.06979076098614347,0.0058806039167057225,
20.016666666666666,0.0,0.0,0.0,1.3326076176625647e-134,7.033333333333314,4.948974271256232e-50,0.486929382982185,0.000831230080563774,1.0,0.06886021750632822,0.005792394857955137,
20.03333333333333,0.0,0.0,0.0,2.5338065329789956e-135,7.04999999999998,4.454076844130609e-50,0.48636129870203915,0.0008173762458877111,1.0,0.0679420812729105,0.00570550893508581,
20.05,0.0,0.0,0.0,4.7963891723369625e-136,7.066666666666647,4.008669159717548e-50,0.48579387718688677,0.0008037533084562493,1.0,0.06703618685593836,0.005619926301059523,
20.066666666666666,0.0,0.0,0.0,9.039099740070364e-137,7.0833333333333135,3.607802243745793e-50,0.48522711766350207,0.0007903574199819784,1.0,0.06614237103119251,0.00553562740654363,
20.083333333333332,0.0,0.0,0.0,1.69592149816036e-137,7.09999999999998,3.2470220193712137e-50,0.4846610193595613,0.0007771847963156122,1.0,0.06526047275077661,0.005452592995445475,
20.1,0.0,0.0,0.0,3.167788039696479e-138,7.116666666666647,2.922319817434092e-50,0.4840955815036418,0.0007642317163770187,1.0,0.06439033311409958,0.005370804100513793,
20.116666666666667,0.0,0.0,0.0,5.8908272388538214e-139,7.133333333333313,2.630087835690683e-50,0.48353080332522086,0.0007514945211040683,1.0,0.06353179533924493,0.005290242039006086,
20.133333333333333,0.0,0.0,0.0,1.0906019256173405e-139,7.14999999999998,2.3670790521216145e-50,0.48296668405467474,0.0007389696124190005,0.25,0.5560180380680549,0.005210888408420995,response_ready
20.15,0.0,0.0,0.0,2.0101387530182514e-140,7.1666666666666465,2.1303711469094532e-50,0.48240322292327764,0.0007266534522120171,0.2555972222222222,0.5486044642271476,0.00513272508229468,
20.166666666666668,0.0,0.0,0.0,3.688549489440904e-141,7.183333333333313,1.917334032218508e-50,0.4818404191632005,0.0007145425613418169,0.2611958333333333,0.5412897380374523,0.00505573420606026,
20.183333333333334,0.0,0.0,0.0,6.738372193740637e-142,7.19999999999998,1.7256006289966572e-50,0.48127827200751006,0.0007026335186527866,0.2667958333333333,0.5340725415302863,0.004979898192969357,
20.2,0.0,0.0,0.0,1.2255306538672933e-142,7.216666666666646,1.5530405660969914e-50,0.48071678069016793,0.0006909229600085735,0.2723972222222222,0.5269515743098825,0.0049051997200748165,
20.216666666666665,0.0,0.0,0.0,2.219029950452534e-143,7.233333333333313,1.3977365094872923e-50,0.4801559444460294,0.000679407577341764,0.27799999999999997,0.5199255533190841,0.004831621724273694,
20.233333333333334,0.0,0.0,0.0,4.0001101602153566e-144,7.24999999999998,1.257962858538563e-50,0.47959576251084235,0.0006680841177194012,0.28360416666666666,0.512993212608163,0.004759147398409589,
20.25,0.0,0.0,0.0,7.178778304535203e-145,7.266666666666646,1.1321665726847069e-50,0.47903623412124635,0.0006569493824240779,0.2892097222222222,0.5061533031067208,0.0046877601874334455,
20.266666666666666,0.0,0.0,0.0,1.2826227356410633e-145,7.283333333333313,1.0189499154162362e-50,0.4784773585147716,0.0006460002260503432,0.2948166666666666,0.49940459239863116,0.0046174437846219435,
20.28333333333333,0.0,0.0,0.0,2.2814824296221585e-146,7.299999999999979,9.170549238746125e-51,0.4779191349298377,0.0006352335556161708,0.30042499999999994,0.49274586449998276,0.004548182127852614,
20.3,0.0,0.0,0.0,4.0402210345506276e-147,7.316666666666646,8.253494314871512e-51,0.47736156260575285,0.0006246463296892346,0.30603472222222217,0.48617591963998297,0.004479959395934825,
20.316666666666666,0.0,0.0,0.0,7.122999675485127e-148,7.333333333333313,7.428144883384361e-51,0.4768046407827128,0.0006142355575277474,0.3116458333333333,0.4796935740447832,0.004412760004995803,
20.333333333333332,0.0,0.0,0.0,1.2502317566360189e-148,7.349999999999979,6.685330395045924e-51,0.4762483687017996,0.0006039982982356183,0.3172583333333333,0.4732976597241861,0.004346568604920866,
20.35,0.0,0.0,0.0,2.1846804877383193e-149,7.366666666666646,6.016797355541331e-51,0.4756927456049808,0.0005939316599316913,0.32287222222222217,0.4669870242611969,0.004281370075847053,
20.366666666666667,0.0,0.0,0.0,3.8006260079256145e-150,7.383333333333312,5.415117619987198e-51,0.4751377707351083,0.0005840327989328298,0.32848749999999993,0.460760530604381,0.004217149524709347,
20.383333333333333,0.0,0.0,0.0,6.582519348395988e-151,7.399999999999979,4.873605857988478e-51,0.47458344333591734,0.0005742989189506159,0.3341041666666666,0.45461705686298925,0.004153892281838707,
20.4,0.0,0.0,0.0,1.1350080846813463e-151,7.416666666666646,4.3862452721896305e-51,0.47402976265202545,0.000564727270301439,0.33972222222222215,0.44855549610481604,0.004091583897611126,
20.416666666666668,0.0,0.0,0.0,1.948388546942121e-152,7.433333333333312,3.9476207449706675e-51,0.4734767279289314,0.0005553151491297484,0.3453416666666666,0.44257475615675185,0.004030210139146959,
20.433333333333334,0.0,0.0,0.0,3.329829398753066e-153,7.449999999999979,3.5528586704736005e-51,0.47292433841301434,0.0005460598966442526,0.35096249999999996,0.43667375940799513,0.003969756987059755,
20.45,0.0,0.0,0.0,5.6654994397888566e-154,7.4666666666666455,3.1975728034262405e-51,0.4723725933515325,0.0005369588983668484,0.35658472222222215,0.43085144261588854,0.0039102106322538585,
20.466666666666665,0.0,0.0,0.0,9.596750872411441e-155,7.483333333333312,2.877815523083616e-51,0.47182149199262235,0.0005280095833940676,0.36220833333333324,0.42510675671434334,0.0038515574727700508,
20.483333333333334,0.0,0.0,0.0,1.6183782869213273e-155,7.499999999999979,2.5900339707752546e-51,0.47127103358529765,0.0005192094236708332,0.36783333333333323,0.41943866662481877,0.0037937841106785,
20.5,0.0,0.0,0.0,2.7171002822481746e-156,7.516666666666645,2.331030573697729e-51,0.4707212173794481,0.0005105559332763193,0.3734597222222221,0.4138461510698212,0.0037368773490183225,
20.516666666666666,0.0,0.0,0.0,4.541518570642342e-157,7.533333333333312,2.0979275163279563e-51,0.4701720426258387,0.000502046667721714,0.3790874999999999,0.4083282023888902,0.0036808241887830474,
20.53333333333333,0.0,0.0,0.0,7.5572940990192e-158,7.5499999999999785,1.8881347646951606e-51,0.4696235085761086,0.0004936792232596854,0.3847166666666666,0.40288382635703834,0.0036256118259513016,
20.55,0.0,0.0,0.0,1.2519914266531981e-158,7.566666666666645,1.6993212882256445e-51,0.4690756144827698,0.0004854512362053573,0.3903472222222221,0.3975120420056112,0.003571227648562032,
20.566666666666666,0.0,0.0,0.0,2.0649340641413435e-159,7.583333333333312,1.52938915940308e-51,0.4685283595992066,0.00047736038226860135,0.39597916666666655,0.39221188144553637,0.0035176592338336016,
20.583333333333332,0.0,0.0,0.0,3.390633313320945e-160,7.599999999999978,1.376450243462772e-51,0.46798174317967417,0.000469404375897458,0.4016124999999999,0.3869823896929292,0.0034648943453260976,
20.6,0.0,0.0,0.0,5.542749647621093e-161,7.616666666666645,1.2388052191164949e-51,0.4674357644792979,0.0004615809696325004,0.4072472222222221,0.3818226244970235,0.003412920930146206,
20.616666666666667,0.0,0.0,0.0,9.020684709647749e-162,7.6333333333333115,1.1149246972048454e-51,0.46689042275407205,0.0004538879534719587,0.4128833333333332,0.3767316561703965,0.003361727116194013,
20.633333333333333,0.0,0.0,0.0,1.4615832140186289e-162,7.649999999999978,1.0034322274843608e-51,0.466345717260859,0.00044632315424742607,0.41852083333333323,0.37170856742145786,0.0033113012094511027,
20.65,0.0,0.0,0.0,2.35763946057179e-163,7.666666666666645,9.030890047359246e-52,0.465801647257388,0.00043888443500996897,0.4241597222222221,0.36675245318917177,0.0032616316913093362,
20.666666666666668,0.0,0.0,0.0,3.786178102253837e-164,7.683333333333311,8.127801042623322e-52,0.46525821200225437,0.0004315696944264695,0.42979999999999985,0.3618624204799828,0.0032127072159396962,
20.683333333333334,0.0,0.0,0.0,6.05333193600921e-165,7.699999999999978,7.31502093836099e-52,0.4647154107549184,0.0004243768661860283,0.4354416666666665,0.35703758820691633,0.003164516607700601,
20.7,0.0,0.0,0.0,9.635133609660073e-166,7.716666666666645,6.5835188445248915e-52,0.4641732427757043,0.00041730391841626117,0.44108472222222206,0.3522770870308241,0.0031170488585850918,
20.716666666666665,0.0,0.0,0.0,1.5268303909127124e-166,7.733333333333311,5.925166960072403e-52,0.46363170732579934,0.00041034885310932347,0.4467291666666665,0.34758005920374646,0.0030702931257063156,
20.733333333333334,0.0,0.0,0.0,2.4087606761924165e-167,7.749999999999978,5.3326502640651626e-52,0.4630908036672526,0.0004035097055575014,0.45237499999999986,0.3429456584143632,0.0030242387288207206,
20.75,0.0,0.0,0.0,3.78326107089879e-168,7.766666666666644,4.799385237658646e-52,0.4625505310629741,0.0003967845437982097,0.4580222222222221,0.338373049635505,0.0029788751478884096,
20.766666666666666,0.0,0.0,0.0,5.91573584149462e-169,7.783333333333311,4.3194467138927816e-52,0.46201088877673396,0.0003901714680682395,0.4636708333333332,0.33386140897369826,0.0029341920206700837,
20.78333333333333,0.0,0.0,0.0,9.209181590077976e-170,7.799999999999978,3.887502042503504e-52,0.4614718760731611,0.0003836686102671022,0.4693208333333332,0.32940992352071563,0.0028901791403600323,
20.8,0.0,0.0,0.0,1.4272600264660252e-170,7.816666666666644,3.4987518382531535e-52,0.4609334922177424,0.00037727413342931716,0.4749722222222221,0.3250177912071061,0.002846826453254632,
20.816666666666666,0.0,0.0,0.0,2.202190936357719e-171,7.833333333333311,3.148876654427838e-52,0.4603957364768217,0.0003709862312054952,0.48062499999999986,0.32068422065767804,0.0028041240564558125,
20.833333333333332,0.0,0.0,0.0,3.382802488733978e-172,7.849999999999977,2.833988988985054e-52,0.4598586081175987,0.00036480312735207027,0.48627916666666654,0.316408431048909,0.0027620621956089752,
20.85,0.0,0.0,0.0,5.17330536511199e-173,7.866666666666644,2.5505900900865487e-52,0.4593221064081282,0.00035872307522953574,0.4919347222222221,0.3121896519682569,0.0027206312626748405,
20.866666666666667,0.0,0.0,0.0,7.87642948872202e-174,7.883333333333311,2.295531081077894e-52,0.4587862306173187,0.00035274435730904346,0.49759166666666654,0.30802712327534676,0.002679821793734718,
20.883333333333333,0.0,0.0,0.0,1.1938794228095756e-174,7.899999999999977,2.0659779729701044e-52,0.45825098001493186,0.00034686528468722607,0.5032499999999999,0.3039200949650088,0.002639624466828697,
20.9,0.0,0.0,0.0,1.8016123353617263e-175,7.916666666666644,1.859380175673094e-52,0.4577163538715811,0.00034108419660910564,0.5089097222222221,0.29986782703214204,0.0026000300998262663,
20.916666666666668,0.0,0.0,0.0,2.7066495545383362e-176,7.9333333333333105,1.6734421581057845e-52,0.45718235145873093,0.00033539945999895386,0.5145708333333332,0.29586958933838015,0.002561029648328872,
20.933333333333334,0.0,0.0,0.0,4.048298365918914e-177,7.949999999999977,1.5060979422952062e-52,0.45664897204869576,0.0003298094689989713,0.5202333333333332,0.2919246614805351,0.002522614203603939,
20.95,0.0,0.0,0.0,6.02813264187387e-178,7.966666666666644,1.3554881480656855e-52,0.45611621491463894,0.00032431264451565514,0.5258972222222221,0.28803233266079464,0.00248477499054988,
20.966666666666665,0.0,0.0,0.0,8.936405946257868e-179,7.98333333333331,1.219939333259117e-52,0.4555840793305719,0.00031890743377372755,0.5315624999999999,0.2841919015586507,0.0024475033656916317,
20.983333333333334,0.0,0.0,0.0,1.3189027693451939e-179,7.999999999999977,1.0979453999332053e-52,0.4550525645713529,0.0003135923098774988,0.5372291666666666,0.28040267620453535,0.002410790815206257,
21.0,0.0,0.0,0.0,1.9379049576436633e-180,8.016666666666644,9.881508599398848e-53,0.45452166991268633,0.0003083657713795405,0.5428972222222223,0.2766639738551415,0.002374628952978163,
21.016666666666666,0.0,0.0,0.0,2.8347970337247837e-181,8.033333333333312,8.893357739458962e-53,0.45399139463112154,0.00030322634185654814,0.5485666666666666,0.2729751208704063,0.0023390095186834907,
21.03333333333333,0.0,0.0,0.0,4.128395232494431e-182,8.04999999999998,8.004021965513066e-53,0.4534617380040519,0.00029817256949227233,0.5542374999999999,0.2693354525921342,0.0023039243759032384,
21.05,0.0,0.0,0.0,5.98563690237189e-183,8.066666666666647,7.2036197689617595e-53,0.4529326993097138,0.0002932030266674011,0.5599097222222221,0.2657443132242391,0.0022693655102646896,
21.066666666666666,0.0,0.0,0.0,8.639911046535881e-184,8.083333333333314,6.483257792065584e-53,0.4524042778271858,0.00028831630955627774,0.5655833333333332,0.2622010557145826,0.002235325027610719,
21.083333333333332,0.0,0.0,0.0,1.2415893431153568e-184,8.099999999999982,5.834932012859025e-53,0.4518764728363874,0.00028351103773033976,0.5712583333333332,0.25870504163838814,0.002201795152196558,
21.1,0.0,0.0,0.0,1.7763006866267604e-185,8.11666666666665,5.251438811573123e-53,0.45134928361807825,0.0002787858537681674,0.5769347222222221,0.25525564108320964,0.0021687682249136096,
21.116666666666667,0.0,0.0,0.0,2.5300248880824915e-186,8.133333333333317,4.726294930415811e-53,0.45082270945385716,0.0002741394228720313,0.5826124999999999,0.2518522325354335,0.0021362367015399053,
21.133333333333333,0.0,0.0,0.0,3.5875908310996275e-187,8.149999999999984,4.253665437374229e-53,0.450296749626161,0.00026957043249083076,0.5882916666666665,0.24849420276829437,0.0021041931510168066,
21.15,0.0,0.0,0.0,5.064666111285991e-188,8.166666666666652,3.8282988936368064e-53,0.4497714034182638,0.0002650775919493169,0.5939722222222221,0.38331428006471713,0.0020726302537515543,micro_nod_ready
21.166666666666668,0.0,0.0,0.0,7.118172958386452e-189,8.18333333333332,3.4454690042731257e-53,0.4492466701142758,0.0002606596320834949,0.5996541666666666,0.37820342299718757,0.002041540799945281,
21.183333333333334,0.0,0.0,0.0,9.959924705249309e-190,8.199999999999987,3.100922103845813e-53,0.4487225489991425,0.00025631530488210336,0.6053375,0.3731607106905584,0.002010917687946102,
21.2,0.0,0.0,0.0,1.3874373337352889e-190,8.216666666666654,2.790829893461232e-53,0.44819903935864347,0.0002520433831340683,0.6110222222222222,0.3681852345480176,0.0019807539226269107,
21.216666666666665,0.0,0.0,0.0,1.9241569777484195e-191,8.233333333333322,2.5117469041151087e-53,0.4476761404793917,0.0002478426600818338,0.6167083333333333,0.3632760980873774,0.001951042613787507,
21.233333333333334,0.0,0.0,0.0,2.656668863840765e-192,8.24999999999999,2.2605722137035976e-53,0.4471538516488324,0.00024371194908046992,0.6223958333333333,0.3584324167795457,0.0019217769745806944,
21.25,0.0,0.0,0.0,3.6517762013135695e-193,8.266666666666657,2.034514992333238e-53,0.44663217215524215,0.00023965008326246208,0.6280847222222221,0.3536533178891517,0.001892950319961984,
21.266666666666666,0.0,0.0,0.0,4.9973605538939774e-194,8.283333333333324,1.831063493099914e-53,0.4461111012877277,0.0002356559152080877,0.6337749999999999,0.34893794031729636,0.0018645560651625542,
21.28333333333333,0.0,0.0,0.0,6.808430634733418e-195,8.299999999999992,1.6479571437899226e-53,0.4455906383362253,0.00023172831662128624,0.6394666666666665,0.3442854344463991,0.001836587724185116,
21.3,0.0,0.0,0.0,9.23470767121814e-196,8.31666666666666,1.4831614294109302e-53,0.44507078259149974,0.00022786617801093148,0.6451597222222221,0.33969496198711374,0.0018090389083223392,
21.316666666666666,0.0,0.0,0.0,1.2470075690475124e-196,8.333333333333327,1.3348452864698373e-53,0.44455153334514297,0.00022406840837741596,0.6508541666666665,0.33516569582728556,0.0017819033246975042,
21.333333333333332,0.0,0.0,0.0,1.6764277039857212e-197,8.349999999999994,1.2013607578228535e-53,0.4440328898895736,0.00022033393490445902,0.6565499999999999,0.33069681988292177,0.0017551747748270417,
21.35,0.0,0.0,0.0,2.2437288447696973e-198,8.366666666666662,1.0812246820405681e-53,0.44351485151803577,0.00021666170265605136,0.6622472222222221,0.3262875289511495,0.001728847153204636,
21.366666666666667,0.0,0.0,0.0,2.989686947635531e-199,8.38333333333333,9.731022138365113e-54,0.44299741752459804,0.0002130506742784505,0.6679458333333332,0.3219370285651342,0.0017029144459065665,
21.383333333333333,0.0,0.0,0.0,3.965983124825907e-200,8.399999999999997,8.757919924528602e-54,0.4424805872041527,0.000209499829707143,0.6736458333333333,0.31764453485093236,0.001677370729217968,
21.4,0.0,0.0,0.0,5.237762606606874e-201,8.416666666666664,7.882127932075741e-54,0.4419643598524145,0.00020600816587869062,0.6793472222222222,0.31340927438625327,0.0016522101682796984,
21.416666666666668,0.0,0.0,0.0,6.886690444708437e-202,8.433333333333332,7.093915138868167e-54,0.44144873476592,0.0002025746964473791,0.6850499999999999,0.3092304840611032,0.0016274270157555029,
21.433333333333334,0.0,0.0,0.0,9.014572075210173e-203,8.45,6.38452362498135e-54,0.4409337112420264,0.00019919845150658945,0.6907541666666666,0.3051074109402885,0.0016030156105191703,
21.45,0.0,0.0,0.0,1.1747608672687438e-203,8.466666666666667,5.746071262483216e-54,0.4404192885789107,0.00019587847731481297,0.6964597222222221,0.3010393121277513,0.0015789703763613827,
21.466666666666665,0.0,0.0,0.0,1.5241356773548921e-204,8.483333333333334,5.171464136234894e-54,0.43990546607556863,0.00019261383602623276,0.7021666666666665,0.2970254546327146,0.001555285820715962,
21.483333333333334,0.0,0.0,0.0,1.9686458227528478e-205,8.500000000000002,4.654317722611405e-54,0.4393922430318138,0.00018940360542579556,0.7078749999999998,0.29306511523761175,0.0015319565334052225,
21.5,0.0,0.0,0.0,2.531519938728952e-206,8.51666666666667,4.1888859503502644e-54,0.4388796187482767,0.00018624687866869896,0.713584722222222,0.28915758036777695,0.0015089771854041442,
21.516666666666666,0.0,0.0,0.0,3.240894675456306e-207,8.533333333333337,3.769997355315238e-54,0.4383675925264037,0.00018314276402422064,0.7192958333333331,0.28530214596287323,0.001486342527623082,
21.53333333333333,0.0,0.0,0.0,4.130648923979389e-208,8.550000000000004,3.392997619783714e-54,0.43785616366845626,0.00018009038462381697,0.7250083333333331,0.28149811735003494,0.0014640473897087358,
21.55,0.0,0.0,0.0,5.241329395721292e-209,8.566666666666672,3.053697857805343e-54,0.4373453314775097,0.00017708887821342003,0.730722222222222,0.27774480911870114,0.0014420866788631048,
21.566666666666666,0.0,0.0,0.0,6.621165234362516e-210,8.58333333333334,2.7483280720248086e-54,0.4368350952574526,0.00017413739690986304,0.7364374999999999,0.27404154499711847,0.0014204553786801581,
21.583333333333332,0.0,0.0,0.0,8.327165576897871e-211,8.600000000000007,2.4734952648223277e-54,0.4363254543129856,0.00017123510696136533,0.7421541666666666,0.2703876577304902,0.0013991485479999558,
21.6,0.0,0.0,0.0,1.042628943254901e-211,8.616666666666674,2.226145738340095e-54,0.43581640794962045,0.00016838118851200922,0.7478722222222222,0.26678248896075035,0.0013781613197799563,
21.616666666666667,0.0,0.0,0.0,1.2996671905068797e-212,8.633333333333342,2.0035311645060853e-54,0.43530795547367923,0.0001655748353701424,0.7535916666666667,0.26322538910794036,0.001357488899983257,
21.633333333333333,0.0,0.0,0.0,1.6128884674451703e-213,8.65000000000001,1.8031780480554767e-54,0.43480009619229326,0.00016281525478064002,0.7593125,0.25971571725316783,0.0013371265664835082,
21.65,0.0,0.0,0.0,1.9927201852441556e-214,8.666666666666677,1.622860243249929e-54,0.43429282941340225,0.0001601016672009627,0.7650347222222221,0.2562528410231256,0.0013170696679862556,
21.666666666666668,0.0,0.0,0.0,2.451083495943939e-215,8.683333333333344,1.4605742189249363e-54,0.4337861544457533,0.00015743330608094665,0.7707583333333332,0.2528361364761506,0.0012973136229664619,
21.683333333333334,0.0,0.0,0.0,3.001509302631715e-216,8.700000000000012,1.3145167970324426e-54,0.43328007059889995,0.0001548094176462642,0.7764833333333332,0.24946498798980193,0.001277853918621965,
21.7,0.0,0.0,0.0,3.6592415954455224e-217,8.71666666666668,1.1830651173291984e-54,0.4327745771832012,0.00015222926068549314,0.7822097222222221,0.24613878814993792,0.0012586861098426356,
21.716666666666665,0.0,0.0,0.0,4.4413221590602817e-218,8.733333333333347,1.0647586055962785e-54,0.4322696735098208,0.00014969210634073493,0.7879374999999998,0.24285693764127209,0.001239805818194996,
21.733333333333334,0.0,0.0,0.0,5.3666499872299414e-219,8.750000000000014,9.582827450366507e-55,0.43176535889072604,0.0001471972379017227,0.7936666666666665,0.23961884513938847,0.001221208730922071,
21.75,0.0,0.0,0.0,6.456008131961204e-220,8.766666666666682,8.624544705329856e-55,0.43126163263868683,0.00014474395060336064,0.7993972222222221,0.2364239272041966,0.0012028905999582399,
21.766666666666666,0.0,0.0,0.0,7.732050258087439e-221,8.78333333333335,7.76209023479687e-55,0.430758494067275,0.00014233155142663796,0.8051291666666666,0.23327160817480733,0.0011848472409588663,
21.78333333333333,0.0,0.0,0.0,9.219238921292217e-222,8.800000000000017,6.985881211317184e-55,0.4302559424908632,0.00013995935890286066,0.8108624999999999,0.2301613200658099,0.0011670745323444833,
21.8,0.0,0.0,0.0,1.0943727592632628e-222,8.816666666666684,6.287293090185465e-55,0.42975397722462383,0.00013762670292114632,0.8165972222222222,0.22709250246493243,0.001149568414359316,
21.816666666666666,0.0,0.0,0.0,1.2933178768298086e-223,8.833333333333352,5.658563781166919e-55,0.42925259758452844,0.00013533292453912722,0.8223333333333334,0.22406460243206666,0.0011323248881439263,
21.833333333333332,0.0,0.0,0.0,1.5216511177569124e-224,8.85000000000002,5.0927074030502265e-55,0.4287518028873465,0.00013307737579680844,0.8280708333333333,0.2210770743996391,0.0011153400148217673,
21.85,0.0,0.0,0.0,1.7823570175564376e-225,8.866666666666687,4.583436662745204e-55,0.4282515924506446,0.0001308594195335283,0.8338097222222222,0.2181293800743106,0.0010986099145994408,
21.866666666666667,0.0,0.0,0.0,2.0784716908753386e-226,8.883333333333354,4.1250929964706835e-55,0.4277519655927855,0.00012867842920796948,0.8395499999999999,0.21522098833998646,0.0010821307658804493,
21.883333333333333,0.0,0.0,0.0,2.4130333784335786e-227,8.900000000000022,3.712583696823615e-55,0.4272529216329273,0.00012653378872117,0.8452916666666666,0.21235137516211997,0.0010658988043922425,
21.9,0.0,0.0,0.0,2.7890246154641036e-228,8.91666666666669,3.341325327141253e-55,0.4267544598910222,0.00012442489224248382,0.8510347222222221,0.20952002349329168,0.0010499103223263588,
21.916666666666668,0.0,0.0,0.0,3.2093062917187343e-229,8.933333333333357,3.007192794427128e-55,0.426256579687816,0.00012235114403844242,0.8567791666666665,0.2067264231800478,0.0010341616674914634,
21.933333333333334,0.0,0.0,0.0,3.676544187978134e-230,8.950000000000024,2.7064735149844154e-55,0.4257592803448469,0.00012031195830446838,0.8625249999999999,0.20397007087098049,0.0010186492424790914,
21.95,0.0,0.0,0.0,4.193128917067936e-231,8.966666666666692,2.435826163485974e-55,0.42526256118444455,0.00011830675899939391,0.8682722222222221,0.20125046992603407,0.001003369503841905,
21.966666666666665,0.0,0.0,0.0,4.761090558533777e-232,8.98333333333336,2.1922435471373764e-55,0.4247664215297294,0.00011633497968273735,0.8740208333333332,0.19856713032702028,0.0009883189612842765,
21.983333333333334,0.0,0.0,0.0,5.382009642542346e-233,9.000000000000027,1.9730191924236388e-55,0.42427086070461134,0.00011439606335469173,0.8797708333333333,0.1959195685893267,0.0009734941768650124,
22.0,0.0,0.0,0.0,6.056926495613942e-234,9.016666666666694,1.7757172731812748e-55,0.4237758780337893,0.0001124894622987802,0.8855222222222222,0.19330730767480234,0.0009588917642120372,
22.016666666666666,0.0,0.0,0.0,6.786251291753669e-235,9.033333333333362,1.5981455458631474e-55,0.42328147284274986,0.00011061463792713387,0.891275,0.19072987690580498,0.0009445083877488566,
22.03333333333333,0.0,0.0,0.0,7.569677440071029e-236,9.05000000000003,1.4383309912768326e-55,0.4227876444577667,0.00010877106062834831,0.8970291666666667,0.18818681188039424,0.0009303407619326238,
22.05,0.0,0.0,0.0,8.406101165810519e-237,9.066666666666697,1.2944978921491495e-55,0.42229439220589926,0.00010695820961787583,0.9027847222222222,0.18567765438865566,0.0009163856505036344,
22.066666666666666,0.0,0.0,0.0,9.293550288832198e-238,9.083333333333364,1.1650481029342345e-55,0.4218017154149924,0.00010517557279091124,0.9085416666666666,0.18320195233014025,0.0009026398657460799,
22.083333333333332,0.0,0.0,0.0,1.0229125255767275e-238,9.100000000000032,1.0485432926408112e-55,0.4213096134136749,0.00010342264657772939,0.9142999999999999,0.18075925963240505,0.0008891002677598887,
22.1,0.0,0.0,0.0,1.1208955426446958e-239,9.1166666666667,9.436889633767301e-56,0.42081808553135897,0.0001016989358014339,0.9200597222222221,0.17834913617063966,0.0008757637637434903,
22.116666666666667,0.0,0.0,0.0,1.222817344140972e-240,9.133333333333367,8.49320067039057e-56,0.42032713109823905,0.00010000395353807667,0.9258208333333332,0.17597114768836447,0.000862627307287338,
22.133333333333333,0.0,0.0,0.0,1.3280910200286438e-241,9.150000000000034,7.643880603351514e-56,0.4198367494452911,9.833722097910873e-05,0.9315833333333332,0.17362486571918628,0.000849687897678028,
22.15,0.0,0.0,0.0,1.4360312560396287e-242,9.166666666666702,6.879492543016363e-56,0.4193469399042716,9.669826729612358e-05,0.9373472222222221,0.17130986750959712,0.0008369425792128575,
22.166666666666668,0.0,0.0,0.0,1.5458585325897374e-243,9.183333333333369,6.191543288714726e-56,0.4188577018077166,9.508662950785485e-05,0.9431124999999999,0.16902573594280249,0.0008243884405246646,
22.183333333333334,0.0,0.0,0.0,1.6567058452402078e-244,9.200000000000037,5.572388959843253e-56,0.4183690344889409,9.350185234939061e-05,0.9488791666666666,0.16677205946356513,0.0008120226139167946,
22.2,0.0,0.0,0.0,1.7676279656702482e-245,9.216666666666704,5.015150063858928e-56,0.4178809372820372,9.194348814356743e-05,0.9546472222222222,0.16454843200405092,0.0007998422747080427,
22.216666666666665,0.0,0.0,0.0,1.877613181986366e-246,9.233333333333372,4.513635057473035e-56,0.4173934095218748,9.041109667450798e-05,0.9604166666666667,0.16235445291066358,0.0007878446405874221,
22.233333333333334,0.0,0.0,0.0,1.9855973731448277e-247,9.250000000000039,4.0622715517257316e-56,0.4169064505440993,8.890424506326619e-05,0.9661875,0.16018972687185473,0.0007760269709786107,
22.25,0.0,0.0,0.0,2.090480187553832e-248,9.266666666666707,3.6560443965531583e-56,0.4164200596851312,8.742250764554508e-05,0.9719597222222222,0.15805386384689668,0.0007643865664139316,
22.266666666666666,0.0,0.0,0.0,2.1911430139167273e-249,9.283333333333374,3.2904399568978425e-56,0.4159342362821652,8.596546585145266e-05,0.9777333333333332,0.15594647899560474,0.0007529207679177227,
22.28333333333333,0.0,0.0,0.0,2.286468356692554e-250,9.300000000000042,2.9613959612080584e-56,0.41544897967316935,8.453270808726178e-05,0.9835083333333332,0.15386719260899667,0.0007416269563989569,
22.3,0.0,0.0,0.0,2.3753601625520105e-251,9.316666666666709,2.6652563650872527e-56,0.414964289196884,8.312382961914076e-05,0.9892847222222221,0.15181563004087673,0.0007305025520529725,
22.316666666666666,0.0,0.0,0.0,2.4567645912330524e-252,9.333333333333377,2.3987307285785274e-56,0.41448016419282097,8.173843245882175e-05,0.9950624999999998,0.1497914216403317,0.0007195450137721779,
22.333333333333332,0.0,0.0,0.0,2.5296906869574703e-253,9.350000000000044,2.1588576557206745e-56,0.41399660400126265,8.037612525117471e-05,1.0,0.1477942026851273,0.0007087518385655952,
22.35,0.0,0.0,0.0,2.5932303874071613e-254,9.366666666666712,1.9429718901486072e-56,0.4135136079632612,7.903652316365513e-05,1.0,0.14582361331599228,0.0006981205609871112,
22.366666666666667,0.0,0.0,0.0,2.646577307558231e-255,9.383333333333379,1.7486747011337465e-56,0.4130311754206374,7.771924777759421e-05,1.0,0.14387929847177905,0.0006876487525723046,
22.383333333333333,0.0,0.0,0.0,2.689043756233061e-256,9.400000000000047,1.5738072310203717e-56,0.41254930571598,7.642392698130097e-05,1.0,0.14196090782548867,0.00067733402128372,
22.4,0.0,0.0,0.0,2.72007548386602e-257,9.416666666666714,1.4164265079183346e-56,0.41206799819264467,7.515019486494595e-05,1.0,0.14006809572114884,0.0006671740109644642,
22.416666666666668,0.0,0.0,0.0,2.739263719510349e-258,9.433333333333382,1.274783857126501e-56,0.41158725219475323,7.389769161719685e-05,1.0,0.13820052111153353,0.0006571664007999973,
22.433333333333334,0.0,0.0,0.0,2.7463541316997784e-259,9.450000000000049,1.147305471413851e-56,0.4111070670671927,7.266606342357691e-05,1.0,0.1363578474967131,0.0006473089047879973,
22.45,0.0,0.0,0.0,2.7412524385520033e-260,9.466666666666717,1.0325749242724659e-56,0.4106274421556143,7.14549623665173e-05,1.0,0.13453974286342357,0.0006375992712161773,
22.466666666666665,0.0,0.0,0.0,2.724026494145751e-261,9.483333333333384,9.293174318452193e-57,0.41014837680643274,7.026404632707534e-05,1.0,0.1327458796252446,0.0006280352821479347,
22.483333333333334,0.0,0.0,0.0,2.694904786606636e-262,9.500000000000052,8.363856886606974e-57,0.40966987036682523,6.909297888829076e-05,1.0,0.13097593456357465,0.0006186147529157156,
22.5,0.0,0.0,0.0,2.654271394394314e-263,9.516666666666719,7.527471197946277e-57,0.4091919221847306,6.794142924015258e-05,1.0,0.12922958876939364,0.0006093355316219799,
22.516666666666666,0.0,0.0,0.0,2.6026575564060323e-264,9.533333333333387,6.77472407815165e-57,0.4087145316088484,6.680907208615004e-05,1.0,0.12750652758580172,0.0006001954986476502,
22.53333333333333,0.0,0.0,0.0,2.540730114572668e-265,9.550000000000054,6.097251670336485e-57,0.40823769798863807,6.569558755138087e-05,1.0,0.12580644055132437,0.0005911925661679354,
22.55,0.0,0.0,0.0,2.4692771803799727e-266,9.566666666666721,5.487526503302837e-57,0.407761420674318,6.460066109219119e-05,1.0,0.12412902134397337,0.0005823246776754164,
22.566666666666666,0.0,0.0,0.0,2.3891914558847145e-267,9.583333333333389,4.938773852972553e-57,0.4072856990168646,6.352398340732134e-05,1.0,0.12247396772605372,0.0005735898075102851,
22.583333333333332,0.0,0.0,0.0,2.3014517022586652e-268,9.600000000000056,4.4448964676752975e-57,0.4068105323680116,6.246525035053264e-05,1.0,0.12084098148970633,0.0005649859603976308,
22.6,0.0,0.0,0.0,2.2071028927334434e-269,9.616666666666724,4.0004068209077676e-57,0.40633592008024894,6.142416284469044e-05,1.0,0.11922976840317691,0.0005565111709916663,
22.616666666666667,0.0,0.0,0.0,2.10723561065503e-270,9.633333333333391,3.6003661388169907e-57,0.40586186150682196,6.040042679727893e-05,1.0,0.11764003815780122,0.0005481635034267913,
22.633333333333333,0.0,0.0,0.0,2.002965256973978e-271,9.650000000000059,3.2403295249352913e-57,0.4053883560017307,5.939375301732428e-05,1.0,0.1160715043156972,0.0005399410508753895,
22.65,0.0,0.0,0.0,1.8954116154276216e-272,9.666666666666726,2.916296572441762e-57,0.40491540291972866,5.8403857133702213e-05,1.0,0.11452388425815457,0.0005318419351122586,
22.666666666666668,0.0,0.0,0.0,1.785679289223957e-273,9.683333333333394,2.624666915197586e-57,0.4044430016163223,5.743045951480718e-05,1.0,0.11299689913471252,0.0005238643060855747,
22.683333333333334,0.0,0.0,0.0,1.6748394724713454e-274,9.700000000000061,2.3622002236778273e-57,0.4039711514477699,5.647328518956039e-05,1.0,0.11149027381291635,0.0005160063414942911,
22.7,0.0,0.0,0.0,1.5639134555044982e-275,9.716666666666729,2.1259802013100446e-57,0.40349985177108083,5.553206376973438e-05,1.0,0.11000373682874413,0.0005082662463718767,
22.716666666666665,0.0,0.0,0.0,1.453858188938382e-276,9.733333333333396,1.9133821811790402e-57,0.4030291019440146,5.4606529373572144e-05,1.0,0.10853702033769422,0.0005006422526762985,
22.733333333333334,0.0,0.0,0.0,1.3455541500434374e-277,9.750000000000064,1.7220439630611362e-57,0.40255890132507993,5.369642055067928e-05,1.0,0.10708986006652496,0.0004931326188861541,
22.75,0.0,0.0,0.0,1.2397956705431865e-278,9.766666666666731,1.5498395667550226e-57,0.402089249273534,5.280148020816796e-05,1.0,0.10566199526563796,0.00048573562960286176,
22.766666666666666,0.0,0.0,0.0,1.1372838005461168e-279,9.783333333333399,1.3948556100795203e-57,0.40162014514938155,5.192145553803183e-05,1.0,0.10425316866209612,0.0004784495951588188,
22.78333333333333,0.0,0.0,0.0,1.0386217023522813e-280,9.800000000000066,1.2553700490715683e-57,0.40115158831337394,5.10560979457313e-05,1.0,0.10286312641326817,0.00047127285123143653,
22.8,0.0,0.0,0.0,9.443124930905312e-282,9.816666666666734,1.1298330441644114e-57,0.40068357812700833,5.020516297996911e-05,1.0,0.10149161806109126,0.00046420375846296496,
22.816666666666666,0.0,0.0,0.0,8.547593889979319e-283,9.833333333333401,1.0168497397479703e-57,0.4002161139525268,4.9368410263636295e-05,1.0,0.10013839648694338,0.0004572407020860205,
22.833333333333332,0.0,0.0,0.0,7.702679484250301e-284,9.850000000000069,9.151647657731732e-58,0.3997491951529155,4.854560342590902e-05,1.0,0.09880321786711747,0.0004503820915547302,
22.85,0.0,0.0,0.0,6.910501666226028e-285,9.866666666666736,8.23648289195856e-58,0.3992828210919038,4.77365100354772e-05,1.0,0.09748584162888924,0.00044362636018140925,
22.866666666666667,0.0,0.0,0.0,6.1723014362054965e-286,9.883333333333404,7.412834602762704e-58,0.39881699113396324,4.6940901534885916e-05,1.0,0.09618603040717072,0.0004369719647786881,
22.883333333333333,0.0,0.0,0.0,5.488510271543085e-287,9.900000000000071,6.671551142486434e-58,0.39835170464430697,4.615855317597115e-05,1.0,0.09490355000174178,0.0004304173853070078,
22.9,0.0,0.0,0.0,4.858829251597763e-288,9.916666666666739,6.00439602823779e-58,0.3978869609888886,4.538924395637163e-05,1.0,0.09363816933505188,0.0004239611245274027,
22.916666666666668,0.0,0.0,0.0,4.282314858886087e-289,9.933333333333406,5.4039564254140115e-58,0.39742275953440154,4.463275655709877e-05,1.0,0.09238966041058452,0.00041760170765949164,
22.933333333333334,0.0,0.0,0.0,3.757468569696935e-290,9.950000000000074,4.86356078287261e-58,0.3969590996482781,4.3888877281147125e-05,1.0,0.09115779827177672,0.00041133768204459925,
22.95,0.0,0.0,0.0,3.282327561500151e-291,9.966666666666741,4.377204704585349e-58,0.3964959806986884,4.3157395993128005e-05,1.0,0.08994236096148636,0.00040516761681393023,
22.966666666666665,0.0,0.0,0.0,2.8545541432179295e-292,9.983333333333409,3.939484234126814e-58,0.39603340205453996,4.24381060599092e-05,1.0,0.08874312948199987,0.00039909010256172127,
22.983333333333334,0.0,0.0,0.0,2.471521839446374e-293,10.000000000000076,3.545535810714132e-58,0.39557136308547636,4.173080429224405e-05,1.0,0.0875598877555732,0.0003931037510232954,
23.0,0.0,0.0,0.0,2.1303964137006748e-294,10.016666666666744,3.190982229642719e-58,0.39510986316187663,4.1035290887373314e-05,1.0,0.0863924225854989,0.00038720719475794597,
23.016666666666666,0.0,0.0,0.0,1.8282104816943612e-295,10.033333333333411,2.871884006678447e-58,0.39464890165485444,4.0351369372583756e-05,1.0,0.08524052361769224,0.00038139908683657676,
23.03333333333333,0.0,0.0,0.0,1.5619307286151256e-296,10.050000000000079,2.5846956060106023e-58,0.3941884779362571,3.967884654970736e-05,1.0,0.08410398330278968,0.0003756781005340281,
23.05,0.0,0.0,0.0,1.3285170911136348e-297,10.066666666666746,2.326226045409542e-58,0.3937285913786648,3.901753244054557e-05,1.0,0.08298259685875248,0.0003700429290260177,
23.066666666666666,0.0,0.0,0.0,1.1249735848091116e-298,10.083333333333414,2.0936034408685878e-58,0.39326924135538965,3.836724023320314e-05,1.0,0.08187616223396911,0.00036449228509062744,
23.083333333333332,0.0,0.0,0.0,9.48390743341307e-300,10.100000000000081,1.884243096781729e-58,0.39281042724047505,3.772778622931643e-05,1.0,0.08078448007084953,0.000359024900814268,
23.1,0.0,0.0,0.0,7.959798799418172e-301,10.116666666666749,1.6958187871035562e-58,0.3923521484086945,3.709898979216115e-05,1.0,0.07970735366990486,0.000353639527302054,
23.116666666666667,0.0,0.0,0.0,6.650995840142877e-302,10.133333333333416,1.5262369083932005e-58,0.391894404235551,3.6480673295625135e-05,1.0,0.07864458895430614,0.0003483349343925232,
23.133333333333333,0.0,0.0,0.0,5.532750225354037e-303,10.150000000000084,1.3736132175538804e-58,0.3914371940972762,3.587266207403138e-05,1.0,0.07759599443491538,0.0003431099103766354,
23.15,0.0,0.0,0.0,4.582107302683999e-304,10.166666666666751,1.2362518957984924e-58,0.39098051737082934,3.527478437279752e-05,1.0,0.07656138117578318,0.00033796326172098586,
23.166666666666668,0.0,0.0,0.0,3.777976464732074e-305,10.183333333333419,1.1126267062186433e-58,0.39052437343389673,3.4686871299917564e-05,1.0,0.07554056276010607,0.0003328938127951711,
23.183333333333334,0.0,0.0,0.0,3.1011519290868955e-306,10.200000000000086,1.0013640355967788e-58,0.3900687616648905,3.4108756778252274e-05,1.0,0.07453335525663798,0.00032790040560324354,
23.2,0.0,0.0,0.0,2.53429193145448e-307,10.216666666666754,9.01227632037101e-59,0.38961368144294817,3.354027749861474e-05,1.0,0.07353957718654948,0.0003229818995191949,
23.216666666666665,0.0,0.0,0.0,2.0618641177636944e-308,10.233333333333421,8.111048688333909e-59,0.3891591321479314,3.2981272873637824e-05,1.0,0.07255904949072882,0.000318137171026407,
23.233333333333334,0.0,0.0,0.0,1.670064493945546e-309,10.250000000000089,7.299943819500518e-59,0.3887051131604255,3.2431584992410526e-05,1.0,0.0715915954975191,0.0003133651134610109,
23.25,0.0,0.0,0.0,1.3467167053173e-310,10.266666666666756,6.569949437550467e-59,0.38825162386173834,3.189105857587035e-05,1.0,0.07063704089088552,0.00030866463675909575,
23.266666666666666,0.0,0.0,0.0,1.081157720912e-311,10.283333333333424,5.91295449379542e-59,0.38779866363389964,3.135954093293918e-05,1.0,0.06969521367900704,0.00030403466720770934,
23.28333333333333,0.0,0.0,0.0,8.6411523703e-313,10.300000000000091,5.321659044415878e-59,0.3873462318596601,3.083688191739019e-05,1.0,0.06876594416328695,0.0002994741471995937,
23.3,0.0,0.0,0.0,6.8758132815e-314,10.316666666666759,4.789493139974291e-59,0.3868943279224905,3.0322933885433688e-05,1.0,0.06784906490777645,0.0002949820349915998,
23.316666666666666,0.0,0.0,0.0,5.44686095e-315,10.333333333333426,4.310543825976862e-59,0.38644295120658095,2.9817551654009795e-05,1.0,0.0669444107090061,0.0002905573044667258,
23.333333333333332,0.0,0.0,0.0,4.2957432e-316,10.350000000000094,3.8794894433791755e-59,0.38599210109683996,2.9320592459776297e-05,1.0,0.06605181856621935,0.0002861989448997249,
23.35,0.0,0.0,0.0,3.3728735e-317,10.366666666666761,3.491540499041258e-59,0.38554177697889364,2.8831915918780025e-05,1.0,0.06517112765200309,0.00028190596072622903,
23.366666666666667,0.0,0.0,0.0,2.63652e-318,10.383333333333429,3.1423864491371318e-59,0.3850919782390849,2.8351383986800357e-05,1.0,0.06430217928330971,0.0002776773713153356,
23.383333333333333,0.0,0.0,0.0,2.05176e-319,10.400000000000096,2.8281478042234185e-59,0.38464270426447267,2.7878860920353683e-05,1.0,0.06344481689286557,0.0002735122107456056,
23.4,0.0,0.0,0.0,1.59e-320,10.416666666666764,2.5453330238010767e-59,0.3841939544428308,2.741421323834779e-05,1.0,0.0625988860009607,0.00026940952758442154,
23.416666666666668,0.0,0.0,0.0,1.225e-321,10.433333333333431,2.290799721420969e-59,0.38374572816264746,2.6957309684375325e-05,1.0,0.06176423418761455,0.00026536838467065523,
23.433333333333334,0.0,0.0,0.0,1e-322,10.450000000000099,2.061719749278872e-59,0.38329802481312436,2.6508021189635737e-05,1.0,0.06094071106511302,0.0002613878589005954,
23.45,0.0,0.0,0.0,1e-323,10.466666666666766,1.855547774350985e-59,0.3828508437841757,2.606622083647514e-05,1.0,0.060128168250911516,0.0002574670410170865,
23.466666666666665,0.0,0.0,0.0,0.0,10.483333333333434,1.6699929969158864e-59,0.3824041844664275,2.563178382253389e-05,1.0,0.05932645934089936,0.0002536050354018302,
23.483333333333334,0.0,0.0,0.0,0.0,10.500000000000101,1.5029936972242977e-59,0.38195804625121665,2.5204587425491657e-05,1.0,0.05853543988302071,0.00024980095987080274,
23.5,0.0,0.0,0.0,0.0,10.516666666666769,1.352694327501868e-59,0.38151242853059025,2.4784510968400128e-05,1.0,0.0577549673512471,0.0002460539454727407,
23.516666666666666,0.0,0.0,0.0,0.0,10.533333333333436,1.2174248947516812e-59,0.3810673306973046,2.4371435785593457e-05,1.0,0.05698490111989714,0.0002423631362906496,
23.53333333333333,0.0,0.0,0.0,0.0,10.550000000000104,1.0956824052765131e-59,0.3806227521448244,2.39652451891669e-05,1.0,0.05622510243829851,0.00023872768924628986,
23.55,0.0,0.0,0.0,0.0,10.566666666666771,9.861141647488618e-60,0.3801786922673221,2.356582443601412e-05,1.0,0.05547543440578786,0.00023514677390759552,
23.566666666666666,0.0,0.0,0.0,0.0,10.583333333333439,8.875027482739757e-60,0.3797351504596769,2.3173060695413884e-05,1.0,0.05473576194704402,0.00023161957229898158,
23.583333333333332,0.0,0.0,0.0,0.0,10.600000000000106,7.987524734465781e-60,0.3792921261174739,2.2786843017156985e-05,1.0,0.0540059517877501,0.00022814527871449687,
23.6,0.0,0.0,0.0,0.0,10.616666666666774,7.188772261019203e-60,0.37884961863700356,2.240706230020437e-05,1.0,0.0532858724305801,0.0002247230995337794,
23.616666666666667,0.0,0.0,0.0,0.0,10.633333333333441,6.469895034917283e-60,0.3784076274152604,2.203361126186763e-05,1.0,0.05257539413150569,0.0002213522530407727,
23.633333333333333,0.0,0.0,0.0,0.0,10.650000000000109,5.822905531425554e-60,0.3779661518499426,2.166638440750317e-05,1.0,0.05187438887641895,0.00021803196924516111,
23.65,0.0,0.0,0.0,0.0,10.666666666666776,5.240614978282999e-60,0.377525191339451,2.130527800071145e-05,1.0,0.0511827303580667,0.0002147614897064837,
23.666666666666668,0.0,0.0,0.0,0.0,10.683333333333444,4.7165534804546993e-60,0.3770847452828883,2.0950190034032927e-05,1.0,0.18863362728662583,0.00021154006736088645,micro_nod_ready
23.683333333333334,0.0,0.0,0.0,0.0,10.700000000000111,4.2448981324092293e-60,0.37664481308005826,2.0601020200132377e-05,1.0,0.18611851225613749,0.00020836696635047314,
23.7,0.0,0.0,0.0,0.0,10.716666666666779,3.8204083191683066e-60,0.37620539413146487,2.0257669863463505e-05,1.0,0.18363693209272233,0.00020524146185521604,
23.716666666666665,0.0,0.0,0.0,0.0,10.733333333333446,3.438367487251476e-60,0.3757664878383115,1.992004203240578e-05,1.0,0.18118843966481937,0.0002021628399273878,
23.733333333333334,0.0,0.0,0.0,0.0,10.750000000000114,3.0945307385263285e-60,0.37532809360250013,1.9588041331865684e-05,1.0,0.17877259380262178,0.00019913039732847698,
23.75,0.0,0.0,0.0,0.0,10.766666666666781,2.785077664673696e-60,0.37489021082663054,1.9261573976334588e-05,1.0,0.17638895921858683,0.00019614344136854983,
23.766666666666666,0.0,0.0,0.0,0.0,10.783333333333449,2.506569898206326e-60,0.3744528389139995,1.894054774339568e-05,1.0,0.17403710642900566,0.00019320128974802158,
23.78333333333333,0.0,0.0,0.0,0.0,10.800000000000116,2.2559129083856937e-60,0.3740159772685998,1.8624871947672417e-05,1.0,0.17171661167661892,0.00019030327040180125,
23.8,0.0,0.0,0.0,0.0,10.816666666666784,2.0303216175471245e-60,0.3735796252951198,1.8314457415211212e-05,1.0,0.169427056854264,0.00018744872134577424,
23.816666666666666,0.0,0.0,0.0,0.0,10.833333333333451,1.827289455792412e-60,0.37314378239894214,1.8009216458291026e-05,1.0,0.16716802942954048,0.00018463699052558762,
23.833333333333332,0.0,0.0,0.0,0.0,10.850000000000119,1.6445605102131708e-60,0.3727084479861434,1.7709062850652843e-05,1.0,0.16493912237047995,0.0001818674356677038,
23.85,0.0,0.0,0.0,0.0,10.866666666666786,1.4801044591918538e-60,0.3722736214634929,1.7413911803141963e-05,1.0,0.16273993407220688,0.00017913942413268823,
23.866666666666667,0.0,0.0,0.0,0.0,10.883333333333454,1.3320940132726684e-60,0.3718393022384522,1.7123679939756264e-05,1.0,0.16057006828457746,0.00017645233277069792,
23.883333333333333,0.0,0.0,0.0,0.0,10.900000000000121,1.1988846119454016e-60,0.371405489719174,1.683828527409366e-05,1.0,0.1584291340407831,0.00017380554777913745,
23.9,0.0,0.0,0.0,0.0,10.916666666666789,1.0789961507508614e-60,0.3709721833145016,1.65576471861921e-05,1.0,0.156316745586906,0.0001711984645624504,
23.916666666666668,0.0,0.0,0.0,0.0,10.933333333333456,9.710965356757752e-61,0.370539382433968,1.6281686399755565e-05,1.0,0.1542325223124139,0.00016863048759401363,
23.933333333333334,0.0,0.0,0.0,0.0,10.950000000000124,8.739868821081977e-61,0.37010708648779506,1.601032495975964e-05,1.0,0.15217608868158172,0.00016610103028010342,
23.95,0.0,0.0,0.0,0.0,10.966666666666791,7.86588193897378e-61,0.3696752948868926,1.5743486210430314e-05,1.0,0.1501470741658273,0.00016360951482590188,
23.966666666666665,0.0,0.0,0.0,0.0,10.983333333333459,7.079293745076402e-61,0.36924400704285787,1.5481094773589807e-05,1.0,0.1481451131769496,0.00016115537210351335,
23.983333333333334,0.0,0.0,0.0,0.0,11.000000000000126,6.371364370568762e-61,0.36881322236797454,1.522307652736331e-05,1.0,0.14616984500125693,0.00015873804152196066,
24.0,0.0,0.0,0.0,0.0,11.016666666666794,5.734227933511886e-61,0.3683829402752119,1.4969358585240589e-05,1.0,0.14422091373457352,0.00015635697089913124,
24.016666666666666,0.0,0.0,0.0,0.0,11.033333333333461,5.160805140160697e-61,0.36795316017822416,1.471986927548658e-05,1.0,0.14229796821811252,0.00015401161633564426,
24.03333333333333,0.0,0.0,0.0,0.0,11.050000000000129,4.644724626144627e-61,0.36752388149134957,1.4474538120895136e-05,1.0,0.14040066197520434,0.0001517014420906096,
24.05,0.0,0.0,0.0,0.0,11.066666666666796,4.1802521635301636e-61,0.3670951036296097,1.4233295818880218e-05,1.0,0.13852865314886828,0.00014942592045925047,
24.066666666666666,0.0,0.0,0.0,0.0,11.083333333333464,3.762226947177147e-61,0.3666668260087085,1.399607422189888e-05,1.0,0.1366816044402167,0.00014718453165236172,
24.083333333333332,0.0,0.0,0.0,0.0,11.100000000000131,3.3860042524594325e-61,0.36623904804503166,1.3762806318200566e-05,1.0,0.1348591830476805,0.00014497676367757628,
24.1,0.0,0.0,0.0,0.0,11.116666666666799,3.047403827213489e-61,0.3658117691556458,1.3533426212897223e-05,1.0,0.13306106060704476,0.00014280211222241263,
24.116666666666667,0.0,0.0,0.0,0.0,11.133333333333466,2.7426634444921403e-61,0.3653849887582975,1.3307869109348935e-05,1.0,0.13128691313228416,0.00014066008053907644,
24.133333333333333,0.0,0.0,0.0,0.0,11.150000000000134,2.4683971000429263e-61,0.3649587062714128,1.3086071290859787e-05,1.0,0.12953642095718704,0.0001385501793309903,
24.15,0.0,0.0,0.0,0.0,11.166666666666801,2.2215573900386336e-61,0.36453292111409613,1.286797010267879e-05,0.25,0.6211426020110912,0.00013647192664102546,response_ready
24.166666666666668,0.0,0.0,0.0,0.0,11.183333333333469,1.99940165103477e-61,0.36410763270612967,1.265350393430081e-05,0.25593194444444445,0.6128607006509433,0.00013442484774141007,
24.183333333333334,0.0,0.0,0.0,0.0,11.200000000000136,1.799461485931293e-61,0.3636828404679725,1.2442612202062464e-05,0.2618652777777778,0.604689224642264,0.00013240847502528892,
24.2,0.0,0.0,0.0,0.0,11.216666666666804,1.6195153373381636e-61,0.3632585438207599,1.223523533202809e-05,0.26780000000000004,0.5966267016470339,0.00013042234789990958,
24.216666666666665,0.0,0.0,0.0,0.0,11.233333333333471,1.4575638036043473e-61,0.36283474218630235,1.2031314743160954e-05,0.2737361111111112,0.5886716789584068,0.00012846601268141095,
24.233333333333334,0.0,0.0,0.0,0.0,11.250000000000139,1.3118074232439126e-61,0.362411434987085,1.1830792830774938e-05,0.27967361111111116,0.5808227232389613,0.0001265390224911898,
24.25,0.0,0.0,0.0,0.0,11.266666666666806,1.1806266809195213e-61,0.3619886216462667,1.1633612950262023e-05,0.28561250000000005,0.5730784202624418,0.00012464093715382194,
24.266666666666666,0.0,0.0,0.0,0.0,11.283333333333474,1.0625640128275692e-61,0.3615663015876794,1.1439719401090989e-05,0.2915527777777778,0.5654373746589426,0.0001227713230965146,
24.28333333333333,0.0,0.0,0.0,0.0,11.300000000000141,9.563076115448123e-62,0.3611444742358271,1.1249057411072805e-05,0.2974944444444445,0.55789820966349,0.00012092975325006689,
24.3,0.0,0.0,0.0,0.0,11.316666666666809,8.606768503903311e-62,0.36072313901588526,1.1061573120888258e-05,0.3034375000000001,0.5504595668679768,0.00011911580695131588,
24.316666666666666,0.0,0.0,0.0,0.0,11.333333333333476,7.74609165351298e-62,0.36030229535370006,1.0877213568873453e-05,0.30938194444444456,0.5431201059764038,0.00011732906984704614,
24.333333333333332,0.0,0.0,0.0,0.0,11.350000000000144,6.971482488161682e-62,0.35988194267578744,1.0695926676058896e-05,0.31532777777777793,0.535878504563385,0.00011556913379934045,
24.35,0.0,0.0,0.0,0.0,11.366666666666811,6.274334239345514e-62,0.35946208040933236,1.0517661231457915e-05,0.32127500000000014,0.5287334578358732,0.00011383559679235034,
24.366666666666667,0.0,0.0,0.0,0.0,11.383333333333479,5.646900815410963e-62,0.3590427079821881,1.0342366877600282e-05,0.32722361111111126,0.5216836783980616,0.00011212806284046509,
24.383333333333333,0.0,0.0,0.0,0.0,11.400000000000146,5.082210733869866e-62,0.3586238248228756,1.0169994096306944e-05,0.33317361111111127,0.5147278960194208,0.00011044614189785811,
24.4,0.0,0.0,0.0,0.0,11.416666666666814,4.57398966048288e-62,0.3582054303605822,1.0000494194701828e-05,0.3391250000000002,0.5078648574058285,0.00010878944976939023,
24.416666666666668,0.0,0.0,0.0,0.0,11.433333333333481,4.116590694434592e-62,0.35778752402516156,9.833819291456798e-06,0.345077777777778,0.5010933259737508,0.00010715760802284939,
24.433333333333334,0.0,0.0,0.0,0.0,11.450000000000149,3.7049316249911324e-62,0.3573701052471322,9.669922303265851e-06,0.3510319444444447,0.4944120816274341,0.00010555024390250665,
24.45,0.0,0.0,0.0,0.0,11.466666666666816,3.334438462492019e-62,0.3569531734576772,9.508756931544754e-06,0.35698750000000024,0.4878199205390683,0.00010396699024396904,
24.466666666666665,0.0,0.0,0.0,0.0,11.483333333333483,3.000994616242817e-62,0.35653672808864323,9.350277649352342e-06,0.3629444444444447,0.4813156549318807,0.00010240748539030951,
24.483333333333334,0.0,0.0,0.0,0.0,11.500000000000151,2.7008951546185356e-62,0.3561207685725398,9.194439688529803e-06,0.368902777777778,0.4748981128661223,0.00010087137310945488,
24.5,0.0,0.0,0.0,0.0,11.516666666666818,2.430805639156682e-62,0.3557052943425385,9.041199027054307e-06,0.37486250000000026,0.46856613802790736,9.935830251281305e-05,
24.516666666666666,0.0,0.0,0.0,0.0,11.533333333333486,2.1877250752410137e-62,0.3552903048324722,8.890512376603402e-06,0.3808236111111114,0.4623185895208686,9.786792797512086e-05,
24.53333333333333,0.0,0.0,0.0,0.0,11.550000000000153,1.9689525677169126e-62,0.35487579947683434,8.742337170326678e-06,0.38678611111111144,0.4561543416605903,9.639990905549404e-05,
24.55,0.0,0.0,0.0,0.0,11.566666666666821,1.7720573109452214e-62,0.354461777710778,8.596631550821233e-06,0.3927500000000003,0.45007228377178243,9.495391041966164e-05,
24.566666666666666,0.0,0.0,0.0,0.0,11.583333333333488,1.5948515798506992e-62,0.35404823897011545,8.453354358307546e-06,0.3987152777777781,0.4440713199881587,9.352960176336672e-05,
24.583333333333332,0.0,0.0,0.0,0.0,11.600000000000156,1.4353664218656294e-62,0.353635182691317,8.31246511900242e-06,0.4046819444444448,0.4381503690549832,9.212665773691622e-05,
24.6,0.0,0.0,0.0,0.0,11.616666666666823,1.2918297796790664e-62,0.3532226083115105,8.173924033685713e-06,0.41065000000000035,0.4323083641342501,9.074475787086247e-05,
24.616666666666667,0.0,0.0,0.0,0.0,11.633333333333491,1.1626468017111597e-62,0.3528105152684804,8.037691966457618e-06,0.4166194444444448,0.4265442526124601,8.938358650279954e-05,
24.633333333333333,0.0,0.0,0.0,0.0,11.650000000000158,1.0463821215400439e-62,0.3523989030006672,7.903730433683324e-06,0.4225902777777782,0.42085699591096065,8.804283270525755e-05,
24.65,0.0,0.0,0.0,0.0,11.666666666666826,9.417439093860395e-63,0.3519877709471664,7.772001593121935e-06,0.4285625000000004,0.4152455692988145,8.672219021467868e-05,
24.666666666666668,0.0,0.0,0.0,0.0,11.683333333333493,8.475695184474356e-63,0.351577118547728,7.642468233236569e-06,0.4345361111111115,0.4097089617081636,8.542135736145851e-05,
24.683333333333334,0.0,0.0,0.0,0.0,11.700000000000161,7.628125666026921e-63,0.35116694524275566,7.515093762682626e-06,0.4405111111111115,0.4042461755520548,8.414003700103662e-05,
24.7,0.0,0.0,0.0,0.0,11.716666666666828,6.865313099424229e-63,0.35075725047330575,7.389842199971249e-06,0.4464875000000004,0.39885622654469405,8.287793644602108e-05,
24.716666666666665,0.0,0.0,0.0,0.0,11.733333333333496,6.178781789481806e-63,0.3503480336810869,7.266678163305061e-06,0.45246527777777823,0.3935381435240981,8.163476739933077e-05,
24.733333333333334,0.0,0.0,0.0,0.0,11.750000000000163,5.560903610533625e-63,0.349939294308459,7.14556686058331e-06,0.45844444444444493,0.3882909682771101,8.04102458883408e-05,
24.75,0.0,0.0,0.0,0.0,11.766666666666831,5.004813249480263e-63,0.3495310317984325,7.026474079573589e-06,0.4644250000000005,0.38311375536674863,7.920409220001568e-05,
24.766666666666666,0.0,0.0,0.0,0.0,11.783333333333498,4.504331924532236e-63,0.3491232455946676,6.909366178247363e-06,0.4704069444444449,0.37800557196185863,7.801603081701545e-05,
24.78333333333333,0.0,0.0,0.0,0.0,11.800000000000166,4.0538987320790126e-63,0.34871593514147387,6.7942100752765735e-06,0.47639027777777826,0.37296549766903386,7.684579035476022e-05,
24.8,0.0,0.0,0.0,0.0,11.816666666666833,3.648508858871111e-63,0.3483090998838088,6.6809732406886306e-06,0.4823750000000005,0.3679926243667801,7.569310349943882e-05,
24.816666666666666,0.0,0.0,0.0,0.0,11.833333333333501,3.283657972984e-63,0.3479027392672777,6.569623686677153e-06,0.48836111111111163,0.3630860560418897,7.455770694694724e-05,
24.833333333333332,0.0,0.0,0.0,0.0,11.850000000000168,2.9552921756856e-63,0.3474968527381326,6.460129958565867e-06,0.49434861111111167,0.35824490862799785,7.343934134274304e-05,
24.85,0.0,0.0,0.0,0.0,11.866666666666836,2.65976295811704e-63,0.34709143974327145,6.3524611259231025e-06,0.5003375000000005,0.3534683098462912,7.233775122260189e-05,
24.866666666666667,0.0,0.0,0.0,0.0,11.883333333333503,2.393786662305336e-63,0.34668649973023763,6.246586773824384e-06,0.5063277777777784,0.34875539904834063,7.125268495426287e-05,
24.883333333333333,0.0,0.0,0.0,0.0,11.90000000000017,2.1544079960748023e-63,0.34628203214721903,6.142476994260644e-06,0.5123194444444451,0.3441053270610294,7.018389467994892e-05,
24.9,0.0,0.0,0.0,0.0,11.916666666666838,1.938967196467322e-63,0.34587803644304727,6.0401023776896335e-06,0.5183125000000006,0.33951725603354904,6.913113625974969e-05,
24.916666666666668,0.0,0.0,0.0,0.0,11.933333333333506,1.7450704768205898e-63,0.34547451206719704,5.9394340047281395e-06,0.524306944444445,0.33499035928643506,6.809416921585344e-05,
24.933333333333334,0.0,0.0,0.0,0.0,11.950000000000173,1.5705634291385308e-63,0.3450714584697853,5.840443437982671e-06,0.5303027777777783,0.3305238211626159,6.707275667761564e-05,
24.95,0.0,0.0,0.0,0.0,11.96666666666684,1.4135070862246778e-63,0.34466887510157057,5.743102714016293e-06,0.5363000000000006,0.3261168368804477,6.60666653274514e-05,
24.966666666666665,0.0,0.0,0.0,0.0,11.983333333333508,1.27215637760221e-63,0.34426676141395207,5.647384335449355e-06,0.5422986111111117,0.32176861238870835,6.507566534753963e-05,
24.983333333333334,0.0,0.0,0.0,0.0,12.000000000000176,1.144940739841989e-63,0.34386511685896914,5.553261263191866e-06,0.5482986111111117,0.3174783642235256,6.409953036732654e-05,
